<?xml version="1.0" encoding="UTF-8"?>
<gpx version="1.1" creator="top-gas" xmlns="http://www.topografix.com/GPX/1/1" xmlns:xsi="http://www.w3.org/2001/XMLSchema-instance" xsi:schemaLocation="http://www.topografix.com/GPX/1/1 http://www.topografix.com/GPX/1/1/gpx.xsd">
  <metadata><name>01 · Costa de Poniente: Andratx y Sant Elm (Fácil)</name><desc>Carreteras anchas y bien asfaltadas por la costa suroeste. Vistas a Sa Dragonera desde Sant Elm. Ideal para empezar la temporada. Dificultad: Fácil. Distancia aprox.: 89 km.</desc><keywords>moto, mallorca, fácil</keywords></metadata>
  <wpt lat="39.576000" lon="2.655300"><name>Palma (Plaça d'Espanya)</name></wpt>
  <wpt lat="39.575600" lon="2.420600"><name>Andratx</name></wpt>
  <wpt lat="39.543600" lon="2.386600"><name>Port d'Andratx</name></wpt>
  <wpt lat="39.579100" lon="2.354000"><name>Sant Elm (mirador de Sa Dragonera)</name></wpt>
  <wpt lat="39.584200" lon="2.390000"><name>S'Arracó</name></wpt>
  <trk><name>01 · Costa de Poniente: Andratx y Sant Elm (Fácil)</name><desc>Carreteras anchas y bien asfaltadas por la costa suroeste. Vistas a Sa Dragonera desde Sant Elm. Ideal para empezar la temporada. Dificultad: Fácil. Distancia aprox.: 89 km.</desc><type>Moto</type><trkseg>
    <trkpt lat="39.576024" lon="2.655272"/>
    <trkpt lat="39.575429" lon="2.654423"/>
    <trkpt lat="39.575697" lon="2.654084"/>
    <trkpt lat="39.575734" lon="2.654057"/>
    <trkpt lat="39.575900" lon="2.653860"/>
    <trkpt lat="39.575926" lon="2.653835"/>
    <trkpt lat="39.575951" lon="2.653820"/>
    <trkpt lat="39.575996" lon="2.653802"/>
    <trkpt lat="39.576082" lon="2.653788"/>
    <trkpt lat="39.576092" lon="2.653774"/>
    <trkpt lat="39.576237" lon="2.653617"/>
    <trkpt lat="39.576267" lon="2.653590"/>
    <trkpt lat="39.576335" lon="2.653538"/>
    <trkpt lat="39.576487" lon="2.653436"/>
    <trkpt lat="39.576799" lon="2.653225"/>
    <trkpt lat="39.577293" lon="2.652892"/>
    <trkpt lat="39.577401" lon="2.652692"/>
    <trkpt lat="39.577417" lon="2.652645"/>
    <trkpt lat="39.577513" lon="2.652359"/>
    <trkpt lat="39.577600" lon="2.652104"/>
    <trkpt lat="39.577833" lon="2.651426"/>
    <trkpt lat="39.577850" lon="2.651385"/>
    <trkpt lat="39.577993" lon="2.650945"/>
    <trkpt lat="39.578045" lon="2.650789"/>
    <trkpt lat="39.578317" lon="2.649982"/>
    <trkpt lat="39.578527" lon="2.649336"/>
    <trkpt lat="39.578585" lon="2.649171"/>
    <trkpt lat="39.578607" lon="2.649105"/>
    <trkpt lat="39.578613" lon="2.649049"/>
    <trkpt lat="39.578600" lon="2.648930"/>
    <trkpt lat="39.578564" lon="2.648832"/>
    <trkpt lat="39.578560" lon="2.648818"/>
    <trkpt lat="39.578526" lon="2.648758"/>
    <trkpt lat="39.578407" lon="2.648623"/>
    <trkpt lat="39.578017" lon="2.648215"/>
    <trkpt lat="39.577868" lon="2.648059"/>
    <trkpt lat="39.577319" lon="2.647513"/>
    <trkpt lat="39.577175" lon="2.647360"/>
    <trkpt lat="39.576907" lon="2.647112"/>
    <trkpt lat="39.576892" lon="2.647098"/>
    <trkpt lat="39.576825" lon="2.647035"/>
    <trkpt lat="39.576608" lon="2.646773"/>
    <trkpt lat="39.576473" lon="2.646591"/>
    <trkpt lat="39.576433" lon="2.646535"/>
    <trkpt lat="39.576421" lon="2.646493"/>
    <trkpt lat="39.576391" lon="2.646384"/>
    <trkpt lat="39.576353" lon="2.645604"/>
    <trkpt lat="39.576303" lon="2.644597"/>
    <trkpt lat="39.576296" lon="2.644475"/>
    <trkpt lat="39.576290" lon="2.644389"/>
    <trkpt lat="39.576274" lon="2.644134"/>
    <trkpt lat="39.576272" lon="2.644109"/>
    <trkpt lat="39.576263" lon="2.643960"/>
    <trkpt lat="39.576255" lon="2.643826"/>
    <trkpt lat="39.576244" lon="2.643659"/>
    <trkpt lat="39.576225" lon="2.643453"/>
    <trkpt lat="39.576144" lon="2.643237"/>
    <trkpt lat="39.575800" lon="2.642693"/>
    <trkpt lat="39.575569" lon="2.642303"/>
    <trkpt lat="39.575543" lon="2.642265"/>
    <trkpt lat="39.575356" lon="2.641952"/>
    <trkpt lat="39.575136" lon="2.641578"/>
    <trkpt lat="39.575112" lon="2.641539"/>
    <trkpt lat="39.574933" lon="2.641242"/>
    <trkpt lat="39.574752" lon="2.640938"/>
    <trkpt lat="39.574624" lon="2.640722"/>
    <trkpt lat="39.574238" lon="2.640098"/>
    <trkpt lat="39.573960" lon="2.639647"/>
    <trkpt lat="39.573912" lon="2.639566"/>
    <trkpt lat="39.573863" lon="2.639472"/>
    <trkpt lat="39.573830" lon="2.639407"/>
    <trkpt lat="39.573653" lon="2.639070"/>
    <trkpt lat="39.573561" lon="2.638890"/>
    <trkpt lat="39.573458" lon="2.638700"/>
    <trkpt lat="39.573115" lon="2.638129"/>
    <trkpt lat="39.573061" lon="2.638034"/>
    <trkpt lat="39.572902" lon="2.637759"/>
    <trkpt lat="39.572696" lon="2.637406"/>
    <trkpt lat="39.572675" lon="2.637368"/>
    <trkpt lat="39.572397" lon="2.636910"/>
    <trkpt lat="39.572327" lon="2.636786"/>
    <trkpt lat="39.572238" lon="2.636636"/>
    <trkpt lat="39.572173" lon="2.636533"/>
    <trkpt lat="39.572055" lon="2.636335"/>
    <trkpt lat="39.571978" lon="2.636202"/>
    <trkpt lat="39.571775" lon="2.635855"/>
    <trkpt lat="39.571748" lon="2.635810"/>
    <trkpt lat="39.571637" lon="2.635615"/>
    <trkpt lat="39.571582" lon="2.635520"/>
    <trkpt lat="39.571169" lon="2.634816"/>
    <trkpt lat="39.571014" lon="2.634562"/>
    <trkpt lat="39.570531" lon="2.633727"/>
    <trkpt lat="39.570408" lon="2.633516"/>
    <trkpt lat="39.570276" lon="2.633289"/>
    <trkpt lat="39.570136" lon="2.633047"/>
    <trkpt lat="39.570066" lon="2.632926"/>
    <trkpt lat="39.570026" lon="2.632867"/>
    <trkpt lat="39.569986" lon="2.632791"/>
    <trkpt lat="39.569968" lon="2.632757"/>
    <trkpt lat="39.569753" lon="2.632394"/>
    <trkpt lat="39.569470" lon="2.631877"/>
    <trkpt lat="39.569197" lon="2.631396"/>
    <trkpt lat="39.569115" lon="2.631244"/>
    <trkpt lat="39.568929" lon="2.630921"/>
    <trkpt lat="39.568593" lon="2.630228"/>
    <trkpt lat="39.568296" lon="2.629608"/>
    <trkpt lat="39.568014" lon="2.629048"/>
    <trkpt lat="39.567989" lon="2.628883"/>
    <trkpt lat="39.567947" lon="2.628704"/>
    <trkpt lat="39.567860" lon="2.628414"/>
    <trkpt lat="39.567820" lon="2.628281"/>
    <trkpt lat="39.567801" lon="2.628229"/>
    <trkpt lat="39.567754" lon="2.628102"/>
    <trkpt lat="39.567707" lon="2.627977"/>
    <trkpt lat="39.567571" lon="2.627728"/>
    <trkpt lat="39.567429" lon="2.627516"/>
    <trkpt lat="39.567353" lon="2.627423"/>
    <trkpt lat="39.567270" lon="2.627335"/>
    <trkpt lat="39.567149" lon="2.627218"/>
    <trkpt lat="39.567001" lon="2.627106"/>
    <trkpt lat="39.566903" lon="2.627058"/>
    <trkpt lat="39.566786" lon="2.627019"/>
    <trkpt lat="39.566414" lon="2.626885"/>
    <trkpt lat="39.565727" lon="2.626637"/>
    <trkpt lat="39.565595" lon="2.626596"/>
    <trkpt lat="39.565492" lon="2.626541"/>
    <trkpt lat="39.565318" lon="2.626480"/>
    <trkpt lat="39.564965" lon="2.626342"/>
    <trkpt lat="39.564912" lon="2.626328"/>
    <trkpt lat="39.564267" lon="2.626121"/>
    <trkpt lat="39.563399" lon="2.625814"/>
    <trkpt lat="39.563153" lon="2.625714"/>
    <trkpt lat="39.563090" lon="2.625688"/>
    <trkpt lat="39.562967" lon="2.625640"/>
    <trkpt lat="39.562841" lon="2.625590"/>
    <trkpt lat="39.561926" lon="2.625209"/>
    <trkpt lat="39.561633" lon="2.625080"/>
    <trkpt lat="39.560990" lon="2.624824"/>
    <trkpt lat="39.560931" lon="2.624800"/>
    <trkpt lat="39.560567" lon="2.624649"/>
    <trkpt lat="39.560450" lon="2.624598"/>
    <trkpt lat="39.560012" lon="2.624415"/>
    <trkpt lat="39.559829" lon="2.624340"/>
    <trkpt lat="39.559746" lon="2.624298"/>
    <trkpt lat="39.559641" lon="2.624259"/>
    <trkpt lat="39.559553" lon="2.624235"/>
    <trkpt lat="39.559449" lon="2.624233"/>
    <trkpt lat="39.558970" lon="2.624327"/>
    <trkpt lat="39.558960" lon="2.624329"/>
    <trkpt lat="39.558468" lon="2.624430"/>
    <trkpt lat="39.558277" lon="2.624463"/>
    <trkpt lat="39.558164" lon="2.624481"/>
    <trkpt lat="39.558136" lon="2.624481"/>
    <trkpt lat="39.558107" lon="2.624474"/>
    <trkpt lat="39.558079" lon="2.624461"/>
    <trkpt lat="39.558051" lon="2.624438"/>
    <trkpt lat="39.558017" lon="2.624401"/>
    <trkpt lat="39.557991" lon="2.624341"/>
    <trkpt lat="39.557984" lon="2.624303"/>
    <trkpt lat="39.557977" lon="2.624255"/>
    <trkpt lat="39.557972" lon="2.624148"/>
    <trkpt lat="39.558003" lon="2.623487"/>
    <trkpt lat="39.558010" lon="2.623313"/>
    <trkpt lat="39.558011" lon="2.623235"/>
    <trkpt lat="39.558005" lon="2.623190"/>
    <trkpt lat="39.557998" lon="2.623146"/>
    <trkpt lat="39.557985" lon="2.623090"/>
    <trkpt lat="39.557960" lon="2.623032"/>
    <trkpt lat="39.557932" lon="2.622984"/>
    <trkpt lat="39.557895" lon="2.622937"/>
    <trkpt lat="39.557861" lon="2.622909"/>
    <trkpt lat="39.557824" lon="2.622885"/>
    <trkpt lat="39.557785" lon="2.622867"/>
    <trkpt lat="39.557718" lon="2.622847"/>
    <trkpt lat="39.557708" lon="2.622848"/>
    <trkpt lat="39.557676" lon="2.622846"/>
    <trkpt lat="39.557642" lon="2.622845"/>
    <trkpt lat="39.557604" lon="2.622855"/>
    <trkpt lat="39.557538" lon="2.622880"/>
    <trkpt lat="39.557496" lon="2.622900"/>
    <trkpt lat="39.557313" lon="2.622983"/>
    <trkpt lat="39.557176" lon="2.623047"/>
    <trkpt lat="39.557094" lon="2.623080"/>
    <trkpt lat="39.557040" lon="2.623098"/>
    <trkpt lat="39.556976" lon="2.623113"/>
    <trkpt lat="39.556910" lon="2.623120"/>
    <trkpt lat="39.556843" lon="2.623123"/>
    <trkpt lat="39.556776" lon="2.623118"/>
    <trkpt lat="39.556697" lon="2.623107"/>
    <trkpt lat="39.556614" lon="2.623089"/>
    <trkpt lat="39.556533" lon="2.623081"/>
    <trkpt lat="39.556492" lon="2.623080"/>
    <trkpt lat="39.556451" lon="2.623084"/>
    <trkpt lat="39.556390" lon="2.623099"/>
    <trkpt lat="39.556329" lon="2.623130"/>
    <trkpt lat="39.555927" lon="2.623374"/>
    <trkpt lat="39.555833" lon="2.623424"/>
    <trkpt lat="39.555756" lon="2.623452"/>
    <trkpt lat="39.555691" lon="2.623470"/>
    <trkpt lat="39.555619" lon="2.623485"/>
    <trkpt lat="39.555541" lon="2.623493"/>
    <trkpt lat="39.555462" lon="2.623486"/>
    <trkpt lat="39.555304" lon="2.623463"/>
    <trkpt lat="39.555177" lon="2.623420"/>
    <trkpt lat="39.555054" lon="2.623364"/>
    <trkpt lat="39.554866" lon="2.623275"/>
    <trkpt lat="39.554807" lon="2.623249"/>
    <trkpt lat="39.554035" lon="2.622912"/>
    <trkpt lat="39.553543" lon="2.622689"/>
    <trkpt lat="39.553445" lon="2.622643"/>
    <trkpt lat="39.553388" lon="2.622605"/>
    <trkpt lat="39.553325" lon="2.622563"/>
    <trkpt lat="39.553118" lon="2.622352"/>
    <trkpt lat="39.553066" lon="2.622295"/>
    <trkpt lat="39.552977" lon="2.622200"/>
    <trkpt lat="39.552794" lon="2.622005"/>
    <trkpt lat="39.552524" lon="2.621717"/>
    <trkpt lat="39.552431" lon="2.621618"/>
    <trkpt lat="39.552321" lon="2.621499"/>
    <trkpt lat="39.552197" lon="2.621363"/>
    <trkpt lat="39.552135" lon="2.621296"/>
    <trkpt lat="39.552060" lon="2.621196"/>
    <trkpt lat="39.551943" lon="2.621021"/>
    <trkpt lat="39.551941" lon="2.621018"/>
    <trkpt lat="39.551884" lon="2.620923"/>
    <trkpt lat="39.551837" lon="2.620837"/>
    <trkpt lat="39.551786" lon="2.620735"/>
    <trkpt lat="39.551747" lon="2.620648"/>
    <trkpt lat="39.551713" lon="2.620557"/>
    <trkpt lat="39.551702" lon="2.620528"/>
    <trkpt lat="39.551613" lon="2.620253"/>
    <trkpt lat="39.551529" lon="2.619971"/>
    <trkpt lat="39.551489" lon="2.619832"/>
    <trkpt lat="39.551434" lon="2.619645"/>
    <trkpt lat="39.551389" lon="2.619473"/>
    <trkpt lat="39.551263" lon="2.618994"/>
    <trkpt lat="39.551239" lon="2.618936"/>
    <trkpt lat="39.551187" lon="2.618838"/>
    <trkpt lat="39.551186" lon="2.618766"/>
    <trkpt lat="39.551179" lon="2.618684"/>
    <trkpt lat="39.551173" lon="2.618619"/>
    <trkpt lat="39.551171" lon="2.618562"/>
    <trkpt lat="39.551174" lon="2.618488"/>
    <trkpt lat="39.551179" lon="2.618431"/>
    <trkpt lat="39.551189" lon="2.618367"/>
    <trkpt lat="39.551204" lon="2.618300"/>
    <trkpt lat="39.551219" lon="2.618243"/>
    <trkpt lat="39.551241" lon="2.618178"/>
    <trkpt lat="39.551288" lon="2.618065"/>
    <trkpt lat="39.551332" lon="2.617973"/>
    <trkpt lat="39.551694" lon="2.617333"/>
    <trkpt lat="39.551814" lon="2.617203"/>
    <trkpt lat="39.551946" lon="2.617072"/>
    <trkpt lat="39.552281" lon="2.616790"/>
    <trkpt lat="39.552462" lon="2.616630"/>
    <trkpt lat="39.552507" lon="2.616593"/>
    <trkpt lat="39.552693" lon="2.616497"/>
    <trkpt lat="39.553004" lon="2.616201"/>
    <trkpt lat="39.553415" lon="2.615803"/>
    <trkpt lat="39.553537" lon="2.615682"/>
    <trkpt lat="39.553608" lon="2.615628"/>
    <trkpt lat="39.553667" lon="2.615594"/>
    <trkpt lat="39.553715" lon="2.615576"/>
    <trkpt lat="39.553771" lon="2.615568"/>
    <trkpt lat="39.553828" lon="2.615571"/>
    <trkpt lat="39.553887" lon="2.615582"/>
    <trkpt lat="39.553936" lon="2.615607"/>
    <trkpt lat="39.553977" lon="2.615635"/>
    <trkpt lat="39.554019" lon="2.615674"/>
    <trkpt lat="39.554057" lon="2.615718"/>
    <trkpt lat="39.554089" lon="2.615772"/>
    <trkpt lat="39.554122" lon="2.615841"/>
    <trkpt lat="39.554143" lon="2.615913"/>
    <trkpt lat="39.554155" lon="2.615979"/>
    <trkpt lat="39.554161" lon="2.616057"/>
    <trkpt lat="39.554159" lon="2.616121"/>
    <trkpt lat="39.554152" lon="2.616181"/>
    <trkpt lat="39.554137" lon="2.616249"/>
    <trkpt lat="39.554113" lon="2.616312"/>
    <trkpt lat="39.554077" lon="2.616379"/>
    <trkpt lat="39.554034" lon="2.616435"/>
    <trkpt lat="39.553992" lon="2.616480"/>
    <trkpt lat="39.553928" lon="2.616539"/>
    <trkpt lat="39.553877" lon="2.616579"/>
    <trkpt lat="39.553829" lon="2.616612"/>
    <trkpt lat="39.553771" lon="2.616645"/>
    <trkpt lat="39.553709" lon="2.616671"/>
    <trkpt lat="39.553643" lon="2.616692"/>
    <trkpt lat="39.553584" lon="2.616703"/>
    <trkpt lat="39.553518" lon="2.616706"/>
    <trkpt lat="39.553437" lon="2.616704"/>
    <trkpt lat="39.553368" lon="2.616693"/>
    <trkpt lat="39.553307" lon="2.616675"/>
    <trkpt lat="39.553247" lon="2.616653"/>
    <trkpt lat="39.553176" lon="2.616614"/>
    <trkpt lat="39.553124" lon="2.616579"/>
    <trkpt lat="39.553075" lon="2.616537"/>
    <trkpt lat="39.553026" lon="2.616495"/>
    <trkpt lat="39.552927" lon="2.616392"/>
    <trkpt lat="39.552797" lon="2.616235"/>
    <trkpt lat="39.552717" lon="2.616127"/>
    <trkpt lat="39.552629" lon="2.615994"/>
    <trkpt lat="39.552572" lon="2.615898"/>
    <trkpt lat="39.552515" lon="2.615793"/>
    <trkpt lat="39.552477" lon="2.615712"/>
    <trkpt lat="39.552434" lon="2.615593"/>
    <trkpt lat="39.552405" lon="2.615479"/>
    <trkpt lat="39.552385" lon="2.615382"/>
    <trkpt lat="39.552359" lon="2.615224"/>
    <trkpt lat="39.552346" lon="2.615074"/>
    <trkpt lat="39.552346" lon="2.614892"/>
    <trkpt lat="39.552335" lon="2.614707"/>
    <trkpt lat="39.552331" lon="2.614640"/>
    <trkpt lat="39.552322" lon="2.614532"/>
    <trkpt lat="39.552309" lon="2.614380"/>
    <trkpt lat="39.552291" lon="2.614207"/>
    <trkpt lat="39.552268" lon="2.614030"/>
    <trkpt lat="39.552189" lon="2.613722"/>
    <trkpt lat="39.552172" lon="2.613637"/>
    <trkpt lat="39.552167" lon="2.613610"/>
    <trkpt lat="39.552159" lon="2.613567"/>
    <trkpt lat="39.552155" lon="2.613544"/>
    <trkpt lat="39.552122" lon="2.613369"/>
    <trkpt lat="39.552079" lon="2.613162"/>
    <trkpt lat="39.552049" lon="2.613011"/>
    <trkpt lat="39.552021" lon="2.612891"/>
    <trkpt lat="39.551997" lon="2.612762"/>
    <trkpt lat="39.551969" lon="2.612616"/>
    <trkpt lat="39.551932" lon="2.612419"/>
    <trkpt lat="39.551883" lon="2.612186"/>
    <trkpt lat="39.551819" lon="2.611889"/>
    <trkpt lat="39.551794" lon="2.611792"/>
    <trkpt lat="39.551762" lon="2.611695"/>
    <trkpt lat="39.551709" lon="2.611559"/>
    <trkpt lat="39.551637" lon="2.611428"/>
    <trkpt lat="39.551445" lon="2.611178"/>
    <trkpt lat="39.551362" lon="2.611077"/>
    <trkpt lat="39.551293" lon="2.610978"/>
    <trkpt lat="39.551255" lon="2.610912"/>
    <trkpt lat="39.551216" lon="2.610808"/>
    <trkpt lat="39.551198" lon="2.610739"/>
    <trkpt lat="39.551183" lon="2.610660"/>
    <trkpt lat="39.551178" lon="2.610598"/>
    <trkpt lat="39.551175" lon="2.610533"/>
    <trkpt lat="39.551178" lon="2.610469"/>
    <trkpt lat="39.551184" lon="2.610409"/>
    <trkpt lat="39.551197" lon="2.610339"/>
    <trkpt lat="39.551494" lon="2.609227"/>
    <trkpt lat="39.551519" lon="2.609146"/>
    <trkpt lat="39.551553" lon="2.609053"/>
    <trkpt lat="39.551577" lon="2.608998"/>
    <trkpt lat="39.551607" lon="2.608943"/>
    <trkpt lat="39.551641" lon="2.608888"/>
    <trkpt lat="39.551680" lon="2.608835"/>
    <trkpt lat="39.551741" lon="2.608765"/>
    <trkpt lat="39.551808" lon="2.608701"/>
    <trkpt lat="39.551994" lon="2.608521"/>
    <trkpt lat="39.552181" lon="2.608355"/>
    <trkpt lat="39.552233" lon="2.608323"/>
    <trkpt lat="39.552286" lon="2.608293"/>
    <trkpt lat="39.552364" lon="2.608266"/>
    <trkpt lat="39.552437" lon="2.608261"/>
    <trkpt lat="39.552508" lon="2.608233"/>
    <trkpt lat="39.552580" lon="2.608187"/>
    <trkpt lat="39.552606" lon="2.608153"/>
    <trkpt lat="39.552650" lon="2.608105"/>
    <trkpt lat="39.552688" lon="2.608055"/>
    <trkpt lat="39.552739" lon="2.607963"/>
    <trkpt lat="39.552775" lon="2.607859"/>
    <trkpt lat="39.552793" lon="2.607786"/>
    <trkpt lat="39.552805" lon="2.607707"/>
    <trkpt lat="39.552827" lon="2.607546"/>
    <trkpt lat="39.552874" lon="2.607209"/>
    <trkpt lat="39.552887" lon="2.607102"/>
    <trkpt lat="39.552905" lon="2.606986"/>
    <trkpt lat="39.552923" lon="2.606910"/>
    <trkpt lat="39.552947" lon="2.606840"/>
    <trkpt lat="39.552975" lon="2.606774"/>
    <trkpt lat="39.553007" lon="2.606715"/>
    <trkpt lat="39.553061" lon="2.606643"/>
    <trkpt lat="39.553119" lon="2.606574"/>
    <trkpt lat="39.553145" lon="2.606547"/>
    <trkpt lat="39.553179" lon="2.606512"/>
    <trkpt lat="39.553345" lon="2.606327"/>
    <trkpt lat="39.553422" lon="2.606237"/>
    <trkpt lat="39.553493" lon="2.606149"/>
    <trkpt lat="39.553543" lon="2.606068"/>
    <trkpt lat="39.553590" lon="2.605979"/>
    <trkpt lat="39.553743" lon="2.605625"/>
    <trkpt lat="39.553756" lon="2.605589"/>
    <trkpt lat="39.553783" lon="2.605518"/>
    <trkpt lat="39.553807" lon="2.605448"/>
    <trkpt lat="39.553819" lon="2.605372"/>
    <trkpt lat="39.553821" lon="2.605327"/>
    <trkpt lat="39.553817" lon="2.605278"/>
    <trkpt lat="39.553806" lon="2.605212"/>
    <trkpt lat="39.553783" lon="2.605120"/>
    <trkpt lat="39.553765" lon="2.605077"/>
    <trkpt lat="39.553737" lon="2.605029"/>
    <trkpt lat="39.553715" lon="2.604998"/>
    <trkpt lat="39.553685" lon="2.604962"/>
    <trkpt lat="39.553659" lon="2.604939"/>
    <trkpt lat="39.553628" lon="2.604913"/>
    <trkpt lat="39.553596" lon="2.604893"/>
    <trkpt lat="39.553560" lon="2.604877"/>
    <trkpt lat="39.553518" lon="2.604865"/>
    <trkpt lat="39.553481" lon="2.604858"/>
    <trkpt lat="39.553409" lon="2.604859"/>
    <trkpt lat="39.553291" lon="2.604857"/>
    <trkpt lat="39.553223" lon="2.604864"/>
    <trkpt lat="39.553153" lon="2.604873"/>
    <trkpt lat="39.553025" lon="2.604885"/>
    <trkpt lat="39.552966" lon="2.604885"/>
    <trkpt lat="39.552905" lon="2.604878"/>
    <trkpt lat="39.552866" lon="2.604872"/>
    <trkpt lat="39.552818" lon="2.604852"/>
    <trkpt lat="39.552780" lon="2.604834"/>
    <trkpt lat="39.552729" lon="2.604800"/>
    <trkpt lat="39.552652" lon="2.604728"/>
    <trkpt lat="39.552605" lon="2.604657"/>
    <trkpt lat="39.552560" lon="2.604562"/>
    <trkpt lat="39.552532" lon="2.604475"/>
    <trkpt lat="39.552517" lon="2.604374"/>
    <trkpt lat="39.552515" lon="2.604265"/>
    <trkpt lat="39.552518" lon="2.604181"/>
    <trkpt lat="39.552571" lon="2.603437"/>
    <trkpt lat="39.552583" lon="2.603257"/>
    <trkpt lat="39.552580" lon="2.603171"/>
    <trkpt lat="39.552568" lon="2.603076"/>
    <trkpt lat="39.552543" lon="2.602979"/>
    <trkpt lat="39.552504" lon="2.602875"/>
    <trkpt lat="39.552322" lon="2.602412"/>
    <trkpt lat="39.552276" lon="2.602305"/>
    <trkpt lat="39.552225" lon="2.602178"/>
    <trkpt lat="39.552037" lon="2.601707"/>
    <trkpt lat="39.552004" lon="2.601632"/>
    <trkpt lat="39.551946" lon="2.601489"/>
    <trkpt lat="39.551652" lon="2.600734"/>
    <trkpt lat="39.551602" lon="2.600613"/>
    <trkpt lat="39.551548" lon="2.600500"/>
    <trkpt lat="39.551519" lon="2.600446"/>
    <trkpt lat="39.551482" lon="2.600392"/>
    <trkpt lat="39.551419" lon="2.600313"/>
    <trkpt lat="39.551329" lon="2.600218"/>
    <trkpt lat="39.551228" lon="2.600124"/>
    <trkpt lat="39.551138" lon="2.600039"/>
    <trkpt lat="39.551031" lon="2.599939"/>
    <trkpt lat="39.550937" lon="2.599819"/>
    <trkpt lat="39.550881" lon="2.599721"/>
    <trkpt lat="39.550443" lon="2.598874"/>
    <trkpt lat="39.550409" lon="2.598808"/>
    <trkpt lat="39.550366" lon="2.598726"/>
    <trkpt lat="39.550230" lon="2.598464"/>
    <trkpt lat="39.550212" lon="2.598429"/>
    <trkpt lat="39.550157" lon="2.598327"/>
    <trkpt lat="39.550077" lon="2.598179"/>
    <trkpt lat="39.549909" lon="2.597853"/>
    <trkpt lat="39.549830" lon="2.597710"/>
    <trkpt lat="39.549763" lon="2.597610"/>
    <trkpt lat="39.549681" lon="2.597508"/>
    <trkpt lat="39.549579" lon="2.597401"/>
    <trkpt lat="39.549421" lon="2.597245"/>
    <trkpt lat="39.549278" lon="2.597104"/>
    <trkpt lat="39.549206" lon="2.597042"/>
    <trkpt lat="39.549127" lon="2.596988"/>
    <trkpt lat="39.549065" lon="2.596961"/>
    <trkpt lat="39.549013" lon="2.596945"/>
    <trkpt lat="39.548873" lon="2.596907"/>
    <trkpt lat="39.548609" lon="2.596858"/>
    <trkpt lat="39.548499" lon="2.596835"/>
    <trkpt lat="39.548416" lon="2.596817"/>
    <trkpt lat="39.548038" lon="2.596733"/>
    <trkpt lat="39.547976" lon="2.596710"/>
    <trkpt lat="39.547932" lon="2.596686"/>
    <trkpt lat="39.547886" lon="2.596658"/>
    <trkpt lat="39.547836" lon="2.596620"/>
    <trkpt lat="39.547794" lon="2.596573"/>
    <trkpt lat="39.547748" lon="2.596520"/>
    <trkpt lat="39.547704" lon="2.596460"/>
    <trkpt lat="39.547603" lon="2.596266"/>
    <trkpt lat="39.547554" lon="2.596152"/>
    <trkpt lat="39.547498" lon="2.596028"/>
    <trkpt lat="39.547396" lon="2.595807"/>
    <trkpt lat="39.547343" lon="2.595691"/>
    <trkpt lat="39.547124" lon="2.595213"/>
    <trkpt lat="39.547077" lon="2.595133"/>
    <trkpt lat="39.547027" lon="2.595065"/>
    <trkpt lat="39.546928" lon="2.594977"/>
    <trkpt lat="39.546882" lon="2.594947"/>
    <trkpt lat="39.546834" lon="2.594925"/>
    <trkpt lat="39.546803" lon="2.594913"/>
    <trkpt lat="39.546702" lon="2.594903"/>
    <trkpt lat="39.546628" lon="2.594902"/>
    <trkpt lat="39.546573" lon="2.594911"/>
    <trkpt lat="39.546526" lon="2.594923"/>
    <trkpt lat="39.546476" lon="2.594945"/>
    <trkpt lat="39.546433" lon="2.594970"/>
    <trkpt lat="39.546355" lon="2.595031"/>
    <trkpt lat="39.546268" lon="2.595117"/>
    <trkpt lat="39.545942" lon="2.595432"/>
    <trkpt lat="39.545814" lon="2.595532"/>
    <trkpt lat="39.545740" lon="2.595581"/>
    <trkpt lat="39.545689" lon="2.595615"/>
    <trkpt lat="39.545633" lon="2.595637"/>
    <trkpt lat="39.545576" lon="2.595648"/>
    <trkpt lat="39.545465" lon="2.595654"/>
    <trkpt lat="39.545395" lon="2.595646"/>
    <trkpt lat="39.545358" lon="2.595638"/>
    <trkpt lat="39.545321" lon="2.595626"/>
    <trkpt lat="39.545250" lon="2.595576"/>
    <trkpt lat="39.545167" lon="2.595495"/>
    <trkpt lat="39.545096" lon="2.595397"/>
    <trkpt lat="39.545046" lon="2.595304"/>
    <trkpt lat="39.545028" lon="2.595270"/>
    <trkpt lat="39.544799" lon="2.594852"/>
    <trkpt lat="39.544704" lon="2.594677"/>
    <trkpt lat="39.544494" lon="2.594291"/>
    <trkpt lat="39.544422" lon="2.594187"/>
    <trkpt lat="39.544310" lon="2.594072"/>
    <trkpt lat="39.544123" lon="2.593895"/>
    <trkpt lat="39.543981" lon="2.593761"/>
    <trkpt lat="39.543870" lon="2.593640"/>
    <trkpt lat="39.543799" lon="2.593554"/>
    <trkpt lat="39.543697" lon="2.593417"/>
    <trkpt lat="39.543660" lon="2.593357"/>
    <trkpt lat="39.543623" lon="2.593283"/>
    <trkpt lat="39.543609" lon="2.593233"/>
    <trkpt lat="39.543554" lon="2.593047"/>
    <trkpt lat="39.543495" lon="2.592829"/>
    <trkpt lat="39.543435" lon="2.592588"/>
    <trkpt lat="39.543324" lon="2.592114"/>
    <trkpt lat="39.543300" lon="2.592011"/>
    <trkpt lat="39.543227" lon="2.591721"/>
    <trkpt lat="39.543211" lon="2.591667"/>
    <trkpt lat="39.543052" lon="2.590968"/>
    <trkpt lat="39.543025" lon="2.590817"/>
    <trkpt lat="39.543006" lon="2.590652"/>
    <trkpt lat="39.543000" lon="2.590457"/>
    <trkpt lat="39.543003" lon="2.590118"/>
    <trkpt lat="39.543014" lon="2.589540"/>
    <trkpt lat="39.543022" lon="2.589362"/>
    <trkpt lat="39.543026" lon="2.589237"/>
    <trkpt lat="39.543028" lon="2.589114"/>
    <trkpt lat="39.543038" lon="2.588555"/>
    <trkpt lat="39.543039" lon="2.588527"/>
    <trkpt lat="39.543042" lon="2.588392"/>
    <trkpt lat="39.543052" lon="2.587147"/>
    <trkpt lat="39.543080" lon="2.586503"/>
    <trkpt lat="39.543088" lon="2.585911"/>
    <trkpt lat="39.543069" lon="2.585704"/>
    <trkpt lat="39.543048" lon="2.585564"/>
    <trkpt lat="39.543018" lon="2.585435"/>
    <trkpt lat="39.542981" lon="2.585322"/>
    <trkpt lat="39.542939" lon="2.585220"/>
    <trkpt lat="39.542893" lon="2.585137"/>
    <trkpt lat="39.542847" lon="2.585073"/>
    <trkpt lat="39.542794" lon="2.584990"/>
    <trkpt lat="39.542752" lon="2.584943"/>
    <trkpt lat="39.542695" lon="2.584882"/>
    <trkpt lat="39.542505" lon="2.584732"/>
    <trkpt lat="39.542364" lon="2.584635"/>
    <trkpt lat="39.541359" lon="2.583907"/>
    <trkpt lat="39.541070" lon="2.583692"/>
    <trkpt lat="39.541032" lon="2.583622"/>
    <trkpt lat="39.540988" lon="2.583556"/>
    <trkpt lat="39.540940" lon="2.583485"/>
    <trkpt lat="39.540937" lon="2.583467"/>
    <trkpt lat="39.540926" lon="2.583411"/>
    <trkpt lat="39.540896" lon="2.583334"/>
    <trkpt lat="39.540869" lon="2.583298"/>
    <trkpt lat="39.540818" lon="2.583253"/>
    <trkpt lat="39.540781" lon="2.583239"/>
    <trkpt lat="39.540738" lon="2.583235"/>
    <trkpt lat="39.540678" lon="2.583243"/>
    <trkpt lat="39.540623" lon="2.583271"/>
    <trkpt lat="39.540590" lon="2.583282"/>
    <trkpt lat="39.540529" lon="2.583262"/>
    <trkpt lat="39.540495" lon="2.583245"/>
    <trkpt lat="39.540362" lon="2.583125"/>
    <trkpt lat="39.540249" lon="2.582964"/>
    <trkpt lat="39.540220" lon="2.582910"/>
    <trkpt lat="39.539915" lon="2.582343"/>
    <trkpt lat="39.539787" lon="2.582084"/>
    <trkpt lat="39.539715" lon="2.581940"/>
    <trkpt lat="39.539640" lon="2.581798"/>
    <trkpt lat="39.539375" lon="2.581293"/>
    <trkpt lat="39.539273" lon="2.581086"/>
    <trkpt lat="39.539181" lon="2.580868"/>
    <trkpt lat="39.539157" lon="2.580724"/>
    <trkpt lat="39.539151" lon="2.580558"/>
    <trkpt lat="39.539168" lon="2.580320"/>
    <trkpt lat="39.539217" lon="2.579918"/>
    <trkpt lat="39.539251" lon="2.579606"/>
    <trkpt lat="39.539281" lon="2.579253"/>
    <trkpt lat="39.539279" lon="2.579077"/>
    <trkpt lat="39.539258" lon="2.578903"/>
    <trkpt lat="39.539222" lon="2.578714"/>
    <trkpt lat="39.539174" lon="2.578527"/>
    <trkpt lat="39.539117" lon="2.578341"/>
    <trkpt lat="39.539049" lon="2.578153"/>
    <trkpt lat="39.538991" lon="2.578016"/>
    <trkpt lat="39.538890" lon="2.577837"/>
    <trkpt lat="39.538623" lon="2.577388"/>
    <trkpt lat="39.538344" lon="2.576907"/>
    <trkpt lat="39.538208" lon="2.576671"/>
    <trkpt lat="39.537981" lon="2.576274"/>
    <trkpt lat="39.537639" lon="2.575676"/>
    <trkpt lat="39.537587" lon="2.575585"/>
    <trkpt lat="39.537374" lon="2.575245"/>
    <trkpt lat="39.537257" lon="2.575058"/>
    <trkpt lat="39.537189" lon="2.574961"/>
    <trkpt lat="39.536929" lon="2.574597"/>
    <trkpt lat="39.536773" lon="2.574380"/>
    <trkpt lat="39.536666" lon="2.574248"/>
    <trkpt lat="39.536548" lon="2.574113"/>
    <trkpt lat="39.536465" lon="2.574049"/>
    <trkpt lat="39.536298" lon="2.573948"/>
    <trkpt lat="39.536264" lon="2.573930"/>
    <trkpt lat="39.536219" lon="2.573910"/>
    <trkpt lat="39.536170" lon="2.573892"/>
    <trkpt lat="39.536126" lon="2.573883"/>
    <trkpt lat="39.536049" lon="2.573871"/>
    <trkpt lat="39.535738" lon="2.573850"/>
    <trkpt lat="39.535509" lon="2.573853"/>
    <trkpt lat="39.535443" lon="2.573853"/>
    <trkpt lat="39.535191" lon="2.573843"/>
    <trkpt lat="39.535121" lon="2.573827"/>
    <trkpt lat="39.535088" lon="2.573811"/>
    <trkpt lat="39.535055" lon="2.573786"/>
    <trkpt lat="39.535025" lon="2.573761"/>
    <trkpt lat="39.534996" lon="2.573720"/>
    <trkpt lat="39.534978" lon="2.573686"/>
    <trkpt lat="39.534951" lon="2.573631"/>
    <trkpt lat="39.534935" lon="2.573549"/>
    <trkpt lat="39.534936" lon="2.573464"/>
    <trkpt lat="39.534945" lon="2.573374"/>
    <trkpt lat="39.534956" lon="2.573285"/>
    <trkpt lat="39.535027" lon="2.572911"/>
    <trkpt lat="39.535053" lon="2.572773"/>
    <trkpt lat="39.535068" lon="2.572699"/>
    <trkpt lat="39.535076" lon="2.572656"/>
    <trkpt lat="39.535086" lon="2.572603"/>
    <trkpt lat="39.535128" lon="2.572398"/>
    <trkpt lat="39.535146" lon="2.572262"/>
    <trkpt lat="39.535213" lon="2.571915"/>
    <trkpt lat="39.535231" lon="2.571823"/>
    <trkpt lat="39.535272" lon="2.571619"/>
    <trkpt lat="39.535295" lon="2.571537"/>
    <trkpt lat="39.535326" lon="2.571436"/>
    <trkpt lat="39.535360" lon="2.571355"/>
    <trkpt lat="39.535400" lon="2.571277"/>
    <trkpt lat="39.535439" lon="2.571205"/>
    <trkpt lat="39.535482" lon="2.571140"/>
    <trkpt lat="39.535544" lon="2.571057"/>
    <trkpt lat="39.535612" lon="2.570982"/>
    <trkpt lat="39.535679" lon="2.570914"/>
    <trkpt lat="39.535751" lon="2.570856"/>
    <trkpt lat="39.535813" lon="2.570825"/>
    <trkpt lat="39.535932" lon="2.570765"/>
    <trkpt lat="39.535944" lon="2.570761"/>
    <trkpt lat="39.536087" lon="2.570701"/>
    <trkpt lat="39.536201" lon="2.570657"/>
    <trkpt lat="39.536693" lon="2.570467"/>
    <trkpt lat="39.536743" lon="2.570447"/>
    <trkpt lat="39.536788" lon="2.570415"/>
    <trkpt lat="39.536824" lon="2.570386"/>
    <trkpt lat="39.536856" lon="2.570354"/>
    <trkpt lat="39.536879" lon="2.570327"/>
    <trkpt lat="39.536918" lon="2.570274"/>
    <trkpt lat="39.536948" lon="2.570221"/>
    <trkpt lat="39.536975" lon="2.570166"/>
    <trkpt lat="39.537017" lon="2.570058"/>
    <trkpt lat="39.537052" lon="2.569943"/>
    <trkpt lat="39.537066" lon="2.569873"/>
    <trkpt lat="39.537071" lon="2.569792"/>
    <trkpt lat="39.537068" lon="2.569719"/>
    <trkpt lat="39.537058" lon="2.569640"/>
    <trkpt lat="39.537044" lon="2.569550"/>
    <trkpt lat="39.537020" lon="2.569458"/>
    <trkpt lat="39.536991" lon="2.569384"/>
    <trkpt lat="39.536950" lon="2.569299"/>
    <trkpt lat="39.536850" lon="2.569144"/>
    <trkpt lat="39.536729" lon="2.568986"/>
    <trkpt lat="39.536598" lon="2.568833"/>
    <trkpt lat="39.536456" lon="2.568690"/>
    <trkpt lat="39.536366" lon="2.568628"/>
    <trkpt lat="39.536248" lon="2.568566"/>
    <trkpt lat="39.536136" lon="2.568531"/>
    <trkpt lat="39.536029" lon="2.568504"/>
    <trkpt lat="39.535349" lon="2.568356"/>
    <trkpt lat="39.534735" lon="2.568220"/>
    <trkpt lat="39.534534" lon="2.568175"/>
    <trkpt lat="39.534437" lon="2.568149"/>
    <trkpt lat="39.534406" lon="2.568139"/>
    <trkpt lat="39.534355" lon="2.568123"/>
    <trkpt lat="39.534265" lon="2.568081"/>
    <trkpt lat="39.534141" lon="2.567995"/>
    <trkpt lat="39.534085" lon="2.567947"/>
    <trkpt lat="39.534032" lon="2.567892"/>
    <trkpt lat="39.533984" lon="2.567833"/>
    <trkpt lat="39.533935" lon="2.567764"/>
    <trkpt lat="39.533890" lon="2.567696"/>
    <trkpt lat="39.533848" lon="2.567617"/>
    <trkpt lat="39.533773" lon="2.567448"/>
    <trkpt lat="39.533739" lon="2.567347"/>
    <trkpt lat="39.533710" lon="2.567227"/>
    <trkpt lat="39.533680" lon="2.567063"/>
    <trkpt lat="39.533657" lon="2.566885"/>
    <trkpt lat="39.533637" lon="2.566726"/>
    <trkpt lat="39.533624" lon="2.566544"/>
    <trkpt lat="39.533580" lon="2.565719"/>
    <trkpt lat="39.533575" lon="2.565635"/>
    <trkpt lat="39.533561" lon="2.565335"/>
    <trkpt lat="39.533596" lon="2.565098"/>
    <trkpt lat="39.533623" lon="2.565004"/>
    <trkpt lat="39.533644" lon="2.564993"/>
    <trkpt lat="39.533670" lon="2.564980"/>
    <trkpt lat="39.533717" lon="2.564932"/>
    <trkpt lat="39.533751" lon="2.564866"/>
    <trkpt lat="39.533767" lon="2.564791"/>
    <trkpt lat="39.533765" lon="2.564720"/>
    <trkpt lat="39.533748" lon="2.564652"/>
    <trkpt lat="39.533716" lon="2.564593"/>
    <trkpt lat="39.533674" lon="2.564548"/>
    <trkpt lat="39.533623" lon="2.564521"/>
    <trkpt lat="39.533573" lon="2.564419"/>
    <trkpt lat="39.533531" lon="2.564287"/>
    <trkpt lat="39.533467" lon="2.564106"/>
    <trkpt lat="39.533458" lon="2.563982"/>
    <trkpt lat="39.533446" lon="2.563688"/>
    <trkpt lat="39.533435" lon="2.563358"/>
    <trkpt lat="39.533394" lon="2.562813"/>
    <trkpt lat="39.533381" lon="2.562571"/>
    <trkpt lat="39.533353" lon="2.562328"/>
    <trkpt lat="39.533315" lon="2.562130"/>
    <trkpt lat="39.533265" lon="2.561927"/>
    <trkpt lat="39.533232" lon="2.561807"/>
    <trkpt lat="39.533210" lon="2.561743"/>
    <trkpt lat="39.533156" lon="2.561586"/>
    <trkpt lat="39.533082" lon="2.561391"/>
    <trkpt lat="39.532983" lon="2.561172"/>
    <trkpt lat="39.532862" lon="2.560942"/>
    <trkpt lat="39.532799" lon="2.560798"/>
    <trkpt lat="39.532701" lon="2.560583"/>
    <trkpt lat="39.532350" lon="2.559812"/>
    <trkpt lat="39.532267" lon="2.559583"/>
    <trkpt lat="39.532219" lon="2.559468"/>
    <trkpt lat="39.532063" lon="2.559084"/>
    <trkpt lat="39.531913" lon="2.558700"/>
    <trkpt lat="39.531856" lon="2.558493"/>
    <trkpt lat="39.531799" lon="2.558299"/>
    <trkpt lat="39.531771" lon="2.558075"/>
    <trkpt lat="39.531770" lon="2.558040"/>
    <trkpt lat="39.531760" lon="2.557817"/>
    <trkpt lat="39.531735" lon="2.557763"/>
    <trkpt lat="39.531728" lon="2.557709"/>
    <trkpt lat="39.531706" lon="2.557662"/>
    <trkpt lat="39.531677" lon="2.557603"/>
    <trkpt lat="39.531649" lon="2.557562"/>
    <trkpt lat="39.531599" lon="2.557502"/>
    <trkpt lat="39.531525" lon="2.557441"/>
    <trkpt lat="39.531465" lon="2.557389"/>
    <trkpt lat="39.531401" lon="2.557317"/>
    <trkpt lat="39.531295" lon="2.557180"/>
    <trkpt lat="39.531253" lon="2.557081"/>
    <trkpt lat="39.531098" lon="2.556704"/>
    <trkpt lat="39.531071" lon="2.556637"/>
    <trkpt lat="39.530902" lon="2.556193"/>
    <trkpt lat="39.530575" lon="2.555311"/>
    <trkpt lat="39.530023" lon="2.553842"/>
    <trkpt lat="39.529409" lon="2.552205"/>
    <trkpt lat="39.529384" lon="2.552065"/>
    <trkpt lat="39.529379" lon="2.552047"/>
    <trkpt lat="39.529362" lon="2.551936"/>
    <trkpt lat="39.529353" lon="2.551750"/>
    <trkpt lat="39.529328" lon="2.551610"/>
    <trkpt lat="39.529315" lon="2.551552"/>
    <trkpt lat="39.529287" lon="2.551504"/>
    <trkpt lat="39.529224" lon="2.551401"/>
    <trkpt lat="39.529129" lon="2.551277"/>
    <trkpt lat="39.529053" lon="2.551108"/>
    <trkpt lat="39.529018" lon="2.551052"/>
    <trkpt lat="39.528879" lon="2.550481"/>
    <trkpt lat="39.528836" lon="2.550239"/>
    <trkpt lat="39.528795" lon="2.550002"/>
    <trkpt lat="39.528766" lon="2.549809"/>
    <trkpt lat="39.528734" lon="2.549545"/>
    <trkpt lat="39.528685" lon="2.548954"/>
    <trkpt lat="39.528649" lon="2.548426"/>
    <trkpt lat="39.528726" lon="2.547932"/>
    <trkpt lat="39.528723" lon="2.547771"/>
    <trkpt lat="39.528707" lon="2.547642"/>
    <trkpt lat="39.528666" lon="2.547558"/>
    <trkpt lat="39.528659" lon="2.547547"/>
    <trkpt lat="39.528596" lon="2.547437"/>
    <trkpt lat="39.528538" lon="2.547277"/>
    <trkpt lat="39.528504" lon="2.547044"/>
    <trkpt lat="39.528423" lon="2.545795"/>
    <trkpt lat="39.528336" lon="2.544543"/>
    <trkpt lat="39.528326" lon="2.544472"/>
    <trkpt lat="39.528201" lon="2.542611"/>
    <trkpt lat="39.528091" lon="2.541242"/>
    <trkpt lat="39.528073" lon="2.541080"/>
    <trkpt lat="39.528071" lon="2.540980"/>
    <trkpt lat="39.528093" lon="2.540912"/>
    <trkpt lat="39.528082" lon="2.540815"/>
    <trkpt lat="39.528059" lon="2.540747"/>
    <trkpt lat="39.528044" lon="2.540716"/>
    <trkpt lat="39.528035" lon="2.540697"/>
    <trkpt lat="39.528003" lon="2.540666"/>
    <trkpt lat="39.527979" lon="2.540643"/>
    <trkpt lat="39.527943" lon="2.540636"/>
    <trkpt lat="39.527884" lon="2.540508"/>
    <trkpt lat="39.527786" lon="2.540321"/>
    <trkpt lat="39.527656" lon="2.540110"/>
    <trkpt lat="39.527577" lon="2.539979"/>
    <trkpt lat="39.526656" lon="2.538485"/>
    <trkpt lat="39.526616" lon="2.538420"/>
    <trkpt lat="39.526585" lon="2.538350"/>
    <trkpt lat="39.526600" lon="2.538311"/>
    <trkpt lat="39.526610" lon="2.538269"/>
    <trkpt lat="39.526612" lon="2.538224"/>
    <trkpt lat="39.526695" lon="2.538052"/>
    <trkpt lat="39.526730" lon="2.538008"/>
    <trkpt lat="39.526996" lon="2.537732"/>
    <trkpt lat="39.527112" lon="2.537561"/>
    <trkpt lat="39.527536" lon="2.537122"/>
    <trkpt lat="39.527707" lon="2.537033"/>
    <trkpt lat="39.527771" lon="2.537007"/>
    <trkpt lat="39.527832" lon="2.536987"/>
    <trkpt lat="39.527865" lon="2.537000"/>
    <trkpt lat="39.527898" lon="2.537006"/>
    <trkpt lat="39.527934" lon="2.537005"/>
    <trkpt lat="39.527969" lon="2.536995"/>
    <trkpt lat="39.528002" lon="2.536977"/>
    <trkpt lat="39.528033" lon="2.536953"/>
    <trkpt lat="39.528060" lon="2.536921"/>
    <trkpt lat="39.528082" lon="2.536885"/>
    <trkpt lat="39.528099" lon="2.536843"/>
    <trkpt lat="39.528110" lon="2.536799"/>
    <trkpt lat="39.528114" lon="2.536756"/>
    <trkpt lat="39.528114" lon="2.536712"/>
    <trkpt lat="39.528151" lon="2.536614"/>
    <trkpt lat="39.528169" lon="2.536559"/>
    <trkpt lat="39.528191" lon="2.536511"/>
    <trkpt lat="39.528261" lon="2.536376"/>
    <trkpt lat="39.528583" lon="2.536052"/>
    <trkpt lat="39.529183" lon="2.535436"/>
    <trkpt lat="39.529373" lon="2.535236"/>
    <trkpt lat="39.529468" lon="2.535182"/>
    <trkpt lat="39.529497" lon="2.535160"/>
    <trkpt lat="39.529527" lon="2.535143"/>
    <trkpt lat="39.529566" lon="2.535123"/>
    <trkpt lat="39.529598" lon="2.535111"/>
    <trkpt lat="39.529638" lon="2.535101"/>
    <trkpt lat="39.529723" lon="2.535089"/>
    <trkpt lat="39.529762" lon="2.535100"/>
    <trkpt lat="39.529802" lon="2.535102"/>
    <trkpt lat="39.529841" lon="2.535095"/>
    <trkpt lat="39.529879" lon="2.535080"/>
    <trkpt lat="39.529914" lon="2.535056"/>
    <trkpt lat="39.529946" lon="2.535024"/>
    <trkpt lat="39.529972" lon="2.534986"/>
    <trkpt lat="39.529994" lon="2.534943"/>
    <trkpt lat="39.530009" lon="2.534895"/>
    <trkpt lat="39.530017" lon="2.534844"/>
    <trkpt lat="39.530019" lon="2.534793"/>
    <trkpt lat="39.530052" lon="2.534677"/>
    <trkpt lat="39.530068" lon="2.534626"/>
    <trkpt lat="39.530091" lon="2.534574"/>
    <trkpt lat="39.530115" lon="2.534531"/>
    <trkpt lat="39.530140" lon="2.534497"/>
    <trkpt lat="39.530242" lon="2.534352"/>
    <trkpt lat="39.530523" lon="2.534066"/>
    <trkpt lat="39.530653" lon="2.533945"/>
    <trkpt lat="39.530762" lon="2.533856"/>
    <trkpt lat="39.530827" lon="2.533811"/>
    <trkpt lat="39.530930" lon="2.533747"/>
    <trkpt lat="39.531010" lon="2.533703"/>
    <trkpt lat="39.531090" lon="2.533667"/>
    <trkpt lat="39.531155" lon="2.533642"/>
    <trkpt lat="39.531206" lon="2.533623"/>
    <trkpt lat="39.531252" lon="2.533610"/>
    <trkpt lat="39.531340" lon="2.533590"/>
    <trkpt lat="39.531415" lon="2.533575"/>
    <trkpt lat="39.531473" lon="2.533570"/>
    <trkpt lat="39.531560" lon="2.533562"/>
    <trkpt lat="39.531652" lon="2.533557"/>
    <trkpt lat="39.532075" lon="2.533546"/>
    <trkpt lat="39.532980" lon="2.533529"/>
    <trkpt lat="39.533199" lon="2.533514"/>
    <trkpt lat="39.533426" lon="2.533490"/>
    <trkpt lat="39.533558" lon="2.533470"/>
    <trkpt lat="39.533682" lon="2.533446"/>
    <trkpt lat="39.533787" lon="2.533414"/>
    <trkpt lat="39.533865" lon="2.533383"/>
    <trkpt lat="39.533975" lon="2.533326"/>
    <trkpt lat="39.534114" lon="2.533222"/>
    <trkpt lat="39.534251" lon="2.533114"/>
    <trkpt lat="39.534325" lon="2.533048"/>
    <trkpt lat="39.534391" lon="2.532977"/>
    <trkpt lat="39.534455" lon="2.532892"/>
    <trkpt lat="39.534509" lon="2.532799"/>
    <trkpt lat="39.534571" lon="2.532662"/>
    <trkpt lat="39.534715" lon="2.532296"/>
    <trkpt lat="39.534855" lon="2.531931"/>
    <trkpt lat="39.534892" lon="2.531808"/>
    <trkpt lat="39.534907" lon="2.531738"/>
    <trkpt lat="39.534916" lon="2.531654"/>
    <trkpt lat="39.534914" lon="2.531538"/>
    <trkpt lat="39.534892" lon="2.531420"/>
    <trkpt lat="39.534866" lon="2.531339"/>
    <trkpt lat="39.534800" lon="2.531161"/>
    <trkpt lat="39.534771" lon="2.531052"/>
    <trkpt lat="39.534755" lon="2.530932"/>
    <trkpt lat="39.534758" lon="2.530806"/>
    <trkpt lat="39.534777" lon="2.530697"/>
    <trkpt lat="39.534841" lon="2.530501"/>
    <trkpt lat="39.534896" lon="2.530375"/>
    <trkpt lat="39.534946" lon="2.530293"/>
    <trkpt lat="39.535010" lon="2.530216"/>
    <trkpt lat="39.535136" lon="2.530088"/>
    <trkpt lat="39.535402" lon="2.529844"/>
    <trkpt lat="39.535659" lon="2.529592"/>
    <trkpt lat="39.535941" lon="2.529307"/>
    <trkpt lat="39.536201" lon="2.529030"/>
    <trkpt lat="39.536301" lon="2.528910"/>
    <trkpt lat="39.536385" lon="2.528792"/>
    <trkpt lat="39.536464" lon="2.528661"/>
    <trkpt lat="39.536543" lon="2.528511"/>
    <trkpt lat="39.536586" lon="2.528418"/>
    <trkpt lat="39.536826" lon="2.527822"/>
    <trkpt lat="39.536890" lon="2.527645"/>
    <trkpt lat="39.536921" lon="2.527541"/>
    <trkpt lat="39.536952" lon="2.527414"/>
    <trkpt lat="39.536974" lon="2.527257"/>
    <trkpt lat="39.536975" lon="2.527137"/>
    <trkpt lat="39.536963" lon="2.527019"/>
    <trkpt lat="39.536933" lon="2.526889"/>
    <trkpt lat="39.536883" lon="2.526769"/>
    <trkpt lat="39.536819" lon="2.526662"/>
    <trkpt lat="39.536668" lon="2.526453"/>
    <trkpt lat="39.536577" lon="2.526316"/>
    <trkpt lat="39.536486" lon="2.526164"/>
    <trkpt lat="39.536436" lon="2.526069"/>
    <trkpt lat="39.536399" lon="2.525949"/>
    <trkpt lat="39.536379" lon="2.525813"/>
    <trkpt lat="39.536346" lon="2.525421"/>
    <trkpt lat="39.536331" lon="2.525306"/>
    <trkpt lat="39.536304" lon="2.525210"/>
    <trkpt lat="39.536269" lon="2.525126"/>
    <trkpt lat="39.536215" lon="2.525037"/>
    <trkpt lat="39.536160" lon="2.524976"/>
    <trkpt lat="39.536087" lon="2.524925"/>
    <trkpt lat="39.535998" lon="2.524888"/>
    <trkpt lat="39.535901" lon="2.524871"/>
    <trkpt lat="39.535737" lon="2.524851"/>
    <trkpt lat="39.535675" lon="2.524836"/>
    <trkpt lat="39.535600" lon="2.524805"/>
    <trkpt lat="39.535526" lon="2.524752"/>
    <trkpt lat="39.535437" lon="2.524639"/>
    <trkpt lat="39.535385" lon="2.524524"/>
    <trkpt lat="39.535348" lon="2.524408"/>
    <trkpt lat="39.535313" lon="2.524280"/>
    <trkpt lat="39.535287" lon="2.524134"/>
    <trkpt lat="39.535274" lon="2.523993"/>
    <trkpt lat="39.535273" lon="2.523863"/>
    <trkpt lat="39.535288" lon="2.523731"/>
    <trkpt lat="39.535321" lon="2.523560"/>
    <trkpt lat="39.535447" lon="2.523001"/>
    <trkpt lat="39.535504" lon="2.522784"/>
    <trkpt lat="39.535561" lon="2.522630"/>
    <trkpt lat="39.535624" lon="2.522495"/>
    <trkpt lat="39.535701" lon="2.522375"/>
    <trkpt lat="39.535781" lon="2.522274"/>
    <trkpt lat="39.535869" lon="2.522189"/>
    <trkpt lat="39.535938" lon="2.522144"/>
    <trkpt lat="39.535998" lon="2.522115"/>
    <trkpt lat="39.536148" lon="2.522068"/>
    <trkpt lat="39.536308" lon="2.522041"/>
    <trkpt lat="39.536731" lon="2.521990"/>
    <trkpt lat="39.536837" lon="2.521964"/>
    <trkpt lat="39.536919" lon="2.521930"/>
    <trkpt lat="39.537002" lon="2.521880"/>
    <trkpt lat="39.537105" lon="2.521802"/>
    <trkpt lat="39.537192" lon="2.521714"/>
    <trkpt lat="39.537310" lon="2.521559"/>
    <trkpt lat="39.537388" lon="2.521432"/>
    <trkpt lat="39.537452" lon="2.521281"/>
    <trkpt lat="39.537490" lon="2.521141"/>
    <trkpt lat="39.537519" lon="2.520995"/>
    <trkpt lat="39.537559" lon="2.520751"/>
    <trkpt lat="39.537599" lon="2.520568"/>
    <trkpt lat="39.537651" lon="2.520417"/>
    <trkpt lat="39.537714" lon="2.520280"/>
    <trkpt lat="39.537785" lon="2.520154"/>
    <trkpt lat="39.538348" lon="2.519275"/>
    <trkpt lat="39.538437" lon="2.519151"/>
    <trkpt lat="39.538523" lon="2.519048"/>
    <trkpt lat="39.538603" lon="2.518970"/>
    <trkpt lat="39.538702" lon="2.518893"/>
    <trkpt lat="39.538804" lon="2.518828"/>
    <trkpt lat="39.538927" lon="2.518774"/>
    <trkpt lat="39.539088" lon="2.518725"/>
    <trkpt lat="39.539267" lon="2.518680"/>
    <trkpt lat="39.540360" lon="2.518426"/>
    <trkpt lat="39.540905" lon="2.518299"/>
    <trkpt lat="39.542915" lon="2.517818"/>
    <trkpt lat="39.543350" lon="2.517723"/>
    <trkpt lat="39.543589" lon="2.517673"/>
    <trkpt lat="39.543637" lon="2.517663"/>
    <trkpt lat="39.543732" lon="2.517645"/>
    <trkpt lat="39.543887" lon="2.517623"/>
    <trkpt lat="39.543980" lon="2.517614"/>
    <trkpt lat="39.544099" lon="2.517605"/>
    <trkpt lat="39.544329" lon="2.517597"/>
    <trkpt lat="39.544418" lon="2.517597"/>
    <trkpt lat="39.544598" lon="2.517596"/>
    <trkpt lat="39.544991" lon="2.517586"/>
    <trkpt lat="39.545196" lon="2.517579"/>
    <trkpt lat="39.545473" lon="2.517563"/>
    <trkpt lat="39.545663" lon="2.517545"/>
    <trkpt lat="39.545786" lon="2.517526"/>
    <trkpt lat="39.545910" lon="2.517500"/>
    <trkpt lat="39.546044" lon="2.517462"/>
    <trkpt lat="39.546101" lon="2.517441"/>
    <trkpt lat="39.546178" lon="2.517410"/>
    <trkpt lat="39.546279" lon="2.517357"/>
    <trkpt lat="39.546410" lon="2.517277"/>
    <trkpt lat="39.546582" lon="2.517162"/>
    <trkpt lat="39.546754" lon="2.517041"/>
    <trkpt lat="39.546899" lon="2.516933"/>
    <trkpt lat="39.547044" lon="2.516816"/>
    <trkpt lat="39.547364" lon="2.516541"/>
    <trkpt lat="39.547534" lon="2.516402"/>
    <trkpt lat="39.547711" lon="2.516281"/>
    <trkpt lat="39.547855" lon="2.516194"/>
    <trkpt lat="39.548043" lon="2.516100"/>
    <trkpt lat="39.548216" lon="2.516036"/>
    <trkpt lat="39.548392" lon="2.515986"/>
    <trkpt lat="39.548553" lon="2.515950"/>
    <trkpt lat="39.548716" lon="2.515918"/>
    <trkpt lat="39.549655" lon="2.515752"/>
    <trkpt lat="39.549817" lon="2.515723"/>
    <trkpt lat="39.549958" lon="2.515696"/>
    <trkpt lat="39.550102" lon="2.515660"/>
    <trkpt lat="39.550597" lon="2.515476"/>
    <trkpt lat="39.550794" lon="2.515404"/>
    <trkpt lat="39.551175" lon="2.515263"/>
    <trkpt lat="39.551359" lon="2.515190"/>
    <trkpt lat="39.551476" lon="2.515136"/>
    <trkpt lat="39.551574" lon="2.515082"/>
    <trkpt lat="39.551668" lon="2.515020"/>
    <trkpt lat="39.551756" lon="2.514951"/>
    <trkpt lat="39.551841" lon="2.514872"/>
    <trkpt lat="39.551931" lon="2.514777"/>
    <trkpt lat="39.552002" lon="2.514695"/>
    <trkpt lat="39.552112" lon="2.514549"/>
    <trkpt lat="39.552214" lon="2.514390"/>
    <trkpt lat="39.552276" lon="2.514279"/>
    <trkpt lat="39.552388" lon="2.514053"/>
    <trkpt lat="39.552477" lon="2.513896"/>
    <trkpt lat="39.552515" lon="2.513836"/>
    <trkpt lat="39.552561" lon="2.513779"/>
    <trkpt lat="39.552617" lon="2.513720"/>
    <trkpt lat="39.552669" lon="2.513673"/>
    <trkpt lat="39.552757" lon="2.513603"/>
    <trkpt lat="39.552850" lon="2.513545"/>
    <trkpt lat="39.552932" lon="2.513504"/>
    <trkpt lat="39.553016" lon="2.513473"/>
    <trkpt lat="39.553066" lon="2.513462"/>
    <trkpt lat="39.553128" lon="2.513455"/>
    <trkpt lat="39.553344" lon="2.513440"/>
    <trkpt lat="39.553459" lon="2.513426"/>
    <trkpt lat="39.553568" lon="2.513403"/>
    <trkpt lat="39.553698" lon="2.513359"/>
    <trkpt lat="39.553805" lon="2.513300"/>
    <trkpt lat="39.553890" lon="2.513235"/>
    <trkpt lat="39.553989" lon="2.513141"/>
    <trkpt lat="39.554102" lon="2.512996"/>
    <trkpt lat="39.554147" lon="2.512922"/>
    <trkpt lat="39.554231" lon="2.512773"/>
    <trkpt lat="39.554326" lon="2.512597"/>
    <trkpt lat="39.554466" lon="2.512337"/>
    <trkpt lat="39.554583" lon="2.512122"/>
    <trkpt lat="39.554658" lon="2.511995"/>
    <trkpt lat="39.554709" lon="2.511909"/>
    <trkpt lat="39.554816" lon="2.511753"/>
    <trkpt lat="39.554932" lon="2.511610"/>
    <trkpt lat="39.555030" lon="2.511494"/>
    <trkpt lat="39.555116" lon="2.511391"/>
    <trkpt lat="39.555869" lon="2.510481"/>
    <trkpt lat="39.556086" lon="2.510221"/>
    <trkpt lat="39.556180" lon="2.510111"/>
    <trkpt lat="39.556291" lon="2.509997"/>
    <trkpt lat="39.556357" lon="2.509937"/>
    <trkpt lat="39.556446" lon="2.509860"/>
    <trkpt lat="39.556571" lon="2.509767"/>
    <trkpt lat="39.556682" lon="2.509702"/>
    <trkpt lat="39.556797" lon="2.509645"/>
    <trkpt lat="39.556937" lon="2.509590"/>
    <trkpt lat="39.557080" lon="2.509546"/>
    <trkpt lat="39.557182" lon="2.509521"/>
    <trkpt lat="39.558000" lon="2.509344"/>
    <trkpt lat="39.558278" lon="2.509278"/>
    <trkpt lat="39.558442" lon="2.509233"/>
    <trkpt lat="39.558611" lon="2.509185"/>
    <trkpt lat="39.558742" lon="2.509136"/>
    <trkpt lat="39.558873" lon="2.509076"/>
    <trkpt lat="39.559009" lon="2.508999"/>
    <trkpt lat="39.559116" lon="2.508929"/>
    <trkpt lat="39.559205" lon="2.508865"/>
    <trkpt lat="39.559300" lon="2.508786"/>
    <trkpt lat="39.559396" lon="2.508696"/>
    <trkpt lat="39.559471" lon="2.508616"/>
    <trkpt lat="39.559553" lon="2.508520"/>
    <trkpt lat="39.559714" lon="2.508310"/>
    <trkpt lat="39.559917" lon="2.508019"/>
    <trkpt lat="39.560072" lon="2.507790"/>
    <trkpt lat="39.560160" lon="2.507657"/>
    <trkpt lat="39.560344" lon="2.507379"/>
    <trkpt lat="39.560653" lon="2.506923"/>
    <trkpt lat="39.560857" lon="2.506631"/>
    <trkpt lat="39.560940" lon="2.506521"/>
    <trkpt lat="39.561036" lon="2.506403"/>
    <trkpt lat="39.561144" lon="2.506292"/>
    <trkpt lat="39.561255" lon="2.506186"/>
    <trkpt lat="39.561847" lon="2.505630"/>
    <trkpt lat="39.562547" lon="2.504970"/>
    <trkpt lat="39.562707" lon="2.504831"/>
    <trkpt lat="39.562788" lon="2.504766"/>
    <trkpt lat="39.562849" lon="2.504729"/>
    <trkpt lat="39.562934" lon="2.504690"/>
    <trkpt lat="39.563049" lon="2.504657"/>
    <trkpt lat="39.563651" lon="2.504528"/>
    <trkpt lat="39.563719" lon="2.504514"/>
    <trkpt lat="39.564502" lon="2.504361"/>
    <trkpt lat="39.564635" lon="2.504335"/>
    <trkpt lat="39.564944" lon="2.504274"/>
    <trkpt lat="39.565073" lon="2.504248"/>
    <trkpt lat="39.565117" lon="2.504235"/>
    <trkpt lat="39.565164" lon="2.504207"/>
    <trkpt lat="39.565192" lon="2.504176"/>
    <trkpt lat="39.565215" lon="2.504136"/>
    <trkpt lat="39.565238" lon="2.504056"/>
    <trkpt lat="39.565262" lon="2.503941"/>
    <trkpt lat="39.565275" lon="2.503854"/>
    <trkpt lat="39.565289" lon="2.503769"/>
    <trkpt lat="39.565349" lon="2.503386"/>
    <trkpt lat="39.565444" lon="2.502777"/>
    <trkpt lat="39.565565" lon="2.501992"/>
    <trkpt lat="39.565631" lon="2.501564"/>
    <trkpt lat="39.565805" lon="2.500427"/>
    <trkpt lat="39.565819" lon="2.500339"/>
    <trkpt lat="39.565926" lon="2.499643"/>
    <trkpt lat="39.565992" lon="2.499219"/>
    <trkpt lat="39.566071" lon="2.498710"/>
    <trkpt lat="39.566182" lon="2.497988"/>
    <trkpt lat="39.566261" lon="2.497491"/>
    <trkpt lat="39.566320" lon="2.497120"/>
    <trkpt lat="39.566350" lon="2.496932"/>
    <trkpt lat="39.566451" lon="2.496300"/>
    <trkpt lat="39.566486" lon="2.496085"/>
    <trkpt lat="39.566622" lon="2.495247"/>
    <trkpt lat="39.566666" lon="2.495013"/>
    <trkpt lat="39.566699" lon="2.494868"/>
    <trkpt lat="39.566741" lon="2.494720"/>
    <trkpt lat="39.566816" lon="2.494520"/>
    <trkpt lat="39.566912" lon="2.494290"/>
    <trkpt lat="39.567100" lon="2.493876"/>
    <trkpt lat="39.567234" lon="2.493582"/>
    <trkpt lat="39.567877" lon="2.492170"/>
    <trkpt lat="39.568011" lon="2.491874"/>
    <trkpt lat="39.568401" lon="2.491014"/>
    <trkpt lat="39.568469" lon="2.490855"/>
    <trkpt lat="39.568536" lon="2.490684"/>
    <trkpt lat="39.568600" lon="2.490506"/>
    <trkpt lat="39.568669" lon="2.490294"/>
    <trkpt lat="39.568739" lon="2.490041"/>
    <trkpt lat="39.568788" lon="2.489826"/>
    <trkpt lat="39.568829" lon="2.489609"/>
    <trkpt lat="39.568984" lon="2.488691"/>
    <trkpt lat="39.569225" lon="2.487237"/>
    <trkpt lat="39.569264" lon="2.487022"/>
    <trkpt lat="39.569320" lon="2.486775"/>
    <trkpt lat="39.569373" lon="2.486588"/>
    <trkpt lat="39.569445" lon="2.486379"/>
    <trkpt lat="39.569527" lon="2.486188"/>
    <trkpt lat="39.569607" lon="2.486031"/>
    <trkpt lat="39.569685" lon="2.485890"/>
    <trkpt lat="39.570676" lon="2.484181"/>
    <trkpt lat="39.570910" lon="2.483789"/>
    <trkpt lat="39.570994" lon="2.483644"/>
    <trkpt lat="39.571618" lon="2.482572"/>
    <trkpt lat="39.571683" lon="2.482459"/>
    <trkpt lat="39.571942" lon="2.482025"/>
    <trkpt lat="39.572090" lon="2.481761"/>
    <trkpt lat="39.572379" lon="2.481257"/>
    <trkpt lat="39.572694" lon="2.480718"/>
    <trkpt lat="39.573278" lon="2.479708"/>
    <trkpt lat="39.573866" lon="2.478702"/>
    <trkpt lat="39.573957" lon="2.478560"/>
    <trkpt lat="39.574053" lon="2.478448"/>
    <trkpt lat="39.574202" lon="2.478311"/>
    <trkpt lat="39.574300" lon="2.478240"/>
    <trkpt lat="39.574437" lon="2.478162"/>
    <trkpt lat="39.574559" lon="2.478116"/>
    <trkpt lat="39.574712" lon="2.478079"/>
    <trkpt lat="39.574870" lon="2.478061"/>
    <trkpt lat="39.575064" lon="2.478045"/>
    <trkpt lat="39.575280" lon="2.478030"/>
    <trkpt lat="39.575403" lon="2.478021"/>
    <trkpt lat="39.575522" lon="2.478002"/>
    <trkpt lat="39.575638" lon="2.477972"/>
    <trkpt lat="39.575760" lon="2.477913"/>
    <trkpt lat="39.575898" lon="2.477817"/>
    <trkpt lat="39.576025" lon="2.477705"/>
    <trkpt lat="39.576116" lon="2.477604"/>
    <trkpt lat="39.576179" lon="2.477522"/>
    <trkpt lat="39.576259" lon="2.477394"/>
    <trkpt lat="39.576315" lon="2.477278"/>
    <trkpt lat="39.576361" lon="2.477162"/>
    <trkpt lat="39.576702" lon="2.475959"/>
    <trkpt lat="39.577115" lon="2.474549"/>
    <trkpt lat="39.577377" lon="2.473620"/>
    <trkpt lat="39.577446" lon="2.473382"/>
    <trkpt lat="39.577682" lon="2.472531"/>
    <trkpt lat="39.578068" lon="2.471185"/>
    <trkpt lat="39.578292" lon="2.470671"/>
    <trkpt lat="39.578339" lon="2.470563"/>
    <trkpt lat="39.578434" lon="2.470369"/>
    <trkpt lat="39.578452" lon="2.470333"/>
    <trkpt lat="39.578486" lon="2.470271"/>
    <trkpt lat="39.578573" lon="2.470179"/>
    <trkpt lat="39.578711" lon="2.470033"/>
    <trkpt lat="39.579341" lon="2.469208"/>
    <trkpt lat="39.579379" lon="2.469158"/>
    <trkpt lat="39.579406" lon="2.469051"/>
    <trkpt lat="39.579426" lon="2.468951"/>
    <trkpt lat="39.580051" lon="2.467551"/>
    <trkpt lat="39.580400" lon="2.466973"/>
    <trkpt lat="39.580627" lon="2.466595"/>
    <trkpt lat="39.580898" lon="2.466184"/>
    <trkpt lat="39.581111" lon="2.465829"/>
    <trkpt lat="39.581132" lon="2.465689"/>
    <trkpt lat="39.581110" lon="2.465592"/>
    <trkpt lat="39.580732" lon="2.465142"/>
    <trkpt lat="39.580711" lon="2.465064"/>
    <trkpt lat="39.580716" lon="2.464987"/>
    <trkpt lat="39.580757" lon="2.464889"/>
    <trkpt lat="39.580821" lon="2.464881"/>
    <trkpt lat="39.581085" lon="2.465090"/>
    <trkpt lat="39.581150" lon="2.465095"/>
    <trkpt lat="39.581204" lon="2.465086"/>
    <trkpt lat="39.581244" lon="2.465001"/>
    <trkpt lat="39.581169" lon="2.464704"/>
    <trkpt lat="39.581165" lon="2.464616"/>
    <trkpt lat="39.581188" lon="2.464498"/>
    <trkpt lat="39.581303" lon="2.464253"/>
    <trkpt lat="39.581404" lon="2.464039"/>
    <trkpt lat="39.581630" lon="2.463664"/>
    <trkpt lat="39.581745" lon="2.463562"/>
    <trkpt lat="39.581937" lon="2.463500"/>
    <trkpt lat="39.582123" lon="2.463494"/>
    <trkpt lat="39.582214" lon="2.463524"/>
    <trkpt lat="39.582318" lon="2.463558"/>
    <trkpt lat="39.582424" lon="2.463594"/>
    <trkpt lat="39.582453" lon="2.463602"/>
    <trkpt lat="39.582516" lon="2.463555"/>
    <trkpt lat="39.582521" lon="2.463501"/>
    <trkpt lat="39.582519" lon="2.463418"/>
    <trkpt lat="39.582469" lon="2.463101"/>
    <trkpt lat="39.582478" lon="2.463038"/>
    <trkpt lat="39.582499" lon="2.462991"/>
    <trkpt lat="39.582554" lon="2.462922"/>
    <trkpt lat="39.582795" lon="2.462758"/>
    <trkpt lat="39.583632" lon="2.462201"/>
    <trkpt lat="39.583760" lon="2.462074"/>
    <trkpt lat="39.583790" lon="2.461955"/>
    <trkpt lat="39.583773" lon="2.461813"/>
    <trkpt lat="39.583625" lon="2.461413"/>
    <trkpt lat="39.583576" lon="2.461208"/>
    <trkpt lat="39.583575" lon="2.461000"/>
    <trkpt lat="39.583477" lon="2.460649"/>
    <trkpt lat="39.583407" lon="2.460370"/>
    <trkpt lat="39.583253" lon="2.460066"/>
    <trkpt lat="39.583112" lon="2.459793"/>
    <trkpt lat="39.582933" lon="2.459584"/>
    <trkpt lat="39.582863" lon="2.459409"/>
    <trkpt lat="39.582797" lon="2.459063"/>
    <trkpt lat="39.582449" lon="2.458498"/>
    <trkpt lat="39.582189" lon="2.457943"/>
    <trkpt lat="39.581965" lon="2.457761"/>
    <trkpt lat="39.581567" lon="2.457562"/>
    <trkpt lat="39.581014" lon="2.457454"/>
    <trkpt lat="39.580641" lon="2.457288"/>
    <trkpt lat="39.580317" lon="2.456956"/>
    <trkpt lat="39.579637" lon="2.456409"/>
    <trkpt lat="39.579023" lon="2.455961"/>
    <trkpt lat="39.578484" lon="2.455496"/>
    <trkpt lat="39.578201" lon="2.455227"/>
    <trkpt lat="39.578188" lon="2.455153"/>
    <trkpt lat="39.578256" lon="2.455124"/>
    <trkpt lat="39.578517" lon="2.455347"/>
    <trkpt lat="39.578998" lon="2.455662"/>
    <trkpt lat="39.579413" lon="2.455861"/>
    <trkpt lat="39.579687" lon="2.456016"/>
    <trkpt lat="39.579761" lon="2.456024"/>
    <trkpt lat="39.579851" lon="2.456006"/>
    <trkpt lat="39.579897" lon="2.455943"/>
    <trkpt lat="39.579967" lon="2.455731"/>
    <trkpt lat="39.580066" lon="2.455679"/>
    <trkpt lat="39.580433" lon="2.455662"/>
    <trkpt lat="39.581047" lon="2.455314"/>
    <trkpt lat="39.581271" lon="2.455331"/>
    <trkpt lat="39.582581" lon="2.455704"/>
    <trkpt lat="39.583253" lon="2.456235"/>
    <trkpt lat="39.583676" lon="2.456409"/>
    <trkpt lat="39.584447" lon="2.456865"/>
    <trkpt lat="39.584697" lon="2.457064"/>
    <trkpt lat="39.584928" lon="2.457268"/>
    <trkpt lat="39.584990" lon="2.457309"/>
    <trkpt lat="39.585091" lon="2.457322"/>
    <trkpt lat="39.585169" lon="2.457270"/>
    <trkpt lat="39.585234" lon="2.457154"/>
    <trkpt lat="39.585403" lon="2.456649"/>
    <trkpt lat="39.585484" lon="2.456508"/>
    <trkpt lat="39.585882" lon="2.455812"/>
    <trkpt lat="39.585926" lon="2.455620"/>
    <trkpt lat="39.585905" lon="2.455436"/>
    <trkpt lat="39.585829" lon="2.455289"/>
    <trkpt lat="39.585466" lon="2.454738"/>
    <trkpt lat="39.585204" lon="2.454419"/>
    <trkpt lat="39.585014" lon="2.454187"/>
    <trkpt lat="39.584979" lon="2.454121"/>
    <trkpt lat="39.584754" lon="2.453705"/>
    <trkpt lat="39.584705" lon="2.453348"/>
    <trkpt lat="39.584729" lon="2.453149"/>
    <trkpt lat="39.584837" lon="2.453000"/>
    <trkpt lat="39.585053" lon="2.452983"/>
    <trkpt lat="39.585347" lon="2.453028"/>
    <trkpt lat="39.585527" lon="2.453031"/>
    <trkpt lat="39.585634" lon="2.453033"/>
    <trkpt lat="39.585862" lon="2.452956"/>
    <trkpt lat="39.586077" lon="2.452733"/>
    <trkpt lat="39.586169" lon="2.452550"/>
    <trkpt lat="39.586249" lon="2.452296"/>
    <trkpt lat="39.586448" lon="2.452111"/>
    <trkpt lat="39.586555" lon="2.452050"/>
    <trkpt lat="39.586928" lon="2.451815"/>
    <trkpt lat="39.587122" lon="2.451582"/>
    <trkpt lat="39.587414" lon="2.451104"/>
    <trkpt lat="39.587583" lon="2.450761"/>
    <trkpt lat="39.587721" lon="2.450462"/>
    <trkpt lat="39.587874" lon="2.450181"/>
    <trkpt lat="39.588029" lon="2.450051"/>
    <trkpt lat="39.588188" lon="2.449915"/>
    <trkpt lat="39.588258" lon="2.449833"/>
    <trkpt lat="39.588311" lon="2.449737"/>
    <trkpt lat="39.588340" lon="2.449646"/>
    <trkpt lat="39.588370" lon="2.449558"/>
    <trkpt lat="39.588474" lon="2.449219"/>
    <trkpt lat="39.588554" lon="2.449093"/>
    <trkpt lat="39.588791" lon="2.448814"/>
    <trkpt lat="39.589011" lon="2.448617"/>
    <trkpt lat="39.589197" lon="2.448443"/>
    <trkpt lat="39.589922" lon="2.447767"/>
    <trkpt lat="39.590082" lon="2.447573"/>
    <trkpt lat="39.590270" lon="2.447422"/>
    <trkpt lat="39.590626" lon="2.447252"/>
    <trkpt lat="39.590821" lon="2.447076"/>
    <trkpt lat="39.591199" lon="2.446595"/>
    <trkpt lat="39.591754" lon="2.445917"/>
    <trkpt lat="39.591825" lon="2.445761"/>
    <trkpt lat="39.591881" lon="2.445261"/>
    <trkpt lat="39.591888" lon="2.445118"/>
    <trkpt lat="39.591882" lon="2.444897"/>
    <trkpt lat="39.591860" lon="2.444767"/>
    <trkpt lat="39.591816" lon="2.444648"/>
    <trkpt lat="39.591757" lon="2.444563"/>
    <trkpt lat="39.591572" lon="2.444192"/>
    <trkpt lat="39.591162" lon="2.443580"/>
    <trkpt lat="39.591074" lon="2.443203"/>
    <trkpt lat="39.590939" lon="2.442978"/>
    <trkpt lat="39.590886" lon="2.442933"/>
    <trkpt lat="39.590726" lon="2.442840"/>
    <trkpt lat="39.590162" lon="2.442660"/>
    <trkpt lat="39.589658" lon="2.442465"/>
    <trkpt lat="39.589494" lon="2.442373"/>
    <trkpt lat="39.589324" lon="2.442210"/>
    <trkpt lat="39.589228" lon="2.442037"/>
    <trkpt lat="39.589155" lon="2.441850"/>
    <trkpt lat="39.588998" lon="2.441133"/>
    <trkpt lat="39.588914" lon="2.440912"/>
    <trkpt lat="39.588892" lon="2.440854"/>
    <trkpt lat="39.588718" lon="2.440589"/>
    <trkpt lat="39.588393" lon="2.440242"/>
    <trkpt lat="39.588083" lon="2.439893"/>
    <trkpt lat="39.587708" lon="2.439369"/>
    <trkpt lat="39.587488" lon="2.439061"/>
    <trkpt lat="39.587255" lon="2.438824"/>
    <trkpt lat="39.587153" lon="2.438705"/>
    <trkpt lat="39.587060" lon="2.438701"/>
    <trkpt lat="39.586959" lon="2.438721"/>
    <trkpt lat="39.586607" lon="2.438644"/>
    <trkpt lat="39.586426" lon="2.438657"/>
    <trkpt lat="39.586022" lon="2.438917"/>
    <trkpt lat="39.585770" lon="2.439021"/>
    <trkpt lat="39.585652" lon="2.438895"/>
    <trkpt lat="39.585609" lon="2.438777"/>
    <trkpt lat="39.585411" lon="2.438598"/>
    <trkpt lat="39.585274" lon="2.438399"/>
    <trkpt lat="39.585252" lon="2.438167"/>
    <trkpt lat="39.585155" lon="2.437638"/>
    <trkpt lat="39.585001" lon="2.437368"/>
    <trkpt lat="39.584857" lon="2.437053"/>
    <trkpt lat="39.584677" lon="2.436907"/>
    <trkpt lat="39.584653" lon="2.436826"/>
    <trkpt lat="39.584753" lon="2.436784"/>
    <trkpt lat="39.584781" lon="2.436755"/>
    <trkpt lat="39.584760" lon="2.436689"/>
    <trkpt lat="39.584720" lon="2.436656"/>
    <trkpt lat="39.584555" lon="2.436627"/>
    <trkpt lat="39.584419" lon="2.436729"/>
    <trkpt lat="39.584357" lon="2.436736"/>
    <trkpt lat="39.584315" lon="2.436705"/>
    <trkpt lat="39.584172" lon="2.436573"/>
    <trkpt lat="39.584069" lon="2.436479"/>
    <trkpt lat="39.584046" lon="2.436423"/>
    <trkpt lat="39.584072" lon="2.436376"/>
    <trkpt lat="39.584103" lon="2.436363"/>
    <trkpt lat="39.584227" lon="2.436347"/>
    <trkpt lat="39.584496" lon="2.436238"/>
    <trkpt lat="39.584665" lon="2.436078"/>
    <trkpt lat="39.584716" lon="2.435907"/>
    <trkpt lat="39.584735" lon="2.435653"/>
    <trkpt lat="39.584748" lon="2.435496"/>
    <trkpt lat="39.584715" lon="2.435275"/>
    <trkpt lat="39.584774" lon="2.435153"/>
    <trkpt lat="39.584838" lon="2.435010"/>
    <trkpt lat="39.584847" lon="2.434843"/>
    <trkpt lat="39.584774" lon="2.434604"/>
    <trkpt lat="39.584517" lon="2.434136"/>
    <trkpt lat="39.584156" lon="2.433568"/>
    <trkpt lat="39.584144" lon="2.433523"/>
    <trkpt lat="39.584039" lon="2.433390"/>
    <trkpt lat="39.583888" lon="2.433067"/>
    <trkpt lat="39.583762" lon="2.432810"/>
    <trkpt lat="39.583689" lon="2.432729"/>
    <trkpt lat="39.583559" lon="2.432575"/>
    <trkpt lat="39.583477" lon="2.432531"/>
    <trkpt lat="39.583373" lon="2.432533"/>
    <trkpt lat="39.583052" lon="2.432631"/>
    <trkpt lat="39.582943" lon="2.432651"/>
    <trkpt lat="39.582839" lon="2.432635"/>
    <trkpt lat="39.582780" lon="2.432627"/>
    <trkpt lat="39.582683" lon="2.432614"/>
    <trkpt lat="39.582536" lon="2.432551"/>
    <trkpt lat="39.582324" lon="2.432436"/>
    <trkpt lat="39.582307" lon="2.432426"/>
    <trkpt lat="39.582201" lon="2.432368"/>
    <trkpt lat="39.582088" lon="2.432267"/>
    <trkpt lat="39.581934" lon="2.432129"/>
    <trkpt lat="39.581901" lon="2.432100"/>
    <trkpt lat="39.581759" lon="2.431958"/>
    <trkpt lat="39.581716" lon="2.431916"/>
    <trkpt lat="39.581442" lon="2.431596"/>
    <trkpt lat="39.581332" lon="2.431467"/>
    <trkpt lat="39.581181" lon="2.431351"/>
    <trkpt lat="39.581107" lon="2.431294"/>
    <trkpt lat="39.581056" lon="2.431271"/>
    <trkpt lat="39.580858" lon="2.431178"/>
    <trkpt lat="39.580667" lon="2.431123"/>
    <trkpt lat="39.580583" lon="2.431086"/>
    <trkpt lat="39.579902" lon="2.430894"/>
    <trkpt lat="39.579658" lon="2.430774"/>
    <trkpt lat="39.579542" lon="2.430690"/>
    <trkpt lat="39.579438" lon="2.430579"/>
    <trkpt lat="39.579162" lon="2.430197"/>
    <trkpt lat="39.578964" lon="2.429901"/>
    <trkpt lat="39.578895" lon="2.429681"/>
    <trkpt lat="39.578808" lon="2.429306"/>
    <trkpt lat="39.578732" lon="2.428747"/>
    <trkpt lat="39.578706" lon="2.428642"/>
    <trkpt lat="39.578695" lon="2.428599"/>
    <trkpt lat="39.578655" lon="2.428439"/>
    <trkpt lat="39.578488" lon="2.428250"/>
    <trkpt lat="39.578394" lon="2.428144"/>
    <trkpt lat="39.578088" lon="2.427691"/>
    <trkpt lat="39.578051" lon="2.427594"/>
    <trkpt lat="39.577990" lon="2.427139"/>
    <trkpt lat="39.577954" lon="2.426934"/>
    <trkpt lat="39.577482" lon="2.426209"/>
    <trkpt lat="39.577423" lon="2.426041"/>
    <trkpt lat="39.577344" lon="2.425230"/>
    <trkpt lat="39.577329" lon="2.425100"/>
    <trkpt lat="39.577314" lon="2.425018"/>
    <trkpt lat="39.577294" lon="2.424958"/>
    <trkpt lat="39.577275" lon="2.424923"/>
    <trkpt lat="39.577243" lon="2.424822"/>
    <trkpt lat="39.577221" lon="2.424754"/>
    <trkpt lat="39.577224" lon="2.424732"/>
    <trkpt lat="39.577226" lon="2.424668"/>
    <trkpt lat="39.577213" lon="2.424607"/>
    <trkpt lat="39.577205" lon="2.424593"/>
    <trkpt lat="39.577187" lon="2.424558"/>
    <trkpt lat="39.577152" lon="2.424521"/>
    <trkpt lat="39.577109" lon="2.424498"/>
    <trkpt lat="39.577069" lon="2.424493"/>
    <trkpt lat="39.577024" lon="2.424436"/>
    <trkpt lat="39.576959" lon="2.424354"/>
    <trkpt lat="39.576744" lon="2.424109"/>
    <trkpt lat="39.576028" lon="2.423340"/>
    <trkpt lat="39.575860" lon="2.423154"/>
    <trkpt lat="39.575247" lon="2.422460"/>
    <trkpt lat="39.574698" lon="2.421837"/>
    <trkpt lat="39.574679" lon="2.421186"/>
    <trkpt lat="39.575013" lon="2.421192"/>
    <trkpt lat="39.575275" lon="2.421195"/>
    <trkpt lat="39.575528" lon="2.421197"/>
    <trkpt lat="39.575404" lon="2.420733"/>
    <trkpt lat="39.575611" lon="2.420644"/>
    <trkpt lat="39.575701" lon="2.420605"/>
    <trkpt lat="39.575526" lon="2.419940"/>
    <trkpt lat="39.575362" lon="2.419316"/>
    <trkpt lat="39.575216" lon="2.418761"/>
    <trkpt lat="39.574906" lon="2.418898"/>
    <trkpt lat="39.574696" lon="2.418990"/>
    <trkpt lat="39.574463" lon="2.419093"/>
    <trkpt lat="39.574167" lon="2.419220"/>
    <trkpt lat="39.573871" lon="2.419347"/>
    <trkpt lat="39.573566" lon="2.419473"/>
    <trkpt lat="39.573349" lon="2.419553"/>
    <trkpt lat="39.573260" lon="2.419595"/>
    <trkpt lat="39.573060" lon="2.419689"/>
    <trkpt lat="39.572854" lon="2.419786"/>
    <trkpt lat="39.572446" lon="2.419962"/>
    <trkpt lat="39.572288" lon="2.420030"/>
    <trkpt lat="39.572038" lon="2.420138"/>
    <trkpt lat="39.571619" lon="2.420320"/>
    <trkpt lat="39.571057" lon="2.420561"/>
    <trkpt lat="39.570638" lon="2.420747"/>
    <trkpt lat="39.570574" lon="2.420822"/>
    <trkpt lat="39.570530" lon="2.420874"/>
    <trkpt lat="39.570233" lon="2.420397"/>
    <trkpt lat="39.570156" lon="2.420259"/>
    <trkpt lat="39.570024" lon="2.419997"/>
    <trkpt lat="39.569918" lon="2.419778"/>
    <trkpt lat="39.569840" lon="2.419618"/>
    <trkpt lat="39.569755" lon="2.419453"/>
    <trkpt lat="39.569583" lon="2.419161"/>
    <trkpt lat="39.569445" lon="2.418965"/>
    <trkpt lat="39.569291" lon="2.418802"/>
    <trkpt lat="39.569175" lon="2.418688"/>
    <trkpt lat="39.569064" lon="2.418591"/>
    <trkpt lat="39.568936" lon="2.418496"/>
    <trkpt lat="39.568850" lon="2.418440"/>
    <trkpt lat="39.568786" lon="2.418401"/>
    <trkpt lat="39.568708" lon="2.418360"/>
    <trkpt lat="39.568613" lon="2.418311"/>
    <trkpt lat="39.568399" lon="2.418234"/>
    <trkpt lat="39.568324" lon="2.418212"/>
    <trkpt lat="39.568289" lon="2.418202"/>
    <trkpt lat="39.568149" lon="2.418168"/>
    <trkpt lat="39.568055" lon="2.418131"/>
    <trkpt lat="39.568012" lon="2.418114"/>
    <trkpt lat="39.567971" lon="2.418090"/>
    <trkpt lat="39.567954" lon="2.418077"/>
    <trkpt lat="39.567919" lon="2.418051"/>
    <trkpt lat="39.567892" lon="2.418020"/>
    <trkpt lat="39.567875" lon="2.417997"/>
    <trkpt lat="39.567857" lon="2.417979"/>
    <trkpt lat="39.567839" lon="2.417965"/>
    <trkpt lat="39.567815" lon="2.417953"/>
    <trkpt lat="39.567791" lon="2.417948"/>
    <trkpt lat="39.567768" lon="2.417946"/>
    <trkpt lat="39.567744" lon="2.417951"/>
    <trkpt lat="39.567722" lon="2.417959"/>
    <trkpt lat="39.567676" lon="2.417984"/>
    <trkpt lat="39.567658" lon="2.417992"/>
    <trkpt lat="39.567637" lon="2.418000"/>
    <trkpt lat="39.567613" lon="2.418004"/>
    <trkpt lat="39.567586" lon="2.418004"/>
    <trkpt lat="39.567553" lon="2.418003"/>
    <trkpt lat="39.567525" lon="2.418001"/>
    <trkpt lat="39.567407" lon="2.417977"/>
    <trkpt lat="39.567334" lon="2.417935"/>
    <trkpt lat="39.567238" lon="2.417877"/>
    <trkpt lat="39.567173" lon="2.417832"/>
    <trkpt lat="39.567077" lon="2.417762"/>
    <trkpt lat="39.566968" lon="2.417668"/>
    <trkpt lat="39.566853" lon="2.417561"/>
    <trkpt lat="39.566759" lon="2.417448"/>
    <trkpt lat="39.566626" lon="2.417245"/>
    <trkpt lat="39.566565" lon="2.417140"/>
    <trkpt lat="39.566511" lon="2.417049"/>
    <trkpt lat="39.566472" lon="2.416973"/>
    <trkpt lat="39.566422" lon="2.416870"/>
    <trkpt lat="39.566371" lon="2.416752"/>
    <trkpt lat="39.566328" lon="2.416643"/>
    <trkpt lat="39.566287" lon="2.416526"/>
    <trkpt lat="39.566250" lon="2.416398"/>
    <trkpt lat="39.566213" lon="2.416249"/>
    <trkpt lat="39.566179" lon="2.416105"/>
    <trkpt lat="39.566116" lon="2.415729"/>
    <trkpt lat="39.566101" lon="2.415597"/>
    <trkpt lat="39.566031" lon="2.414946"/>
    <trkpt lat="39.565864" lon="2.413373"/>
    <trkpt lat="39.565820" lon="2.412963"/>
    <trkpt lat="39.565775" lon="2.412675"/>
    <trkpt lat="39.565750" lon="2.412536"/>
    <trkpt lat="39.565720" lon="2.412410"/>
    <trkpt lat="39.565684" lon="2.412284"/>
    <trkpt lat="39.565645" lon="2.412159"/>
    <trkpt lat="39.565604" lon="2.412040"/>
    <trkpt lat="39.565551" lon="2.411911"/>
    <trkpt lat="39.565489" lon="2.411774"/>
    <trkpt lat="39.565398" lon="2.411601"/>
    <trkpt lat="39.565265" lon="2.411379"/>
    <trkpt lat="39.565130" lon="2.411166"/>
    <trkpt lat="39.565003" lon="2.410976"/>
    <trkpt lat="39.564883" lon="2.410792"/>
    <trkpt lat="39.564773" lon="2.410612"/>
    <trkpt lat="39.564683" lon="2.410446"/>
    <trkpt lat="39.564595" lon="2.410274"/>
    <trkpt lat="39.564529" lon="2.410121"/>
    <trkpt lat="39.564466" lon="2.409959"/>
    <trkpt lat="39.564427" lon="2.409855"/>
    <trkpt lat="39.564387" lon="2.409719"/>
    <trkpt lat="39.564348" lon="2.409572"/>
    <trkpt lat="39.564335" lon="2.409508"/>
    <trkpt lat="39.564315" lon="2.409406"/>
    <trkpt lat="39.564289" lon="2.409246"/>
    <trkpt lat="39.564269" lon="2.409083"/>
    <trkpt lat="39.564260" lon="2.408929"/>
    <trkpt lat="39.564256" lon="2.408772"/>
    <trkpt lat="39.564256" lon="2.408626"/>
    <trkpt lat="39.564261" lon="2.408481"/>
    <trkpt lat="39.564283" lon="2.407928"/>
    <trkpt lat="39.564291" lon="2.407690"/>
    <trkpt lat="39.564292" lon="2.407435"/>
    <trkpt lat="39.564284" lon="2.407175"/>
    <trkpt lat="39.564274" lon="2.406997"/>
    <trkpt lat="39.564261" lon="2.406820"/>
    <trkpt lat="39.564227" lon="2.406521"/>
    <trkpt lat="39.564210" lon="2.406393"/>
    <trkpt lat="39.564180" lon="2.406199"/>
    <trkpt lat="39.564134" lon="2.405953"/>
    <trkpt lat="39.564072" lon="2.405691"/>
    <trkpt lat="39.564007" lon="2.405459"/>
    <trkpt lat="39.563924" lon="2.405193"/>
    <trkpt lat="39.563849" lon="2.404988"/>
    <trkpt lat="39.563770" lon="2.404786"/>
    <trkpt lat="39.563649" lon="2.404505"/>
    <trkpt lat="39.563539" lon="2.404274"/>
    <trkpt lat="39.563419" lon="2.404057"/>
    <trkpt lat="39.563280" lon="2.403822"/>
    <trkpt lat="39.563138" lon="2.403598"/>
    <trkpt lat="39.563033" lon="2.403456"/>
    <trkpt lat="39.562956" lon="2.403354"/>
    <trkpt lat="39.562924" lon="2.403311"/>
    <trkpt lat="39.562753" lon="2.403108"/>
    <trkpt lat="39.562573" lon="2.402913"/>
    <trkpt lat="39.562427" lon="2.402766"/>
    <trkpt lat="39.562235" lon="2.402581"/>
    <trkpt lat="39.561529" lon="2.401918"/>
    <trkpt lat="39.561202" lon="2.401620"/>
    <trkpt lat="39.560988" lon="2.401422"/>
    <trkpt lat="39.560298" lon="2.400839"/>
    <trkpt lat="39.560209" lon="2.400618"/>
    <trkpt lat="39.560193" lon="2.400575"/>
    <trkpt lat="39.560201" lon="2.400529"/>
    <trkpt lat="39.560203" lon="2.400478"/>
    <trkpt lat="39.560195" lon="2.400427"/>
    <trkpt lat="39.560176" lon="2.400374"/>
    <trkpt lat="39.560156" lon="2.400339"/>
    <trkpt lat="39.560127" lon="2.400318"/>
    <trkpt lat="39.560094" lon="2.400309"/>
    <trkpt lat="39.560044" lon="2.400307"/>
    <trkpt lat="39.560011" lon="2.400323"/>
    <trkpt lat="39.559717" lon="2.400335"/>
    <trkpt lat="39.558915" lon="2.399727"/>
    <trkpt lat="39.558408" lon="2.399438"/>
    <trkpt lat="39.558000" lon="2.399353"/>
    <trkpt lat="39.557561" lon="2.399295"/>
    <trkpt lat="39.555571" lon="2.399179"/>
    <trkpt lat="39.555139" lon="2.399106"/>
    <trkpt lat="39.553659" lon="2.398857"/>
    <trkpt lat="39.553437" lon="2.398820"/>
    <trkpt lat="39.552736" lon="2.398572"/>
    <trkpt lat="39.551961" lon="2.398136"/>
    <trkpt lat="39.550592" lon="2.397094"/>
    <trkpt lat="39.548689" lon="2.395618"/>
    <trkpt lat="39.548674" lon="2.395605"/>
    <trkpt lat="39.548528" lon="2.395473"/>
    <trkpt lat="39.547967" lon="2.394926"/>
    <trkpt lat="39.547648" lon="2.394524"/>
    <trkpt lat="39.547151" lon="2.393797"/>
    <trkpt lat="39.546982" lon="2.393547"/>
    <trkpt lat="39.546913" lon="2.393460"/>
    <trkpt lat="39.546687" lon="2.393178"/>
    <trkpt lat="39.546551" lon="2.393072"/>
    <trkpt lat="39.546360" lon="2.392913"/>
    <trkpt lat="39.546323" lon="2.392890"/>
    <trkpt lat="39.546028" lon="2.392689"/>
    <trkpt lat="39.545840" lon="2.392573"/>
    <trkpt lat="39.545655" lon="2.392459"/>
    <trkpt lat="39.545559" lon="2.392399"/>
    <trkpt lat="39.545486" lon="2.392292"/>
    <trkpt lat="39.545525" lon="2.392256"/>
    <trkpt lat="39.545563" lon="2.392220"/>
    <trkpt lat="39.545637" lon="2.392108"/>
    <trkpt lat="39.545812" lon="2.391842"/>
    <trkpt lat="39.545946" lon="2.391632"/>
    <trkpt lat="39.546077" lon="2.391401"/>
    <trkpt lat="39.546104" lon="2.391321"/>
    <trkpt lat="39.546136" lon="2.391143"/>
    <trkpt lat="39.546174" lon="2.390865"/>
    <trkpt lat="39.546173" lon="2.390796"/>
    <trkpt lat="39.546165" lon="2.390734"/>
    <trkpt lat="39.546149" lon="2.390685"/>
    <trkpt lat="39.546128" lon="2.390639"/>
    <trkpt lat="39.546100" lon="2.390592"/>
    <trkpt lat="39.545978" lon="2.390452"/>
    <trkpt lat="39.545900" lon="2.390351"/>
    <trkpt lat="39.545788" lon="2.390251"/>
    <trkpt lat="39.545732" lon="2.390225"/>
    <trkpt lat="39.545694" lon="2.390221"/>
    <trkpt lat="39.545633" lon="2.390214"/>
    <trkpt lat="39.545396" lon="2.390208"/>
    <trkpt lat="39.545335" lon="2.390207"/>
    <trkpt lat="39.545205" lon="2.390228"/>
    <trkpt lat="39.545160" lon="2.390230"/>
    <trkpt lat="39.545155" lon="2.390147"/>
    <trkpt lat="39.545096" lon="2.389786"/>
    <trkpt lat="39.545084" lon="2.389710"/>
    <trkpt lat="39.545076" lon="2.389671"/>
    <trkpt lat="39.545060" lon="2.389598"/>
    <trkpt lat="39.544951" lon="2.389037"/>
    <trkpt lat="39.544907" lon="2.388808"/>
    <trkpt lat="39.544892" lon="2.388767"/>
    <trkpt lat="39.544718" lon="2.388486"/>
    <trkpt lat="39.544684" lon="2.388431"/>
    <trkpt lat="39.544553" lon="2.388220"/>
    <trkpt lat="39.544475" lon="2.388087"/>
    <trkpt lat="39.544455" lon="2.388013"/>
    <trkpt lat="39.544306" lon="2.387610"/>
    <trkpt lat="39.544196" lon="2.387433"/>
    <trkpt lat="39.544163" lon="2.387382"/>
    <trkpt lat="39.544106" lon="2.387317"/>
    <trkpt lat="39.543911" lon="2.387011"/>
    <trkpt lat="39.543710" lon="2.386656"/>
    <trkpt lat="39.543631" lon="2.386591"/>
    <trkpt lat="39.543605" lon="2.386580"/>
    <trkpt lat="39.543517" lon="2.386545"/>
    <trkpt lat="39.543311" lon="2.386407"/>
    <trkpt lat="39.543135" lon="2.386124"/>
    <trkpt lat="39.542500" lon="2.385103"/>
    <trkpt lat="39.542267" lon="2.385338"/>
    <trkpt lat="39.541764" lon="2.385823"/>
    <trkpt lat="39.541772" lon="2.385993"/>
    <trkpt lat="39.541701" lon="2.386338"/>
    <trkpt lat="39.541735" lon="2.386905"/>
    <trkpt lat="39.541741" lon="2.387054"/>
    <trkpt lat="39.541742" lon="2.387167"/>
    <trkpt lat="39.541601" lon="2.388233"/>
    <trkpt lat="39.541594" lon="2.388470"/>
    <trkpt lat="39.541590" lon="2.388582"/>
    <trkpt lat="39.541659" lon="2.388762"/>
    <trkpt lat="39.541941" lon="2.389082"/>
    <trkpt lat="39.542101" lon="2.389339"/>
    <trkpt lat="39.542199" lon="2.389654"/>
    <trkpt lat="39.542249" lon="2.389924"/>
    <trkpt lat="39.542293" lon="2.390337"/>
    <trkpt lat="39.542305" lon="2.390450"/>
    <trkpt lat="39.542161" lon="2.390612"/>
    <trkpt lat="39.542133" lon="2.390663"/>
    <trkpt lat="39.542118" lon="2.390713"/>
    <trkpt lat="39.542070" lon="2.391047"/>
    <trkpt lat="39.542035" lon="2.391323"/>
    <trkpt lat="39.542003" lon="2.391674"/>
    <trkpt lat="39.541983" lon="2.391900"/>
    <trkpt lat="39.541847" lon="2.392033"/>
    <trkpt lat="39.541805" lon="2.392046"/>
    <trkpt lat="39.541768" lon="2.392077"/>
    <trkpt lat="39.541742" lon="2.392122"/>
    <trkpt lat="39.541728" lon="2.392176"/>
    <trkpt lat="39.541730" lon="2.392233"/>
    <trkpt lat="39.541746" lon="2.392285"/>
    <trkpt lat="39.541775" lon="2.392328"/>
    <trkpt lat="39.541807" lon="2.392353"/>
    <trkpt lat="39.541843" lon="2.392364"/>
    <trkpt lat="39.541877" lon="2.392362"/>
    <trkpt lat="39.541910" lon="2.392348"/>
    <trkpt lat="39.541938" lon="2.392324"/>
    <trkpt lat="39.541961" lon="2.392292"/>
    <trkpt lat="39.542119" lon="2.392310"/>
    <trkpt lat="39.542191" lon="2.392347"/>
    <trkpt lat="39.542398" lon="2.392447"/>
    <trkpt lat="39.542506" lon="2.392488"/>
    <trkpt lat="39.542614" lon="2.392518"/>
    <trkpt lat="39.542737" lon="2.392545"/>
    <trkpt lat="39.542859" lon="2.392562"/>
    <trkpt lat="39.543107" lon="2.392580"/>
    <trkpt lat="39.543162" lon="2.392585"/>
    <trkpt lat="39.543506" lon="2.392597"/>
    <trkpt lat="39.543974" lon="2.392659"/>
    <trkpt lat="39.544129" lon="2.392679"/>
    <trkpt lat="39.544432" lon="2.392715"/>
    <trkpt lat="39.544508" lon="2.392714"/>
    <trkpt lat="39.544579" lon="2.392710"/>
    <trkpt lat="39.544679" lon="2.392691"/>
    <trkpt lat="39.544766" lon="2.392665"/>
    <trkpt lat="39.544855" lon="2.392631"/>
    <trkpt lat="39.545020" lon="2.392561"/>
    <trkpt lat="39.545223" lon="2.392456"/>
    <trkpt lat="39.545297" lon="2.392411"/>
    <trkpt lat="39.545486" lon="2.392292"/>
    <trkpt lat="39.545559" lon="2.392399"/>
    <trkpt lat="39.545655" lon="2.392459"/>
    <trkpt lat="39.545840" lon="2.392573"/>
    <trkpt lat="39.546028" lon="2.392689"/>
    <trkpt lat="39.546323" lon="2.392890"/>
    <trkpt lat="39.546360" lon="2.392913"/>
    <trkpt lat="39.546551" lon="2.393072"/>
    <trkpt lat="39.546687" lon="2.393178"/>
    <trkpt lat="39.546913" lon="2.393460"/>
    <trkpt lat="39.546982" lon="2.393547"/>
    <trkpt lat="39.547151" lon="2.393797"/>
    <trkpt lat="39.547648" lon="2.394524"/>
    <trkpt lat="39.547967" lon="2.394926"/>
    <trkpt lat="39.548528" lon="2.395473"/>
    <trkpt lat="39.548674" lon="2.395605"/>
    <trkpt lat="39.548689" lon="2.395618"/>
    <trkpt lat="39.550592" lon="2.397094"/>
    <trkpt lat="39.551961" lon="2.398136"/>
    <trkpt lat="39.552736" lon="2.398572"/>
    <trkpt lat="39.553437" lon="2.398820"/>
    <trkpt lat="39.553659" lon="2.398857"/>
    <trkpt lat="39.555139" lon="2.399106"/>
    <trkpt lat="39.555571" lon="2.399179"/>
    <trkpt lat="39.557561" lon="2.399295"/>
    <trkpt lat="39.558000" lon="2.399353"/>
    <trkpt lat="39.558408" lon="2.399438"/>
    <trkpt lat="39.558915" lon="2.399727"/>
    <trkpt lat="39.559717" lon="2.400335"/>
    <trkpt lat="39.559867" lon="2.400491"/>
    <trkpt lat="39.559935" lon="2.400561"/>
    <trkpt lat="39.559951" lon="2.400594"/>
    <trkpt lat="39.559975" lon="2.400636"/>
    <trkpt lat="39.560005" lon="2.400658"/>
    <trkpt lat="39.560038" lon="2.400671"/>
    <trkpt lat="39.560073" lon="2.400680"/>
    <trkpt lat="39.560106" lon="2.400669"/>
    <trkpt lat="39.560143" lon="2.400650"/>
    <trkpt lat="39.560174" lon="2.400610"/>
    <trkpt lat="39.560193" lon="2.400575"/>
    <trkpt lat="39.560201" lon="2.400529"/>
    <trkpt lat="39.560203" lon="2.400478"/>
    <trkpt lat="39.560195" lon="2.400427"/>
    <trkpt lat="39.560176" lon="2.400374"/>
    <trkpt lat="39.560153" lon="2.400173"/>
    <trkpt lat="39.560125" lon="2.399934"/>
    <trkpt lat="39.560017" lon="2.398889"/>
    <trkpt lat="39.560042" lon="2.398707"/>
    <trkpt lat="39.560068" lon="2.398597"/>
    <trkpt lat="39.560084" lon="2.398538"/>
    <trkpt lat="39.560093" lon="2.398505"/>
    <trkpt lat="39.560129" lon="2.398488"/>
    <trkpt lat="39.560161" lon="2.398461"/>
    <trkpt lat="39.560187" lon="2.398425"/>
    <trkpt lat="39.560359" lon="2.398381"/>
    <trkpt lat="39.560438" lon="2.398398"/>
    <trkpt lat="39.560528" lon="2.398407"/>
    <trkpt lat="39.560616" lon="2.398402"/>
    <trkpt lat="39.560729" lon="2.398379"/>
    <trkpt lat="39.560842" lon="2.398342"/>
    <trkpt lat="39.561577" lon="2.398008"/>
    <trkpt lat="39.561782" lon="2.397930"/>
    <trkpt lat="39.561935" lon="2.397888"/>
    <trkpt lat="39.562070" lon="2.397865"/>
    <trkpt lat="39.562757" lon="2.397750"/>
    <trkpt lat="39.562929" lon="2.397716"/>
    <trkpt lat="39.563114" lon="2.397666"/>
    <trkpt lat="39.563312" lon="2.397593"/>
    <trkpt lat="39.563467" lon="2.397518"/>
    <trkpt lat="39.563624" lon="2.397427"/>
    <trkpt lat="39.563764" lon="2.397337"/>
    <trkpt lat="39.564287" lon="2.396959"/>
    <trkpt lat="39.564980" lon="2.396449"/>
    <trkpt lat="39.565786" lon="2.395862"/>
    <trkpt lat="39.566000" lon="2.395699"/>
    <trkpt lat="39.566193" lon="2.395540"/>
    <trkpt lat="39.566284" lon="2.395456"/>
    <trkpt lat="39.566364" lon="2.395363"/>
    <trkpt lat="39.566439" lon="2.395246"/>
    <trkpt lat="39.566509" lon="2.395112"/>
    <trkpt lat="39.566582" lon="2.394949"/>
    <trkpt lat="39.566621" lon="2.394848"/>
    <trkpt lat="39.566721" lon="2.394581"/>
    <trkpt lat="39.566868" lon="2.394173"/>
    <trkpt lat="39.566950" lon="2.393963"/>
    <trkpt lat="39.567034" lon="2.393785"/>
    <trkpt lat="39.567126" lon="2.393630"/>
    <trkpt lat="39.567216" lon="2.393503"/>
    <trkpt lat="39.567321" lon="2.393382"/>
    <trkpt lat="39.567398" lon="2.393309"/>
    <trkpt lat="39.567496" lon="2.393226"/>
    <trkpt lat="39.567586" lon="2.393165"/>
    <trkpt lat="39.567729" lon="2.393088"/>
    <trkpt lat="39.567891" lon="2.393020"/>
    <trkpt lat="39.568506" lon="2.392833"/>
    <trkpt lat="39.568629" lon="2.392785"/>
    <trkpt lat="39.568748" lon="2.392720"/>
    <trkpt lat="39.568873" lon="2.392628"/>
    <trkpt lat="39.569051" lon="2.392460"/>
    <trkpt lat="39.569266" lon="2.392253"/>
    <trkpt lat="39.569376" lon="2.392158"/>
    <trkpt lat="39.569488" lon="2.392069"/>
    <trkpt lat="39.569670" lon="2.391940"/>
    <trkpt lat="39.569887" lon="2.391808"/>
    <trkpt lat="39.570123" lon="2.391683"/>
    <trkpt lat="39.570332" lon="2.391581"/>
    <trkpt lat="39.570457" lon="2.391525"/>
    <trkpt lat="39.570523" lon="2.391504"/>
    <trkpt lat="39.570611" lon="2.391487"/>
    <trkpt lat="39.570728" lon="2.391479"/>
    <trkpt lat="39.570834" lon="2.391487"/>
    <trkpt lat="39.570933" lon="2.391515"/>
    <trkpt lat="39.571332" lon="2.391673"/>
    <trkpt lat="39.571441" lon="2.391703"/>
    <trkpt lat="39.571540" lon="2.391708"/>
    <trkpt lat="39.571652" lon="2.391687"/>
    <trkpt lat="39.571744" lon="2.391642"/>
    <trkpt lat="39.571820" lon="2.391590"/>
    <trkpt lat="39.571904" lon="2.391519"/>
    <trkpt lat="39.572242" lon="2.391193"/>
    <trkpt lat="39.572728" lon="2.390685"/>
    <trkpt lat="39.572832" lon="2.390577"/>
    <trkpt lat="39.572925" lon="2.390506"/>
    <trkpt lat="39.573012" lon="2.390458"/>
    <trkpt lat="39.573126" lon="2.390410"/>
    <trkpt lat="39.573652" lon="2.390237"/>
    <trkpt lat="39.573777" lon="2.390210"/>
    <trkpt lat="39.573892" lon="2.390197"/>
    <trkpt lat="39.574104" lon="2.390190"/>
    <trkpt lat="39.574506" lon="2.390155"/>
    <trkpt lat="39.574773" lon="2.390122"/>
    <trkpt lat="39.574988" lon="2.390089"/>
    <trkpt lat="39.575732" lon="2.389935"/>
    <trkpt lat="39.575885" lon="2.389913"/>
    <trkpt lat="39.576003" lon="2.389903"/>
    <trkpt lat="39.576161" lon="2.389906"/>
    <trkpt lat="39.576382" lon="2.389920"/>
    <trkpt lat="39.576963" lon="2.389969"/>
    <trkpt lat="39.577029" lon="2.389972"/>
    <trkpt lat="39.577219" lon="2.389967"/>
    <trkpt lat="39.577352" lon="2.389956"/>
    <trkpt lat="39.577435" lon="2.389940"/>
    <trkpt lat="39.577631" lon="2.390010"/>
    <trkpt lat="39.577667" lon="2.390023"/>
    <trkpt lat="39.577692" lon="2.390052"/>
    <trkpt lat="39.577721" lon="2.390073"/>
    <trkpt lat="39.577764" lon="2.390088"/>
    <trkpt lat="39.577809" lon="2.390088"/>
    <trkpt lat="39.577851" lon="2.390072"/>
    <trkpt lat="39.577889" lon="2.390042"/>
    <trkpt lat="39.577926" lon="2.389986"/>
    <trkpt lat="39.577946" lon="2.389918"/>
    <trkpt lat="39.577947" lon="2.389845"/>
    <trkpt lat="39.577928" lon="2.389776"/>
    <trkpt lat="39.577893" lon="2.389719"/>
    <trkpt lat="39.577845" lon="2.389681"/>
    <trkpt lat="39.577721" lon="2.389404"/>
    <trkpt lat="39.577692" lon="2.389205"/>
    <trkpt lat="39.577479" lon="2.387645"/>
    <trkpt lat="39.577443" lon="2.387370"/>
    <trkpt lat="39.577428" lon="2.387248"/>
    <trkpt lat="39.577393" lon="2.386143"/>
    <trkpt lat="39.577389" lon="2.385976"/>
    <trkpt lat="39.577383" lon="2.385860"/>
    <trkpt lat="39.577380" lon="2.385642"/>
    <trkpt lat="39.577400" lon="2.385361"/>
    <trkpt lat="39.577434" lon="2.384994"/>
    <trkpt lat="39.577442" lon="2.384793"/>
    <trkpt lat="39.577465" lon="2.384495"/>
    <trkpt lat="39.577494" lon="2.384132"/>
    <trkpt lat="39.577529" lon="2.383951"/>
    <trkpt lat="39.577544" lon="2.383870"/>
    <trkpt lat="39.577635" lon="2.383695"/>
    <trkpt lat="39.577810" lon="2.383523"/>
    <trkpt lat="39.577899" lon="2.383479"/>
    <trkpt lat="39.578006" lon="2.383467"/>
    <trkpt lat="39.578276" lon="2.383421"/>
    <trkpt lat="39.578346" lon="2.383349"/>
    <trkpt lat="39.578345" lon="2.383254"/>
    <trkpt lat="39.578309" lon="2.383083"/>
    <trkpt lat="39.578308" lon="2.382948"/>
    <trkpt lat="39.578352" lon="2.382828"/>
    <trkpt lat="39.578433" lon="2.382678"/>
    <trkpt lat="39.578673" lon="2.382245"/>
    <trkpt lat="39.578736" lon="2.382142"/>
    <trkpt lat="39.578783" lon="2.382063"/>
    <trkpt lat="39.578987" lon="2.381729"/>
    <trkpt lat="39.579052" lon="2.381685"/>
    <trkpt lat="39.579092" lon="2.381667"/>
    <trkpt lat="39.579227" lon="2.381651"/>
    <trkpt lat="39.579413" lon="2.381627"/>
    <trkpt lat="39.579612" lon="2.381685"/>
    <trkpt lat="39.579773" lon="2.381801"/>
    <trkpt lat="39.579856" lon="2.381798"/>
    <trkpt lat="39.579904" lon="2.381764"/>
    <trkpt lat="39.579921" lon="2.381695"/>
    <trkpt lat="39.579892" lon="2.381612"/>
    <trkpt lat="39.579846" lon="2.381520"/>
    <trkpt lat="39.579703" lon="2.381222"/>
    <trkpt lat="39.579670" lon="2.381120"/>
    <trkpt lat="39.579651" lon="2.380893"/>
    <trkpt lat="39.579721" lon="2.380628"/>
    <trkpt lat="39.579806" lon="2.380416"/>
    <trkpt lat="39.579898" lon="2.380185"/>
    <trkpt lat="39.580035" lon="2.379816"/>
    <trkpt lat="39.580161" lon="2.379539"/>
    <trkpt lat="39.580213" lon="2.379407"/>
    <trkpt lat="39.580249" lon="2.379315"/>
    <trkpt lat="39.580271" lon="2.379216"/>
    <trkpt lat="39.580253" lon="2.379070"/>
    <trkpt lat="39.580223" lon="2.378970"/>
    <trkpt lat="39.580163" lon="2.378893"/>
    <trkpt lat="39.580086" lon="2.378813"/>
    <trkpt lat="39.579961" lon="2.378694"/>
    <trkpt lat="39.579800" lon="2.378541"/>
    <trkpt lat="39.579554" lon="2.378360"/>
    <trkpt lat="39.579502" lon="2.378289"/>
    <trkpt lat="39.579491" lon="2.378206"/>
    <trkpt lat="39.579544" lon="2.378155"/>
    <trkpt lat="39.579642" lon="2.378190"/>
    <trkpt lat="39.579783" lon="2.378325"/>
    <trkpt lat="39.579831" lon="2.378374"/>
    <trkpt lat="39.579926" lon="2.378411"/>
    <trkpt lat="39.580030" lon="2.378386"/>
    <trkpt lat="39.580102" lon="2.378342"/>
    <trkpt lat="39.580161" lon="2.378291"/>
    <trkpt lat="39.580209" lon="2.378253"/>
    <trkpt lat="39.580266" lon="2.378169"/>
    <trkpt lat="39.580307" lon="2.378004"/>
    <trkpt lat="39.580307" lon="2.377883"/>
    <trkpt lat="39.580307" lon="2.377818"/>
    <trkpt lat="39.580290" lon="2.377382"/>
    <trkpt lat="39.580274" lon="2.377066"/>
    <trkpt lat="39.580280" lon="2.376731"/>
    <trkpt lat="39.580311" lon="2.376406"/>
    <trkpt lat="39.580294" lon="2.376292"/>
    <trkpt lat="39.580234" lon="2.376148"/>
    <trkpt lat="39.580142" lon="2.375914"/>
    <trkpt lat="39.580088" lon="2.375625"/>
    <trkpt lat="39.580073" lon="2.375076"/>
    <trkpt lat="39.580047" lon="2.374776"/>
    <trkpt lat="39.579986" lon="2.374418"/>
    <trkpt lat="39.579960" lon="2.374215"/>
    <trkpt lat="39.579999" lon="2.373932"/>
    <trkpt lat="39.580000" lon="2.373734"/>
    <trkpt lat="39.579930" lon="2.373529"/>
    <trkpt lat="39.579794" lon="2.373312"/>
    <trkpt lat="39.579720" lon="2.373118"/>
    <trkpt lat="39.579711" lon="2.372929"/>
    <trkpt lat="39.579768" lon="2.372569"/>
    <trkpt lat="39.579768" lon="2.372363"/>
    <trkpt lat="39.579660" lon="2.371990"/>
    <trkpt lat="39.579624" lon="2.371758"/>
    <trkpt lat="39.579603" lon="2.371517"/>
    <trkpt lat="39.579553" lon="2.371338"/>
    <trkpt lat="39.579461" lon="2.371136"/>
    <trkpt lat="39.579349" lon="2.370998"/>
    <trkpt lat="39.579182" lon="2.370912"/>
    <trkpt lat="39.579022" lon="2.370798"/>
    <trkpt lat="39.578969" lon="2.370640"/>
    <trkpt lat="39.578993" lon="2.370508"/>
    <trkpt lat="39.579130" lon="2.370364"/>
    <trkpt lat="39.579256" lon="2.370267"/>
    <trkpt lat="39.579342" lon="2.370189"/>
    <trkpt lat="39.579369" lon="2.370093"/>
    <trkpt lat="39.579350" lon="2.370044"/>
    <trkpt lat="39.579326" lon="2.369981"/>
    <trkpt lat="39.579223" lon="2.369961"/>
    <trkpt lat="39.579035" lon="2.370056"/>
    <trkpt lat="39.578790" lon="2.370099"/>
    <trkpt lat="39.578363" lon="2.370087"/>
    <trkpt lat="39.578193" lon="2.369962"/>
    <trkpt lat="39.578053" lon="2.369516"/>
    <trkpt lat="39.577974" lon="2.369264"/>
    <trkpt lat="39.577982" lon="2.369045"/>
    <trkpt lat="39.578010" lon="2.368730"/>
    <trkpt lat="39.578035" lon="2.368463"/>
    <trkpt lat="39.578037" lon="2.368299"/>
    <trkpt lat="39.577992" lon="2.367937"/>
    <trkpt lat="39.577954" lon="2.367573"/>
    <trkpt lat="39.577943" lon="2.367360"/>
    <trkpt lat="39.577945" lon="2.367035"/>
    <trkpt lat="39.577955" lon="2.366891"/>
    <trkpt lat="39.577962" lon="2.366785"/>
    <trkpt lat="39.578012" lon="2.366482"/>
    <trkpt lat="39.578126" lon="2.366014"/>
    <trkpt lat="39.578194" lon="2.365816"/>
    <trkpt lat="39.578228" lon="2.365718"/>
    <trkpt lat="39.578275" lon="2.365623"/>
    <trkpt lat="39.578313" lon="2.365546"/>
    <trkpt lat="39.578513" lon="2.365178"/>
    <trkpt lat="39.578678" lon="2.364877"/>
    <trkpt lat="39.578856" lon="2.364538"/>
    <trkpt lat="39.578948" lon="2.364297"/>
    <trkpt lat="39.579017" lon="2.364031"/>
    <trkpt lat="39.579103" lon="2.363368"/>
    <trkpt lat="39.579096" lon="2.363288"/>
    <trkpt lat="39.579042" lon="2.363106"/>
    <trkpt lat="39.578844" lon="2.362799"/>
    <trkpt lat="39.578659" lon="2.362427"/>
    <trkpt lat="39.578533" lon="2.362154"/>
    <trkpt lat="39.578467" lon="2.361928"/>
    <trkpt lat="39.578435" lon="2.361784"/>
    <trkpt lat="39.578385" lon="2.361462"/>
    <trkpt lat="39.578361" lon="2.361313"/>
    <trkpt lat="39.578295" lon="2.361145"/>
    <trkpt lat="39.578217" lon="2.361003"/>
    <trkpt lat="39.578194" lon="2.360949"/>
    <trkpt lat="39.578082" lon="2.360659"/>
    <trkpt lat="39.578031" lon="2.360411"/>
    <trkpt lat="39.578004" lon="2.360283"/>
    <trkpt lat="39.577936" lon="2.360034"/>
    <trkpt lat="39.577809" lon="2.359676"/>
    <trkpt lat="39.577755" lon="2.359407"/>
    <trkpt lat="39.577746" lon="2.359204"/>
    <trkpt lat="39.577771" lon="2.359089"/>
    <trkpt lat="39.577884" lon="2.358951"/>
    <trkpt lat="39.577964" lon="2.358930"/>
    <trkpt lat="39.578068" lon="2.358912"/>
    <trkpt lat="39.578219" lon="2.358832"/>
    <trkpt lat="39.578302" lon="2.358693"/>
    <trkpt lat="39.578342" lon="2.358538"/>
    <trkpt lat="39.578330" lon="2.358397"/>
    <trkpt lat="39.578161" lon="2.357996"/>
    <trkpt lat="39.577989" lon="2.357365"/>
    <trkpt lat="39.577940" lon="2.357050"/>
    <trkpt lat="39.577690" lon="2.356393"/>
    <trkpt lat="39.577655" lon="2.356283"/>
    <trkpt lat="39.577671" lon="2.356196"/>
    <trkpt lat="39.577714" lon="2.356111"/>
    <trkpt lat="39.577816" lon="2.355780"/>
    <trkpt lat="39.577899" lon="2.355444"/>
    <trkpt lat="39.577927" lon="2.355218"/>
    <trkpt lat="39.577974" lon="2.355033"/>
    <trkpt lat="39.578015" lon="2.354839"/>
    <trkpt lat="39.578039" lon="2.354670"/>
    <trkpt lat="39.578043" lon="2.354505"/>
    <trkpt lat="39.578019" lon="2.354380"/>
    <trkpt lat="39.578091" lon="2.354218"/>
    <trkpt lat="39.578133" lon="2.354125"/>
    <trkpt lat="39.578169" lon="2.354056"/>
    <trkpt lat="39.578217" lon="2.353953"/>
    <trkpt lat="39.578233" lon="2.353919"/>
    <trkpt lat="39.578277" lon="2.353903"/>
    <trkpt lat="39.578334" lon="2.353939"/>
    <trkpt lat="39.578352" lon="2.353964"/>
    <trkpt lat="39.578375" lon="2.354020"/>
    <trkpt lat="39.578390" lon="2.354058"/>
    <trkpt lat="39.578417" lon="2.354269"/>
    <trkpt lat="39.578442" lon="2.354522"/>
    <trkpt lat="39.578440" lon="2.354850"/>
    <trkpt lat="39.578434" lon="2.355130"/>
    <trkpt lat="39.578454" lon="2.355300"/>
    <trkpt lat="39.578477" lon="2.355350"/>
    <trkpt lat="39.578549" lon="2.355377"/>
    <trkpt lat="39.578983" lon="2.355297"/>
    <trkpt lat="39.579088" lon="2.355222"/>
    <trkpt lat="39.579144" lon="2.355069"/>
    <trkpt lat="39.579148" lon="2.355023"/>
    <trkpt lat="39.579186" lon="2.354566"/>
    <trkpt lat="39.579210" lon="2.354367"/>
    <trkpt lat="39.579417" lon="2.354119"/>
    <trkpt lat="39.579573" lon="2.353940"/>
    <trkpt lat="39.579643" lon="2.353827"/>
    <trkpt lat="39.579703" lon="2.353584"/>
    <trkpt lat="39.579731" lon="2.353378"/>
    <trkpt lat="39.579741" lon="2.353122"/>
    <trkpt lat="39.579744" lon="2.352813"/>
    <trkpt lat="39.579753" lon="2.352398"/>
    <trkpt lat="39.579257" lon="2.352198"/>
    <trkpt lat="39.579161" lon="2.352604"/>
    <trkpt lat="39.579057" lon="2.353038"/>
    <trkpt lat="39.579016" lon="2.353274"/>
    <trkpt lat="39.579000" lon="2.353460"/>
    <trkpt lat="39.579043" lon="2.353669"/>
    <trkpt lat="39.579120" lon="2.353992"/>
    <trkpt lat="39.579210" lon="2.354367"/>
    <trkpt lat="39.579186" lon="2.354566"/>
    <trkpt lat="39.579148" lon="2.355023"/>
    <trkpt lat="39.579144" lon="2.355069"/>
    <trkpt lat="39.579088" lon="2.355222"/>
    <trkpt lat="39.578983" lon="2.355297"/>
    <trkpt lat="39.578549" lon="2.355377"/>
    <trkpt lat="39.578477" lon="2.355350"/>
    <trkpt lat="39.578454" lon="2.355300"/>
    <trkpt lat="39.578434" lon="2.355130"/>
    <trkpt lat="39.578440" lon="2.354850"/>
    <trkpt lat="39.578442" lon="2.354522"/>
    <trkpt lat="39.578417" lon="2.354269"/>
    <trkpt lat="39.578390" lon="2.354058"/>
    <trkpt lat="39.578383" lon="2.354004"/>
    <trkpt lat="39.578369" lon="2.353934"/>
    <trkpt lat="39.578356" lon="2.353876"/>
    <trkpt lat="39.578316" lon="2.353818"/>
    <trkpt lat="39.578291" lon="2.353798"/>
    <trkpt lat="39.578233" lon="2.353919"/>
    <trkpt lat="39.578217" lon="2.353953"/>
    <trkpt lat="39.578169" lon="2.354056"/>
    <trkpt lat="39.578133" lon="2.354125"/>
    <trkpt lat="39.578091" lon="2.354218"/>
    <trkpt lat="39.578019" lon="2.354380"/>
    <trkpt lat="39.578043" lon="2.354505"/>
    <trkpt lat="39.578039" lon="2.354670"/>
    <trkpt lat="39.578015" lon="2.354839"/>
    <trkpt lat="39.577974" lon="2.355033"/>
    <trkpt lat="39.577927" lon="2.355218"/>
    <trkpt lat="39.577899" lon="2.355444"/>
    <trkpt lat="39.577816" lon="2.355780"/>
    <trkpt lat="39.577714" lon="2.356111"/>
    <trkpt lat="39.577671" lon="2.356196"/>
    <trkpt lat="39.577655" lon="2.356283"/>
    <trkpt lat="39.577690" lon="2.356393"/>
    <trkpt lat="39.577940" lon="2.357050"/>
    <trkpt lat="39.577989" lon="2.357365"/>
    <trkpt lat="39.578161" lon="2.357996"/>
    <trkpt lat="39.578330" lon="2.358397"/>
    <trkpt lat="39.578342" lon="2.358538"/>
    <trkpt lat="39.578302" lon="2.358693"/>
    <trkpt lat="39.578219" lon="2.358832"/>
    <trkpt lat="39.578068" lon="2.358912"/>
    <trkpt lat="39.577964" lon="2.358930"/>
    <trkpt lat="39.577884" lon="2.358951"/>
    <trkpt lat="39.577771" lon="2.359089"/>
    <trkpt lat="39.577746" lon="2.359204"/>
    <trkpt lat="39.577755" lon="2.359407"/>
    <trkpt lat="39.577809" lon="2.359676"/>
    <trkpt lat="39.577936" lon="2.360034"/>
    <trkpt lat="39.578004" lon="2.360283"/>
    <trkpt lat="39.578031" lon="2.360411"/>
    <trkpt lat="39.578082" lon="2.360659"/>
    <trkpt lat="39.578194" lon="2.360949"/>
    <trkpt lat="39.578217" lon="2.361003"/>
    <trkpt lat="39.578295" lon="2.361145"/>
    <trkpt lat="39.578361" lon="2.361313"/>
    <trkpt lat="39.578385" lon="2.361462"/>
    <trkpt lat="39.578435" lon="2.361784"/>
    <trkpt lat="39.578467" lon="2.361928"/>
    <trkpt lat="39.578533" lon="2.362154"/>
    <trkpt lat="39.578659" lon="2.362427"/>
    <trkpt lat="39.578844" lon="2.362799"/>
    <trkpt lat="39.579042" lon="2.363106"/>
    <trkpt lat="39.579096" lon="2.363288"/>
    <trkpt lat="39.579103" lon="2.363368"/>
    <trkpt lat="39.579017" lon="2.364031"/>
    <trkpt lat="39.578948" lon="2.364297"/>
    <trkpt lat="39.578856" lon="2.364538"/>
    <trkpt lat="39.578678" lon="2.364877"/>
    <trkpt lat="39.578513" lon="2.365178"/>
    <trkpt lat="39.578313" lon="2.365546"/>
    <trkpt lat="39.578275" lon="2.365623"/>
    <trkpt lat="39.578228" lon="2.365718"/>
    <trkpt lat="39.578194" lon="2.365816"/>
    <trkpt lat="39.578126" lon="2.366014"/>
    <trkpt lat="39.578012" lon="2.366482"/>
    <trkpt lat="39.577962" lon="2.366785"/>
    <trkpt lat="39.577955" lon="2.366891"/>
    <trkpt lat="39.577945" lon="2.367035"/>
    <trkpt lat="39.577943" lon="2.367360"/>
    <trkpt lat="39.577954" lon="2.367573"/>
    <trkpt lat="39.577992" lon="2.367937"/>
    <trkpt lat="39.578037" lon="2.368299"/>
    <trkpt lat="39.578035" lon="2.368463"/>
    <trkpt lat="39.578010" lon="2.368730"/>
    <trkpt lat="39.577982" lon="2.369045"/>
    <trkpt lat="39.577974" lon="2.369264"/>
    <trkpt lat="39.578053" lon="2.369516"/>
    <trkpt lat="39.578193" lon="2.369962"/>
    <trkpt lat="39.578363" lon="2.370087"/>
    <trkpt lat="39.578790" lon="2.370099"/>
    <trkpt lat="39.579035" lon="2.370056"/>
    <trkpt lat="39.579223" lon="2.369961"/>
    <trkpt lat="39.579326" lon="2.369981"/>
    <trkpt lat="39.579350" lon="2.370044"/>
    <trkpt lat="39.579369" lon="2.370093"/>
    <trkpt lat="39.579342" lon="2.370189"/>
    <trkpt lat="39.579256" lon="2.370267"/>
    <trkpt lat="39.579130" lon="2.370364"/>
    <trkpt lat="39.578993" lon="2.370508"/>
    <trkpt lat="39.578969" lon="2.370640"/>
    <trkpt lat="39.579022" lon="2.370798"/>
    <trkpt lat="39.579182" lon="2.370912"/>
    <trkpt lat="39.579349" lon="2.370998"/>
    <trkpt lat="39.579461" lon="2.371136"/>
    <trkpt lat="39.579553" lon="2.371338"/>
    <trkpt lat="39.579603" lon="2.371517"/>
    <trkpt lat="39.579624" lon="2.371758"/>
    <trkpt lat="39.579660" lon="2.371990"/>
    <trkpt lat="39.579768" lon="2.372363"/>
    <trkpt lat="39.579768" lon="2.372569"/>
    <trkpt lat="39.579711" lon="2.372929"/>
    <trkpt lat="39.579720" lon="2.373118"/>
    <trkpt lat="39.579794" lon="2.373312"/>
    <trkpt lat="39.579930" lon="2.373529"/>
    <trkpt lat="39.580000" lon="2.373734"/>
    <trkpt lat="39.579999" lon="2.373932"/>
    <trkpt lat="39.579960" lon="2.374215"/>
    <trkpt lat="39.579986" lon="2.374418"/>
    <trkpt lat="39.580047" lon="2.374776"/>
    <trkpt lat="39.580073" lon="2.375076"/>
    <trkpt lat="39.580088" lon="2.375625"/>
    <trkpt lat="39.580142" lon="2.375914"/>
    <trkpt lat="39.580234" lon="2.376148"/>
    <trkpt lat="39.580294" lon="2.376292"/>
    <trkpt lat="39.580311" lon="2.376406"/>
    <trkpt lat="39.580280" lon="2.376731"/>
    <trkpt lat="39.580274" lon="2.377066"/>
    <trkpt lat="39.580290" lon="2.377382"/>
    <trkpt lat="39.580307" lon="2.377818"/>
    <trkpt lat="39.580307" lon="2.377883"/>
    <trkpt lat="39.580307" lon="2.378004"/>
    <trkpt lat="39.580266" lon="2.378169"/>
    <trkpt lat="39.580209" lon="2.378253"/>
    <trkpt lat="39.580161" lon="2.378291"/>
    <trkpt lat="39.580102" lon="2.378342"/>
    <trkpt lat="39.580030" lon="2.378386"/>
    <trkpt lat="39.579926" lon="2.378411"/>
    <trkpt lat="39.579831" lon="2.378374"/>
    <trkpt lat="39.579783" lon="2.378325"/>
    <trkpt lat="39.579642" lon="2.378190"/>
    <trkpt lat="39.579544" lon="2.378155"/>
    <trkpt lat="39.579491" lon="2.378206"/>
    <trkpt lat="39.579502" lon="2.378289"/>
    <trkpt lat="39.579554" lon="2.378360"/>
    <trkpt lat="39.579800" lon="2.378541"/>
    <trkpt lat="39.579961" lon="2.378694"/>
    <trkpt lat="39.580086" lon="2.378813"/>
    <trkpt lat="39.580163" lon="2.378893"/>
    <trkpt lat="39.580223" lon="2.378970"/>
    <trkpt lat="39.580253" lon="2.379070"/>
    <trkpt lat="39.580271" lon="2.379216"/>
    <trkpt lat="39.580249" lon="2.379315"/>
    <trkpt lat="39.580213" lon="2.379407"/>
    <trkpt lat="39.580161" lon="2.379539"/>
    <trkpt lat="39.580035" lon="2.379816"/>
    <trkpt lat="39.579898" lon="2.380185"/>
    <trkpt lat="39.579806" lon="2.380416"/>
    <trkpt lat="39.579721" lon="2.380628"/>
    <trkpt lat="39.579651" lon="2.380893"/>
    <trkpt lat="39.579670" lon="2.381120"/>
    <trkpt lat="39.579703" lon="2.381222"/>
    <trkpt lat="39.579846" lon="2.381520"/>
    <trkpt lat="39.579892" lon="2.381612"/>
    <trkpt lat="39.579921" lon="2.381695"/>
    <trkpt lat="39.579904" lon="2.381764"/>
    <trkpt lat="39.579856" lon="2.381798"/>
    <trkpt lat="39.579773" lon="2.381801"/>
    <trkpt lat="39.579612" lon="2.381685"/>
    <trkpt lat="39.579413" lon="2.381627"/>
    <trkpt lat="39.579227" lon="2.381651"/>
    <trkpt lat="39.579092" lon="2.381667"/>
    <trkpt lat="39.579052" lon="2.381685"/>
    <trkpt lat="39.578987" lon="2.381729"/>
    <trkpt lat="39.578783" lon="2.382063"/>
    <trkpt lat="39.578736" lon="2.382142"/>
    <trkpt lat="39.578673" lon="2.382245"/>
    <trkpt lat="39.578433" lon="2.382678"/>
    <trkpt lat="39.578352" lon="2.382828"/>
    <trkpt lat="39.578308" lon="2.382948"/>
    <trkpt lat="39.578309" lon="2.383083"/>
    <trkpt lat="39.578345" lon="2.383254"/>
    <trkpt lat="39.578346" lon="2.383349"/>
    <trkpt lat="39.578276" lon="2.383421"/>
    <trkpt lat="39.578006" lon="2.383467"/>
    <trkpt lat="39.577899" lon="2.383479"/>
    <trkpt lat="39.577810" lon="2.383523"/>
    <trkpt lat="39.577635" lon="2.383695"/>
    <trkpt lat="39.577544" lon="2.383870"/>
    <trkpt lat="39.577529" lon="2.383951"/>
    <trkpt lat="39.577494" lon="2.384132"/>
    <trkpt lat="39.577465" lon="2.384495"/>
    <trkpt lat="39.577442" lon="2.384793"/>
    <trkpt lat="39.577434" lon="2.384994"/>
    <trkpt lat="39.577400" lon="2.385361"/>
    <trkpt lat="39.577380" lon="2.385642"/>
    <trkpt lat="39.577383" lon="2.385860"/>
    <trkpt lat="39.577389" lon="2.385976"/>
    <trkpt lat="39.577393" lon="2.386143"/>
    <trkpt lat="39.577428" lon="2.387248"/>
    <trkpt lat="39.577443" lon="2.387370"/>
    <trkpt lat="39.577479" lon="2.387645"/>
    <trkpt lat="39.577692" lon="2.389205"/>
    <trkpt lat="39.577721" lon="2.389404"/>
    <trkpt lat="39.577694" lon="2.389656"/>
    <trkpt lat="39.577688" lon="2.389709"/>
    <trkpt lat="39.577661" lon="2.389743"/>
    <trkpt lat="39.577640" lon="2.389785"/>
    <trkpt lat="39.577625" lon="2.389846"/>
    <trkpt lat="39.577625" lon="2.389910"/>
    <trkpt lat="39.577639" lon="2.389971"/>
    <trkpt lat="39.577667" lon="2.390023"/>
    <trkpt lat="39.577692" lon="2.390052"/>
    <trkpt lat="39.577721" lon="2.390073"/>
    <trkpt lat="39.577836" lon="2.390315"/>
    <trkpt lat="39.577888" lon="2.390599"/>
    <trkpt lat="39.577906" lon="2.390650"/>
    <trkpt lat="39.577960" lon="2.390761"/>
    <trkpt lat="39.578148" lon="2.391025"/>
    <trkpt lat="39.578186" lon="2.391079"/>
    <trkpt lat="39.578209" lon="2.391194"/>
    <trkpt lat="39.578251" lon="2.391406"/>
    <trkpt lat="39.578318" lon="2.391749"/>
    <trkpt lat="39.578338" lon="2.391847"/>
    <trkpt lat="39.578378" lon="2.392055"/>
    <trkpt lat="39.578394" lon="2.392133"/>
    <trkpt lat="39.578476" lon="2.392650"/>
    <trkpt lat="39.578513" lon="2.392907"/>
    <trkpt lat="39.578533" lon="2.393045"/>
    <trkpt lat="39.578593" lon="2.393422"/>
    <trkpt lat="39.578705" lon="2.393404"/>
    <trkpt lat="39.578762" lon="2.393395"/>
    <trkpt lat="39.579251" lon="2.393333"/>
    <trkpt lat="39.579470" lon="2.393288"/>
    <trkpt lat="39.579608" lon="2.393285"/>
    <trkpt lat="39.579727" lon="2.393293"/>
    <trkpt lat="39.579943" lon="2.393375"/>
    <trkpt lat="39.580171" lon="2.393454"/>
    <trkpt lat="39.580542" lon="2.393991"/>
    <trkpt lat="39.580708" lon="2.394055"/>
    <trkpt lat="39.580776" lon="2.394076"/>
    <trkpt lat="39.581090" lon="2.394171"/>
    <trkpt lat="39.581498" lon="2.394237"/>
    <trkpt lat="39.581662" lon="2.394105"/>
    <trkpt lat="39.581764" lon="2.394037"/>
    <trkpt lat="39.581818" lon="2.394009"/>
    <trkpt lat="39.581961" lon="2.394047"/>
    <trkpt lat="39.582260" lon="2.394255"/>
    <trkpt lat="39.582443" lon="2.394362"/>
    <trkpt lat="39.582657" lon="2.394469"/>
    <trkpt lat="39.583127" lon="2.394545"/>
    <trkpt lat="39.583444" lon="2.394581"/>
    <trkpt lat="39.583520" lon="2.394561"/>
    <trkpt lat="39.583529" lon="2.394320"/>
    <trkpt lat="39.583544" lon="2.394226"/>
    <trkpt lat="39.583601" lon="2.394104"/>
    <trkpt lat="39.583707" lon="2.393937"/>
    <trkpt lat="39.583938" lon="2.393639"/>
    <trkpt lat="39.583506" lon="2.392806"/>
    <trkpt lat="39.583465" lon="2.392718"/>
    <trkpt lat="39.583475" lon="2.392687"/>
    <trkpt lat="39.583942" lon="2.392393"/>
    <trkpt lat="39.584010" lon="2.392311"/>
    <trkpt lat="39.584019" lon="2.392128"/>
    <trkpt lat="39.584016" lon="2.391839"/>
    <trkpt lat="39.584006" lon="2.391723"/>
    <trkpt lat="39.583946" lon="2.391703"/>
    <trkpt lat="39.583719" lon="2.391728"/>
    <trkpt lat="39.583589" lon="2.391718"/>
    <trkpt lat="39.583566" lon="2.391693"/>
    <trkpt lat="39.583507" lon="2.391504"/>
    <trkpt lat="39.583498" lon="2.391260"/>
    <trkpt lat="39.583484" lon="2.391095"/>
    <trkpt lat="39.583498" lon="2.391260"/>
    <trkpt lat="39.583507" lon="2.391504"/>
    <trkpt lat="39.583566" lon="2.391693"/>
    <trkpt lat="39.583589" lon="2.391718"/>
    <trkpt lat="39.583719" lon="2.391728"/>
    <trkpt lat="39.583946" lon="2.391703"/>
    <trkpt lat="39.584006" lon="2.391723"/>
    <trkpt lat="39.584016" lon="2.391839"/>
    <trkpt lat="39.584019" lon="2.392128"/>
    <trkpt lat="39.584010" lon="2.392311"/>
    <trkpt lat="39.583942" lon="2.392393"/>
    <trkpt lat="39.583475" lon="2.392687"/>
    <trkpt lat="39.583465" lon="2.392718"/>
    <trkpt lat="39.583506" lon="2.392806"/>
    <trkpt lat="39.583938" lon="2.393639"/>
    <trkpt lat="39.583707" lon="2.393937"/>
    <trkpt lat="39.583601" lon="2.394104"/>
    <trkpt lat="39.583544" lon="2.394226"/>
    <trkpt lat="39.583529" lon="2.394320"/>
    <trkpt lat="39.583520" lon="2.394561"/>
    <trkpt lat="39.583794" lon="2.395000"/>
    <trkpt lat="39.583828" lon="2.395056"/>
    <trkpt lat="39.583883" lon="2.395148"/>
    <trkpt lat="39.583904" lon="2.395183"/>
    <trkpt lat="39.583952" lon="2.395358"/>
    <trkpt lat="39.583955" lon="2.395747"/>
    <trkpt lat="39.583929" lon="2.395843"/>
    <trkpt lat="39.583683" lon="2.395939"/>
    <trkpt lat="39.583533" lon="2.396103"/>
    <trkpt lat="39.583464" lon="2.396142"/>
    <trkpt lat="39.583223" lon="2.396300"/>
    <trkpt lat="39.582909" lon="2.396599"/>
    <trkpt lat="39.582706" lon="2.396689"/>
    <trkpt lat="39.582508" lon="2.396830"/>
    <trkpt lat="39.582426" lon="2.396888"/>
    <trkpt lat="39.582110" lon="2.397089"/>
    <trkpt lat="39.581809" lon="2.397269"/>
    <trkpt lat="39.581464" lon="2.397452"/>
    <trkpt lat="39.580585" lon="2.398326"/>
    <trkpt lat="39.580493" lon="2.398442"/>
    <trkpt lat="39.580226" lon="2.398546"/>
    <trkpt lat="39.579800" lon="2.398550"/>
    <trkpt lat="39.579520" lon="2.398303"/>
    <trkpt lat="39.579014" lon="2.398375"/>
    <trkpt lat="39.578926" lon="2.398326"/>
    <trkpt lat="39.578881" lon="2.398385"/>
    <trkpt lat="39.578778" lon="2.398407"/>
    <trkpt lat="39.578657" lon="2.398400"/>
    <trkpt lat="39.578397" lon="2.398581"/>
    <trkpt lat="39.578238" lon="2.398691"/>
    <trkpt lat="39.578149" lon="2.398752"/>
    <trkpt lat="39.578100" lon="2.398835"/>
    <trkpt lat="39.578072" lon="2.398985"/>
    <trkpt lat="39.577993" lon="2.399343"/>
    <trkpt lat="39.577950" lon="2.399579"/>
    <trkpt lat="39.577914" lon="2.399651"/>
    <trkpt lat="39.577860" lon="2.399736"/>
    <trkpt lat="39.577782" lon="2.399793"/>
    <trkpt lat="39.577625" lon="2.399848"/>
    <trkpt lat="39.577326" lon="2.399853"/>
    <trkpt lat="39.576899" lon="2.399748"/>
    <trkpt lat="39.576794" lon="2.399655"/>
    <trkpt lat="39.576638" lon="2.399293"/>
    <trkpt lat="39.576526" lon="2.399040"/>
    <trkpt lat="39.576411" lon="2.398886"/>
    <trkpt lat="39.576290" lon="2.398880"/>
    <trkpt lat="39.576172" lon="2.398876"/>
    <trkpt lat="39.575881" lon="2.398901"/>
    <trkpt lat="39.575812" lon="2.399004"/>
    <trkpt lat="39.575754" lon="2.400322"/>
    <trkpt lat="39.575742" lon="2.400512"/>
    <trkpt lat="39.575698" lon="2.400618"/>
    <trkpt lat="39.575355" lon="2.400967"/>
    <trkpt lat="39.575048" lon="2.401122"/>
    <trkpt lat="39.574320" lon="2.401128"/>
    <trkpt lat="39.574120" lon="2.401182"/>
    <trkpt lat="39.573905" lon="2.401376"/>
    <trkpt lat="39.573790" lon="2.401496"/>
    <trkpt lat="39.573717" lon="2.401593"/>
    <trkpt lat="39.573688" lon="2.401718"/>
    <trkpt lat="39.573702" lon="2.402010"/>
    <trkpt lat="39.573740" lon="2.402304"/>
    <trkpt lat="39.573760" lon="2.402458"/>
    <trkpt lat="39.573841" lon="2.402943"/>
    <trkpt lat="39.573867" lon="2.403186"/>
    <trkpt lat="39.573971" lon="2.404815"/>
    <trkpt lat="39.574087" lon="2.406019"/>
    <trkpt lat="39.574188" lon="2.406696"/>
    <trkpt lat="39.574296" lon="2.407422"/>
    <trkpt lat="39.574347" lon="2.407763"/>
    <trkpt lat="39.574714" lon="2.408970"/>
    <trkpt lat="39.574866" lon="2.409470"/>
    <trkpt lat="39.575140" lon="2.410250"/>
    <trkpt lat="39.575776" lon="2.411084"/>
    <trkpt lat="39.576441" lon="2.411791"/>
    <trkpt lat="39.576602" lon="2.412106"/>
    <trkpt lat="39.576790" lon="2.412391"/>
    <trkpt lat="39.576894" lon="2.412549"/>
    <trkpt lat="39.577033" lon="2.412732"/>
    <trkpt lat="39.577118" lon="2.412831"/>
    <trkpt lat="39.577213" lon="2.412986"/>
    <trkpt lat="39.577239" lon="2.413078"/>
    <trkpt lat="39.577245" lon="2.413305"/>
    <trkpt lat="39.577247" lon="2.413343"/>
    <trkpt lat="39.577264" lon="2.413657"/>
    <trkpt lat="39.577270" lon="2.413777"/>
    <trkpt lat="39.577289" lon="2.414294"/>
    <trkpt lat="39.577315" lon="2.414506"/>
    <trkpt lat="39.577327" lon="2.414541"/>
    <trkpt lat="39.577458" lon="2.414941"/>
    <trkpt lat="39.577473" lon="2.415049"/>
    <trkpt lat="39.577498" lon="2.415250"/>
    <trkpt lat="39.577493" lon="2.415415"/>
    <trkpt lat="39.577471" lon="2.415483"/>
    <trkpt lat="39.577380" lon="2.415756"/>
    <trkpt lat="39.577169" lon="2.416341"/>
    <trkpt lat="39.577010" lon="2.416671"/>
    <trkpt lat="39.576883" lon="2.416934"/>
    <trkpt lat="39.576819" lon="2.417023"/>
    <trkpt lat="39.576772" lon="2.417225"/>
    <trkpt lat="39.576708" lon="2.417449"/>
    <trkpt lat="39.576557" lon="2.417461"/>
    <trkpt lat="39.576447" lon="2.417609"/>
    <trkpt lat="39.576431" lon="2.417643"/>
    <trkpt lat="39.576335" lon="2.417899"/>
    <trkpt lat="39.576216" lon="2.418216"/>
    <trkpt lat="39.576058" lon="2.418584"/>
    <trkpt lat="39.575818" lon="2.418606"/>
    <trkpt lat="39.575505" lon="2.418633"/>
    <trkpt lat="39.575216" lon="2.418761"/>
    <trkpt lat="39.574906" lon="2.418898"/>
    <trkpt lat="39.574696" lon="2.418990"/>
    <trkpt lat="39.574463" lon="2.419093"/>
    <trkpt lat="39.574606" lon="2.419640"/>
    <trkpt lat="39.574713" lon="2.420053"/>
    <trkpt lat="39.574776" lon="2.420282"/>
    <trkpt lat="39.574834" lon="2.420499"/>
    <trkpt lat="39.574945" lon="2.420930"/>
    <trkpt lat="39.575177" lon="2.420830"/>
    <trkpt lat="39.575404" lon="2.420733"/>
    <trkpt lat="39.575611" lon="2.420644"/>
    <trkpt lat="39.575701" lon="2.420605"/>
    <trkpt lat="39.575526" lon="2.419940"/>
    <trkpt lat="39.575362" lon="2.419316"/>
    <trkpt lat="39.575216" lon="2.418761"/>
    <trkpt lat="39.574906" lon="2.418898"/>
    <trkpt lat="39.574696" lon="2.418990"/>
    <trkpt lat="39.574463" lon="2.419093"/>
    <trkpt lat="39.574167" lon="2.419220"/>
    <trkpt lat="39.573871" lon="2.419347"/>
    <trkpt lat="39.574013" lon="2.419894"/>
    <trkpt lat="39.574182" lon="2.420539"/>
    <trkpt lat="39.574351" lon="2.421187"/>
    <trkpt lat="39.574679" lon="2.421186"/>
    <trkpt lat="39.574698" lon="2.421837"/>
    <trkpt lat="39.575247" lon="2.422460"/>
    <trkpt lat="39.575860" lon="2.423154"/>
    <trkpt lat="39.576028" lon="2.423340"/>
    <trkpt lat="39.576744" lon="2.424109"/>
    <trkpt lat="39.576959" lon="2.424354"/>
    <trkpt lat="39.576983" lon="2.424454"/>
    <trkpt lat="39.576990" lon="2.424481"/>
    <trkpt lat="39.576999" lon="2.424519"/>
    <trkpt lat="39.576968" lon="2.424549"/>
    <trkpt lat="39.576944" lon="2.424589"/>
    <trkpt lat="39.576927" lon="2.424638"/>
    <trkpt lat="39.576922" lon="2.424677"/>
    <trkpt lat="39.576921" lon="2.424692"/>
    <trkpt lat="39.576926" lon="2.424739"/>
    <trkpt lat="39.576939" lon="2.424784"/>
    <trkpt lat="39.576966" lon="2.424831"/>
    <trkpt lat="39.577001" lon="2.424866"/>
    <trkpt lat="39.577043" lon="2.424886"/>
    <trkpt lat="39.577088" lon="2.424889"/>
    <trkpt lat="39.577131" lon="2.424876"/>
    <trkpt lat="39.577187" lon="2.424889"/>
    <trkpt lat="39.577275" lon="2.424923"/>
    <trkpt lat="39.577294" lon="2.424958"/>
    <trkpt lat="39.577314" lon="2.425018"/>
    <trkpt lat="39.577329" lon="2.425100"/>
    <trkpt lat="39.577344" lon="2.425230"/>
    <trkpt lat="39.577423" lon="2.426041"/>
    <trkpt lat="39.577482" lon="2.426209"/>
    <trkpt lat="39.577954" lon="2.426934"/>
    <trkpt lat="39.577990" lon="2.427139"/>
    <trkpt lat="39.578051" lon="2.427594"/>
    <trkpt lat="39.578088" lon="2.427691"/>
    <trkpt lat="39.578394" lon="2.428144"/>
    <trkpt lat="39.578488" lon="2.428250"/>
    <trkpt lat="39.578655" lon="2.428439"/>
    <trkpt lat="39.578695" lon="2.428599"/>
    <trkpt lat="39.578706" lon="2.428642"/>
    <trkpt lat="39.578732" lon="2.428747"/>
    <trkpt lat="39.578808" lon="2.429306"/>
    <trkpt lat="39.578895" lon="2.429681"/>
    <trkpt lat="39.578964" lon="2.429901"/>
    <trkpt lat="39.579162" lon="2.430197"/>
    <trkpt lat="39.579438" lon="2.430579"/>
    <trkpt lat="39.579542" lon="2.430690"/>
    <trkpt lat="39.579658" lon="2.430774"/>
    <trkpt lat="39.579902" lon="2.430894"/>
    <trkpt lat="39.580583" lon="2.431086"/>
    <trkpt lat="39.580667" lon="2.431123"/>
    <trkpt lat="39.580858" lon="2.431178"/>
    <trkpt lat="39.581056" lon="2.431271"/>
    <trkpt lat="39.581107" lon="2.431294"/>
    <trkpt lat="39.581181" lon="2.431351"/>
    <trkpt lat="39.581332" lon="2.431467"/>
    <trkpt lat="39.581442" lon="2.431596"/>
    <trkpt lat="39.581716" lon="2.431916"/>
    <trkpt lat="39.581759" lon="2.431958"/>
    <trkpt lat="39.581901" lon="2.432100"/>
    <trkpt lat="39.581934" lon="2.432129"/>
    <trkpt lat="39.582088" lon="2.432267"/>
    <trkpt lat="39.582201" lon="2.432368"/>
    <trkpt lat="39.582307" lon="2.432426"/>
    <trkpt lat="39.582324" lon="2.432436"/>
    <trkpt lat="39.582536" lon="2.432551"/>
    <trkpt lat="39.582683" lon="2.432614"/>
    <trkpt lat="39.582780" lon="2.432627"/>
    <trkpt lat="39.582839" lon="2.432635"/>
    <trkpt lat="39.582943" lon="2.432651"/>
    <trkpt lat="39.583052" lon="2.432631"/>
    <trkpt lat="39.583373" lon="2.432533"/>
    <trkpt lat="39.583477" lon="2.432531"/>
    <trkpt lat="39.583559" lon="2.432575"/>
    <trkpt lat="39.583689" lon="2.432729"/>
    <trkpt lat="39.583762" lon="2.432810"/>
    <trkpt lat="39.583888" lon="2.433067"/>
    <trkpt lat="39.584039" lon="2.433390"/>
    <trkpt lat="39.584144" lon="2.433523"/>
    <trkpt lat="39.584156" lon="2.433568"/>
    <trkpt lat="39.584517" lon="2.434136"/>
    <trkpt lat="39.584774" lon="2.434604"/>
    <trkpt lat="39.584847" lon="2.434843"/>
    <trkpt lat="39.584838" lon="2.435010"/>
    <trkpt lat="39.584774" lon="2.435153"/>
    <trkpt lat="39.584715" lon="2.435275"/>
    <trkpt lat="39.584748" lon="2.435496"/>
    <trkpt lat="39.584735" lon="2.435653"/>
    <trkpt lat="39.584716" lon="2.435907"/>
    <trkpt lat="39.584665" lon="2.436078"/>
    <trkpt lat="39.584496" lon="2.436238"/>
    <trkpt lat="39.584227" lon="2.436347"/>
    <trkpt lat="39.584103" lon="2.436363"/>
    <trkpt lat="39.584072" lon="2.436376"/>
    <trkpt lat="39.584046" lon="2.436423"/>
    <trkpt lat="39.584069" lon="2.436479"/>
    <trkpt lat="39.584172" lon="2.436573"/>
    <trkpt lat="39.584315" lon="2.436705"/>
    <trkpt lat="39.584357" lon="2.436736"/>
    <trkpt lat="39.584419" lon="2.436729"/>
    <trkpt lat="39.584555" lon="2.436627"/>
    <trkpt lat="39.584720" lon="2.436656"/>
    <trkpt lat="39.584760" lon="2.436689"/>
    <trkpt lat="39.584781" lon="2.436755"/>
    <trkpt lat="39.584753" lon="2.436784"/>
    <trkpt lat="39.584653" lon="2.436826"/>
    <trkpt lat="39.584677" lon="2.436907"/>
    <trkpt lat="39.584857" lon="2.437053"/>
    <trkpt lat="39.585001" lon="2.437368"/>
    <trkpt lat="39.585155" lon="2.437638"/>
    <trkpt lat="39.585252" lon="2.438167"/>
    <trkpt lat="39.585274" lon="2.438399"/>
    <trkpt lat="39.585411" lon="2.438598"/>
    <trkpt lat="39.585609" lon="2.438777"/>
    <trkpt lat="39.585652" lon="2.438895"/>
    <trkpt lat="39.585770" lon="2.439021"/>
    <trkpt lat="39.586022" lon="2.438917"/>
    <trkpt lat="39.586426" lon="2.438657"/>
    <trkpt lat="39.586607" lon="2.438644"/>
    <trkpt lat="39.586959" lon="2.438721"/>
    <trkpt lat="39.587060" lon="2.438701"/>
    <trkpt lat="39.587153" lon="2.438705"/>
    <trkpt lat="39.587255" lon="2.438824"/>
    <trkpt lat="39.587488" lon="2.439061"/>
    <trkpt lat="39.587708" lon="2.439369"/>
    <trkpt lat="39.588083" lon="2.439893"/>
    <trkpt lat="39.588393" lon="2.440242"/>
    <trkpt lat="39.588718" lon="2.440589"/>
    <trkpt lat="39.588892" lon="2.440854"/>
    <trkpt lat="39.588914" lon="2.440912"/>
    <trkpt lat="39.588998" lon="2.441133"/>
    <trkpt lat="39.589155" lon="2.441850"/>
    <trkpt lat="39.589228" lon="2.442037"/>
    <trkpt lat="39.589324" lon="2.442210"/>
    <trkpt lat="39.589494" lon="2.442373"/>
    <trkpt lat="39.589658" lon="2.442465"/>
    <trkpt lat="39.590162" lon="2.442660"/>
    <trkpt lat="39.590726" lon="2.442840"/>
    <trkpt lat="39.590886" lon="2.442933"/>
    <trkpt lat="39.590939" lon="2.442978"/>
    <trkpt lat="39.591074" lon="2.443203"/>
    <trkpt lat="39.591162" lon="2.443580"/>
    <trkpt lat="39.591572" lon="2.444192"/>
    <trkpt lat="39.591757" lon="2.444563"/>
    <trkpt lat="39.591816" lon="2.444648"/>
    <trkpt lat="39.591860" lon="2.444767"/>
    <trkpt lat="39.591882" lon="2.444897"/>
    <trkpt lat="39.591888" lon="2.445118"/>
    <trkpt lat="39.591881" lon="2.445261"/>
    <trkpt lat="39.591825" lon="2.445761"/>
    <trkpt lat="39.591754" lon="2.445917"/>
    <trkpt lat="39.591199" lon="2.446595"/>
    <trkpt lat="39.590821" lon="2.447076"/>
    <trkpt lat="39.590626" lon="2.447252"/>
    <trkpt lat="39.590270" lon="2.447422"/>
    <trkpt lat="39.590082" lon="2.447573"/>
    <trkpt lat="39.589922" lon="2.447767"/>
    <trkpt lat="39.589197" lon="2.448443"/>
    <trkpt lat="39.589011" lon="2.448617"/>
    <trkpt lat="39.588791" lon="2.448814"/>
    <trkpt lat="39.588554" lon="2.449093"/>
    <trkpt lat="39.588474" lon="2.449219"/>
    <trkpt lat="39.588370" lon="2.449558"/>
    <trkpt lat="39.588340" lon="2.449646"/>
    <trkpt lat="39.588311" lon="2.449737"/>
    <trkpt lat="39.588258" lon="2.449833"/>
    <trkpt lat="39.588188" lon="2.449915"/>
    <trkpt lat="39.588029" lon="2.450051"/>
    <trkpt lat="39.587874" lon="2.450181"/>
    <trkpt lat="39.587721" lon="2.450462"/>
    <trkpt lat="39.587583" lon="2.450761"/>
    <trkpt lat="39.587414" lon="2.451104"/>
    <trkpt lat="39.587122" lon="2.451582"/>
    <trkpt lat="39.586928" lon="2.451815"/>
    <trkpt lat="39.586555" lon="2.452050"/>
    <trkpt lat="39.586448" lon="2.452111"/>
    <trkpt lat="39.586249" lon="2.452296"/>
    <trkpt lat="39.586169" lon="2.452550"/>
    <trkpt lat="39.586077" lon="2.452733"/>
    <trkpt lat="39.585862" lon="2.452956"/>
    <trkpt lat="39.585634" lon="2.453033"/>
    <trkpt lat="39.585527" lon="2.453031"/>
    <trkpt lat="39.585347" lon="2.453028"/>
    <trkpt lat="39.585053" lon="2.452983"/>
    <trkpt lat="39.584837" lon="2.453000"/>
    <trkpt lat="39.584729" lon="2.453149"/>
    <trkpt lat="39.584705" lon="2.453348"/>
    <trkpt lat="39.584754" lon="2.453705"/>
    <trkpt lat="39.584979" lon="2.454121"/>
    <trkpt lat="39.585014" lon="2.454187"/>
    <trkpt lat="39.585204" lon="2.454419"/>
    <trkpt lat="39.585466" lon="2.454738"/>
    <trkpt lat="39.585829" lon="2.455289"/>
    <trkpt lat="39.585905" lon="2.455436"/>
    <trkpt lat="39.585926" lon="2.455620"/>
    <trkpt lat="39.585882" lon="2.455812"/>
    <trkpt lat="39.585484" lon="2.456508"/>
    <trkpt lat="39.585403" lon="2.456649"/>
    <trkpt lat="39.585234" lon="2.457154"/>
    <trkpt lat="39.585169" lon="2.457270"/>
    <trkpt lat="39.585091" lon="2.457322"/>
    <trkpt lat="39.584990" lon="2.457309"/>
    <trkpt lat="39.584928" lon="2.457268"/>
    <trkpt lat="39.584697" lon="2.457064"/>
    <trkpt lat="39.584447" lon="2.456865"/>
    <trkpt lat="39.583676" lon="2.456409"/>
    <trkpt lat="39.583253" lon="2.456235"/>
    <trkpt lat="39.582581" lon="2.455704"/>
    <trkpt lat="39.581271" lon="2.455331"/>
    <trkpt lat="39.581047" lon="2.455314"/>
    <trkpt lat="39.580433" lon="2.455662"/>
    <trkpt lat="39.580066" lon="2.455679"/>
    <trkpt lat="39.579967" lon="2.455731"/>
    <trkpt lat="39.579897" lon="2.455943"/>
    <trkpt lat="39.579851" lon="2.456006"/>
    <trkpt lat="39.579761" lon="2.456024"/>
    <trkpt lat="39.579687" lon="2.456016"/>
    <trkpt lat="39.579413" lon="2.455861"/>
    <trkpt lat="39.578998" lon="2.455662"/>
    <trkpt lat="39.578517" lon="2.455347"/>
    <trkpt lat="39.578256" lon="2.455124"/>
    <trkpt lat="39.578188" lon="2.455153"/>
    <trkpt lat="39.578201" lon="2.455227"/>
    <trkpt lat="39.578484" lon="2.455496"/>
    <trkpt lat="39.579023" lon="2.455961"/>
    <trkpt lat="39.579637" lon="2.456409"/>
    <trkpt lat="39.580317" lon="2.456956"/>
    <trkpt lat="39.580641" lon="2.457288"/>
    <trkpt lat="39.581014" lon="2.457454"/>
    <trkpt lat="39.581567" lon="2.457562"/>
    <trkpt lat="39.581965" lon="2.457761"/>
    <trkpt lat="39.582189" lon="2.457943"/>
    <trkpt lat="39.582449" lon="2.458498"/>
    <trkpt lat="39.582797" lon="2.459063"/>
    <trkpt lat="39.582863" lon="2.459409"/>
    <trkpt lat="39.582933" lon="2.459584"/>
    <trkpt lat="39.583112" lon="2.459793"/>
    <trkpt lat="39.583253" lon="2.460066"/>
    <trkpt lat="39.583407" lon="2.460370"/>
    <trkpt lat="39.583477" lon="2.460649"/>
    <trkpt lat="39.583575" lon="2.461000"/>
    <trkpt lat="39.583576" lon="2.461208"/>
    <trkpt lat="39.583625" lon="2.461413"/>
    <trkpt lat="39.583773" lon="2.461813"/>
    <trkpt lat="39.583790" lon="2.461955"/>
    <trkpt lat="39.583760" lon="2.462074"/>
    <trkpt lat="39.583632" lon="2.462201"/>
    <trkpt lat="39.582795" lon="2.462758"/>
    <trkpt lat="39.582554" lon="2.462922"/>
    <trkpt lat="39.582499" lon="2.462991"/>
    <trkpt lat="39.582478" lon="2.463038"/>
    <trkpt lat="39.582469" lon="2.463101"/>
    <trkpt lat="39.582519" lon="2.463418"/>
    <trkpt lat="39.582521" lon="2.463501"/>
    <trkpt lat="39.582516" lon="2.463555"/>
    <trkpt lat="39.582453" lon="2.463602"/>
    <trkpt lat="39.582424" lon="2.463594"/>
    <trkpt lat="39.582318" lon="2.463558"/>
    <trkpt lat="39.582214" lon="2.463524"/>
    <trkpt lat="39.582123" lon="2.463494"/>
    <trkpt lat="39.581937" lon="2.463500"/>
    <trkpt lat="39.581745" lon="2.463562"/>
    <trkpt lat="39.581630" lon="2.463664"/>
    <trkpt lat="39.581404" lon="2.464039"/>
    <trkpt lat="39.581303" lon="2.464253"/>
    <trkpt lat="39.581188" lon="2.464498"/>
    <trkpt lat="39.581165" lon="2.464616"/>
    <trkpt lat="39.581169" lon="2.464704"/>
    <trkpt lat="39.581244" lon="2.465001"/>
    <trkpt lat="39.581204" lon="2.465086"/>
    <trkpt lat="39.581150" lon="2.465095"/>
    <trkpt lat="39.581085" lon="2.465090"/>
    <trkpt lat="39.580821" lon="2.464881"/>
    <trkpt lat="39.580757" lon="2.464889"/>
    <trkpt lat="39.580716" lon="2.464987"/>
    <trkpt lat="39.580711" lon="2.465064"/>
    <trkpt lat="39.580732" lon="2.465142"/>
    <trkpt lat="39.581110" lon="2.465592"/>
    <trkpt lat="39.581132" lon="2.465689"/>
    <trkpt lat="39.581111" lon="2.465829"/>
    <trkpt lat="39.580898" lon="2.466184"/>
    <trkpt lat="39.580627" lon="2.466595"/>
    <trkpt lat="39.580400" lon="2.466973"/>
    <trkpt lat="39.580051" lon="2.467551"/>
    <trkpt lat="39.579426" lon="2.468951"/>
    <trkpt lat="39.579406" lon="2.469051"/>
    <trkpt lat="39.579379" lon="2.469158"/>
    <trkpt lat="39.579341" lon="2.469208"/>
    <trkpt lat="39.578711" lon="2.470033"/>
    <trkpt lat="39.578573" lon="2.470179"/>
    <trkpt lat="39.578486" lon="2.470271"/>
    <trkpt lat="39.578452" lon="2.470333"/>
    <trkpt lat="39.578434" lon="2.470369"/>
    <trkpt lat="39.578339" lon="2.470563"/>
    <trkpt lat="39.578292" lon="2.470671"/>
    <trkpt lat="39.578068" lon="2.471185"/>
    <trkpt lat="39.577682" lon="2.472531"/>
    <trkpt lat="39.577446" lon="2.473382"/>
    <trkpt lat="39.577377" lon="2.473620"/>
    <trkpt lat="39.577115" lon="2.474549"/>
    <trkpt lat="39.576702" lon="2.475959"/>
    <trkpt lat="39.576361" lon="2.477162"/>
    <trkpt lat="39.576315" lon="2.477278"/>
    <trkpt lat="39.576259" lon="2.477394"/>
    <trkpt lat="39.576179" lon="2.477522"/>
    <trkpt lat="39.576116" lon="2.477604"/>
    <trkpt lat="39.576025" lon="2.477705"/>
    <trkpt lat="39.575898" lon="2.477817"/>
    <trkpt lat="39.575760" lon="2.477913"/>
    <trkpt lat="39.575638" lon="2.477972"/>
    <trkpt lat="39.575522" lon="2.478002"/>
    <trkpt lat="39.575403" lon="2.478021"/>
    <trkpt lat="39.575280" lon="2.478030"/>
    <trkpt lat="39.575064" lon="2.478045"/>
    <trkpt lat="39.574870" lon="2.478061"/>
    <trkpt lat="39.574712" lon="2.478079"/>
    <trkpt lat="39.574559" lon="2.478116"/>
    <trkpt lat="39.574437" lon="2.478162"/>
    <trkpt lat="39.574300" lon="2.478240"/>
    <trkpt lat="39.574202" lon="2.478311"/>
    <trkpt lat="39.574053" lon="2.478448"/>
    <trkpt lat="39.573957" lon="2.478560"/>
    <trkpt lat="39.573866" lon="2.478702"/>
    <trkpt lat="39.573278" lon="2.479708"/>
    <trkpt lat="39.572694" lon="2.480718"/>
    <trkpt lat="39.572379" lon="2.481257"/>
    <trkpt lat="39.572090" lon="2.481761"/>
    <trkpt lat="39.571942" lon="2.482025"/>
    <trkpt lat="39.571683" lon="2.482459"/>
    <trkpt lat="39.571618" lon="2.482572"/>
    <trkpt lat="39.570994" lon="2.483644"/>
    <trkpt lat="39.570910" lon="2.483789"/>
    <trkpt lat="39.570676" lon="2.484181"/>
    <trkpt lat="39.569685" lon="2.485890"/>
    <trkpt lat="39.569607" lon="2.486031"/>
    <trkpt lat="39.569527" lon="2.486188"/>
    <trkpt lat="39.569445" lon="2.486379"/>
    <trkpt lat="39.569373" lon="2.486588"/>
    <trkpt lat="39.569320" lon="2.486775"/>
    <trkpt lat="39.569264" lon="2.487022"/>
    <trkpt lat="39.569225" lon="2.487237"/>
    <trkpt lat="39.568984" lon="2.488691"/>
    <trkpt lat="39.568829" lon="2.489609"/>
    <trkpt lat="39.568788" lon="2.489826"/>
    <trkpt lat="39.568739" lon="2.490041"/>
    <trkpt lat="39.568669" lon="2.490294"/>
    <trkpt lat="39.568600" lon="2.490506"/>
    <trkpt lat="39.568536" lon="2.490684"/>
    <trkpt lat="39.568469" lon="2.490855"/>
    <trkpt lat="39.568401" lon="2.491014"/>
    <trkpt lat="39.568011" lon="2.491874"/>
    <trkpt lat="39.567877" lon="2.492170"/>
    <trkpt lat="39.567234" lon="2.493582"/>
    <trkpt lat="39.567100" lon="2.493876"/>
    <trkpt lat="39.566912" lon="2.494290"/>
    <trkpt lat="39.566816" lon="2.494520"/>
    <trkpt lat="39.566741" lon="2.494720"/>
    <trkpt lat="39.566699" lon="2.494868"/>
    <trkpt lat="39.566666" lon="2.495013"/>
    <trkpt lat="39.566622" lon="2.495247"/>
    <trkpt lat="39.566486" lon="2.496085"/>
    <trkpt lat="39.566451" lon="2.496300"/>
    <trkpt lat="39.566350" lon="2.496932"/>
    <trkpt lat="39.566320" lon="2.497120"/>
    <trkpt lat="39.566261" lon="2.497491"/>
    <trkpt lat="39.566182" lon="2.497988"/>
    <trkpt lat="39.566071" lon="2.498710"/>
    <trkpt lat="39.565992" lon="2.499219"/>
    <trkpt lat="39.565926" lon="2.499643"/>
    <trkpt lat="39.565819" lon="2.500339"/>
    <trkpt lat="39.565805" lon="2.500427"/>
    <trkpt lat="39.565631" lon="2.501564"/>
    <trkpt lat="39.565565" lon="2.501992"/>
    <trkpt lat="39.565444" lon="2.502777"/>
    <trkpt lat="39.565349" lon="2.503386"/>
    <trkpt lat="39.565289" lon="2.503769"/>
    <trkpt lat="39.565275" lon="2.503854"/>
    <trkpt lat="39.565262" lon="2.503941"/>
    <trkpt lat="39.565238" lon="2.504056"/>
    <trkpt lat="39.565215" lon="2.504136"/>
    <trkpt lat="39.565192" lon="2.504176"/>
    <trkpt lat="39.565164" lon="2.504207"/>
    <trkpt lat="39.565117" lon="2.504235"/>
    <trkpt lat="39.565073" lon="2.504248"/>
    <trkpt lat="39.564944" lon="2.504274"/>
    <trkpt lat="39.564635" lon="2.504335"/>
    <trkpt lat="39.564502" lon="2.504361"/>
    <trkpt lat="39.563719" lon="2.504514"/>
    <trkpt lat="39.563651" lon="2.504528"/>
    <trkpt lat="39.563049" lon="2.504657"/>
    <trkpt lat="39.562934" lon="2.504690"/>
    <trkpt lat="39.562849" lon="2.504729"/>
    <trkpt lat="39.562788" lon="2.504766"/>
    <trkpt lat="39.562707" lon="2.504831"/>
    <trkpt lat="39.562547" lon="2.504970"/>
    <trkpt lat="39.561847" lon="2.505630"/>
    <trkpt lat="39.561255" lon="2.506186"/>
    <trkpt lat="39.561144" lon="2.506292"/>
    <trkpt lat="39.561036" lon="2.506403"/>
    <trkpt lat="39.560940" lon="2.506521"/>
    <trkpt lat="39.560857" lon="2.506631"/>
    <trkpt lat="39.560653" lon="2.506923"/>
    <trkpt lat="39.560344" lon="2.507379"/>
    <trkpt lat="39.560160" lon="2.507657"/>
    <trkpt lat="39.560072" lon="2.507790"/>
    <trkpt lat="39.559917" lon="2.508019"/>
    <trkpt lat="39.559714" lon="2.508310"/>
    <trkpt lat="39.559553" lon="2.508520"/>
    <trkpt lat="39.559471" lon="2.508616"/>
    <trkpt lat="39.559396" lon="2.508696"/>
    <trkpt lat="39.559300" lon="2.508786"/>
    <trkpt lat="39.559205" lon="2.508865"/>
    <trkpt lat="39.559116" lon="2.508929"/>
    <trkpt lat="39.559009" lon="2.508999"/>
    <trkpt lat="39.558873" lon="2.509076"/>
    <trkpt lat="39.558742" lon="2.509136"/>
    <trkpt lat="39.558611" lon="2.509185"/>
    <trkpt lat="39.558442" lon="2.509233"/>
    <trkpt lat="39.558278" lon="2.509278"/>
    <trkpt lat="39.558000" lon="2.509344"/>
    <trkpt lat="39.557182" lon="2.509521"/>
    <trkpt lat="39.557080" lon="2.509546"/>
    <trkpt lat="39.556937" lon="2.509590"/>
    <trkpt lat="39.556797" lon="2.509645"/>
    <trkpt lat="39.556682" lon="2.509702"/>
    <trkpt lat="39.556571" lon="2.509767"/>
    <trkpt lat="39.556446" lon="2.509860"/>
    <trkpt lat="39.556357" lon="2.509937"/>
    <trkpt lat="39.556291" lon="2.509997"/>
    <trkpt lat="39.556180" lon="2.510111"/>
    <trkpt lat="39.556086" lon="2.510221"/>
    <trkpt lat="39.555869" lon="2.510481"/>
    <trkpt lat="39.555116" lon="2.511391"/>
    <trkpt lat="39.555030" lon="2.511494"/>
    <trkpt lat="39.554932" lon="2.511610"/>
    <trkpt lat="39.554816" lon="2.511753"/>
    <trkpt lat="39.554709" lon="2.511909"/>
    <trkpt lat="39.554658" lon="2.511995"/>
    <trkpt lat="39.554583" lon="2.512122"/>
    <trkpt lat="39.554466" lon="2.512337"/>
    <trkpt lat="39.554326" lon="2.512597"/>
    <trkpt lat="39.554231" lon="2.512773"/>
    <trkpt lat="39.554147" lon="2.512922"/>
    <trkpt lat="39.554102" lon="2.512996"/>
    <trkpt lat="39.553989" lon="2.513141"/>
    <trkpt lat="39.553890" lon="2.513235"/>
    <trkpt lat="39.553805" lon="2.513300"/>
    <trkpt lat="39.553698" lon="2.513359"/>
    <trkpt lat="39.553568" lon="2.513403"/>
    <trkpt lat="39.553459" lon="2.513426"/>
    <trkpt lat="39.553344" lon="2.513440"/>
    <trkpt lat="39.553128" lon="2.513455"/>
    <trkpt lat="39.553066" lon="2.513462"/>
    <trkpt lat="39.553016" lon="2.513473"/>
    <trkpt lat="39.552932" lon="2.513504"/>
    <trkpt lat="39.552850" lon="2.513545"/>
    <trkpt lat="39.552757" lon="2.513603"/>
    <trkpt lat="39.552669" lon="2.513673"/>
    <trkpt lat="39.552617" lon="2.513720"/>
    <trkpt lat="39.552561" lon="2.513779"/>
    <trkpt lat="39.552515" lon="2.513836"/>
    <trkpt lat="39.552477" lon="2.513896"/>
    <trkpt lat="39.552388" lon="2.514053"/>
    <trkpt lat="39.552276" lon="2.514279"/>
    <trkpt lat="39.552214" lon="2.514390"/>
    <trkpt lat="39.552112" lon="2.514549"/>
    <trkpt lat="39.552002" lon="2.514695"/>
    <trkpt lat="39.551931" lon="2.514777"/>
    <trkpt lat="39.551841" lon="2.514872"/>
    <trkpt lat="39.551756" lon="2.514951"/>
    <trkpt lat="39.551668" lon="2.515020"/>
    <trkpt lat="39.551574" lon="2.515082"/>
    <trkpt lat="39.551476" lon="2.515136"/>
    <trkpt lat="39.551359" lon="2.515190"/>
    <trkpt lat="39.551175" lon="2.515263"/>
    <trkpt lat="39.550794" lon="2.515404"/>
    <trkpt lat="39.550597" lon="2.515476"/>
    <trkpt lat="39.550102" lon="2.515660"/>
    <trkpt lat="39.549958" lon="2.515696"/>
    <trkpt lat="39.549817" lon="2.515723"/>
    <trkpt lat="39.549655" lon="2.515752"/>
    <trkpt lat="39.548716" lon="2.515918"/>
    <trkpt lat="39.548553" lon="2.515950"/>
    <trkpt lat="39.548392" lon="2.515986"/>
    <trkpt lat="39.548216" lon="2.516036"/>
    <trkpt lat="39.548043" lon="2.516100"/>
    <trkpt lat="39.547855" lon="2.516194"/>
    <trkpt lat="39.547711" lon="2.516281"/>
    <trkpt lat="39.547534" lon="2.516402"/>
    <trkpt lat="39.547364" lon="2.516541"/>
    <trkpt lat="39.547044" lon="2.516816"/>
    <trkpt lat="39.546899" lon="2.516933"/>
    <trkpt lat="39.546754" lon="2.517041"/>
    <trkpt lat="39.546582" lon="2.517162"/>
    <trkpt lat="39.546410" lon="2.517277"/>
    <trkpt lat="39.546279" lon="2.517357"/>
    <trkpt lat="39.546178" lon="2.517410"/>
    <trkpt lat="39.546101" lon="2.517441"/>
    <trkpt lat="39.546044" lon="2.517462"/>
    <trkpt lat="39.545910" lon="2.517500"/>
    <trkpt lat="39.545786" lon="2.517526"/>
    <trkpt lat="39.545663" lon="2.517545"/>
    <trkpt lat="39.545473" lon="2.517563"/>
    <trkpt lat="39.545196" lon="2.517579"/>
    <trkpt lat="39.544991" lon="2.517586"/>
    <trkpt lat="39.544598" lon="2.517596"/>
    <trkpt lat="39.544418" lon="2.517597"/>
    <trkpt lat="39.544329" lon="2.517597"/>
    <trkpt lat="39.544099" lon="2.517605"/>
    <trkpt lat="39.543980" lon="2.517614"/>
    <trkpt lat="39.543887" lon="2.517623"/>
    <trkpt lat="39.543732" lon="2.517645"/>
    <trkpt lat="39.543637" lon="2.517663"/>
    <trkpt lat="39.543589" lon="2.517673"/>
    <trkpt lat="39.543350" lon="2.517723"/>
    <trkpt lat="39.542915" lon="2.517818"/>
    <trkpt lat="39.540905" lon="2.518299"/>
    <trkpt lat="39.540360" lon="2.518426"/>
    <trkpt lat="39.539267" lon="2.518680"/>
    <trkpt lat="39.539088" lon="2.518725"/>
    <trkpt lat="39.538927" lon="2.518774"/>
    <trkpt lat="39.538804" lon="2.518828"/>
    <trkpt lat="39.538702" lon="2.518893"/>
    <trkpt lat="39.538603" lon="2.518970"/>
    <trkpt lat="39.538523" lon="2.519048"/>
    <trkpt lat="39.538437" lon="2.519151"/>
    <trkpt lat="39.538348" lon="2.519275"/>
    <trkpt lat="39.537785" lon="2.520154"/>
    <trkpt lat="39.537714" lon="2.520280"/>
    <trkpt lat="39.537651" lon="2.520417"/>
    <trkpt lat="39.537599" lon="2.520568"/>
    <trkpt lat="39.537559" lon="2.520751"/>
    <trkpt lat="39.537519" lon="2.520995"/>
    <trkpt lat="39.537490" lon="2.521141"/>
    <trkpt lat="39.537452" lon="2.521281"/>
    <trkpt lat="39.537388" lon="2.521432"/>
    <trkpt lat="39.537310" lon="2.521559"/>
    <trkpt lat="39.537192" lon="2.521714"/>
    <trkpt lat="39.537105" lon="2.521802"/>
    <trkpt lat="39.537002" lon="2.521880"/>
    <trkpt lat="39.536919" lon="2.521930"/>
    <trkpt lat="39.536837" lon="2.521964"/>
    <trkpt lat="39.536731" lon="2.521990"/>
    <trkpt lat="39.536308" lon="2.522041"/>
    <trkpt lat="39.536148" lon="2.522068"/>
    <trkpt lat="39.535998" lon="2.522115"/>
    <trkpt lat="39.535938" lon="2.522144"/>
    <trkpt lat="39.535869" lon="2.522189"/>
    <trkpt lat="39.535781" lon="2.522274"/>
    <trkpt lat="39.535701" lon="2.522375"/>
    <trkpt lat="39.535624" lon="2.522495"/>
    <trkpt lat="39.535561" lon="2.522630"/>
    <trkpt lat="39.535504" lon="2.522784"/>
    <trkpt lat="39.535447" lon="2.523001"/>
    <trkpt lat="39.535321" lon="2.523560"/>
    <trkpt lat="39.535288" lon="2.523731"/>
    <trkpt lat="39.535273" lon="2.523863"/>
    <trkpt lat="39.535274" lon="2.523993"/>
    <trkpt lat="39.535287" lon="2.524134"/>
    <trkpt lat="39.535313" lon="2.524280"/>
    <trkpt lat="39.535348" lon="2.524408"/>
    <trkpt lat="39.535385" lon="2.524524"/>
    <trkpt lat="39.535437" lon="2.524639"/>
    <trkpt lat="39.535526" lon="2.524752"/>
    <trkpt lat="39.535600" lon="2.524805"/>
    <trkpt lat="39.535675" lon="2.524836"/>
    <trkpt lat="39.535737" lon="2.524851"/>
    <trkpt lat="39.535901" lon="2.524871"/>
    <trkpt lat="39.535998" lon="2.524888"/>
    <trkpt lat="39.536087" lon="2.524925"/>
    <trkpt lat="39.536160" lon="2.524976"/>
    <trkpt lat="39.536215" lon="2.525037"/>
    <trkpt lat="39.536269" lon="2.525126"/>
    <trkpt lat="39.536304" lon="2.525210"/>
    <trkpt lat="39.536331" lon="2.525306"/>
    <trkpt lat="39.536346" lon="2.525421"/>
    <trkpt lat="39.536379" lon="2.525813"/>
    <trkpt lat="39.536399" lon="2.525949"/>
    <trkpt lat="39.536436" lon="2.526069"/>
    <trkpt lat="39.536486" lon="2.526164"/>
    <trkpt lat="39.536577" lon="2.526316"/>
    <trkpt lat="39.536668" lon="2.526453"/>
    <trkpt lat="39.536819" lon="2.526662"/>
    <trkpt lat="39.536883" lon="2.526769"/>
    <trkpt lat="39.536933" lon="2.526889"/>
    <trkpt lat="39.536963" lon="2.527019"/>
    <trkpt lat="39.536975" lon="2.527137"/>
    <trkpt lat="39.536974" lon="2.527257"/>
    <trkpt lat="39.536952" lon="2.527414"/>
    <trkpt lat="39.536921" lon="2.527541"/>
    <trkpt lat="39.536890" lon="2.527645"/>
    <trkpt lat="39.536826" lon="2.527822"/>
    <trkpt lat="39.536586" lon="2.528418"/>
    <trkpt lat="39.536543" lon="2.528511"/>
    <trkpt lat="39.536464" lon="2.528661"/>
    <trkpt lat="39.536385" lon="2.528792"/>
    <trkpt lat="39.536301" lon="2.528910"/>
    <trkpt lat="39.536201" lon="2.529030"/>
    <trkpt lat="39.535941" lon="2.529307"/>
    <trkpt lat="39.535659" lon="2.529592"/>
    <trkpt lat="39.535402" lon="2.529844"/>
    <trkpt lat="39.535136" lon="2.530088"/>
    <trkpt lat="39.535010" lon="2.530216"/>
    <trkpt lat="39.534946" lon="2.530293"/>
    <trkpt lat="39.534896" lon="2.530375"/>
    <trkpt lat="39.534841" lon="2.530501"/>
    <trkpt lat="39.534777" lon="2.530697"/>
    <trkpt lat="39.534758" lon="2.530806"/>
    <trkpt lat="39.534755" lon="2.530932"/>
    <trkpt lat="39.534771" lon="2.531052"/>
    <trkpt lat="39.534800" lon="2.531161"/>
    <trkpt lat="39.534866" lon="2.531339"/>
    <trkpt lat="39.534892" lon="2.531420"/>
    <trkpt lat="39.534914" lon="2.531538"/>
    <trkpt lat="39.534916" lon="2.531654"/>
    <trkpt lat="39.534907" lon="2.531738"/>
    <trkpt lat="39.534892" lon="2.531808"/>
    <trkpt lat="39.534855" lon="2.531931"/>
    <trkpt lat="39.534715" lon="2.532296"/>
    <trkpt lat="39.534571" lon="2.532662"/>
    <trkpt lat="39.534509" lon="2.532799"/>
    <trkpt lat="39.534455" lon="2.532892"/>
    <trkpt lat="39.534391" lon="2.532977"/>
    <trkpt lat="39.534325" lon="2.533048"/>
    <trkpt lat="39.534251" lon="2.533114"/>
    <trkpt lat="39.534114" lon="2.533222"/>
    <trkpt lat="39.533975" lon="2.533326"/>
    <trkpt lat="39.533865" lon="2.533383"/>
    <trkpt lat="39.533787" lon="2.533414"/>
    <trkpt lat="39.533682" lon="2.533446"/>
    <trkpt lat="39.533558" lon="2.533470"/>
    <trkpt lat="39.533426" lon="2.533490"/>
    <trkpt lat="39.533199" lon="2.533514"/>
    <trkpt lat="39.532980" lon="2.533529"/>
    <trkpt lat="39.532075" lon="2.533546"/>
    <trkpt lat="39.531652" lon="2.533557"/>
    <trkpt lat="39.531560" lon="2.533562"/>
    <trkpt lat="39.531473" lon="2.533570"/>
    <trkpt lat="39.531415" lon="2.533575"/>
    <trkpt lat="39.531340" lon="2.533590"/>
    <trkpt lat="39.531252" lon="2.533610"/>
    <trkpt lat="39.531206" lon="2.533623"/>
    <trkpt lat="39.531155" lon="2.533642"/>
    <trkpt lat="39.531090" lon="2.533667"/>
    <trkpt lat="39.531010" lon="2.533703"/>
    <trkpt lat="39.530930" lon="2.533747"/>
    <trkpt lat="39.530827" lon="2.533811"/>
    <trkpt lat="39.530762" lon="2.533856"/>
    <trkpt lat="39.530653" lon="2.533945"/>
    <trkpt lat="39.530523" lon="2.534066"/>
    <trkpt lat="39.530242" lon="2.534352"/>
    <trkpt lat="39.530130" lon="2.534429"/>
    <trkpt lat="39.530095" lon="2.534455"/>
    <trkpt lat="39.530050" lon="2.534484"/>
    <trkpt lat="39.530027" lon="2.534498"/>
    <trkpt lat="39.529994" lon="2.534513"/>
    <trkpt lat="39.529951" lon="2.534526"/>
    <trkpt lat="39.529884" lon="2.534537"/>
    <trkpt lat="39.529851" lon="2.534521"/>
    <trkpt lat="39.529816" lon="2.534513"/>
    <trkpt lat="39.529780" lon="2.534511"/>
    <trkpt lat="39.529745" lon="2.534517"/>
    <trkpt lat="39.529710" lon="2.534530"/>
    <trkpt lat="39.529678" lon="2.534550"/>
    <trkpt lat="39.529648" lon="2.534576"/>
    <trkpt lat="39.529622" lon="2.534608"/>
    <trkpt lat="39.529600" lon="2.534644"/>
    <trkpt lat="39.529583" lon="2.534685"/>
    <trkpt lat="39.529571" lon="2.534728"/>
    <trkpt lat="39.529564" lon="2.534774"/>
    <trkpt lat="39.529563" lon="2.534821"/>
    <trkpt lat="39.529539" lon="2.534904"/>
    <trkpt lat="39.529528" lon="2.534962"/>
    <trkpt lat="39.529515" lon="2.535008"/>
    <trkpt lat="39.529496" lon="2.535054"/>
    <trkpt lat="39.529472" lon="2.535098"/>
    <trkpt lat="39.529446" lon="2.535133"/>
    <trkpt lat="39.529373" lon="2.535236"/>
    <trkpt lat="39.529183" lon="2.535436"/>
    <trkpt lat="39.528583" lon="2.536052"/>
    <trkpt lat="39.528261" lon="2.536376"/>
    <trkpt lat="39.528165" lon="2.536441"/>
    <trkpt lat="39.528137" lon="2.536456"/>
    <trkpt lat="39.528109" lon="2.536465"/>
    <trkpt lat="39.528073" lon="2.536470"/>
    <trkpt lat="39.527951" lon="2.536478"/>
    <trkpt lat="39.527917" lon="2.536473"/>
    <trkpt lat="39.527882" lon="2.536475"/>
    <trkpt lat="39.527851" lon="2.536484"/>
    <trkpt lat="39.527821" lon="2.536498"/>
    <trkpt lat="39.527793" lon="2.536519"/>
    <trkpt lat="39.527768" lon="2.536545"/>
    <trkpt lat="39.527747" lon="2.536575"/>
    <trkpt lat="39.527729" lon="2.536609"/>
    <trkpt lat="39.527716" lon="2.536647"/>
    <trkpt lat="39.527707" lon="2.536687"/>
    <trkpt lat="39.527703" lon="2.536731"/>
    <trkpt lat="39.527705" lon="2.536775"/>
    <trkpt lat="39.527644" lon="2.536924"/>
    <trkpt lat="39.527594" lon="2.537020"/>
    <trkpt lat="39.527536" lon="2.537122"/>
    <trkpt lat="39.527112" lon="2.537561"/>
    <trkpt lat="39.526961" lon="2.537664"/>
    <trkpt lat="39.526904" lon="2.537714"/>
    <trkpt lat="39.526732" lon="2.537894"/>
    <trkpt lat="39.526688" lon="2.537940"/>
    <trkpt lat="39.526606" lon="2.538010"/>
    <trkpt lat="39.526528" lon="2.538049"/>
    <trkpt lat="39.526487" lon="2.538028"/>
    <trkpt lat="39.526443" lon="2.538022"/>
    <trkpt lat="39.526400" lon="2.538032"/>
    <trkpt lat="39.526361" lon="2.538056"/>
    <trkpt lat="39.526331" lon="2.538088"/>
    <trkpt lat="39.526308" lon="2.538128"/>
    <trkpt lat="39.526293" lon="2.538173"/>
    <trkpt lat="39.526289" lon="2.538197"/>
    <trkpt lat="39.526287" lon="2.538258"/>
    <trkpt lat="39.526300" lon="2.538317"/>
    <trkpt lat="39.526324" lon="2.538369"/>
    <trkpt lat="39.526357" lon="2.538407"/>
    <trkpt lat="39.526397" lon="2.538433"/>
    <trkpt lat="39.526442" lon="2.538444"/>
    <trkpt lat="39.526487" lon="2.538438"/>
    <trkpt lat="39.526529" lon="2.538417"/>
    <trkpt lat="39.526599" lon="2.538530"/>
    <trkpt lat="39.526867" lon="2.538964"/>
    <trkpt lat="39.527528" lon="2.540027"/>
    <trkpt lat="39.527605" lon="2.540157"/>
    <trkpt lat="39.527768" lon="2.540435"/>
    <trkpt lat="39.527819" lon="2.540551"/>
    <trkpt lat="39.527875" lon="2.540693"/>
    <trkpt lat="39.527853" lon="2.540733"/>
    <trkpt lat="39.527848" lon="2.540786"/>
    <trkpt lat="39.527860" lon="2.540867"/>
    <trkpt lat="39.527874" lon="2.540938"/>
    <trkpt lat="39.527901" lon="2.540980"/>
    <trkpt lat="39.527935" lon="2.541018"/>
    <trkpt lat="39.527964" lon="2.541039"/>
    <trkpt lat="39.527994" lon="2.541043"/>
    <trkpt lat="39.528027" lon="2.541257"/>
    <trkpt lat="39.528070" lon="2.541816"/>
    <trkpt lat="39.528096" lon="2.542221"/>
    <trkpt lat="39.528144" lon="2.542871"/>
    <trkpt lat="39.528230" lon="2.544162"/>
    <trkpt lat="39.528242" lon="2.544335"/>
    <trkpt lat="39.528255" lon="2.544485"/>
    <trkpt lat="39.528299" lon="2.545064"/>
    <trkpt lat="39.528350" lon="2.545804"/>
    <trkpt lat="39.528436" lon="2.547057"/>
    <trkpt lat="39.528452" lon="2.547224"/>
    <trkpt lat="39.528505" lon="2.547600"/>
    <trkpt lat="39.528487" lon="2.547687"/>
    <trkpt lat="39.528482" lon="2.547789"/>
    <trkpt lat="39.528496" lon="2.547905"/>
    <trkpt lat="39.528513" lon="2.547970"/>
    <trkpt lat="39.528649" lon="2.548426"/>
    <trkpt lat="39.528685" lon="2.548954"/>
    <trkpt lat="39.528734" lon="2.549545"/>
    <trkpt lat="39.528766" lon="2.549809"/>
    <trkpt lat="39.528795" lon="2.550002"/>
    <trkpt lat="39.528836" lon="2.550239"/>
    <trkpt lat="39.528879" lon="2.550481"/>
    <trkpt lat="39.529018" lon="2.551052"/>
    <trkpt lat="39.529042" lon="2.551231"/>
    <trkpt lat="39.529038" lon="2.551474"/>
    <trkpt lat="39.529051" lon="2.551571"/>
    <trkpt lat="39.529065" lon="2.551627"/>
    <trkpt lat="39.529078" lon="2.551700"/>
    <trkpt lat="39.529109" lon="2.551755"/>
    <trkpt lat="39.529139" lon="2.551782"/>
    <trkpt lat="39.529175" lon="2.551850"/>
    <trkpt lat="39.529220" lon="2.551901"/>
    <trkpt lat="39.529288" lon="2.551978"/>
    <trkpt lat="39.529348" lon="2.552088"/>
    <trkpt lat="39.529376" lon="2.552152"/>
    <trkpt lat="39.529409" lon="2.552205"/>
    <trkpt lat="39.530023" lon="2.553842"/>
    <trkpt lat="39.530575" lon="2.555311"/>
    <trkpt lat="39.530902" lon="2.556193"/>
    <trkpt lat="39.531071" lon="2.556637"/>
    <trkpt lat="39.531098" lon="2.556704"/>
    <trkpt lat="39.531253" lon="2.557081"/>
    <trkpt lat="39.531295" lon="2.557180"/>
    <trkpt lat="39.531408" lon="2.557433"/>
    <trkpt lat="39.531442" lon="2.557529"/>
    <trkpt lat="39.531474" lon="2.557633"/>
    <trkpt lat="39.531500" lon="2.557726"/>
    <trkpt lat="39.531508" lon="2.557783"/>
    <trkpt lat="39.531521" lon="2.557832"/>
    <trkpt lat="39.531546" lon="2.557872"/>
    <trkpt lat="39.531581" lon="2.557953"/>
    <trkpt lat="39.531695" lon="2.558128"/>
    <trkpt lat="39.531799" lon="2.558299"/>
    <trkpt lat="39.531856" lon="2.558493"/>
    <trkpt lat="39.531913" lon="2.558700"/>
    <trkpt lat="39.532063" lon="2.559084"/>
    <trkpt lat="39.532219" lon="2.559468"/>
    <trkpt lat="39.532267" lon="2.559583"/>
    <trkpt lat="39.532350" lon="2.559812"/>
    <trkpt lat="39.532701" lon="2.560583"/>
    <trkpt lat="39.532799" lon="2.560798"/>
    <trkpt lat="39.532862" lon="2.560942"/>
    <trkpt lat="39.532955" lon="2.561190"/>
    <trkpt lat="39.533040" lon="2.561419"/>
    <trkpt lat="39.533109" lon="2.561615"/>
    <trkpt lat="39.533159" lon="2.561769"/>
    <trkpt lat="39.533181" lon="2.561835"/>
    <trkpt lat="39.533236" lon="2.562009"/>
    <trkpt lat="39.533289" lon="2.562201"/>
    <trkpt lat="39.533324" lon="2.562380"/>
    <trkpt lat="39.533359" lon="2.562617"/>
    <trkpt lat="39.533394" lon="2.562813"/>
    <trkpt lat="39.533435" lon="2.563358"/>
    <trkpt lat="39.533446" lon="2.563688"/>
    <trkpt lat="39.533458" lon="2.563982"/>
    <trkpt lat="39.533467" lon="2.564106"/>
    <trkpt lat="39.533471" lon="2.564303"/>
    <trkpt lat="39.533474" lon="2.564467"/>
    <trkpt lat="39.533475" lon="2.564550"/>
    <trkpt lat="39.533431" lon="2.564598"/>
    <trkpt lat="39.533400" lon="2.564661"/>
    <trkpt lat="39.533384" lon="2.564739"/>
    <trkpt lat="39.533388" lon="2.564819"/>
    <trkpt lat="39.533411" lon="2.564894"/>
    <trkpt lat="39.533444" lon="2.564945"/>
    <trkpt lat="39.533486" lon="2.564984"/>
    <trkpt lat="39.533561" lon="2.565335"/>
    <trkpt lat="39.533575" lon="2.565635"/>
    <trkpt lat="39.533580" lon="2.565719"/>
    <trkpt lat="39.533624" lon="2.566544"/>
    <trkpt lat="39.533637" lon="2.566726"/>
    <trkpt lat="39.533657" lon="2.566885"/>
    <trkpt lat="39.533680" lon="2.567063"/>
    <trkpt lat="39.533710" lon="2.567227"/>
    <trkpt lat="39.533739" lon="2.567347"/>
    <trkpt lat="39.533773" lon="2.567448"/>
    <trkpt lat="39.533848" lon="2.567617"/>
    <trkpt lat="39.533890" lon="2.567696"/>
    <trkpt lat="39.533935" lon="2.567764"/>
    <trkpt lat="39.533984" lon="2.567833"/>
    <trkpt lat="39.534032" lon="2.567892"/>
    <trkpt lat="39.534085" lon="2.567947"/>
    <trkpt lat="39.534141" lon="2.567995"/>
    <trkpt lat="39.534265" lon="2.568081"/>
    <trkpt lat="39.534355" lon="2.568123"/>
    <trkpt lat="39.534406" lon="2.568139"/>
    <trkpt lat="39.534437" lon="2.568149"/>
    <trkpt lat="39.534534" lon="2.568175"/>
    <trkpt lat="39.534735" lon="2.568220"/>
    <trkpt lat="39.535349" lon="2.568356"/>
    <trkpt lat="39.536029" lon="2.568504"/>
    <trkpt lat="39.536136" lon="2.568531"/>
    <trkpt lat="39.536248" lon="2.568566"/>
    <trkpt lat="39.536366" lon="2.568628"/>
    <trkpt lat="39.536456" lon="2.568690"/>
    <trkpt lat="39.536598" lon="2.568833"/>
    <trkpt lat="39.536729" lon="2.568986"/>
    <trkpt lat="39.536850" lon="2.569144"/>
    <trkpt lat="39.536950" lon="2.569299"/>
    <trkpt lat="39.536991" lon="2.569384"/>
    <trkpt lat="39.537020" lon="2.569458"/>
    <trkpt lat="39.537044" lon="2.569550"/>
    <trkpt lat="39.537058" lon="2.569640"/>
    <trkpt lat="39.537068" lon="2.569719"/>
    <trkpt lat="39.537071" lon="2.569792"/>
    <trkpt lat="39.537066" lon="2.569873"/>
    <trkpt lat="39.537052" lon="2.569943"/>
    <trkpt lat="39.537017" lon="2.570058"/>
    <trkpt lat="39.536975" lon="2.570166"/>
    <trkpt lat="39.536948" lon="2.570221"/>
    <trkpt lat="39.536918" lon="2.570274"/>
    <trkpt lat="39.536879" lon="2.570327"/>
    <trkpt lat="39.536856" lon="2.570354"/>
    <trkpt lat="39.536824" lon="2.570386"/>
    <trkpt lat="39.536788" lon="2.570415"/>
    <trkpt lat="39.536743" lon="2.570447"/>
    <trkpt lat="39.536693" lon="2.570467"/>
    <trkpt lat="39.536201" lon="2.570657"/>
    <trkpt lat="39.536087" lon="2.570701"/>
    <trkpt lat="39.535944" lon="2.570761"/>
    <trkpt lat="39.535932" lon="2.570765"/>
    <trkpt lat="39.535813" lon="2.570825"/>
    <trkpt lat="39.535751" lon="2.570856"/>
    <trkpt lat="39.535679" lon="2.570914"/>
    <trkpt lat="39.535612" lon="2.570982"/>
    <trkpt lat="39.535544" lon="2.571057"/>
    <trkpt lat="39.535482" lon="2.571140"/>
    <trkpt lat="39.535439" lon="2.571205"/>
    <trkpt lat="39.535400" lon="2.571277"/>
    <trkpt lat="39.535360" lon="2.571355"/>
    <trkpt lat="39.535326" lon="2.571436"/>
    <trkpt lat="39.535295" lon="2.571537"/>
    <trkpt lat="39.535272" lon="2.571619"/>
    <trkpt lat="39.535231" lon="2.571823"/>
    <trkpt lat="39.535213" lon="2.571915"/>
    <trkpt lat="39.535146" lon="2.572262"/>
    <trkpt lat="39.535128" lon="2.572398"/>
    <trkpt lat="39.535086" lon="2.572603"/>
    <trkpt lat="39.535076" lon="2.572656"/>
    <trkpt lat="39.535068" lon="2.572699"/>
    <trkpt lat="39.535053" lon="2.572773"/>
    <trkpt lat="39.535027" lon="2.572911"/>
    <trkpt lat="39.534956" lon="2.573285"/>
    <trkpt lat="39.534945" lon="2.573374"/>
    <trkpt lat="39.534936" lon="2.573464"/>
    <trkpt lat="39.534935" lon="2.573549"/>
    <trkpt lat="39.534951" lon="2.573631"/>
    <trkpt lat="39.534978" lon="2.573686"/>
    <trkpt lat="39.534996" lon="2.573720"/>
    <trkpt lat="39.535025" lon="2.573761"/>
    <trkpt lat="39.535055" lon="2.573786"/>
    <trkpt lat="39.535088" lon="2.573811"/>
    <trkpt lat="39.535121" lon="2.573827"/>
    <trkpt lat="39.535191" lon="2.573843"/>
    <trkpt lat="39.535443" lon="2.573853"/>
    <trkpt lat="39.535509" lon="2.573853"/>
    <trkpt lat="39.535738" lon="2.573850"/>
    <trkpt lat="39.536049" lon="2.573871"/>
    <trkpt lat="39.536126" lon="2.573883"/>
    <trkpt lat="39.536170" lon="2.573892"/>
    <trkpt lat="39.536219" lon="2.573910"/>
    <trkpt lat="39.536264" lon="2.573930"/>
    <trkpt lat="39.536298" lon="2.573948"/>
    <trkpt lat="39.536465" lon="2.574049"/>
    <trkpt lat="39.536548" lon="2.574113"/>
    <trkpt lat="39.536666" lon="2.574248"/>
    <trkpt lat="39.536773" lon="2.574380"/>
    <trkpt lat="39.536929" lon="2.574597"/>
    <trkpt lat="39.537189" lon="2.574961"/>
    <trkpt lat="39.537257" lon="2.575058"/>
    <trkpt lat="39.537374" lon="2.575245"/>
    <trkpt lat="39.537587" lon="2.575585"/>
    <trkpt lat="39.537639" lon="2.575676"/>
    <trkpt lat="39.537981" lon="2.576274"/>
    <trkpt lat="39.538208" lon="2.576671"/>
    <trkpt lat="39.538344" lon="2.576907"/>
    <trkpt lat="39.538623" lon="2.577388"/>
    <trkpt lat="39.538890" lon="2.577837"/>
    <trkpt lat="39.538991" lon="2.578016"/>
    <trkpt lat="39.539049" lon="2.578153"/>
    <trkpt lat="39.539117" lon="2.578341"/>
    <trkpt lat="39.539174" lon="2.578527"/>
    <trkpt lat="39.539222" lon="2.578714"/>
    <trkpt lat="39.539258" lon="2.578903"/>
    <trkpt lat="39.539279" lon="2.579077"/>
    <trkpt lat="39.539281" lon="2.579253"/>
    <trkpt lat="39.539251" lon="2.579606"/>
    <trkpt lat="39.539217" lon="2.579918"/>
    <trkpt lat="39.539168" lon="2.580320"/>
    <trkpt lat="39.539151" lon="2.580558"/>
    <trkpt lat="39.539157" lon="2.580724"/>
    <trkpt lat="39.539181" lon="2.580868"/>
    <trkpt lat="39.539273" lon="2.581086"/>
    <trkpt lat="39.539375" lon="2.581293"/>
    <trkpt lat="39.539640" lon="2.581798"/>
    <trkpt lat="39.539715" lon="2.581940"/>
    <trkpt lat="39.539787" lon="2.582084"/>
    <trkpt lat="39.539915" lon="2.582343"/>
    <trkpt lat="39.540220" lon="2.582910"/>
    <trkpt lat="39.540249" lon="2.582964"/>
    <trkpt lat="39.540362" lon="2.583125"/>
    <trkpt lat="39.540452" lon="2.583295"/>
    <trkpt lat="39.540471" lon="2.583339"/>
    <trkpt lat="39.540498" lon="2.583474"/>
    <trkpt lat="39.540501" lon="2.583557"/>
    <trkpt lat="39.540519" lon="2.583652"/>
    <trkpt lat="39.540559" lon="2.583731"/>
    <trkpt lat="39.540604" lon="2.583773"/>
    <trkpt lat="39.540673" lon="2.583800"/>
    <trkpt lat="39.540740" lon="2.583798"/>
    <trkpt lat="39.540808" lon="2.583770"/>
    <trkpt lat="39.540890" lon="2.583687"/>
    <trkpt lat="39.540931" lon="2.583676"/>
    <trkpt lat="39.540979" lon="2.583673"/>
    <trkpt lat="39.541033" lon="2.583684"/>
    <trkpt lat="39.541070" lon="2.583692"/>
    <trkpt lat="39.541359" lon="2.583907"/>
    <trkpt lat="39.542364" lon="2.584635"/>
    <trkpt lat="39.542505" lon="2.584732"/>
    <trkpt lat="39.542695" lon="2.584882"/>
    <trkpt lat="39.542752" lon="2.584943"/>
    <trkpt lat="39.542794" lon="2.584990"/>
    <trkpt lat="39.542847" lon="2.585073"/>
    <trkpt lat="39.542893" lon="2.585137"/>
    <trkpt lat="39.542939" lon="2.585220"/>
    <trkpt lat="39.542981" lon="2.585322"/>
    <trkpt lat="39.543018" lon="2.585435"/>
    <trkpt lat="39.543048" lon="2.585564"/>
    <trkpt lat="39.543069" lon="2.585704"/>
    <trkpt lat="39.543088" lon="2.585911"/>
    <trkpt lat="39.543080" lon="2.586503"/>
    <trkpt lat="39.543052" lon="2.587147"/>
    <trkpt lat="39.543042" lon="2.588392"/>
    <trkpt lat="39.543039" lon="2.588527"/>
    <trkpt lat="39.543038" lon="2.588555"/>
    <trkpt lat="39.543028" lon="2.589114"/>
    <trkpt lat="39.543026" lon="2.589237"/>
    <trkpt lat="39.543022" lon="2.589362"/>
    <trkpt lat="39.543014" lon="2.589540"/>
    <trkpt lat="39.543003" lon="2.590118"/>
    <trkpt lat="39.543000" lon="2.590457"/>
    <trkpt lat="39.543006" lon="2.590652"/>
    <trkpt lat="39.543025" lon="2.590817"/>
    <trkpt lat="39.543052" lon="2.590968"/>
    <trkpt lat="39.543211" lon="2.591667"/>
    <trkpt lat="39.543227" lon="2.591721"/>
    <trkpt lat="39.543300" lon="2.592011"/>
    <trkpt lat="39.543324" lon="2.592114"/>
    <trkpt lat="39.543435" lon="2.592588"/>
    <trkpt lat="39.543495" lon="2.592829"/>
    <trkpt lat="39.543554" lon="2.593047"/>
    <trkpt lat="39.543609" lon="2.593233"/>
    <trkpt lat="39.543623" lon="2.593283"/>
    <trkpt lat="39.543660" lon="2.593357"/>
    <trkpt lat="39.543697" lon="2.593417"/>
    <trkpt lat="39.543799" lon="2.593554"/>
    <trkpt lat="39.543870" lon="2.593640"/>
    <trkpt lat="39.543981" lon="2.593761"/>
    <trkpt lat="39.544123" lon="2.593895"/>
    <trkpt lat="39.544310" lon="2.594072"/>
    <trkpt lat="39.544422" lon="2.594187"/>
    <trkpt lat="39.544494" lon="2.594291"/>
    <trkpt lat="39.544704" lon="2.594677"/>
    <trkpt lat="39.544799" lon="2.594852"/>
    <trkpt lat="39.545028" lon="2.595270"/>
    <trkpt lat="39.545046" lon="2.595304"/>
    <trkpt lat="39.545096" lon="2.595397"/>
    <trkpt lat="39.545167" lon="2.595495"/>
    <trkpt lat="39.545250" lon="2.595576"/>
    <trkpt lat="39.545321" lon="2.595626"/>
    <trkpt lat="39.545358" lon="2.595638"/>
    <trkpt lat="39.545395" lon="2.595646"/>
    <trkpt lat="39.545465" lon="2.595654"/>
    <trkpt lat="39.545576" lon="2.595648"/>
    <trkpt lat="39.545633" lon="2.595637"/>
    <trkpt lat="39.545689" lon="2.595615"/>
    <trkpt lat="39.545740" lon="2.595581"/>
    <trkpt lat="39.545814" lon="2.595532"/>
    <trkpt lat="39.545942" lon="2.595432"/>
    <trkpt lat="39.546268" lon="2.595117"/>
    <trkpt lat="39.546355" lon="2.595031"/>
    <trkpt lat="39.546433" lon="2.594970"/>
    <trkpt lat="39.546476" lon="2.594945"/>
    <trkpt lat="39.546526" lon="2.594923"/>
    <trkpt lat="39.546573" lon="2.594911"/>
    <trkpt lat="39.546628" lon="2.594902"/>
    <trkpt lat="39.546702" lon="2.594903"/>
    <trkpt lat="39.546803" lon="2.594913"/>
    <trkpt lat="39.546834" lon="2.594925"/>
    <trkpt lat="39.546882" lon="2.594947"/>
    <trkpt lat="39.546928" lon="2.594977"/>
    <trkpt lat="39.547027" lon="2.595065"/>
    <trkpt lat="39.547077" lon="2.595133"/>
    <trkpt lat="39.547124" lon="2.595213"/>
    <trkpt lat="39.547343" lon="2.595691"/>
    <trkpt lat="39.547396" lon="2.595807"/>
    <trkpt lat="39.547498" lon="2.596028"/>
    <trkpt lat="39.547554" lon="2.596152"/>
    <trkpt lat="39.547603" lon="2.596266"/>
    <trkpt lat="39.547704" lon="2.596460"/>
    <trkpt lat="39.547748" lon="2.596520"/>
    <trkpt lat="39.547794" lon="2.596573"/>
    <trkpt lat="39.547836" lon="2.596620"/>
    <trkpt lat="39.547886" lon="2.596658"/>
    <trkpt lat="39.547932" lon="2.596686"/>
    <trkpt lat="39.547976" lon="2.596710"/>
    <trkpt lat="39.548038" lon="2.596733"/>
    <trkpt lat="39.548416" lon="2.596817"/>
    <trkpt lat="39.548499" lon="2.596835"/>
    <trkpt lat="39.548609" lon="2.596858"/>
    <trkpt lat="39.548873" lon="2.596907"/>
    <trkpt lat="39.549013" lon="2.596945"/>
    <trkpt lat="39.549065" lon="2.596961"/>
    <trkpt lat="39.549127" lon="2.596988"/>
    <trkpt lat="39.549206" lon="2.597042"/>
    <trkpt lat="39.549278" lon="2.597104"/>
    <trkpt lat="39.549421" lon="2.597245"/>
    <trkpt lat="39.549579" lon="2.597401"/>
    <trkpt lat="39.549681" lon="2.597508"/>
    <trkpt lat="39.549763" lon="2.597610"/>
    <trkpt lat="39.549830" lon="2.597710"/>
    <trkpt lat="39.549909" lon="2.597853"/>
    <trkpt lat="39.550077" lon="2.598179"/>
    <trkpt lat="39.550157" lon="2.598327"/>
    <trkpt lat="39.550212" lon="2.598429"/>
    <trkpt lat="39.550230" lon="2.598464"/>
    <trkpt lat="39.550366" lon="2.598726"/>
    <trkpt lat="39.550409" lon="2.598808"/>
    <trkpt lat="39.550443" lon="2.598874"/>
    <trkpt lat="39.550881" lon="2.599721"/>
    <trkpt lat="39.550937" lon="2.599819"/>
    <trkpt lat="39.551031" lon="2.599939"/>
    <trkpt lat="39.551138" lon="2.600039"/>
    <trkpt lat="39.551228" lon="2.600124"/>
    <trkpt lat="39.551329" lon="2.600218"/>
    <trkpt lat="39.551419" lon="2.600313"/>
    <trkpt lat="39.551482" lon="2.600392"/>
    <trkpt lat="39.551519" lon="2.600446"/>
    <trkpt lat="39.551548" lon="2.600500"/>
    <trkpt lat="39.551602" lon="2.600613"/>
    <trkpt lat="39.551652" lon="2.600734"/>
    <trkpt lat="39.551946" lon="2.601489"/>
    <trkpt lat="39.552004" lon="2.601632"/>
    <trkpt lat="39.552037" lon="2.601707"/>
    <trkpt lat="39.552225" lon="2.602178"/>
    <trkpt lat="39.552276" lon="2.602305"/>
    <trkpt lat="39.552322" lon="2.602412"/>
    <trkpt lat="39.552504" lon="2.602875"/>
    <trkpt lat="39.552543" lon="2.602979"/>
    <trkpt lat="39.552568" lon="2.603076"/>
    <trkpt lat="39.552580" lon="2.603171"/>
    <trkpt lat="39.552583" lon="2.603257"/>
    <trkpt lat="39.552571" lon="2.603437"/>
    <trkpt lat="39.552518" lon="2.604181"/>
    <trkpt lat="39.552515" lon="2.604265"/>
    <trkpt lat="39.552517" lon="2.604374"/>
    <trkpt lat="39.552532" lon="2.604475"/>
    <trkpt lat="39.552560" lon="2.604562"/>
    <trkpt lat="39.552605" lon="2.604657"/>
    <trkpt lat="39.552652" lon="2.604728"/>
    <trkpt lat="39.552729" lon="2.604800"/>
    <trkpt lat="39.552780" lon="2.604834"/>
    <trkpt lat="39.552818" lon="2.604852"/>
    <trkpt lat="39.552866" lon="2.604872"/>
    <trkpt lat="39.552905" lon="2.604878"/>
    <trkpt lat="39.552966" lon="2.604885"/>
    <trkpt lat="39.553025" lon="2.604885"/>
    <trkpt lat="39.553153" lon="2.604873"/>
    <trkpt lat="39.553223" lon="2.604864"/>
    <trkpt lat="39.553291" lon="2.604857"/>
    <trkpt lat="39.553409" lon="2.604859"/>
    <trkpt lat="39.553481" lon="2.604858"/>
    <trkpt lat="39.553518" lon="2.604865"/>
    <trkpt lat="39.553560" lon="2.604877"/>
    <trkpt lat="39.553596" lon="2.604893"/>
    <trkpt lat="39.553628" lon="2.604913"/>
    <trkpt lat="39.553659" lon="2.604939"/>
    <trkpt lat="39.553685" lon="2.604962"/>
    <trkpt lat="39.553715" lon="2.604998"/>
    <trkpt lat="39.553737" lon="2.605029"/>
    <trkpt lat="39.553765" lon="2.605077"/>
    <trkpt lat="39.553783" lon="2.605120"/>
    <trkpt lat="39.553806" lon="2.605212"/>
    <trkpt lat="39.553817" lon="2.605278"/>
    <trkpt lat="39.553821" lon="2.605327"/>
    <trkpt lat="39.553819" lon="2.605372"/>
    <trkpt lat="39.553807" lon="2.605448"/>
    <trkpt lat="39.553783" lon="2.605518"/>
    <trkpt lat="39.553756" lon="2.605589"/>
    <trkpt lat="39.553743" lon="2.605625"/>
    <trkpt lat="39.553590" lon="2.605979"/>
    <trkpt lat="39.553543" lon="2.606068"/>
    <trkpt lat="39.553493" lon="2.606149"/>
    <trkpt lat="39.553422" lon="2.606237"/>
    <trkpt lat="39.553345" lon="2.606327"/>
    <trkpt lat="39.553179" lon="2.606512"/>
    <trkpt lat="39.553145" lon="2.606547"/>
    <trkpt lat="39.553119" lon="2.606574"/>
    <trkpt lat="39.553061" lon="2.606643"/>
    <trkpt lat="39.553007" lon="2.606715"/>
    <trkpt lat="39.552975" lon="2.606774"/>
    <trkpt lat="39.552947" lon="2.606840"/>
    <trkpt lat="39.552923" lon="2.606910"/>
    <trkpt lat="39.552905" lon="2.606986"/>
    <trkpt lat="39.552887" lon="2.607102"/>
    <trkpt lat="39.552874" lon="2.607209"/>
    <trkpt lat="39.552827" lon="2.607546"/>
    <trkpt lat="39.552805" lon="2.607707"/>
    <trkpt lat="39.552793" lon="2.607786"/>
    <trkpt lat="39.552775" lon="2.607859"/>
    <trkpt lat="39.552739" lon="2.607963"/>
    <trkpt lat="39.552688" lon="2.608055"/>
    <trkpt lat="39.552650" lon="2.608105"/>
    <trkpt lat="39.552606" lon="2.608153"/>
    <trkpt lat="39.552580" lon="2.608187"/>
    <trkpt lat="39.552508" lon="2.608233"/>
    <trkpt lat="39.552437" lon="2.608261"/>
    <trkpt lat="39.552364" lon="2.608266"/>
    <trkpt lat="39.552286" lon="2.608293"/>
    <trkpt lat="39.552233" lon="2.608323"/>
    <trkpt lat="39.552181" lon="2.608355"/>
    <trkpt lat="39.551994" lon="2.608521"/>
    <trkpt lat="39.551808" lon="2.608701"/>
    <trkpt lat="39.551741" lon="2.608765"/>
    <trkpt lat="39.551680" lon="2.608835"/>
    <trkpt lat="39.551641" lon="2.608888"/>
    <trkpt lat="39.551607" lon="2.608943"/>
    <trkpt lat="39.551577" lon="2.608998"/>
    <trkpt lat="39.551553" lon="2.609053"/>
    <trkpt lat="39.551519" lon="2.609146"/>
    <trkpt lat="39.551494" lon="2.609227"/>
    <trkpt lat="39.551197" lon="2.610339"/>
    <trkpt lat="39.551184" lon="2.610409"/>
    <trkpt lat="39.551178" lon="2.610469"/>
    <trkpt lat="39.551175" lon="2.610533"/>
    <trkpt lat="39.551178" lon="2.610598"/>
    <trkpt lat="39.551183" lon="2.610660"/>
    <trkpt lat="39.551198" lon="2.610739"/>
    <trkpt lat="39.551216" lon="2.610808"/>
    <trkpt lat="39.551255" lon="2.610912"/>
    <trkpt lat="39.551293" lon="2.610978"/>
    <trkpt lat="39.551362" lon="2.611077"/>
    <trkpt lat="39.551445" lon="2.611178"/>
    <trkpt lat="39.551637" lon="2.611428"/>
    <trkpt lat="39.551709" lon="2.611559"/>
    <trkpt lat="39.551762" lon="2.611695"/>
    <trkpt lat="39.551794" lon="2.611792"/>
    <trkpt lat="39.551819" lon="2.611889"/>
    <trkpt lat="39.551883" lon="2.612186"/>
    <trkpt lat="39.551932" lon="2.612419"/>
    <trkpt lat="39.551969" lon="2.612616"/>
    <trkpt lat="39.551997" lon="2.612762"/>
    <trkpt lat="39.552021" lon="2.612891"/>
    <trkpt lat="39.552049" lon="2.613011"/>
    <trkpt lat="39.552079" lon="2.613162"/>
    <trkpt lat="39.552122" lon="2.613369"/>
    <trkpt lat="39.552155" lon="2.613544"/>
    <trkpt lat="39.552159" lon="2.613567"/>
    <trkpt lat="39.552167" lon="2.613610"/>
    <trkpt lat="39.552172" lon="2.613637"/>
    <trkpt lat="39.552189" lon="2.613722"/>
    <trkpt lat="39.552210" lon="2.614048"/>
    <trkpt lat="39.552220" lon="2.614134"/>
    <trkpt lat="39.552236" lon="2.614302"/>
    <trkpt lat="39.552243" lon="2.614820"/>
    <trkpt lat="39.552244" lon="2.614851"/>
    <trkpt lat="39.552251" lon="2.615947"/>
    <trkpt lat="39.552239" lon="2.616078"/>
    <trkpt lat="39.552218" lon="2.616201"/>
    <trkpt lat="39.552158" lon="2.616433"/>
    <trkpt lat="39.552112" lon="2.616544"/>
    <trkpt lat="39.552058" lon="2.616657"/>
    <trkpt lat="39.551754" lon="2.617117"/>
    <trkpt lat="39.551722" lon="2.617151"/>
    <trkpt lat="39.551663" lon="2.617212"/>
    <trkpt lat="39.551571" lon="2.617316"/>
    <trkpt lat="39.551480" lon="2.617429"/>
    <trkpt lat="39.551391" lon="2.617547"/>
    <trkpt lat="39.551304" lon="2.617677"/>
    <trkpt lat="39.551226" lon="2.617808"/>
    <trkpt lat="39.551153" lon="2.617948"/>
    <trkpt lat="39.551085" lon="2.618091"/>
    <trkpt lat="39.551022" lon="2.618236"/>
    <trkpt lat="39.550986" lon="2.618330"/>
    <trkpt lat="39.550952" lon="2.618426"/>
    <trkpt lat="39.550902" lon="2.618580"/>
    <trkpt lat="39.550864" lon="2.618728"/>
    <trkpt lat="39.550796" lon="2.619057"/>
    <trkpt lat="39.550756" lon="2.619300"/>
    <trkpt lat="39.550697" lon="2.619715"/>
    <trkpt lat="39.550694" lon="2.619737"/>
    <trkpt lat="39.550689" lon="2.619777"/>
    <trkpt lat="39.550658" lon="2.619987"/>
    <trkpt lat="39.550621" lon="2.620244"/>
    <trkpt lat="39.550584" lon="2.620496"/>
    <trkpt lat="39.550559" lon="2.620667"/>
    <trkpt lat="39.550545" lon="2.620749"/>
    <trkpt lat="39.550527" lon="2.620830"/>
    <trkpt lat="39.550507" lon="2.620914"/>
    <trkpt lat="39.550485" lon="2.620994"/>
    <trkpt lat="39.550437" lon="2.621150"/>
    <trkpt lat="39.550411" lon="2.621227"/>
    <trkpt lat="39.550383" lon="2.621306"/>
    <trkpt lat="39.550301" lon="2.621539"/>
    <trkpt lat="39.550250" lon="2.621693"/>
    <trkpt lat="39.550216" lon="2.621825"/>
    <trkpt lat="39.550196" lon="2.621928"/>
    <trkpt lat="39.550186" lon="2.622016"/>
    <trkpt lat="39.550183" lon="2.622102"/>
    <trkpt lat="39.550181" lon="2.622187"/>
    <trkpt lat="39.550182" lon="2.622267"/>
    <trkpt lat="39.550186" lon="2.622435"/>
    <trkpt lat="39.550190" lon="2.622690"/>
    <trkpt lat="39.550196" lon="2.622945"/>
    <trkpt lat="39.550197" lon="2.622960"/>
    <trkpt lat="39.550201" lon="2.623031"/>
    <trkpt lat="39.550208" lon="2.623117"/>
    <trkpt lat="39.550219" lon="2.623200"/>
    <trkpt lat="39.550233" lon="2.623288"/>
    <trkpt lat="39.550249" lon="2.623369"/>
    <trkpt lat="39.550271" lon="2.623449"/>
    <trkpt lat="39.550297" lon="2.623531"/>
    <trkpt lat="39.550326" lon="2.623607"/>
    <trkpt lat="39.550362" lon="2.623680"/>
    <trkpt lat="39.550406" lon="2.623756"/>
    <trkpt lat="39.550448" lon="2.623818"/>
    <trkpt lat="39.550509" lon="2.623896"/>
    <trkpt lat="39.550550" lon="2.623938"/>
    <trkpt lat="39.550598" lon="2.623981"/>
    <trkpt lat="39.550652" lon="2.624026"/>
    <trkpt lat="39.550699" lon="2.624057"/>
    <trkpt lat="39.550745" lon="2.624085"/>
    <trkpt lat="39.550801" lon="2.624110"/>
    <trkpt lat="39.550912" lon="2.624146"/>
    <trkpt lat="39.550948" lon="2.624153"/>
    <trkpt lat="39.550985" lon="2.624160"/>
    <trkpt lat="39.551032" lon="2.624166"/>
    <trkpt lat="39.551099" lon="2.624175"/>
    <trkpt lat="39.551139" lon="2.624170"/>
    <trkpt lat="39.551203" lon="2.624164"/>
    <trkpt lat="39.551242" lon="2.624158"/>
    <trkpt lat="39.551273" lon="2.624153"/>
    <trkpt lat="39.551337" lon="2.624141"/>
    <trkpt lat="39.551472" lon="2.624111"/>
    <trkpt lat="39.551605" lon="2.624077"/>
    <trkpt lat="39.551733" lon="2.624043"/>
    <trkpt lat="39.551868" lon="2.624005"/>
    <trkpt lat="39.551998" lon="2.623971"/>
    <trkpt lat="39.552133" lon="2.623935"/>
    <trkpt lat="39.552264" lon="2.623900"/>
    <trkpt lat="39.552369" lon="2.623872"/>
    <trkpt lat="39.552593" lon="2.623812"/>
    <trkpt lat="39.552675" lon="2.623791"/>
    <trkpt lat="39.552760" lon="2.623772"/>
    <trkpt lat="39.552792" lon="2.623765"/>
    <trkpt lat="39.552860" lon="2.623751"/>
    <trkpt lat="39.553046" lon="2.623723"/>
    <trkpt lat="39.553110" lon="2.623719"/>
    <trkpt lat="39.553189" lon="2.623712"/>
    <trkpt lat="39.553283" lon="2.623707"/>
    <trkpt lat="39.553386" lon="2.623705"/>
    <trkpt lat="39.553517" lon="2.623717"/>
    <trkpt lat="39.553680" lon="2.623753"/>
    <trkpt lat="39.553850" lon="2.623804"/>
    <trkpt lat="39.553954" lon="2.623844"/>
    <trkpt lat="39.554044" lon="2.623880"/>
    <trkpt lat="39.554124" lon="2.623917"/>
    <trkpt lat="39.554135" lon="2.623921"/>
    <trkpt lat="39.554245" lon="2.623974"/>
    <trkpt lat="39.554333" lon="2.624033"/>
    <trkpt lat="39.554385" lon="2.624065"/>
    <trkpt lat="39.554493" lon="2.624133"/>
    <trkpt lat="39.554639" lon="2.624220"/>
    <trkpt lat="39.554737" lon="2.624278"/>
    <trkpt lat="39.554837" lon="2.624340"/>
    <trkpt lat="39.555021" lon="2.624453"/>
    <trkpt lat="39.555147" lon="2.624529"/>
    <trkpt lat="39.555265" lon="2.624601"/>
    <trkpt lat="39.555570" lon="2.624786"/>
    <trkpt lat="39.555812" lon="2.624935"/>
    <trkpt lat="39.555936" lon="2.625011"/>
    <trkpt lat="39.556059" lon="2.625085"/>
    <trkpt lat="39.556242" lon="2.625197"/>
    <trkpt lat="39.556362" lon="2.625271"/>
    <trkpt lat="39.556484" lon="2.625344"/>
    <trkpt lat="39.556604" lon="2.625418"/>
    <trkpt lat="39.556786" lon="2.625530"/>
    <trkpt lat="39.556912" lon="2.625605"/>
    <trkpt lat="39.557117" lon="2.625731"/>
    <trkpt lat="39.557371" lon="2.625883"/>
    <trkpt lat="39.557508" lon="2.625968"/>
    <trkpt lat="39.557585" lon="2.626015"/>
    <trkpt lat="39.557636" lon="2.626047"/>
    <trkpt lat="39.557754" lon="2.626120"/>
    <trkpt lat="39.557878" lon="2.626194"/>
    <trkpt lat="39.557998" lon="2.626267"/>
    <trkpt lat="39.558122" lon="2.626336"/>
    <trkpt lat="39.558250" lon="2.626399"/>
    <trkpt lat="39.558374" lon="2.626456"/>
    <trkpt lat="39.558505" lon="2.626503"/>
    <trkpt lat="39.558612" lon="2.626535"/>
    <trkpt lat="39.558636" lon="2.626542"/>
    <trkpt lat="39.558767" lon="2.626576"/>
    <trkpt lat="39.558898" lon="2.626601"/>
    <trkpt lat="39.559032" lon="2.626622"/>
    <trkpt lat="39.559170" lon="2.626644"/>
    <trkpt lat="39.559365" lon="2.626678"/>
    <trkpt lat="39.559569" lon="2.626718"/>
    <trkpt lat="39.559710" lon="2.626749"/>
    <trkpt lat="39.559792" lon="2.626769"/>
    <trkpt lat="39.559872" lon="2.626789"/>
    <trkpt lat="39.560004" lon="2.626824"/>
    <trkpt lat="39.560248" lon="2.626893"/>
    <trkpt lat="39.560581" lon="2.626964"/>
    <trkpt lat="39.560646" lon="2.626977"/>
    <trkpt lat="39.561166" lon="2.627086"/>
    <trkpt lat="39.561240" lon="2.627102"/>
    <trkpt lat="39.561385" lon="2.627139"/>
    <trkpt lat="39.561555" lon="2.627177"/>
    <trkpt lat="39.561667" lon="2.627203"/>
    <trkpt lat="39.561688" lon="2.627206"/>
    <trkpt lat="39.561837" lon="2.627248"/>
    <trkpt lat="39.561976" lon="2.627296"/>
    <trkpt lat="39.562172" lon="2.627326"/>
    <trkpt lat="39.562376" lon="2.627376"/>
    <trkpt lat="39.562464" lon="2.627389"/>
    <trkpt lat="39.562600" lon="2.627444"/>
    <trkpt lat="39.562776" lon="2.627515"/>
    <trkpt lat="39.562858" lon="2.627572"/>
    <trkpt lat="39.562941" lon="2.627597"/>
    <trkpt lat="39.563085" lon="2.627678"/>
    <trkpt lat="39.563456" lon="2.627916"/>
    <trkpt lat="39.563483" lon="2.627927"/>
    <trkpt lat="39.563626" lon="2.627980"/>
    <trkpt lat="39.563690" lon="2.628002"/>
    <trkpt lat="39.563738" lon="2.628022"/>
    <trkpt lat="39.563924" lon="2.628100"/>
    <trkpt lat="39.564094" lon="2.628171"/>
    <trkpt lat="39.564614" lon="2.628378"/>
    <trkpt lat="39.564807" lon="2.628455"/>
    <trkpt lat="39.565006" lon="2.628535"/>
    <trkpt lat="39.565037" lon="2.628547"/>
    <trkpt lat="39.565127" lon="2.628583"/>
    <trkpt lat="39.565262" lon="2.628637"/>
    <trkpt lat="39.565393" lon="2.628689"/>
    <trkpt lat="39.565517" lon="2.628739"/>
    <trkpt lat="39.565650" lon="2.628793"/>
    <trkpt lat="39.565780" lon="2.628848"/>
    <trkpt lat="39.565903" lon="2.628905"/>
    <trkpt lat="39.566014" lon="2.628962"/>
    <trkpt lat="39.566029" lon="2.628970"/>
    <trkpt lat="39.566092" lon="2.629006"/>
    <trkpt lat="39.566156" lon="2.629045"/>
    <trkpt lat="39.566215" lon="2.629082"/>
    <trkpt lat="39.566338" lon="2.629164"/>
    <trkpt lat="39.566402" lon="2.629210"/>
    <trkpt lat="39.566457" lon="2.629253"/>
    <trkpt lat="39.566562" lon="2.629339"/>
    <trkpt lat="39.566619" lon="2.629388"/>
    <trkpt lat="39.566685" lon="2.629447"/>
    <trkpt lat="39.566739" lon="2.629497"/>
    <trkpt lat="39.566795" lon="2.629553"/>
    <trkpt lat="39.566846" lon="2.629604"/>
    <trkpt lat="39.566918" lon="2.629680"/>
    <trkpt lat="39.566974" lon="2.629741"/>
    <trkpt lat="39.567042" lon="2.629814"/>
    <trkpt lat="39.567142" lon="2.629922"/>
    <trkpt lat="39.567233" lon="2.630020"/>
    <trkpt lat="39.567255" lon="2.630044"/>
    <trkpt lat="39.567276" lon="2.630067"/>
    <trkpt lat="39.567318" lon="2.630111"/>
    <trkpt lat="39.567369" lon="2.630166"/>
    <trkpt lat="39.567468" lon="2.630275"/>
    <trkpt lat="39.567588" lon="2.630415"/>
    <trkpt lat="39.567717" lon="2.630575"/>
    <trkpt lat="39.567763" lon="2.630639"/>
    <trkpt lat="39.567788" lon="2.630675"/>
    <trkpt lat="39.567809" lon="2.630705"/>
    <trkpt lat="39.567853" lon="2.630773"/>
    <trkpt lat="39.567894" lon="2.630839"/>
    <trkpt lat="39.567935" lon="2.630910"/>
    <trkpt lat="39.567975" lon="2.630980"/>
    <trkpt lat="39.568014" lon="2.631049"/>
    <trkpt lat="39.568052" lon="2.631122"/>
    <trkpt lat="39.568088" lon="2.631192"/>
    <trkpt lat="39.568125" lon="2.631266"/>
    <trkpt lat="39.568197" lon="2.631415"/>
    <trkpt lat="39.568214" lon="2.631456"/>
    <trkpt lat="39.568232" lon="2.631497"/>
    <trkpt lat="39.568263" lon="2.631570"/>
    <trkpt lat="39.568292" lon="2.631642"/>
    <trkpt lat="39.568356" lon="2.631799"/>
    <trkpt lat="39.568385" lon="2.631879"/>
    <trkpt lat="39.568412" lon="2.631959"/>
    <trkpt lat="39.568438" lon="2.632040"/>
    <trkpt lat="39.568462" lon="2.632122"/>
    <trkpt lat="39.568483" lon="2.632203"/>
    <trkpt lat="39.568522" lon="2.632371"/>
    <trkpt lat="39.568555" lon="2.632539"/>
    <trkpt lat="39.568582" lon="2.632707"/>
    <trkpt lat="39.568608" lon="2.632882"/>
    <trkpt lat="39.568640" lon="2.633133"/>
    <trkpt lat="39.568650" lon="2.633217"/>
    <trkpt lat="39.568658" lon="2.633313"/>
    <trkpt lat="39.568665" lon="2.633393"/>
    <trkpt lat="39.568673" lon="2.633479"/>
    <trkpt lat="39.568680" lon="2.633569"/>
    <trkpt lat="39.568694" lon="2.633747"/>
    <trkpt lat="39.568708" lon="2.633918"/>
    <trkpt lat="39.568722" lon="2.634094"/>
    <trkpt lat="39.568746" lon="2.634383"/>
    <trkpt lat="39.568749" lon="2.634422"/>
    <trkpt lat="39.568761" lon="2.634578"/>
    <trkpt lat="39.568768" lon="2.634656"/>
    <trkpt lat="39.568791" lon="2.634952"/>
    <trkpt lat="39.568793" lon="2.634976"/>
    <trkpt lat="39.568827" lon="2.635439"/>
    <trkpt lat="39.568842" lon="2.635558"/>
    <trkpt lat="39.568855" lon="2.635639"/>
    <trkpt lat="39.568866" lon="2.635727"/>
    <trkpt lat="39.568874" lon="2.635815"/>
    <trkpt lat="39.568884" lon="2.635903"/>
    <trkpt lat="39.568892" lon="2.635988"/>
    <trkpt lat="39.568900" lon="2.636076"/>
    <trkpt lat="39.568915" lon="2.636249"/>
    <trkpt lat="39.568927" lon="2.636423"/>
    <trkpt lat="39.568943" lon="2.636599"/>
    <trkpt lat="39.568958" lon="2.636768"/>
    <trkpt lat="39.568973" lon="2.636946"/>
    <trkpt lat="39.568987" lon="2.637116"/>
    <trkpt lat="39.569000" lon="2.637288"/>
    <trkpt lat="39.569007" lon="2.637376"/>
    <trkpt lat="39.569024" lon="2.637547"/>
    <trkpt lat="39.569056" lon="2.637779"/>
    <trkpt lat="39.569081" lon="2.637909"/>
    <trkpt lat="39.569110" lon="2.638062"/>
    <trkpt lat="39.569145" lon="2.638238"/>
    <trkpt lat="39.569209" lon="2.638586"/>
    <trkpt lat="39.569272" lon="2.638947"/>
    <trkpt lat="39.569278" lon="2.638982"/>
    <trkpt lat="39.569309" lon="2.639056"/>
    <trkpt lat="39.569336" lon="2.639108"/>
    <trkpt lat="39.569369" lon="2.639158"/>
    <trkpt lat="39.569396" lon="2.639197"/>
    <trkpt lat="39.569440" lon="2.639237"/>
    <trkpt lat="39.569492" lon="2.639273"/>
    <trkpt lat="39.569563" lon="2.639304"/>
    <trkpt lat="39.569658" lon="2.639341"/>
    <trkpt lat="39.570137" lon="2.639541"/>
    <trkpt lat="39.570168" lon="2.639554"/>
    <trkpt lat="39.570182" lon="2.639560"/>
    <trkpt lat="39.570363" lon="2.639632"/>
    <trkpt lat="39.570677" lon="2.639761"/>
    <trkpt lat="39.570779" lon="2.639803"/>
    <trkpt lat="39.571093" lon="2.639934"/>
    <trkpt lat="39.571143" lon="2.639956"/>
    <trkpt lat="39.571575" lon="2.640140"/>
    <trkpt lat="39.571615" lon="2.640180"/>
    <trkpt lat="39.571688" lon="2.640293"/>
    <trkpt lat="39.571721" lon="2.640473"/>
    <trkpt lat="39.571709" lon="2.640546"/>
    <trkpt lat="39.571684" lon="2.640647"/>
    <trkpt lat="39.571582" lon="2.641125"/>
    <trkpt lat="39.571569" lon="2.641198"/>
    <trkpt lat="39.571566" lon="2.641255"/>
    <trkpt lat="39.571573" lon="2.641299"/>
    <trkpt lat="39.571591" lon="2.641342"/>
    <trkpt lat="39.571629" lon="2.641377"/>
    <trkpt lat="39.571671" lon="2.641390"/>
    <trkpt lat="39.571977" lon="2.641454"/>
    <trkpt lat="39.572245" lon="2.641511"/>
    <trkpt lat="39.572313" lon="2.641526"/>
    <trkpt lat="39.572553" lon="2.641589"/>
    <trkpt lat="39.572622" lon="2.641605"/>
    <trkpt lat="39.573077" lon="2.641684"/>
    <trkpt lat="39.573226" lon="2.641707"/>
    <trkpt lat="39.573259" lon="2.641722"/>
    <trkpt lat="39.573295" lon="2.641752"/>
    <trkpt lat="39.573329" lon="2.641786"/>
    <trkpt lat="39.573525" lon="2.642089"/>
    <trkpt lat="39.573775" lon="2.642515"/>
    <trkpt lat="39.574225" lon="2.643259"/>
    <trkpt lat="39.574304" lon="2.643365"/>
    <trkpt lat="39.574342" lon="2.643421"/>
    <trkpt lat="39.574387" lon="2.643459"/>
    <trkpt lat="39.574592" lon="2.643524"/>
    <trkpt lat="39.575983" lon="2.644016"/>
    <trkpt lat="39.576116" lon="2.643996"/>
    <trkpt lat="39.576120" lon="2.644117"/>
    <trkpt lat="39.576121" lon="2.644141"/>
    <trkpt lat="39.576134" lon="2.644423"/>
    <trkpt lat="39.576139" lon="2.644493"/>
    <trkpt lat="39.576149" lon="2.644621"/>
    <trkpt lat="39.576162" lon="2.644884"/>
    <trkpt lat="39.576177" lon="2.645177"/>
    <trkpt lat="39.576199" lon="2.645715"/>
    <trkpt lat="39.576206" lon="2.645828"/>
    <trkpt lat="39.576230" lon="2.646366"/>
    <trkpt lat="39.576241" lon="2.646470"/>
    <trkpt lat="39.576263" lon="2.646565"/>
    <trkpt lat="39.576300" lon="2.646669"/>
    <trkpt lat="39.576418" lon="2.646800"/>
    <trkpt lat="39.576802" lon="2.647223"/>
    <trkpt lat="39.576819" lon="2.647242"/>
    <trkpt lat="39.576994" lon="2.647437"/>
    <trkpt lat="39.577212" lon="2.647674"/>
    <trkpt lat="39.577301" lon="2.647769"/>
    <trkpt lat="39.577628" lon="2.648125"/>
    <trkpt lat="39.578040" lon="2.648538"/>
    <trkpt lat="39.578293" lon="2.648791"/>
    <trkpt lat="39.578357" lon="2.648877"/>
    <trkpt lat="39.578405" lon="2.648987"/>
    <trkpt lat="39.578417" lon="2.649061"/>
    <trkpt lat="39.578415" lon="2.649131"/>
    <trkpt lat="39.578388" lon="2.649254"/>
    <trkpt lat="39.578222" lon="2.649743"/>
    <trkpt lat="39.578061" lon="2.650206"/>
    <trkpt lat="39.577902" lon="2.650714"/>
    <trkpt lat="39.577826" lon="2.650949"/>
    <trkpt lat="39.577658" lon="2.651462"/>
    <trkpt lat="39.577433" lon="2.652155"/>
    <trkpt lat="39.577363" lon="2.652360"/>
    <trkpt lat="39.577294" lon="2.652559"/>
    <trkpt lat="39.577277" lon="2.652608"/>
    <trkpt lat="39.577238" lon="2.652690"/>
    <trkpt lat="39.577195" lon="2.652758"/>
    <trkpt lat="39.577127" lon="2.652828"/>
    <trkpt lat="39.576432" lon="2.653287"/>
    <trkpt lat="39.576251" lon="2.653404"/>
    <trkpt lat="39.576183" lon="2.653458"/>
    <trkpt lat="39.575991" lon="2.653628"/>
    <trkpt lat="39.575978" lon="2.653644"/>
    <trkpt lat="39.575957" lon="2.653700"/>
    <trkpt lat="39.575935" lon="2.653748"/>
    <trkpt lat="39.575910" lon="2.653794"/>
    <trkpt lat="39.575883" lon="2.653834"/>
    <trkpt lat="39.575717" lon="2.654033"/>
    <trkpt lat="39.575697" lon="2.654084"/>
    <trkpt lat="39.575429" lon="2.654423"/>
    <trkpt lat="39.576024" lon="2.655272"/>
  </trkseg></trk>
</gpx>
