<?xml version="1.0" encoding="UTF-8"?>
<gpx version="1.1" creator="top-gas" xmlns="http://www.topografix.com/GPX/1/1" xmlns:xsi="http://www.w3.org/2001/XMLSchema-instance" xsi:schemaLocation="http://www.topografix.com/GPX/1/1 http://www.topografix.com/GPX/1/1/gpx.xsd">
  <metadata><name>02 · Migjorn: Cap Blanc y Colònia de Sant Jordi (Fácil)</name><desc>Rectas y curvas suaves por el sur de la isla. Faro de Cap Blanc, salinas de Es Trenc y café en Colònia de Sant Jordi. Dificultad: Fácil. Distancia aprox.: 147 km.</desc><keywords>moto, mallorca, fácil</keywords></metadata>
  <wpt lat="39.576000" lon="2.655300"><name>Palma (Plaça d'Espanya)</name></wpt>
  <wpt lat="39.490300" lon="2.890800"><name>Llucmajor</name></wpt>
  <wpt lat="39.363600" lon="2.789600"><name>Faro de Cap Blanc</name></wpt>
  <wpt lat="39.337800" lon="3.053600"><name>Ses Salines</name></wpt>
  <wpt lat="39.317200" lon="2.993600"><name>Colònia de Sant Jordi</name></wpt>
  <wpt lat="39.430600" lon="3.019400"><name>Campos</name></wpt>
  <trk><name>02 · Migjorn: Cap Blanc y Colònia de Sant Jordi (Fácil)</name><desc>Rectas y curvas suaves por el sur de la isla. Faro de Cap Blanc, salinas de Es Trenc y café en Colònia de Sant Jordi. Dificultad: Fácil. Distancia aprox.: 147 km.</desc><type>Moto</type><trkseg>
    <trkpt lat="39.576024" lon="2.655272"/>
    <trkpt lat="39.575429" lon="2.654423"/>
    <trkpt lat="39.575697" lon="2.654084"/>
    <trkpt lat="39.575734" lon="2.654057"/>
    <trkpt lat="39.575901" lon="2.653860"/>
    <trkpt lat="39.575926" lon="2.653835"/>
    <trkpt lat="39.575951" lon="2.653820"/>
    <trkpt lat="39.575996" lon="2.653802"/>
    <trkpt lat="39.576082" lon="2.653788"/>
    <trkpt lat="39.576092" lon="2.653774"/>
    <trkpt lat="39.576237" lon="2.653617"/>
    <trkpt lat="39.576267" lon="2.653590"/>
    <trkpt lat="39.576335" lon="2.653538"/>
    <trkpt lat="39.576487" lon="2.653436"/>
    <trkpt lat="39.576799" lon="2.653225"/>
    <trkpt lat="39.577293" lon="2.652892"/>
    <trkpt lat="39.577401" lon="2.652692"/>
    <trkpt lat="39.577417" lon="2.652645"/>
    <trkpt lat="39.577513" lon="2.652360"/>
    <trkpt lat="39.577363" lon="2.652360"/>
    <trkpt lat="39.577294" lon="2.652559"/>
    <trkpt lat="39.577277" lon="2.652608"/>
    <trkpt lat="39.577238" lon="2.652690"/>
    <trkpt lat="39.577196" lon="2.652758"/>
    <trkpt lat="39.577127" lon="2.652828"/>
    <trkpt lat="39.576432" lon="2.653287"/>
    <trkpt lat="39.576251" lon="2.653404"/>
    <trkpt lat="39.576184" lon="2.653459"/>
    <trkpt lat="39.575991" lon="2.653628"/>
    <trkpt lat="39.575978" lon="2.653644"/>
    <trkpt lat="39.575832" lon="2.653821"/>
    <trkpt lat="39.575552" lon="2.654140"/>
    <trkpt lat="39.575524" lon="2.654170"/>
    <trkpt lat="39.575501" lon="2.654195"/>
    <trkpt lat="39.575371" lon="2.654381"/>
    <trkpt lat="39.575299" lon="2.654524"/>
    <trkpt lat="39.575032" lon="2.655134"/>
    <trkpt lat="39.574982" lon="2.655248"/>
    <trkpt lat="39.574940" lon="2.655317"/>
    <trkpt lat="39.574931" lon="2.655329"/>
    <trkpt lat="39.574855" lon="2.655391"/>
    <trkpt lat="39.574788" lon="2.655423"/>
    <trkpt lat="39.574514" lon="2.655483"/>
    <trkpt lat="39.574348" lon="2.655504"/>
    <trkpt lat="39.573795" lon="2.655575"/>
    <trkpt lat="39.573748" lon="2.655581"/>
    <trkpt lat="39.573621" lon="2.655614"/>
    <trkpt lat="39.573539" lon="2.655654"/>
    <trkpt lat="39.573449" lon="2.655761"/>
    <trkpt lat="39.572953" lon="2.656416"/>
    <trkpt lat="39.572804" lon="2.656594"/>
    <trkpt lat="39.572780" lon="2.656617"/>
    <trkpt lat="39.572713" lon="2.656682"/>
    <trkpt lat="39.572668" lon="2.656715"/>
    <trkpt lat="39.572612" lon="2.656738"/>
    <trkpt lat="39.572569" lon="2.656741"/>
    <trkpt lat="39.572414" lon="2.656730"/>
    <trkpt lat="39.572135" lon="2.656693"/>
    <trkpt lat="39.571694" lon="2.656629"/>
    <trkpt lat="39.571501" lon="2.656600"/>
    <trkpt lat="39.571419" lon="2.656595"/>
    <trkpt lat="39.571370" lon="2.656595"/>
    <trkpt lat="39.571127" lon="2.656729"/>
    <trkpt lat="39.570848" lon="2.656899"/>
    <trkpt lat="39.570360" lon="2.657184"/>
    <trkpt lat="39.570327" lon="2.657204"/>
    <trkpt lat="39.570306" lon="2.657212"/>
    <trkpt lat="39.570212" lon="2.657242"/>
    <trkpt lat="39.570139" lon="2.657268"/>
    <trkpt lat="39.570004" lon="2.657236"/>
    <trkpt lat="39.569991" lon="2.657232"/>
    <trkpt lat="39.569979" lon="2.657229"/>
    <trkpt lat="39.569505" lon="2.656997"/>
    <trkpt lat="39.569134" lon="2.656815"/>
    <trkpt lat="39.568959" lon="2.656752"/>
    <trkpt lat="39.568895" lon="2.656755"/>
    <trkpt lat="39.568840" lon="2.656776"/>
    <trkpt lat="39.567640" lon="2.657250"/>
    <trkpt lat="39.567630" lon="2.657254"/>
    <trkpt lat="39.567563" lon="2.657276"/>
    <trkpt lat="39.567496" lon="2.657278"/>
    <trkpt lat="39.567435" lon="2.657259"/>
    <trkpt lat="39.567000" lon="2.656883"/>
    <trkpt lat="39.566948" lon="2.656835"/>
    <trkpt lat="39.566847" lon="2.656734"/>
    <trkpt lat="39.566745" lon="2.656690"/>
    <trkpt lat="39.566599" lon="2.656659"/>
    <trkpt lat="39.566523" lon="2.656646"/>
    <trkpt lat="39.566513" lon="2.656644"/>
    <trkpt lat="39.566316" lon="2.656614"/>
    <trkpt lat="39.566265" lon="2.656609"/>
    <trkpt lat="39.566182" lon="2.656595"/>
    <trkpt lat="39.566095" lon="2.656584"/>
    <trkpt lat="39.565845" lon="2.656566"/>
    <trkpt lat="39.565742" lon="2.656558"/>
    <trkpt lat="39.564966" lon="2.656500"/>
    <trkpt lat="39.564843" lon="2.656492"/>
    <trkpt lat="39.564730" lon="2.656482"/>
    <trkpt lat="39.564701" lon="2.656481"/>
    <trkpt lat="39.564677" lon="2.656480"/>
    <trkpt lat="39.564659" lon="2.656484"/>
    <trkpt lat="39.564617" lon="2.656492"/>
    <trkpt lat="39.564534" lon="2.656526"/>
    <trkpt lat="39.564489" lon="2.656551"/>
    <trkpt lat="39.564454" lon="2.656580"/>
    <trkpt lat="39.564427" lon="2.656613"/>
    <trkpt lat="39.564405" lon="2.656649"/>
    <trkpt lat="39.564384" lon="2.656707"/>
    <trkpt lat="39.564368" lon="2.656761"/>
    <trkpt lat="39.564323" lon="2.656963"/>
    <trkpt lat="39.564328" lon="2.657329"/>
    <trkpt lat="39.564322" lon="2.657544"/>
    <trkpt lat="39.564304" lon="2.657758"/>
    <trkpt lat="39.564284" lon="2.657907"/>
    <trkpt lat="39.564256" lon="2.658041"/>
    <trkpt lat="39.564220" lon="2.658181"/>
    <trkpt lat="39.564178" lon="2.658321"/>
    <trkpt lat="39.564134" lon="2.658456"/>
    <trkpt lat="39.564087" lon="2.658595"/>
    <trkpt lat="39.564038" lon="2.658735"/>
    <trkpt lat="39.563990" lon="2.658871"/>
    <trkpt lat="39.563941" lon="2.659011"/>
    <trkpt lat="39.563894" lon="2.659145"/>
    <trkpt lat="39.563849" lon="2.659273"/>
    <trkpt lat="39.563749" lon="2.659554"/>
    <trkpt lat="39.563656" lon="2.659824"/>
    <trkpt lat="39.563560" lon="2.660091"/>
    <trkpt lat="39.563512" lon="2.660227"/>
    <trkpt lat="39.563465" lon="2.660359"/>
    <trkpt lat="39.563419" lon="2.660494"/>
    <trkpt lat="39.563322" lon="2.660767"/>
    <trkpt lat="39.563274" lon="2.660903"/>
    <trkpt lat="39.563228" lon="2.661036"/>
    <trkpt lat="39.563137" lon="2.661310"/>
    <trkpt lat="39.563090" lon="2.661457"/>
    <trkpt lat="39.563039" lon="2.661625"/>
    <trkpt lat="39.563030" lon="2.661661"/>
    <trkpt lat="39.562980" lon="2.661853"/>
    <trkpt lat="39.562941" lon="2.662016"/>
    <trkpt lat="39.562902" lon="2.662216"/>
    <trkpt lat="39.562868" lon="2.662413"/>
    <trkpt lat="39.562838" lon="2.662607"/>
    <trkpt lat="39.562812" lon="2.662804"/>
    <trkpt lat="39.562795" lon="2.662958"/>
    <trkpt lat="39.562790" lon="2.663014"/>
    <trkpt lat="39.562777" lon="2.663177"/>
    <trkpt lat="39.562775" lon="2.663221"/>
    <trkpt lat="39.562769" lon="2.663425"/>
    <trkpt lat="39.562768" lon="2.663478"/>
    <trkpt lat="39.562766" lon="2.663589"/>
    <trkpt lat="39.562765" lon="2.663783"/>
    <trkpt lat="39.562765" lon="2.663980"/>
    <trkpt lat="39.562771" lon="2.664938"/>
    <trkpt lat="39.562775" lon="2.665508"/>
    <trkpt lat="39.562777" lon="2.665702"/>
    <trkpt lat="39.562782" lon="2.666278"/>
    <trkpt lat="39.562785" lon="2.666454"/>
    <trkpt lat="39.562789" lon="2.666639"/>
    <trkpt lat="39.562799" lon="2.666827"/>
    <trkpt lat="39.562812" lon="2.667013"/>
    <trkpt lat="39.562828" lon="2.667202"/>
    <trkpt lat="39.562848" lon="2.667394"/>
    <trkpt lat="39.562871" lon="2.667587"/>
    <trkpt lat="39.562900" lon="2.667787"/>
    <trkpt lat="39.562911" lon="2.667858"/>
    <trkpt lat="39.562933" lon="2.667974"/>
    <trkpt lat="39.562958" lon="2.668092"/>
    <trkpt lat="39.563050" lon="2.668451"/>
    <trkpt lat="39.563169" lon="2.668822"/>
    <trkpt lat="39.563287" lon="2.669156"/>
    <trkpt lat="39.563408" lon="2.669497"/>
    <trkpt lat="39.563529" lon="2.669825"/>
    <trkpt lat="39.563655" lon="2.670166"/>
    <trkpt lat="39.563777" lon="2.670506"/>
    <trkpt lat="39.563897" lon="2.670847"/>
    <trkpt lat="39.564020" lon="2.671213"/>
    <trkpt lat="39.564118" lon="2.671533"/>
    <trkpt lat="39.564214" lon="2.671864"/>
    <trkpt lat="39.564314" lon="2.672231"/>
    <trkpt lat="39.564396" lon="2.672576"/>
    <trkpt lat="39.564484" lon="2.672986"/>
    <trkpt lat="39.564565" lon="2.673412"/>
    <trkpt lat="39.564635" lon="2.673826"/>
    <trkpt lat="39.564696" lon="2.674259"/>
    <trkpt lat="39.564748" lon="2.674675"/>
    <trkpt lat="39.564786" lon="2.675093"/>
    <trkpt lat="39.564816" lon="2.675538"/>
    <trkpt lat="39.564839" lon="2.675952"/>
    <trkpt lat="39.564844" lon="2.676395"/>
    <trkpt lat="39.564838" lon="2.676821"/>
    <trkpt lat="39.564833" lon="2.676985"/>
    <trkpt lat="39.564827" lon="2.677219"/>
    <trkpt lat="39.564811" lon="2.677560"/>
    <trkpt lat="39.564774" lon="2.678098"/>
    <trkpt lat="39.564754" lon="2.678316"/>
    <trkpt lat="39.564733" lon="2.678528"/>
    <trkpt lat="39.564709" lon="2.678739"/>
    <trkpt lat="39.564682" lon="2.678963"/>
    <trkpt lat="39.564523" lon="2.680101"/>
    <trkpt lat="39.564246" lon="2.681982"/>
    <trkpt lat="39.564016" lon="2.683499"/>
    <trkpt lat="39.563923" lon="2.684173"/>
    <trkpt lat="39.563874" lon="2.684507"/>
    <trkpt lat="39.563819" lon="2.684898"/>
    <trkpt lat="39.563655" lon="2.686062"/>
    <trkpt lat="39.563600" lon="2.686447"/>
    <trkpt lat="39.563469" lon="2.687389"/>
    <trkpt lat="39.563382" lon="2.688000"/>
    <trkpt lat="39.563323" lon="2.688398"/>
    <trkpt lat="39.563291" lon="2.688587"/>
    <trkpt lat="39.563252" lon="2.688784"/>
    <trkpt lat="39.563210" lon="2.688978"/>
    <trkpt lat="39.563164" lon="2.689160"/>
    <trkpt lat="39.563112" lon="2.689351"/>
    <trkpt lat="39.563057" lon="2.689528"/>
    <trkpt lat="39.562997" lon="2.689705"/>
    <trkpt lat="39.562768" lon="2.690274"/>
    <trkpt lat="39.562625" lon="2.690577"/>
    <trkpt lat="39.562459" lon="2.690892"/>
    <trkpt lat="39.561204" lon="2.693123"/>
    <trkpt lat="39.561111" lon="2.693288"/>
    <trkpt lat="39.560931" lon="2.693607"/>
    <trkpt lat="39.560751" lon="2.693929"/>
    <trkpt lat="39.560665" lon="2.694082"/>
    <trkpt lat="39.560576" lon="2.694242"/>
    <trkpt lat="39.560397" lon="2.694556"/>
    <trkpt lat="39.560207" lon="2.694894"/>
    <trkpt lat="39.560036" lon="2.695200"/>
    <trkpt lat="39.559850" lon="2.695530"/>
    <trkpt lat="39.559663" lon="2.695861"/>
    <trkpt lat="39.559486" lon="2.696177"/>
    <trkpt lat="39.559300" lon="2.696507"/>
    <trkpt lat="39.559115" lon="2.696837"/>
    <trkpt lat="39.559022" lon="2.697001"/>
    <trkpt lat="39.558925" lon="2.697174"/>
    <trkpt lat="39.558831" lon="2.697338"/>
    <trkpt lat="39.558731" lon="2.697514"/>
    <trkpt lat="39.558652" lon="2.697650"/>
    <trkpt lat="39.558568" lon="2.697792"/>
    <trkpt lat="39.558478" lon="2.697935"/>
    <trkpt lat="39.558366" lon="2.698114"/>
    <trkpt lat="39.558244" lon="2.698301"/>
    <trkpt lat="39.558136" lon="2.698463"/>
    <trkpt lat="39.558031" lon="2.698616"/>
    <trkpt lat="39.557923" lon="2.698773"/>
    <trkpt lat="39.557835" lon="2.698897"/>
    <trkpt lat="39.557635" lon="2.699173"/>
    <trkpt lat="39.557336" lon="2.699593"/>
    <trkpt lat="39.556936" lon="2.700142"/>
    <trkpt lat="39.556479" lon="2.700774"/>
    <trkpt lat="39.555916" lon="2.701551"/>
    <trkpt lat="39.555811" lon="2.701695"/>
    <trkpt lat="39.555698" lon="2.701844"/>
    <trkpt lat="39.555573" lon="2.702000"/>
    <trkpt lat="39.555444" lon="2.702153"/>
    <trkpt lat="39.555318" lon="2.702291"/>
    <trkpt lat="39.555188" lon="2.702424"/>
    <trkpt lat="39.555051" lon="2.702551"/>
    <trkpt lat="39.554914" lon="2.702670"/>
    <trkpt lat="39.554764" lon="2.702789"/>
    <trkpt lat="39.554623" lon="2.702895"/>
    <trkpt lat="39.554472" lon="2.702999"/>
    <trkpt lat="39.554328" lon="2.703090"/>
    <trkpt lat="39.554185" lon="2.703170"/>
    <trkpt lat="39.554049" lon="2.703236"/>
    <trkpt lat="39.553904" lon="2.703299"/>
    <trkpt lat="39.553747" lon="2.703341"/>
    <trkpt lat="39.553654" lon="2.703362"/>
    <trkpt lat="39.553121" lon="2.703539"/>
    <trkpt lat="39.552958" lon="2.703567"/>
    <trkpt lat="39.552796" lon="2.703587"/>
    <trkpt lat="39.552618" lon="2.703598"/>
    <trkpt lat="39.552467" lon="2.703602"/>
    <trkpt lat="39.552306" lon="2.703599"/>
    <trkpt lat="39.552140" lon="2.703589"/>
    <trkpt lat="39.551687" lon="2.703503"/>
    <trkpt lat="39.551358" lon="2.703446"/>
    <trkpt lat="39.551118" lon="2.703423"/>
    <trkpt lat="39.550894" lon="2.703388"/>
    <trkpt lat="39.549819" lon="2.703228"/>
    <trkpt lat="39.549254" lon="2.703177"/>
    <trkpt lat="39.548882" lon="2.703189"/>
    <trkpt lat="39.548487" lon="2.703245"/>
    <trkpt lat="39.548281" lon="2.703301"/>
    <trkpt lat="39.547973" lon="2.703396"/>
    <trkpt lat="39.547704" lon="2.703505"/>
    <trkpt lat="39.547473" lon="2.703617"/>
    <trkpt lat="39.547273" lon="2.703737"/>
    <trkpt lat="39.547012" lon="2.703901"/>
    <trkpt lat="39.546854" lon="2.704019"/>
    <trkpt lat="39.546687" lon="2.704153"/>
    <trkpt lat="39.546440" lon="2.704370"/>
    <trkpt lat="39.546216" lon="2.704583"/>
    <trkpt lat="39.546084" lon="2.704708"/>
    <trkpt lat="39.545811" lon="2.704972"/>
    <trkpt lat="39.545553" lon="2.705218"/>
    <trkpt lat="39.545275" lon="2.705483"/>
    <trkpt lat="39.545013" lon="2.705732"/>
    <trkpt lat="39.544749" lon="2.705997"/>
    <trkpt lat="39.544499" lon="2.706265"/>
    <trkpt lat="39.544265" lon="2.706540"/>
    <trkpt lat="39.544029" lon="2.706872"/>
    <trkpt lat="39.543818" lon="2.707191"/>
    <trkpt lat="39.543715" lon="2.707367"/>
    <trkpt lat="39.543617" lon="2.707544"/>
    <trkpt lat="39.543526" lon="2.707721"/>
    <trkpt lat="39.543437" lon="2.707907"/>
    <trkpt lat="39.543355" lon="2.708091"/>
    <trkpt lat="39.543278" lon="2.708278"/>
    <trkpt lat="39.543204" lon="2.708474"/>
    <trkpt lat="39.543133" lon="2.708671"/>
    <trkpt lat="39.543069" lon="2.708864"/>
    <trkpt lat="39.543007" lon="2.709066"/>
    <trkpt lat="39.542949" lon="2.709264"/>
    <trkpt lat="39.542894" lon="2.709468"/>
    <trkpt lat="39.542841" lon="2.709668"/>
    <trkpt lat="39.542788" lon="2.709877"/>
    <trkpt lat="39.542399" lon="2.711367"/>
    <trkpt lat="39.541961" lon="2.713102"/>
    <trkpt lat="39.541842" lon="2.713562"/>
    <trkpt lat="39.541637" lon="2.714363"/>
    <trkpt lat="39.541502" lon="2.714890"/>
    <trkpt lat="39.541439" lon="2.715140"/>
    <trkpt lat="39.541312" lon="2.715632"/>
    <trkpt lat="39.541181" lon="2.716145"/>
    <trkpt lat="39.541054" lon="2.716642"/>
    <trkpt lat="39.540923" lon="2.717154"/>
    <trkpt lat="39.540858" lon="2.717407"/>
    <trkpt lat="39.540726" lon="2.717915"/>
    <trkpt lat="39.540631" lon="2.718286"/>
    <trkpt lat="39.540602" lon="2.718398"/>
    <trkpt lat="39.540550" lon="2.718572"/>
    <trkpt lat="39.540490" lon="2.718811"/>
    <trkpt lat="39.540248" lon="2.719779"/>
    <trkpt lat="39.540022" lon="2.720655"/>
    <trkpt lat="39.539957" lon="2.720902"/>
    <trkpt lat="39.539850" lon="2.721303"/>
    <trkpt lat="39.539721" lon="2.721753"/>
    <trkpt lat="39.539654" lon="2.721972"/>
    <trkpt lat="39.539588" lon="2.722183"/>
    <trkpt lat="39.539444" lon="2.722612"/>
    <trkpt lat="39.539284" lon="2.723057"/>
    <trkpt lat="39.539137" lon="2.723436"/>
    <trkpt lat="39.538983" lon="2.723822"/>
    <trkpt lat="39.538835" lon="2.724173"/>
    <trkpt lat="39.538692" lon="2.724498"/>
    <trkpt lat="39.538574" lon="2.724755"/>
    <trkpt lat="39.538411" lon="2.725105"/>
    <trkpt lat="39.538243" lon="2.725470"/>
    <trkpt lat="39.538074" lon="2.725833"/>
    <trkpt lat="39.537904" lon="2.726198"/>
    <trkpt lat="39.537737" lon="2.726562"/>
    <trkpt lat="39.537568" lon="2.726925"/>
    <trkpt lat="39.537401" lon="2.727288"/>
    <trkpt lat="39.537234" lon="2.727648"/>
    <trkpt lat="39.537063" lon="2.728019"/>
    <trkpt lat="39.536897" lon="2.728378"/>
    <trkpt lat="39.536730" lon="2.728740"/>
    <trkpt lat="39.536563" lon="2.729102"/>
    <trkpt lat="39.536393" lon="2.729468"/>
    <trkpt lat="39.536224" lon="2.729833"/>
    <trkpt lat="39.536054" lon="2.730197"/>
    <trkpt lat="39.535888" lon="2.730557"/>
    <trkpt lat="39.535720" lon="2.730922"/>
    <trkpt lat="39.535476" lon="2.731420"/>
    <trkpt lat="39.535047" lon="2.732374"/>
    <trkpt lat="39.534877" lon="2.732736"/>
    <trkpt lat="39.534705" lon="2.733093"/>
    <trkpt lat="39.534531" lon="2.733450"/>
    <trkpt lat="39.534354" lon="2.733807"/>
    <trkpt lat="39.534265" lon="2.733984"/>
    <trkpt lat="39.534172" lon="2.734165"/>
    <trkpt lat="39.534060" lon="2.734381"/>
    <trkpt lat="39.533946" lon="2.734597"/>
    <trkpt lat="39.533815" lon="2.734835"/>
    <trkpt lat="39.533448" lon="2.735473"/>
    <trkpt lat="39.533002" lon="2.736193"/>
    <trkpt lat="39.532795" lon="2.736515"/>
    <trkpt lat="39.532584" lon="2.736844"/>
    <trkpt lat="39.532476" lon="2.737012"/>
    <trkpt lat="39.532373" lon="2.737173"/>
    <trkpt lat="39.532269" lon="2.737338"/>
    <trkpt lat="39.532168" lon="2.737501"/>
    <trkpt lat="39.532065" lon="2.737668"/>
    <trkpt lat="39.531966" lon="2.737832"/>
    <trkpt lat="39.531731" lon="2.738233"/>
    <trkpt lat="39.531574" lon="2.738511"/>
    <trkpt lat="39.531386" lon="2.738862"/>
    <trkpt lat="39.531202" lon="2.739229"/>
    <trkpt lat="39.531037" lon="2.739566"/>
    <trkpt lat="39.530948" lon="2.739756"/>
    <trkpt lat="39.530867" lon="2.739937"/>
    <trkpt lat="39.530738" lon="2.740233"/>
    <trkpt lat="39.530589" lon="2.740597"/>
    <trkpt lat="39.530444" lon="2.740971"/>
    <trkpt lat="39.530372" lon="2.741161"/>
    <trkpt lat="39.530238" lon="2.741530"/>
    <trkpt lat="39.530106" lon="2.741909"/>
    <trkpt lat="39.529977" lon="2.742290"/>
    <trkpt lat="39.529915" lon="2.742481"/>
    <trkpt lat="39.529793" lon="2.742868"/>
    <trkpt lat="39.529674" lon="2.743246"/>
    <trkpt lat="39.529557" lon="2.743630"/>
    <trkpt lat="39.529440" lon="2.744013"/>
    <trkpt lat="39.529326" lon="2.744389"/>
    <trkpt lat="39.529207" lon="2.744786"/>
    <trkpt lat="39.529090" lon="2.745170"/>
    <trkpt lat="39.528971" lon="2.745555"/>
    <trkpt lat="39.528911" lon="2.745745"/>
    <trkpt lat="39.528850" lon="2.745938"/>
    <trkpt lat="39.528788" lon="2.746129"/>
    <trkpt lat="39.528667" lon="2.746502"/>
    <trkpt lat="39.528534" lon="2.746888"/>
    <trkpt lat="39.528466" lon="2.747078"/>
    <trkpt lat="39.528400" lon="2.747265"/>
    <trkpt lat="39.528332" lon="2.747449"/>
    <trkpt lat="39.528263" lon="2.747632"/>
    <trkpt lat="39.528207" lon="2.747778"/>
    <trkpt lat="39.528192" lon="2.747818"/>
    <trkpt lat="39.528119" lon="2.748002"/>
    <trkpt lat="39.527969" lon="2.748370"/>
    <trkpt lat="39.527815" lon="2.748734"/>
    <trkpt lat="39.527737" lon="2.748912"/>
    <trkpt lat="39.527658" lon="2.749091"/>
    <trkpt lat="39.527493" lon="2.749445"/>
    <trkpt lat="39.527410" lon="2.749621"/>
    <trkpt lat="39.527325" lon="2.749796"/>
    <trkpt lat="39.527238" lon="2.749973"/>
    <trkpt lat="39.527151" lon="2.750145"/>
    <trkpt lat="39.527062" lon="2.750316"/>
    <trkpt lat="39.526973" lon="2.750486"/>
    <trkpt lat="39.526883" lon="2.750652"/>
    <trkpt lat="39.526787" lon="2.750828"/>
    <trkpt lat="39.526678" lon="2.751026"/>
    <trkpt lat="39.526609" lon="2.751141"/>
    <trkpt lat="39.526082" lon="2.752034"/>
    <trkpt lat="39.525911" lon="2.752298"/>
    <trkpt lat="39.525808" lon="2.752455"/>
    <trkpt lat="39.525701" lon="2.752611"/>
    <trkpt lat="39.525597" lon="2.752767"/>
    <trkpt lat="39.525385" lon="2.753071"/>
    <trkpt lat="39.525276" lon="2.753222"/>
    <trkpt lat="39.525165" lon="2.753371"/>
    <trkpt lat="39.525053" lon="2.753523"/>
    <trkpt lat="39.524939" lon="2.753671"/>
    <trkpt lat="39.524828" lon="2.753819"/>
    <trkpt lat="39.524715" lon="2.753962"/>
    <trkpt lat="39.524596" lon="2.754110"/>
    <trkpt lat="39.524414" lon="2.754335"/>
    <trkpt lat="39.524251" lon="2.754529"/>
    <trkpt lat="39.524131" lon="2.754667"/>
    <trkpt lat="39.524009" lon="2.754808"/>
    <trkpt lat="39.523891" lon="2.754943"/>
    <trkpt lat="39.523772" lon="2.755079"/>
    <trkpt lat="39.523650" lon="2.755214"/>
    <trkpt lat="39.523405" lon="2.755481"/>
    <trkpt lat="39.523159" lon="2.755743"/>
    <trkpt lat="39.522911" lon="2.756006"/>
    <trkpt lat="39.522656" lon="2.756271"/>
    <trkpt lat="39.522429" lon="2.756504"/>
    <trkpt lat="39.522302" lon="2.756634"/>
    <trkpt lat="39.521637" lon="2.757321"/>
    <trkpt lat="39.520342" lon="2.758690"/>
    <trkpt lat="39.519922" lon="2.759168"/>
    <trkpt lat="39.519682" lon="2.759447"/>
    <trkpt lat="39.519571" lon="2.759580"/>
    <trkpt lat="39.519451" lon="2.759727"/>
    <trkpt lat="39.519221" lon="2.760018"/>
    <trkpt lat="39.519023" lon="2.760269"/>
    <trkpt lat="39.518903" lon="2.760422"/>
    <trkpt lat="39.518799" lon="2.760556"/>
    <trkpt lat="39.518687" lon="2.760699"/>
    <trkpt lat="39.518570" lon="2.760843"/>
    <trkpt lat="39.518327" lon="2.761130"/>
    <trkpt lat="39.518212" lon="2.761259"/>
    <trkpt lat="39.518089" lon="2.761389"/>
    <trkpt lat="39.517967" lon="2.761511"/>
    <trkpt lat="39.517833" lon="2.761638"/>
    <trkpt lat="39.517703" lon="2.761749"/>
    <trkpt lat="39.517565" lon="2.761860"/>
    <trkpt lat="39.517428" lon="2.761966"/>
    <trkpt lat="39.517289" lon="2.762068"/>
    <trkpt lat="39.517147" lon="2.762167"/>
    <trkpt lat="39.517004" lon="2.762260"/>
    <trkpt lat="39.516789" lon="2.762398"/>
    <trkpt lat="39.516539" lon="2.762557"/>
    <trkpt lat="39.516419" lon="2.762634"/>
    <trkpt lat="39.516274" lon="2.762729"/>
    <trkpt lat="39.516159" lon="2.762805"/>
    <trkpt lat="39.516009" lon="2.762908"/>
    <trkpt lat="39.515882" lon="2.762995"/>
    <trkpt lat="39.515793" lon="2.763062"/>
    <trkpt lat="39.515747" lon="2.763097"/>
    <trkpt lat="39.515616" lon="2.763201"/>
    <trkpt lat="39.515492" lon="2.763305"/>
    <trkpt lat="39.515356" lon="2.763426"/>
    <trkpt lat="39.515233" lon="2.763542"/>
    <trkpt lat="39.515109" lon="2.763664"/>
    <trkpt lat="39.514867" lon="2.763913"/>
    <trkpt lat="39.514746" lon="2.764040"/>
    <trkpt lat="39.514605" lon="2.764191"/>
    <trkpt lat="39.511752" lon="2.767269"/>
    <trkpt lat="39.511102" lon="2.767969"/>
    <trkpt lat="39.510387" lon="2.768738"/>
    <trkpt lat="39.509670" lon="2.769511"/>
    <trkpt lat="39.509312" lon="2.769897"/>
    <trkpt lat="39.508838" lon="2.770408"/>
    <trkpt lat="39.508709" lon="2.770547"/>
    <trkpt lat="39.508599" lon="2.770665"/>
    <trkpt lat="39.508361" lon="2.770919"/>
    <trkpt lat="39.508241" lon="2.771048"/>
    <trkpt lat="39.508119" lon="2.771175"/>
    <trkpt lat="39.507875" lon="2.771421"/>
    <trkpt lat="39.507625" lon="2.771664"/>
    <trkpt lat="39.507501" lon="2.771778"/>
    <trkpt lat="39.507371" lon="2.771894"/>
    <trkpt lat="39.507241" lon="2.772007"/>
    <trkpt lat="39.507114" lon="2.772116"/>
    <trkpt lat="39.506979" lon="2.772227"/>
    <trkpt lat="39.506720" lon="2.772426"/>
    <trkpt lat="39.506442" lon="2.772629"/>
    <trkpt lat="39.506310" lon="2.772719"/>
    <trkpt lat="39.506171" lon="2.772813"/>
    <trkpt lat="39.506035" lon="2.772899"/>
    <trkpt lat="39.505899" lon="2.772983"/>
    <trkpt lat="39.505754" lon="2.773074"/>
    <trkpt lat="39.505605" lon="2.773159"/>
    <trkpt lat="39.505322" lon="2.773309"/>
    <trkpt lat="39.505179" lon="2.773381"/>
    <trkpt lat="39.505036" lon="2.773451"/>
    <trkpt lat="39.504885" lon="2.773521"/>
    <trkpt lat="39.504743" lon="2.773584"/>
    <trkpt lat="39.504595" lon="2.773647"/>
    <trkpt lat="39.504449" lon="2.773708"/>
    <trkpt lat="39.504298" lon="2.773766"/>
    <trkpt lat="39.504004" lon="2.773876"/>
    <trkpt lat="39.503551" lon="2.774036"/>
    <trkpt lat="39.503403" lon="2.774088"/>
    <trkpt lat="39.503101" lon="2.774194"/>
    <trkpt lat="39.502805" lon="2.774299"/>
    <trkpt lat="39.502657" lon="2.774352"/>
    <trkpt lat="39.502504" lon="2.774408"/>
    <trkpt lat="39.502359" lon="2.774463"/>
    <trkpt lat="39.502211" lon="2.774520"/>
    <trkpt lat="39.502054" lon="2.774584"/>
    <trkpt lat="39.501912" lon="2.774645"/>
    <trkpt lat="39.501767" lon="2.774709"/>
    <trkpt lat="39.501620" lon="2.774777"/>
    <trkpt lat="39.501469" lon="2.774852"/>
    <trkpt lat="39.501324" lon="2.774928"/>
    <trkpt lat="39.501187" lon="2.775002"/>
    <trkpt lat="39.501053" lon="2.775077"/>
    <trkpt lat="39.500908" lon="2.775163"/>
    <trkpt lat="39.500762" lon="2.775253"/>
    <trkpt lat="39.500626" lon="2.775340"/>
    <trkpt lat="39.500489" lon="2.775431"/>
    <trkpt lat="39.500440" lon="2.775465"/>
    <trkpt lat="39.500352" lon="2.775526"/>
    <trkpt lat="39.500094" lon="2.775716"/>
    <trkpt lat="39.499924" lon="2.775845"/>
    <trkpt lat="39.499295" lon="2.776390"/>
    <trkpt lat="39.499054" lon="2.776625"/>
    <trkpt lat="39.498931" lon="2.776749"/>
    <trkpt lat="39.498808" lon="2.776878"/>
    <trkpt lat="39.498691" lon="2.777005"/>
    <trkpt lat="39.498571" lon="2.777139"/>
    <trkpt lat="39.498456" lon="2.777270"/>
    <trkpt lat="39.498342" lon="2.777406"/>
    <trkpt lat="39.498229" lon="2.777545"/>
    <trkpt lat="39.498117" lon="2.777687"/>
    <trkpt lat="39.498006" lon="2.777833"/>
    <trkpt lat="39.497903" lon="2.777972"/>
    <trkpt lat="39.497810" lon="2.778101"/>
    <trkpt lat="39.497692" lon="2.778271"/>
    <trkpt lat="39.497596" lon="2.778416"/>
    <trkpt lat="39.497490" lon="2.778576"/>
    <trkpt lat="39.497392" lon="2.778730"/>
    <trkpt lat="39.497294" lon="2.778891"/>
    <trkpt lat="39.497197" lon="2.779053"/>
    <trkpt lat="39.497018" lon="2.779374"/>
    <trkpt lat="39.496844" lon="2.779701"/>
    <trkpt lat="39.496758" lon="2.779872"/>
    <trkpt lat="39.496676" lon="2.780043"/>
    <trkpt lat="39.496598" lon="2.780212"/>
    <trkpt lat="39.496519" lon="2.780387"/>
    <trkpt lat="39.496443" lon="2.780562"/>
    <trkpt lat="39.496371" lon="2.780734"/>
    <trkpt lat="39.496298" lon="2.780915"/>
    <trkpt lat="39.496205" lon="2.781151"/>
    <trkpt lat="39.495971" lon="2.781819"/>
    <trkpt lat="39.495860" lon="2.782190"/>
    <trkpt lat="39.495752" lon="2.782577"/>
    <trkpt lat="39.495656" lon="2.782951"/>
    <trkpt lat="39.495344" lon="2.784285"/>
    <trkpt lat="39.495291" lon="2.784514"/>
    <trkpt lat="39.495057" lon="2.785523"/>
    <trkpt lat="39.494560" lon="2.787642"/>
    <trkpt lat="39.494015" lon="2.790019"/>
    <trkpt lat="39.493923" lon="2.790408"/>
    <trkpt lat="39.493790" lon="2.790987"/>
    <trkpt lat="39.493656" lon="2.791564"/>
    <trkpt lat="39.493523" lon="2.792138"/>
    <trkpt lat="39.493433" lon="2.792528"/>
    <trkpt lat="39.493344" lon="2.792910"/>
    <trkpt lat="39.493210" lon="2.793486"/>
    <trkpt lat="39.493075" lon="2.794068"/>
    <trkpt lat="39.492942" lon="2.794640"/>
    <trkpt lat="39.492852" lon="2.795028"/>
    <trkpt lat="39.492764" lon="2.795413"/>
    <trkpt lat="39.492729" lon="2.795564"/>
    <trkpt lat="39.492674" lon="2.795800"/>
    <trkpt lat="39.492586" lon="2.796181"/>
    <trkpt lat="39.492495" lon="2.796571"/>
    <trkpt lat="39.492406" lon="2.796957"/>
    <trkpt lat="39.492312" lon="2.797337"/>
    <trkpt lat="39.492222" lon="2.797724"/>
    <trkpt lat="39.492078" lon="2.798342"/>
    <trkpt lat="39.491907" lon="2.799073"/>
    <trkpt lat="39.491812" lon="2.799415"/>
    <trkpt lat="39.491704" lon="2.799832"/>
    <trkpt lat="39.491593" lon="2.800210"/>
    <trkpt lat="39.491477" lon="2.800582"/>
    <trkpt lat="39.491354" lon="2.800955"/>
    <trkpt lat="39.491228" lon="2.801314"/>
    <trkpt lat="39.491093" lon="2.801674"/>
    <trkpt lat="39.490951" lon="2.802037"/>
    <trkpt lat="39.490806" lon="2.802390"/>
    <trkpt lat="39.490652" lon="2.802752"/>
    <trkpt lat="39.490184" lon="2.803795"/>
    <trkpt lat="39.490093" lon="2.803990"/>
    <trkpt lat="39.490025" lon="2.804141"/>
    <trkpt lat="39.489866" lon="2.804489"/>
    <trkpt lat="39.489717" lon="2.804831"/>
    <trkpt lat="39.489565" lon="2.805188"/>
    <trkpt lat="39.489422" lon="2.805550"/>
    <trkpt lat="39.489291" lon="2.805912"/>
    <trkpt lat="39.489168" lon="2.806284"/>
    <trkpt lat="39.489070" lon="2.806610"/>
    <trkpt lat="39.488981" lon="2.806920"/>
    <trkpt lat="39.488897" lon="2.807247"/>
    <trkpt lat="39.488734" lon="2.807982"/>
    <trkpt lat="39.488669" lon="2.808371"/>
    <trkpt lat="39.488603" lon="2.808789"/>
    <trkpt lat="39.488557" lon="2.809171"/>
    <trkpt lat="39.488518" lon="2.809578"/>
    <trkpt lat="39.488496" lon="2.809851"/>
    <trkpt lat="39.488472" lon="2.810182"/>
    <trkpt lat="39.488453" lon="2.810584"/>
    <trkpt lat="39.488429" lon="2.811185"/>
    <trkpt lat="39.488413" lon="2.811588"/>
    <trkpt lat="39.488396" lon="2.811990"/>
    <trkpt lat="39.488381" lon="2.812389"/>
    <trkpt lat="39.488357" lon="2.812996"/>
    <trkpt lat="39.488334" lon="2.813591"/>
    <trkpt lat="39.488303" lon="2.814396"/>
    <trkpt lat="39.488279" lon="2.814998"/>
    <trkpt lat="39.488264" lon="2.815401"/>
    <trkpt lat="39.488240" lon="2.816005"/>
    <trkpt lat="39.488217" lon="2.816568"/>
    <trkpt lat="39.488185" lon="2.817386"/>
    <trkpt lat="39.488171" lon="2.817770"/>
    <trkpt lat="39.488139" lon="2.818570"/>
    <trkpt lat="39.488116" lon="2.819175"/>
    <trkpt lat="39.488092" lon="2.819780"/>
    <trkpt lat="39.488068" lon="2.820380"/>
    <trkpt lat="39.488053" lon="2.820786"/>
    <trkpt lat="39.488037" lon="2.821185"/>
    <trkpt lat="39.488029" lon="2.821387"/>
    <trkpt lat="39.488019" lon="2.821587"/>
    <trkpt lat="39.488007" lon="2.821791"/>
    <trkpt lat="39.487994" lon="2.821989"/>
    <trkpt lat="39.487978" lon="2.822196"/>
    <trkpt lat="39.487959" lon="2.822388"/>
    <trkpt lat="39.487937" lon="2.822585"/>
    <trkpt lat="39.487911" lon="2.822786"/>
    <trkpt lat="39.487884" lon="2.822971"/>
    <trkpt lat="39.487849" lon="2.823179"/>
    <trkpt lat="39.487814" lon="2.823375"/>
    <trkpt lat="39.487758" lon="2.823656"/>
    <trkpt lat="39.487700" lon="2.823922"/>
    <trkpt lat="39.487620" lon="2.824237"/>
    <trkpt lat="39.487537" lon="2.824540"/>
    <trkpt lat="39.487418" lon="2.824920"/>
    <trkpt lat="39.487358" lon="2.825111"/>
    <trkpt lat="39.487224" lon="2.825456"/>
    <trkpt lat="39.487154" lon="2.825631"/>
    <trkpt lat="39.487080" lon="2.825808"/>
    <trkpt lat="39.487004" lon="2.825983"/>
    <trkpt lat="39.486923" lon="2.826158"/>
    <trkpt lat="39.486841" lon="2.826328"/>
    <trkpt lat="39.486755" lon="2.826499"/>
    <trkpt lat="39.486669" lon="2.826663"/>
    <trkpt lat="39.486487" lon="2.826995"/>
    <trkpt lat="39.486395" lon="2.827159"/>
    <trkpt lat="39.486304" lon="2.827325"/>
    <trkpt lat="39.486201" lon="2.827503"/>
    <trkpt lat="39.486027" lon="2.827810"/>
    <trkpt lat="39.485844" lon="2.828135"/>
    <trkpt lat="39.485715" lon="2.828363"/>
    <trkpt lat="39.485569" lon="2.828620"/>
    <trkpt lat="39.485261" lon="2.829164"/>
    <trkpt lat="39.485107" lon="2.829438"/>
    <trkpt lat="39.484930" lon="2.829758"/>
    <trkpt lat="39.484746" lon="2.830100"/>
    <trkpt lat="39.484580" lon="2.830422"/>
    <trkpt lat="39.484416" lon="2.830769"/>
    <trkpt lat="39.484338" lon="2.830943"/>
    <trkpt lat="39.484263" lon="2.831118"/>
    <trkpt lat="39.484189" lon="2.831294"/>
    <trkpt lat="39.484116" lon="2.831477"/>
    <trkpt lat="39.484046" lon="2.831658"/>
    <trkpt lat="39.483980" lon="2.831836"/>
    <trkpt lat="39.483914" lon="2.832018"/>
    <trkpt lat="39.483788" lon="2.832383"/>
    <trkpt lat="39.483668" lon="2.832760"/>
    <trkpt lat="39.483553" lon="2.833138"/>
    <trkpt lat="39.483445" lon="2.833516"/>
    <trkpt lat="39.483345" lon="2.833891"/>
    <trkpt lat="39.483247" lon="2.834275"/>
    <trkpt lat="39.483155" lon="2.834655"/>
    <trkpt lat="39.483062" lon="2.835043"/>
    <trkpt lat="39.482974" lon="2.835435"/>
    <trkpt lat="39.482847" lon="2.836010"/>
    <trkpt lat="39.482722" lon="2.836585"/>
    <trkpt lat="39.482638" lon="2.836979"/>
    <trkpt lat="39.482556" lon="2.837369"/>
    <trkpt lat="39.482440" lon="2.837950"/>
    <trkpt lat="39.482361" lon="2.838352"/>
    <trkpt lat="39.482292" lon="2.838721"/>
    <trkpt lat="39.482256" lon="2.838918"/>
    <trkpt lat="39.482184" lon="2.839314"/>
    <trkpt lat="39.482115" lon="2.839707"/>
    <trkpt lat="39.482052" lon="2.840081"/>
    <trkpt lat="39.481984" lon="2.840488"/>
    <trkpt lat="39.481921" lon="2.840884"/>
    <trkpt lat="39.481861" lon="2.841279"/>
    <trkpt lat="39.481802" lon="2.841675"/>
    <trkpt lat="39.481717" lon="2.842270"/>
    <trkpt lat="39.481664" lon="2.842664"/>
    <trkpt lat="39.481638" lon="2.842858"/>
    <trkpt lat="39.481588" lon="2.843262"/>
    <trkpt lat="39.481538" lon="2.843659"/>
    <trkpt lat="39.481491" lon="2.844056"/>
    <trkpt lat="39.481422" lon="2.844670"/>
    <trkpt lat="39.481295" lon="2.845984"/>
    <trkpt lat="39.481198" lon="2.846839"/>
    <trkpt lat="39.481136" lon="2.846942"/>
    <trkpt lat="39.481062" lon="2.847430"/>
    <trkpt lat="39.481011" lon="2.847622"/>
    <trkpt lat="39.480964" lon="2.847779"/>
    <trkpt lat="39.480920" lon="2.847921"/>
    <trkpt lat="39.480870" lon="2.848068"/>
    <trkpt lat="39.480808" lon="2.848232"/>
    <trkpt lat="39.480716" lon="2.848450"/>
    <trkpt lat="39.480644" lon="2.848607"/>
    <trkpt lat="39.480585" lon="2.848723"/>
    <trkpt lat="39.480519" lon="2.848845"/>
    <trkpt lat="39.480447" lon="2.848970"/>
    <trkpt lat="39.480383" lon="2.849075"/>
    <trkpt lat="39.480314" lon="2.849180"/>
    <trkpt lat="39.480255" lon="2.849262"/>
    <trkpt lat="39.480211" lon="2.849319"/>
    <trkpt lat="39.480164" lon="2.849370"/>
    <trkpt lat="39.480143" lon="2.849385"/>
    <trkpt lat="39.480122" lon="2.849394"/>
    <trkpt lat="39.480099" lon="2.849402"/>
    <trkpt lat="39.480069" lon="2.849408"/>
    <trkpt lat="39.480024" lon="2.849415"/>
    <trkpt lat="39.479982" lon="2.849420"/>
    <trkpt lat="39.479940" lon="2.849436"/>
    <trkpt lat="39.479902" lon="2.849459"/>
    <trkpt lat="39.479866" lon="2.849493"/>
    <trkpt lat="39.479837" lon="2.849531"/>
    <trkpt lat="39.479812" lon="2.849578"/>
    <trkpt lat="39.479794" lon="2.849628"/>
    <trkpt lat="39.479783" lon="2.849680"/>
    <trkpt lat="39.479779" lon="2.849737"/>
    <trkpt lat="39.479783" lon="2.849792"/>
    <trkpt lat="39.479792" lon="2.849839"/>
    <trkpt lat="39.479808" lon="2.849889"/>
    <trkpt lat="39.479828" lon="2.849931"/>
    <trkpt lat="39.479855" lon="2.849970"/>
    <trkpt lat="39.479885" lon="2.850003"/>
    <trkpt lat="39.479918" lon="2.850032"/>
    <trkpt lat="39.479956" lon="2.850049"/>
    <trkpt lat="39.479995" lon="2.850061"/>
    <trkpt lat="39.480035" lon="2.850063"/>
    <trkpt lat="39.480076" lon="2.850058"/>
    <trkpt lat="39.480114" lon="2.850044"/>
    <trkpt lat="39.480150" lon="2.850025"/>
    <trkpt lat="39.480184" lon="2.849995"/>
    <trkpt lat="39.480213" lon="2.849961"/>
    <trkpt lat="39.480236" lon="2.849943"/>
    <trkpt lat="39.480265" lon="2.849928"/>
    <trkpt lat="39.480281" lon="2.849923"/>
    <trkpt lat="39.480296" lon="2.849919"/>
    <trkpt lat="39.480319" lon="2.849919"/>
    <trkpt lat="39.480375" lon="2.849930"/>
    <trkpt lat="39.480461" lon="2.849943"/>
    <trkpt lat="39.480792" lon="2.850092"/>
    <trkpt lat="39.481521" lon="2.850397"/>
    <trkpt lat="39.481586" lon="2.850447"/>
    <trkpt lat="39.481630" lon="2.850467"/>
    <trkpt lat="39.481658" lon="2.850486"/>
    <trkpt lat="39.481681" lon="2.850511"/>
    <trkpt lat="39.481701" lon="2.850539"/>
    <trkpt lat="39.481728" lon="2.850587"/>
    <trkpt lat="39.481739" lon="2.850617"/>
    <trkpt lat="39.481749" lon="2.850652"/>
    <trkpt lat="39.481758" lon="2.850703"/>
    <trkpt lat="39.481773" lon="2.850751"/>
    <trkpt lat="39.481794" lon="2.850796"/>
    <trkpt lat="39.481821" lon="2.850835"/>
    <trkpt lat="39.481849" lon="2.850866"/>
    <trkpt lat="39.481881" lon="2.850892"/>
    <trkpt lat="39.481905" lon="2.850921"/>
    <trkpt lat="39.481925" lon="2.850952"/>
    <trkpt lat="39.481941" lon="2.850991"/>
    <trkpt lat="39.481951" lon="2.851029"/>
    <trkpt lat="39.481957" lon="2.851072"/>
    <trkpt lat="39.481960" lon="2.851112"/>
    <trkpt lat="39.481961" lon="2.851159"/>
    <trkpt lat="39.481954" lon="2.851481"/>
    <trkpt lat="39.481946" lon="2.851717"/>
    <trkpt lat="39.481944" lon="2.851771"/>
    <trkpt lat="39.481924" lon="2.852067"/>
    <trkpt lat="39.481893" lon="2.852430"/>
    <trkpt lat="39.481863" lon="2.852737"/>
    <trkpt lat="39.481821" lon="2.853082"/>
    <trkpt lat="39.481782" lon="2.853376"/>
    <trkpt lat="39.481762" lon="2.853508"/>
    <trkpt lat="39.481740" lon="2.853756"/>
    <trkpt lat="39.481726" lon="2.853836"/>
    <trkpt lat="39.481497" lon="2.855053"/>
    <trkpt lat="39.481336" lon="2.856001"/>
    <trkpt lat="39.481283" lon="2.856315"/>
    <trkpt lat="39.481243" lon="2.856594"/>
    <trkpt lat="39.481214" lon="2.856956"/>
    <trkpt lat="39.481202" lon="2.857099"/>
    <trkpt lat="39.481195" lon="2.857297"/>
    <trkpt lat="39.481187" lon="2.857546"/>
    <trkpt lat="39.481223" lon="2.858245"/>
    <trkpt lat="39.481278" lon="2.858771"/>
    <trkpt lat="39.481297" lon="2.858949"/>
    <trkpt lat="39.481875" lon="2.861294"/>
    <trkpt lat="39.482135" lon="2.862253"/>
    <trkpt lat="39.482451" lon="2.863193"/>
    <trkpt lat="39.482586" lon="2.863526"/>
    <trkpt lat="39.482721" lon="2.863859"/>
    <trkpt lat="39.482999" lon="2.864506"/>
    <trkpt lat="39.483502" lon="2.865441"/>
    <trkpt lat="39.483546" lon="2.865523"/>
    <trkpt lat="39.483610" lon="2.865642"/>
    <trkpt lat="39.484405" lon="2.866947"/>
    <trkpt lat="39.484661" lon="2.867367"/>
    <trkpt lat="39.484946" lon="2.868059"/>
    <trkpt lat="39.485179" lon="2.868817"/>
    <trkpt lat="39.485408" lon="2.869867"/>
    <trkpt lat="39.485464" lon="2.870340"/>
    <trkpt lat="39.485481" lon="2.870481"/>
    <trkpt lat="39.485499" lon="2.871094"/>
    <trkpt lat="39.485534" lon="2.872238"/>
    <trkpt lat="39.485549" lon="2.872528"/>
    <trkpt lat="39.485646" lon="2.873341"/>
    <trkpt lat="39.485788" lon="2.874160"/>
    <trkpt lat="39.486007" lon="2.875032"/>
    <trkpt lat="39.486379" lon="2.876517"/>
    <trkpt lat="39.486433" lon="2.876806"/>
    <trkpt lat="39.486448" lon="2.876882"/>
    <trkpt lat="39.486493" lon="2.877174"/>
    <trkpt lat="39.486532" lon="2.877559"/>
    <trkpt lat="39.486553" lon="2.877828"/>
    <trkpt lat="39.486668" lon="2.879145"/>
    <trkpt lat="39.486708" lon="2.879632"/>
    <trkpt lat="39.486716" lon="2.879740"/>
    <trkpt lat="39.486734" lon="2.879954"/>
    <trkpt lat="39.486771" lon="2.880417"/>
    <trkpt lat="39.486713" lon="2.880446"/>
    <trkpt lat="39.486665" lon="2.880502"/>
    <trkpt lat="39.486635" lon="2.880573"/>
    <trkpt lat="39.486627" lon="2.880653"/>
    <trkpt lat="39.486631" lon="2.880697"/>
    <trkpt lat="39.486655" lon="2.880771"/>
    <trkpt lat="39.486679" lon="2.880809"/>
    <trkpt lat="39.486759" lon="2.880870"/>
    <trkpt lat="39.486949" lon="2.881948"/>
    <trkpt lat="39.487004" lon="2.882265"/>
    <trkpt lat="39.487021" lon="2.882411"/>
    <trkpt lat="39.487028" lon="2.882548"/>
    <trkpt lat="39.487024" lon="2.882661"/>
    <trkpt lat="39.487015" lon="2.882771"/>
    <trkpt lat="39.486987" lon="2.882978"/>
    <trkpt lat="39.486888" lon="2.883735"/>
    <trkpt lat="39.486874" lon="2.883874"/>
    <trkpt lat="39.486861" lon="2.883969"/>
    <trkpt lat="39.486731" lon="2.884893"/>
    <trkpt lat="39.486541" lon="2.886203"/>
    <trkpt lat="39.486303" lon="2.888002"/>
    <trkpt lat="39.486206" lon="2.888721"/>
    <trkpt lat="39.486110" lon="2.889414"/>
    <trkpt lat="39.486006" lon="2.890092"/>
    <trkpt lat="39.485962" lon="2.890406"/>
    <trkpt lat="39.486033" lon="2.890457"/>
    <trkpt lat="39.486265" lon="2.890633"/>
    <trkpt lat="39.486647" lon="2.890956"/>
    <trkpt lat="39.487574" lon="2.891686"/>
    <trkpt lat="39.488270" lon="2.892248"/>
    <trkpt lat="39.488799" lon="2.892676"/>
    <trkpt lat="39.489049" lon="2.892873"/>
    <trkpt lat="39.489189" lon="2.892974"/>
    <trkpt lat="39.489611" lon="2.892113"/>
    <trkpt lat="39.490150" lon="2.890996"/>
    <trkpt lat="39.490252" lon="2.890764"/>
    <trkpt lat="39.490447" lon="2.890319"/>
    <trkpt lat="39.490938" lon="2.889322"/>
    <trkpt lat="39.491282" lon="2.888273"/>
    <trkpt lat="39.491298" lon="2.888221"/>
    <trkpt lat="39.491084" lon="2.887991"/>
    <trkpt lat="39.490997" lon="2.887908"/>
    <trkpt lat="39.491164" lon="2.887568"/>
    <trkpt lat="39.491596" lon="2.886677"/>
    <trkpt lat="39.492003" lon="2.885833"/>
    <trkpt lat="39.492444" lon="2.884929"/>
    <trkpt lat="39.492485" lon="2.884849"/>
    <trkpt lat="39.491735" lon="2.884242"/>
    <trkpt lat="39.490983" lon="2.883632"/>
    <trkpt lat="39.487431" lon="2.880760"/>
    <trkpt lat="39.487188" lon="2.880651"/>
    <trkpt lat="39.486979" lon="2.880583"/>
    <trkpt lat="39.486952" lon="2.880510"/>
    <trkpt lat="39.486924" lon="2.880469"/>
    <trkpt lat="39.486850" lon="2.880420"/>
    <trkpt lat="39.486771" lon="2.880417"/>
    <trkpt lat="39.486734" lon="2.879954"/>
    <trkpt lat="39.486716" lon="2.879740"/>
    <trkpt lat="39.486708" lon="2.879632"/>
    <trkpt lat="39.486668" lon="2.879145"/>
    <trkpt lat="39.486553" lon="2.877828"/>
    <trkpt lat="39.486532" lon="2.877559"/>
    <trkpt lat="39.486493" lon="2.877174"/>
    <trkpt lat="39.486448" lon="2.876882"/>
    <trkpt lat="39.486433" lon="2.876806"/>
    <trkpt lat="39.486379" lon="2.876517"/>
    <trkpt lat="39.486007" lon="2.875032"/>
    <trkpt lat="39.485788" lon="2.874160"/>
    <trkpt lat="39.485646" lon="2.873341"/>
    <trkpt lat="39.485549" lon="2.872528"/>
    <trkpt lat="39.485534" lon="2.872238"/>
    <trkpt lat="39.485499" lon="2.871094"/>
    <trkpt lat="39.485481" lon="2.870481"/>
    <trkpt lat="39.485464" lon="2.870340"/>
    <trkpt lat="39.485408" lon="2.869867"/>
    <trkpt lat="39.485179" lon="2.868817"/>
    <trkpt lat="39.484946" lon="2.868059"/>
    <trkpt lat="39.484661" lon="2.867367"/>
    <trkpt lat="39.484405" lon="2.866947"/>
    <trkpt lat="39.483610" lon="2.865642"/>
    <trkpt lat="39.483546" lon="2.865523"/>
    <trkpt lat="39.483502" lon="2.865441"/>
    <trkpt lat="39.482999" lon="2.864506"/>
    <trkpt lat="39.482721" lon="2.863859"/>
    <trkpt lat="39.482586" lon="2.863526"/>
    <trkpt lat="39.482451" lon="2.863193"/>
    <trkpt lat="39.482135" lon="2.862253"/>
    <trkpt lat="39.481875" lon="2.861294"/>
    <trkpt lat="39.481297" lon="2.858949"/>
    <trkpt lat="39.481278" lon="2.858771"/>
    <trkpt lat="39.481223" lon="2.858245"/>
    <trkpt lat="39.481187" lon="2.857546"/>
    <trkpt lat="39.481195" lon="2.857297"/>
    <trkpt lat="39.481202" lon="2.857099"/>
    <trkpt lat="39.481214" lon="2.856956"/>
    <trkpt lat="39.481243" lon="2.856594"/>
    <trkpt lat="39.481283" lon="2.856315"/>
    <trkpt lat="39.481336" lon="2.856001"/>
    <trkpt lat="39.481497" lon="2.855053"/>
    <trkpt lat="39.481726" lon="2.853836"/>
    <trkpt lat="39.481740" lon="2.853756"/>
    <trkpt lat="39.481803" lon="2.853522"/>
    <trkpt lat="39.481885" lon="2.853008"/>
    <trkpt lat="39.481939" lon="2.852616"/>
    <trkpt lat="39.481969" lon="2.852326"/>
    <trkpt lat="39.481992" lon="2.852037"/>
    <trkpt lat="39.482013" lon="2.851688"/>
    <trkpt lat="39.482019" lon="2.851488"/>
    <trkpt lat="39.482028" lon="2.851170"/>
    <trkpt lat="39.482037" lon="2.851084"/>
    <trkpt lat="39.482050" lon="2.851023"/>
    <trkpt lat="39.482064" lon="2.850977"/>
    <trkpt lat="39.482076" lon="2.850944"/>
    <trkpt lat="39.482090" lon="2.850917"/>
    <trkpt lat="39.482104" lon="2.850897"/>
    <trkpt lat="39.482140" lon="2.850870"/>
    <trkpt lat="39.482174" lon="2.850833"/>
    <trkpt lat="39.482202" lon="2.850788"/>
    <trkpt lat="39.482224" lon="2.850738"/>
    <trkpt lat="39.482239" lon="2.850684"/>
    <trkpt lat="39.482246" lon="2.850627"/>
    <trkpt lat="39.482245" lon="2.850569"/>
    <trkpt lat="39.482243" lon="2.850553"/>
    <trkpt lat="39.482217" lon="2.850454"/>
    <trkpt lat="39.482195" lon="2.850409"/>
    <trkpt lat="39.482168" lon="2.850370"/>
    <trkpt lat="39.482136" lon="2.850337"/>
    <trkpt lat="39.482103" lon="2.850312"/>
    <trkpt lat="39.482067" lon="2.850295"/>
    <trkpt lat="39.482030" lon="2.850284"/>
    <trkpt lat="39.481992" lon="2.850281"/>
    <trkpt lat="39.481954" lon="2.850286"/>
    <trkpt lat="39.481919" lon="2.850297"/>
    <trkpt lat="39.481888" lon="2.850301"/>
    <trkpt lat="39.481859" lon="2.850298"/>
    <trkpt lat="39.481831" lon="2.850284"/>
    <trkpt lat="39.481800" lon="2.850258"/>
    <trkpt lat="39.481774" lon="2.850224"/>
    <trkpt lat="39.481745" lon="2.850181"/>
    <trkpt lat="39.481702" lon="2.850103"/>
    <trkpt lat="39.481659" lon="2.850018"/>
    <trkpt lat="39.481605" lon="2.849891"/>
    <trkpt lat="39.481549" lon="2.849743"/>
    <trkpt lat="39.481495" lon="2.849584"/>
    <trkpt lat="39.481448" lon="2.849427"/>
    <trkpt lat="39.481414" lon="2.849289"/>
    <trkpt lat="39.481381" lon="2.849143"/>
    <trkpt lat="39.481355" lon="2.849002"/>
    <trkpt lat="39.481333" lon="2.848843"/>
    <trkpt lat="39.481315" lon="2.848689"/>
    <trkpt lat="39.481302" lon="2.848544"/>
    <trkpt lat="39.481294" lon="2.848318"/>
    <trkpt lat="39.481294" lon="2.848112"/>
    <trkpt lat="39.481348" lon="2.847590"/>
    <trkpt lat="39.481323" lon="2.847438"/>
    <trkpt lat="39.481349" lon="2.847222"/>
    <trkpt lat="39.481398" lon="2.846825"/>
    <trkpt lat="39.481442" lon="2.846425"/>
    <trkpt lat="39.481577" lon="2.845032"/>
    <trkpt lat="39.481620" lon="2.844637"/>
    <trkpt lat="39.481661" lon="2.844243"/>
    <trkpt lat="39.481711" lon="2.843830"/>
    <trkpt lat="39.481754" lon="2.843445"/>
    <trkpt lat="39.481804" lon="2.843049"/>
    <trkpt lat="39.481857" lon="2.842651"/>
    <trkpt lat="39.481884" lon="2.842445"/>
    <trkpt lat="39.481938" lon="2.842056"/>
    <trkpt lat="39.482025" lon="2.841467"/>
    <trkpt lat="39.482085" lon="2.841073"/>
    <trkpt lat="39.482147" lon="2.840677"/>
    <trkpt lat="39.482211" lon="2.840285"/>
    <trkpt lat="39.482277" lon="2.839895"/>
    <trkpt lat="39.482380" lon="2.839305"/>
    <trkpt lat="39.482442" lon="2.838967"/>
    <trkpt lat="39.482488" lon="2.838714"/>
    <trkpt lat="39.482562" lon="2.838325"/>
    <trkpt lat="39.482676" lon="2.837750"/>
    <trkpt lat="39.482756" lon="2.837356"/>
    <trkpt lat="39.482838" lon="2.836964"/>
    <trkpt lat="39.482962" lon="2.836382"/>
    <trkpt lat="39.483088" lon="2.835805"/>
    <trkpt lat="39.483219" lon="2.835223"/>
    <trkpt lat="39.483308" lon="2.834835"/>
    <trkpt lat="39.483696" lon="2.833361"/>
    <trkpt lat="39.483817" lon="2.832937"/>
    <trkpt lat="39.483935" lon="2.832563"/>
    <trkpt lat="39.484059" lon="2.832195"/>
    <trkpt lat="39.484192" lon="2.831829"/>
    <trkpt lat="39.484326" lon="2.831486"/>
    <trkpt lat="39.484402" lon="2.831298"/>
    <trkpt lat="39.484481" lon="2.831114"/>
    <trkpt lat="39.484558" lon="2.830939"/>
    <trkpt lat="39.484804" lon="2.830425"/>
    <trkpt lat="39.484977" lon="2.830094"/>
    <trkpt lat="39.485157" lon="2.829764"/>
    <trkpt lat="39.485342" lon="2.829437"/>
    <trkpt lat="39.485425" lon="2.829282"/>
    <trkpt lat="39.485748" lon="2.828719"/>
    <trkpt lat="39.485893" lon="2.828465"/>
    <trkpt lat="39.486076" lon="2.828140"/>
    <trkpt lat="39.486261" lon="2.827811"/>
    <trkpt lat="39.486354" lon="2.827651"/>
    <trkpt lat="39.486444" lon="2.827490"/>
    <trkpt lat="39.486536" lon="2.827327"/>
    <trkpt lat="39.486718" lon="2.826998"/>
    <trkpt lat="39.486808" lon="2.826831"/>
    <trkpt lat="39.486892" lon="2.826673"/>
    <trkpt lat="39.486980" lon="2.826502"/>
    <trkpt lat="39.487061" lon="2.826335"/>
    <trkpt lat="39.487143" lon="2.826160"/>
    <trkpt lat="39.487217" lon="2.825994"/>
    <trkpt lat="39.487297" lon="2.825806"/>
    <trkpt lat="39.487507" lon="2.825266"/>
    <trkpt lat="39.487627" lon="2.824910"/>
    <trkpt lat="39.487740" lon="2.824535"/>
    <trkpt lat="39.487842" lon="2.824154"/>
    <trkpt lat="39.487931" lon="2.823772"/>
    <trkpt lat="39.488008" lon="2.823386"/>
    <trkpt lat="39.488042" lon="2.823190"/>
    <trkpt lat="39.488073" lon="2.822994"/>
    <trkpt lat="39.488101" lon="2.822797"/>
    <trkpt lat="39.488127" lon="2.822602"/>
    <trkpt lat="39.488148" lon="2.822402"/>
    <trkpt lat="39.488167" lon="2.822214"/>
    <trkpt lat="39.488183" lon="2.822003"/>
    <trkpt lat="39.488197" lon="2.821806"/>
    <trkpt lat="39.488208" lon="2.821603"/>
    <trkpt lat="39.488218" lon="2.821404"/>
    <trkpt lat="39.488234" lon="2.821000"/>
    <trkpt lat="39.488250" lon="2.820602"/>
    <trkpt lat="39.488266" lon="2.820199"/>
    <trkpt lat="39.488281" lon="2.819805"/>
    <trkpt lat="39.488297" lon="2.819401"/>
    <trkpt lat="39.488312" lon="2.819002"/>
    <trkpt lat="39.488328" lon="2.818601"/>
    <trkpt lat="39.488343" lon="2.818207"/>
    <trkpt lat="39.488360" lon="2.817796"/>
    <trkpt lat="39.488375" lon="2.817397"/>
    <trkpt lat="39.488393" lon="2.817002"/>
    <trkpt lat="39.488414" lon="2.816395"/>
    <trkpt lat="39.488446" lon="2.815599"/>
    <trkpt lat="39.488509" lon="2.813993"/>
    <trkpt lat="39.488563" lon="2.812593"/>
    <trkpt lat="39.488579" lon="2.812192"/>
    <trkpt lat="39.488595" lon="2.811791"/>
    <trkpt lat="39.488611" lon="2.811392"/>
    <trkpt lat="39.488625" lon="2.810989"/>
    <trkpt lat="39.488642" lon="2.810589"/>
    <trkpt lat="39.488652" lon="2.810389"/>
    <trkpt lat="39.488662" lon="2.810186"/>
    <trkpt lat="39.488688" lon="2.809783"/>
    <trkpt lat="39.488726" lon="2.809367"/>
    <trkpt lat="39.488773" lon="2.808968"/>
    <trkpt lat="39.488828" lon="2.808569"/>
    <trkpt lat="39.489013" lon="2.807608"/>
    <trkpt lat="39.489147" lon="2.807048"/>
    <trkpt lat="39.489253" lon="2.806670"/>
    <trkpt lat="39.489367" lon="2.806298"/>
    <trkpt lat="39.489492" lon="2.805929"/>
    <trkpt lat="39.489625" lon="2.805571"/>
    <trkpt lat="39.489768" lon="2.805213"/>
    <trkpt lat="39.489842" lon="2.805038"/>
    <trkpt lat="39.490074" lon="2.804515"/>
    <trkpt lat="39.490231" lon="2.804170"/>
    <trkpt lat="39.490480" lon="2.803629"/>
    <trkpt lat="39.490794" lon="2.802928"/>
    <trkpt lat="39.490928" lon="2.802614"/>
    <trkpt lat="39.491079" lon="2.802250"/>
    <trkpt lat="39.491224" lon="2.801886"/>
    <trkpt lat="39.491356" lon="2.801531"/>
    <trkpt lat="39.491488" lon="2.801160"/>
    <trkpt lat="39.491607" lon="2.800811"/>
    <trkpt lat="39.491729" lon="2.800426"/>
    <trkpt lat="39.491831" lon="2.800088"/>
    <trkpt lat="39.491953" lon="2.799660"/>
    <trkpt lat="39.492052" lon="2.799290"/>
    <trkpt lat="39.492145" lon="2.798924"/>
    <trkpt lat="39.492285" lon="2.798343"/>
    <trkpt lat="39.492416" lon="2.797763"/>
    <trkpt lat="39.492596" lon="2.797003"/>
    <trkpt lat="39.492731" lon="2.796429"/>
    <trkpt lat="39.492910" lon="2.795653"/>
    <trkpt lat="39.493041" lon="2.795082"/>
    <trkpt lat="39.493174" lon="2.794510"/>
    <trkpt lat="39.493309" lon="2.793930"/>
    <trkpt lat="39.493443" lon="2.793352"/>
    <trkpt lat="39.493575" lon="2.792779"/>
    <trkpt lat="39.493664" lon="2.792396"/>
    <trkpt lat="39.493709" lon="2.792204"/>
    <trkpt lat="39.493798" lon="2.791821"/>
    <trkpt lat="39.493934" lon="2.791237"/>
    <trkpt lat="39.494111" lon="2.790475"/>
    <trkpt lat="39.494199" lon="2.790093"/>
    <trkpt lat="39.494823" lon="2.787397"/>
    <trkpt lat="39.495089" lon="2.786251"/>
    <trkpt lat="39.495446" lon="2.784713"/>
    <trkpt lat="39.495481" lon="2.784563"/>
    <trkpt lat="39.495580" lon="2.784133"/>
    <trkpt lat="39.495668" lon="2.783751"/>
    <trkpt lat="39.495758" lon="2.783370"/>
    <trkpt lat="39.495851" lon="2.782986"/>
    <trkpt lat="39.495947" lon="2.782599"/>
    <trkpt lat="39.496053" lon="2.782226"/>
    <trkpt lat="39.496170" lon="2.781853"/>
    <trkpt lat="39.496300" lon="2.781473"/>
    <trkpt lat="39.496363" lon="2.781417"/>
    <trkpt lat="39.496530" lon="2.781016"/>
    <trkpt lat="39.496700" lon="2.780679"/>
    <trkpt lat="39.496775" lon="2.780576"/>
    <trkpt lat="39.496856" lon="2.780471"/>
    <trkpt lat="39.496952" lon="2.780363"/>
    <trkpt lat="39.497047" lon="2.780262"/>
    <trkpt lat="39.497160" lon="2.780155"/>
    <trkpt lat="39.497243" lon="2.780083"/>
    <trkpt lat="39.497326" lon="2.780021"/>
    <trkpt lat="39.497421" lon="2.779954"/>
    <trkpt lat="39.497526" lon="2.779893"/>
    <trkpt lat="39.497633" lon="2.779835"/>
    <trkpt lat="39.497779" lon="2.779767"/>
    <trkpt lat="39.497942" lon="2.779692"/>
    <trkpt lat="39.498018" lon="2.779664"/>
    <trkpt lat="39.498072" lon="2.779645"/>
    <trkpt lat="39.498132" lon="2.779629"/>
    <trkpt lat="39.498163" lon="2.779624"/>
    <trkpt lat="39.498205" lon="2.779622"/>
    <trkpt lat="39.498227" lon="2.779628"/>
    <trkpt lat="39.498252" lon="2.779638"/>
    <trkpt lat="39.498288" lon="2.779659"/>
    <trkpt lat="39.498308" lon="2.779681"/>
    <trkpt lat="39.498329" lon="2.779700"/>
    <trkpt lat="39.498352" lon="2.779715"/>
    <trkpt lat="39.498376" lon="2.779727"/>
    <trkpt lat="39.498401" lon="2.779734"/>
    <trkpt lat="39.498427" lon="2.779738"/>
    <trkpt lat="39.498447" lon="2.779738"/>
    <trkpt lat="39.498467" lon="2.779736"/>
    <trkpt lat="39.498491" lon="2.779730"/>
    <trkpt lat="39.498516" lon="2.779720"/>
    <trkpt lat="39.498539" lon="2.779706"/>
    <trkpt lat="39.498560" lon="2.779689"/>
    <trkpt lat="39.498580" lon="2.779668"/>
    <trkpt lat="39.498598" lon="2.779645"/>
    <trkpt lat="39.498613" lon="2.779619"/>
    <trkpt lat="39.498627" lon="2.779591"/>
    <trkpt lat="39.498637" lon="2.779561"/>
    <trkpt lat="39.498645" lon="2.779530"/>
    <trkpt lat="39.498650" lon="2.779498"/>
    <trkpt lat="39.498651" lon="2.779465"/>
    <trkpt lat="39.498650" lon="2.779432"/>
    <trkpt lat="39.498646" lon="2.779400"/>
    <trkpt lat="39.498639" lon="2.779367"/>
    <trkpt lat="39.498628" lon="2.779336"/>
    <trkpt lat="39.498615" lon="2.779307"/>
    <trkpt lat="39.498599" lon="2.779280"/>
    <trkpt lat="39.498578" lon="2.779253"/>
    <trkpt lat="39.498555" lon="2.779230"/>
    <trkpt lat="39.498529" lon="2.779212"/>
    <trkpt lat="39.498502" lon="2.779198"/>
    <trkpt lat="39.498473" lon="2.779189"/>
    <trkpt lat="39.498444" lon="2.779185"/>
    <trkpt lat="39.498415" lon="2.779187"/>
    <trkpt lat="39.498386" lon="2.779193"/>
    <trkpt lat="39.498358" lon="2.779205"/>
    <trkpt lat="39.498327" lon="2.779209"/>
    <trkpt lat="39.498304" lon="2.779206"/>
    <trkpt lat="39.498281" lon="2.779200"/>
    <trkpt lat="39.498262" lon="2.779194"/>
    <trkpt lat="39.498242" lon="2.779184"/>
    <trkpt lat="39.498192" lon="2.779150"/>
    <trkpt lat="39.498138" lon="2.779100"/>
    <trkpt lat="39.498058" lon="2.779045"/>
    <trkpt lat="39.497843" lon="2.778808"/>
    <trkpt lat="39.497397" lon="2.778317"/>
    <trkpt lat="39.497247" lon="2.778160"/>
    <trkpt lat="39.497186" lon="2.778055"/>
    <trkpt lat="39.497150" lon="2.778015"/>
    <trkpt lat="39.497125" lon="2.777982"/>
    <trkpt lat="39.497104" lon="2.777941"/>
    <trkpt lat="39.497079" lon="2.777874"/>
    <trkpt lat="39.497067" lon="2.777815"/>
    <trkpt lat="39.497061" lon="2.777736"/>
    <trkpt lat="39.497061" lon="2.777697"/>
    <trkpt lat="39.497056" lon="2.777659"/>
    <trkpt lat="39.497048" lon="2.777622"/>
    <trkpt lat="39.497035" lon="2.777587"/>
    <trkpt lat="39.497019" lon="2.777555"/>
    <trkpt lat="39.497000" lon="2.777526"/>
    <trkpt lat="39.496987" lon="2.777487"/>
    <trkpt lat="39.496978" lon="2.777437"/>
    <trkpt lat="39.496968" lon="2.777343"/>
    <trkpt lat="39.496972" lon="2.777262"/>
    <trkpt lat="39.497011" lon="2.777000"/>
    <trkpt lat="39.497064" lon="2.776765"/>
    <trkpt lat="39.497120" lon="2.776508"/>
    <trkpt lat="39.497313" lon="2.775649"/>
    <trkpt lat="39.497682" lon="2.774029"/>
    <trkpt lat="39.497872" lon="2.773193"/>
    <trkpt lat="39.498028" lon="2.772497"/>
    <trkpt lat="39.498364" lon="2.771056"/>
    <trkpt lat="39.498708" lon="2.769622"/>
    <trkpt lat="39.499214" lon="2.767511"/>
    <trkpt lat="39.499730" lon="2.765410"/>
    <trkpt lat="39.500239" lon="2.763347"/>
    <trkpt lat="39.500617" lon="2.761867"/>
    <trkpt lat="39.500714" lon="2.761627"/>
    <trkpt lat="39.500759" lon="2.761533"/>
    <trkpt lat="39.500811" lon="2.761438"/>
    <trkpt lat="39.500892" lon="2.761316"/>
    <trkpt lat="39.500931" lon="2.761263"/>
    <trkpt lat="39.500978" lon="2.761197"/>
    <trkpt lat="39.501006" lon="2.761175"/>
    <trkpt lat="39.501032" lon="2.761147"/>
    <trkpt lat="39.501056" lon="2.761116"/>
    <trkpt lat="39.501084" lon="2.761062"/>
    <trkpt lat="39.501105" lon="2.761002"/>
    <trkpt lat="39.501116" lon="2.760938"/>
    <trkpt lat="39.501117" lon="2.760872"/>
    <trkpt lat="39.501108" lon="2.760808"/>
    <trkpt lat="39.501090" lon="2.760746"/>
    <trkpt lat="39.501063" lon="2.760690"/>
    <trkpt lat="39.501028" lon="2.760642"/>
    <trkpt lat="39.500992" lon="2.760608"/>
    <trkpt lat="39.500952" lon="2.760582"/>
    <trkpt lat="39.500909" lon="2.760565"/>
    <trkpt lat="39.500865" lon="2.760558"/>
    <trkpt lat="39.500820" lon="2.760561"/>
    <trkpt lat="39.500777" lon="2.760574"/>
    <trkpt lat="39.500725" lon="2.760603"/>
    <trkpt lat="39.500679" lon="2.760647"/>
    <trkpt lat="39.500641" lon="2.760703"/>
    <trkpt lat="39.500594" lon="2.760729"/>
    <trkpt lat="39.500545" lon="2.760740"/>
    <trkpt lat="39.500496" lon="2.760741"/>
    <trkpt lat="39.500428" lon="2.760732"/>
    <trkpt lat="39.500202" lon="2.760670"/>
    <trkpt lat="39.499953" lon="2.760567"/>
    <trkpt lat="39.499137" lon="2.760228"/>
    <trkpt lat="39.498122" lon="2.759717"/>
    <trkpt lat="39.498112" lon="2.759711"/>
    <trkpt lat="39.498086" lon="2.759697"/>
    <trkpt lat="39.497881" lon="2.759586"/>
    <trkpt lat="39.496993" lon="2.759018"/>
    <trkpt lat="39.496180" lon="2.758360"/>
    <trkpt lat="39.495596" lon="2.757771"/>
    <trkpt lat="39.495311" lon="2.757448"/>
    <trkpt lat="39.495282" lon="2.757410"/>
    <trkpt lat="39.494936" lon="2.756962"/>
    <trkpt lat="39.494897" lon="2.756883"/>
    <trkpt lat="39.494837" lon="2.756657"/>
    <trkpt lat="39.494849" lon="2.756598"/>
    <trkpt lat="39.494851" lon="2.756536"/>
    <trkpt lat="39.494840" lon="2.756466"/>
    <trkpt lat="39.494815" lon="2.756403"/>
    <trkpt lat="39.494778" lon="2.756349"/>
    <trkpt lat="39.494732" lon="2.756310"/>
    <trkpt lat="39.494725" lon="2.756305"/>
    <trkpt lat="39.494679" lon="2.756287"/>
    <trkpt lat="39.494631" lon="2.756282"/>
    <trkpt lat="39.494589" lon="2.756290"/>
    <trkpt lat="39.494494" lon="2.756242"/>
    <trkpt lat="39.494388" lon="2.756166"/>
    <trkpt lat="39.494262" lon="2.755944"/>
    <trkpt lat="39.493552" lon="2.754586"/>
    <trkpt lat="39.493085" lon="2.753659"/>
    <trkpt lat="39.492615" lon="2.752757"/>
    <trkpt lat="39.492349" lon="2.752313"/>
    <trkpt lat="39.492072" lon="2.751904"/>
    <trkpt lat="39.491881" lon="2.751662"/>
    <trkpt lat="39.491684" lon="2.751420"/>
    <trkpt lat="39.491454" lon="2.751174"/>
    <trkpt lat="39.491182" lon="2.750919"/>
    <trkpt lat="39.490958" lon="2.750722"/>
    <trkpt lat="39.490574" lon="2.750446"/>
    <trkpt lat="39.490073" lon="2.750104"/>
    <trkpt lat="39.489977" lon="2.750014"/>
    <trkpt lat="39.489899" lon="2.749968"/>
    <trkpt lat="39.489835" lon="2.749922"/>
    <trkpt lat="39.489703" lon="2.749818"/>
    <trkpt lat="39.489501" lon="2.749653"/>
    <trkpt lat="39.489443" lon="2.749605"/>
    <trkpt lat="39.489368" lon="2.749531"/>
    <trkpt lat="39.489328" lon="2.749475"/>
    <trkpt lat="39.489166" lon="2.749219"/>
    <trkpt lat="39.489173" lon="2.749170"/>
    <trkpt lat="39.489171" lon="2.749120"/>
    <trkpt lat="39.489160" lon="2.749071"/>
    <trkpt lat="39.489141" lon="2.749028"/>
    <trkpt lat="39.489114" lon="2.748992"/>
    <trkpt lat="39.489081" lon="2.748965"/>
    <trkpt lat="39.489044" lon="2.748950"/>
    <trkpt lat="39.489005" lon="2.748946"/>
    <trkpt lat="39.488967" lon="2.748955"/>
    <trkpt lat="39.488931" lon="2.748975"/>
    <trkpt lat="39.488820" lon="2.748960"/>
    <trkpt lat="39.488712" lon="2.748929"/>
    <trkpt lat="39.488595" lon="2.748865"/>
    <trkpt lat="39.488516" lon="2.748812"/>
    <trkpt lat="39.488466" lon="2.748767"/>
    <trkpt lat="39.488366" lon="2.748665"/>
    <trkpt lat="39.488082" lon="2.748317"/>
    <trkpt lat="39.487741" lon="2.747935"/>
    <trkpt lat="39.487630" lon="2.747787"/>
    <trkpt lat="39.487580" lon="2.747697"/>
    <trkpt lat="39.487526" lon="2.747598"/>
    <trkpt lat="39.487471" lon="2.747489"/>
    <trkpt lat="39.487361" lon="2.747230"/>
    <trkpt lat="39.486943" lon="2.746213"/>
    <trkpt lat="39.486861" lon="2.746032"/>
    <trkpt lat="39.486801" lon="2.745906"/>
    <trkpt lat="39.486763" lon="2.745832"/>
    <trkpt lat="39.486706" lon="2.745725"/>
    <trkpt lat="39.486656" lon="2.745635"/>
    <trkpt lat="39.486548" lon="2.745454"/>
    <trkpt lat="39.486388" lon="2.745223"/>
    <trkpt lat="39.486257" lon="2.745056"/>
    <trkpt lat="39.486158" lon="2.744945"/>
    <trkpt lat="39.485974" lon="2.744764"/>
    <trkpt lat="39.485723" lon="2.744523"/>
    <trkpt lat="39.485608" lon="2.744414"/>
    <trkpt lat="39.485513" lon="2.744323"/>
    <trkpt lat="39.485467" lon="2.744281"/>
    <trkpt lat="39.485406" lon="2.744223"/>
    <trkpt lat="39.485085" lon="2.743922"/>
    <trkpt lat="39.484796" lon="2.743659"/>
    <trkpt lat="39.484764" lon="2.743630"/>
    <trkpt lat="39.484714" lon="2.743585"/>
    <trkpt lat="39.484687" lon="2.743545"/>
    <trkpt lat="39.484669" lon="2.743526"/>
    <trkpt lat="39.484645" lon="2.743507"/>
    <trkpt lat="39.484609" lon="2.743495"/>
    <trkpt lat="39.484568" lon="2.743493"/>
    <trkpt lat="39.484540" lon="2.743499"/>
    <trkpt lat="39.484510" lon="2.743513"/>
    <trkpt lat="39.484470" lon="2.743552"/>
    <trkpt lat="39.484449" lon="2.743589"/>
    <trkpt lat="39.484438" lon="2.743623"/>
    <trkpt lat="39.484395" lon="2.743666"/>
    <trkpt lat="39.484368" lon="2.743694"/>
    <trkpt lat="39.484307" lon="2.743735"/>
    <trkpt lat="39.484234" lon="2.743774"/>
    <trkpt lat="39.484147" lon="2.743810"/>
    <trkpt lat="39.483606" lon="2.743943"/>
    <trkpt lat="39.483320" lon="2.744019"/>
    <trkpt lat="39.482887" lon="2.744134"/>
    <trkpt lat="39.481640" lon="2.744443"/>
    <trkpt lat="39.480627" lon="2.744702"/>
    <trkpt lat="39.480345" lon="2.744777"/>
    <trkpt lat="39.478189" lon="2.745351"/>
    <trkpt lat="39.477152" lon="2.745629"/>
    <trkpt lat="39.476619" lon="2.745754"/>
    <trkpt lat="39.475923" lon="2.745943"/>
    <trkpt lat="39.474789" lon="2.746229"/>
    <trkpt lat="39.473822" lon="2.746481"/>
    <trkpt lat="39.472586" lon="2.746802"/>
    <trkpt lat="39.471897" lon="2.746981"/>
    <trkpt lat="39.471749" lon="2.747020"/>
    <trkpt lat="39.471709" lon="2.747030"/>
    <trkpt lat="39.471651" lon="2.747046"/>
    <trkpt lat="39.471516" lon="2.747081"/>
    <trkpt lat="39.470730" lon="2.747288"/>
    <trkpt lat="39.468539" lon="2.747866"/>
    <trkpt lat="39.467732" lon="2.748060"/>
    <trkpt lat="39.466374" lon="2.748393"/>
    <trkpt lat="39.464800" lon="2.748848"/>
    <trkpt lat="39.464695" lon="2.748877"/>
    <trkpt lat="39.464530" lon="2.748937"/>
    <trkpt lat="39.462873" lon="2.749541"/>
    <trkpt lat="39.461404" lon="2.750217"/>
    <trkpt lat="39.460303" lon="2.750785"/>
    <trkpt lat="39.458030" lon="2.751963"/>
    <trkpt lat="39.456480" lon="2.752768"/>
    <trkpt lat="39.456426" lon="2.752796"/>
    <trkpt lat="39.455629" lon="2.753210"/>
    <trkpt lat="39.455518" lon="2.753272"/>
    <trkpt lat="39.455002" lon="2.753523"/>
    <trkpt lat="39.454974" lon="2.753542"/>
    <trkpt lat="39.454296" lon="2.753906"/>
    <trkpt lat="39.453174" lon="2.754496"/>
    <trkpt lat="39.451261" lon="2.755488"/>
    <trkpt lat="39.450186" lon="2.755999"/>
    <trkpt lat="39.449020" lon="2.756631"/>
    <trkpt lat="39.447549" lon="2.757435"/>
    <trkpt lat="39.446988" lon="2.757761"/>
    <trkpt lat="39.446036" lon="2.758253"/>
    <trkpt lat="39.444389" lon="2.759116"/>
    <trkpt lat="39.443105" lon="2.759745"/>
    <trkpt lat="39.443032" lon="2.759785"/>
    <trkpt lat="39.442774" lon="2.759926"/>
    <trkpt lat="39.441611" lon="2.760565"/>
    <trkpt lat="39.440432" lon="2.761193"/>
    <trkpt lat="39.440199" lon="2.761312"/>
    <trkpt lat="39.439981" lon="2.761403"/>
    <trkpt lat="39.439751" lon="2.761460"/>
    <trkpt lat="39.439469" lon="2.761480"/>
    <trkpt lat="39.439216" lon="2.761435"/>
    <trkpt lat="39.438986" lon="2.761364"/>
    <trkpt lat="39.438181" lon="2.760966"/>
    <trkpt lat="39.437610" lon="2.760684"/>
    <trkpt lat="39.437466" lon="2.760620"/>
    <trkpt lat="39.436387" lon="2.760167"/>
    <trkpt lat="39.436149" lon="2.760051"/>
    <trkpt lat="39.434843" lon="2.759417"/>
    <trkpt lat="39.432789" lon="2.758429"/>
    <trkpt lat="39.432466" lon="2.758273"/>
    <trkpt lat="39.431923" lon="2.758027"/>
    <trkpt lat="39.431397" lon="2.757805"/>
    <trkpt lat="39.430081" lon="2.757201"/>
    <trkpt lat="39.429635" lon="2.756987"/>
    <trkpt lat="39.427681" lon="2.756048"/>
    <trkpt lat="39.427125" lon="2.755794"/>
    <trkpt lat="39.426667" lon="2.755570"/>
    <trkpt lat="39.424209" lon="2.754487"/>
    <trkpt lat="39.423922" lon="2.754361"/>
    <trkpt lat="39.420678" lon="2.752809"/>
    <trkpt lat="39.420385" lon="2.752672"/>
    <trkpt lat="39.419756" lon="2.752379"/>
    <trkpt lat="39.419468" lon="2.752244"/>
    <trkpt lat="39.418828" lon="2.751940"/>
    <trkpt lat="39.418354" lon="2.751720"/>
    <trkpt lat="39.418051" lon="2.751578"/>
    <trkpt lat="39.417776" lon="2.751450"/>
    <trkpt lat="39.417431" lon="2.751289"/>
    <trkpt lat="39.417203" lon="2.751183"/>
    <trkpt lat="39.412055" lon="2.748777"/>
    <trkpt lat="39.411875" lon="2.748679"/>
    <trkpt lat="39.411674" lon="2.748570"/>
    <trkpt lat="39.411335" lon="2.748306"/>
    <trkpt lat="39.411260" lon="2.748216"/>
    <trkpt lat="39.411133" lon="2.748020"/>
    <trkpt lat="39.410885" lon="2.747420"/>
    <trkpt lat="39.410776" lon="2.747232"/>
    <trkpt lat="39.410653" lon="2.747075"/>
    <trkpt lat="39.410534" lon="2.746981"/>
    <trkpt lat="39.410388" lon="2.746910"/>
    <trkpt lat="39.410227" lon="2.746856"/>
    <trkpt lat="39.410023" lon="2.746855"/>
    <trkpt lat="39.409844" lon="2.746918"/>
    <trkpt lat="39.405850" lon="2.748975"/>
    <trkpt lat="39.405320" lon="2.749231"/>
    <trkpt lat="39.405146" lon="2.749356"/>
    <trkpt lat="39.405041" lon="2.749456"/>
    <trkpt lat="39.404892" lon="2.749622"/>
    <trkpt lat="39.404100" lon="2.750618"/>
    <trkpt lat="39.402885" lon="2.752203"/>
    <trkpt lat="39.402525" lon="2.752666"/>
    <trkpt lat="39.401889" lon="2.753485"/>
    <trkpt lat="39.401760" lon="2.753651"/>
    <trkpt lat="39.400951" lon="2.754694"/>
    <trkpt lat="39.400123" lon="2.755756"/>
    <trkpt lat="39.399631" lon="2.756387"/>
    <trkpt lat="39.399088" lon="2.757101"/>
    <trkpt lat="39.398974" lon="2.757225"/>
    <trkpt lat="39.398853" lon="2.757330"/>
    <trkpt lat="39.398552" lon="2.757525"/>
    <trkpt lat="39.397607" lon="2.758095"/>
    <trkpt lat="39.395866" lon="2.759144"/>
    <trkpt lat="39.394784" lon="2.759796"/>
    <trkpt lat="39.392549" lon="2.761144"/>
    <trkpt lat="39.392203" lon="2.761383"/>
    <trkpt lat="39.392054" lon="2.761574"/>
    <trkpt lat="39.391992" lon="2.761656"/>
    <trkpt lat="39.390597" lon="2.764450"/>
    <trkpt lat="39.389713" lon="2.766220"/>
    <trkpt lat="39.388226" lon="2.769184"/>
    <trkpt lat="39.387506" lon="2.770618"/>
    <trkpt lat="39.386447" lon="2.772749"/>
    <trkpt lat="39.385159" lon="2.775340"/>
    <trkpt lat="39.384920" lon="2.775722"/>
    <trkpt lat="39.384756" lon="2.775864"/>
    <trkpt lat="39.384577" lon="2.775959"/>
    <trkpt lat="39.384272" lon="2.776016"/>
    <trkpt lat="39.384172" lon="2.776035"/>
    <trkpt lat="39.384002" lon="2.776050"/>
    <trkpt lat="39.381841" lon="2.776245"/>
    <trkpt lat="39.379199" lon="2.776465"/>
    <trkpt lat="39.377319" lon="2.776614"/>
    <trkpt lat="39.377090" lon="2.776614"/>
    <trkpt lat="39.376792" lon="2.776644"/>
    <trkpt lat="39.376659" lon="2.776701"/>
    <trkpt lat="39.376529" lon="2.776818"/>
    <trkpt lat="39.376412" lon="2.776958"/>
    <trkpt lat="39.375261" lon="2.778327"/>
    <trkpt lat="39.373877" lon="2.780058"/>
    <trkpt lat="39.372884" lon="2.781279"/>
    <trkpt lat="39.372532" lon="2.781796"/>
    <trkpt lat="39.372221" lon="2.782369"/>
    <trkpt lat="39.371515" lon="2.783676"/>
    <trkpt lat="39.371098" lon="2.784448"/>
    <trkpt lat="39.370404" lon="2.785768"/>
    <trkpt lat="39.370001" lon="2.786529"/>
    <trkpt lat="39.369908" lon="2.786714"/>
    <trkpt lat="39.369263" lon="2.787987"/>
    <trkpt lat="39.369032" lon="2.788443"/>
    <trkpt lat="39.368909" lon="2.788724"/>
    <trkpt lat="39.368791" lon="2.789066"/>
    <trkpt lat="39.368610" lon="2.789724"/>
    <trkpt lat="39.368567" lon="2.790045"/>
    <trkpt lat="39.368530" lon="2.790325"/>
    <trkpt lat="39.368491" lon="2.790931"/>
    <trkpt lat="39.368510" lon="2.791428"/>
    <trkpt lat="39.368562" lon="2.791867"/>
    <trkpt lat="39.368638" lon="2.792301"/>
    <trkpt lat="39.368714" lon="2.792654"/>
    <trkpt lat="39.368694" lon="2.792704"/>
    <trkpt lat="39.368707" lon="2.792940"/>
    <trkpt lat="39.368618" lon="2.793196"/>
    <trkpt lat="39.368604" lon="2.793236"/>
    <trkpt lat="39.368547" lon="2.793254"/>
    <trkpt lat="39.368476" lon="2.793246"/>
    <trkpt lat="39.368417" lon="2.793219"/>
    <trkpt lat="39.368183" lon="2.792940"/>
    <trkpt lat="39.367761" lon="2.792512"/>
    <trkpt lat="39.367719" lon="2.792468"/>
    <trkpt lat="39.367001" lon="2.791688"/>
    <trkpt lat="39.366224" lon="2.790842"/>
    <trkpt lat="39.366162" lon="2.790756"/>
    <trkpt lat="39.366113" lon="2.790665"/>
    <trkpt lat="39.365909" lon="2.790500"/>
    <trkpt lat="39.365870" lon="2.790463"/>
    <trkpt lat="39.365364" lon="2.789940"/>
    <trkpt lat="39.365124" lon="2.789684"/>
    <trkpt lat="39.364953" lon="2.789513"/>
    <trkpt lat="39.363975" lon="2.788484"/>
    <trkpt lat="39.363960" lon="2.788508"/>
    <trkpt lat="39.363925" lon="2.788510"/>
    <trkpt lat="39.363664" lon="2.788577"/>
    <trkpt lat="39.363453" lon="2.788726"/>
    <trkpt lat="39.363323" lon="2.788791"/>
    <trkpt lat="39.363122" lon="2.788825"/>
    <trkpt lat="39.363028" lon="2.788901"/>
    <trkpt lat="39.362917" lon="2.789102"/>
    <trkpt lat="39.362921" lon="2.789178"/>
    <trkpt lat="39.362997" lon="2.789309"/>
    <trkpt lat="39.363007" lon="2.789363"/>
    <trkpt lat="39.363019" lon="2.789676"/>
    <trkpt lat="39.363046" lon="2.789772"/>
    <trkpt lat="39.363229" lon="2.789958"/>
    <trkpt lat="39.363248" lon="2.789986"/>
    <trkpt lat="39.363229" lon="2.789958"/>
    <trkpt lat="39.363046" lon="2.789772"/>
    <trkpt lat="39.363019" lon="2.789676"/>
    <trkpt lat="39.363007" lon="2.789363"/>
    <trkpt lat="39.362997" lon="2.789309"/>
    <trkpt lat="39.362921" lon="2.789178"/>
    <trkpt lat="39.362917" lon="2.789102"/>
    <trkpt lat="39.363028" lon="2.788901"/>
    <trkpt lat="39.363122" lon="2.788825"/>
    <trkpt lat="39.363323" lon="2.788791"/>
    <trkpt lat="39.363453" lon="2.788726"/>
    <trkpt lat="39.363664" lon="2.788577"/>
    <trkpt lat="39.363925" lon="2.788510"/>
    <trkpt lat="39.363960" lon="2.788508"/>
    <trkpt lat="39.363975" lon="2.788484"/>
    <trkpt lat="39.364953" lon="2.789513"/>
    <trkpt lat="39.365124" lon="2.789684"/>
    <trkpt lat="39.365364" lon="2.789940"/>
    <trkpt lat="39.365870" lon="2.790463"/>
    <trkpt lat="39.365909" lon="2.790500"/>
    <trkpt lat="39.366113" lon="2.790665"/>
    <trkpt lat="39.366162" lon="2.790756"/>
    <trkpt lat="39.366224" lon="2.790842"/>
    <trkpt lat="39.367001" lon="2.791688"/>
    <trkpt lat="39.367719" lon="2.792468"/>
    <trkpt lat="39.367761" lon="2.792512"/>
    <trkpt lat="39.368183" lon="2.792940"/>
    <trkpt lat="39.368417" lon="2.793219"/>
    <trkpt lat="39.368479" lon="2.793304"/>
    <trkpt lat="39.368561" lon="2.793395"/>
    <trkpt lat="39.368610" lon="2.793449"/>
    <trkpt lat="39.368678" lon="2.793495"/>
    <trkpt lat="39.368753" lon="2.793494"/>
    <trkpt lat="39.368823" lon="2.793495"/>
    <trkpt lat="39.368896" lon="2.793512"/>
    <trkpt lat="39.368948" lon="2.793553"/>
    <trkpt lat="39.368995" lon="2.793606"/>
    <trkpt lat="39.369105" lon="2.793690"/>
    <trkpt lat="39.369175" lon="2.793807"/>
    <trkpt lat="39.369260" lon="2.793940"/>
    <trkpt lat="39.369520" lon="2.794342"/>
    <trkpt lat="39.370237" lon="2.795204"/>
    <trkpt lat="39.371862" lon="2.796883"/>
    <trkpt lat="39.374278" lon="2.799535"/>
    <trkpt lat="39.377356" lon="2.802872"/>
    <trkpt lat="39.380812" lon="2.806573"/>
    <trkpt lat="39.381057" lon="2.806835"/>
    <trkpt lat="39.381262" lon="2.807055"/>
    <trkpt lat="39.384142" lon="2.810134"/>
    <trkpt lat="39.384329" lon="2.810425"/>
    <trkpt lat="39.385291" lon="2.812677"/>
    <trkpt lat="39.386522" lon="2.815554"/>
    <trkpt lat="39.387679" lon="2.818236"/>
    <trkpt lat="39.387699" lon="2.818283"/>
    <trkpt lat="39.388735" lon="2.820683"/>
    <trkpt lat="39.390521" lon="2.824838"/>
    <trkpt lat="39.390725" lon="2.825147"/>
    <trkpt lat="39.390961" lon="2.825350"/>
    <trkpt lat="39.391605" lon="2.825736"/>
    <trkpt lat="39.392945" lon="2.826576"/>
    <trkpt lat="39.393227" lon="2.826752"/>
    <trkpt lat="39.393344" lon="2.826819"/>
    <trkpt lat="39.393457" lon="2.826869"/>
    <trkpt lat="39.393498" lon="2.826876"/>
    <trkpt lat="39.393581" lon="2.826880"/>
    <trkpt lat="39.393670" lon="2.826864"/>
    <trkpt lat="39.393757" lon="2.826832"/>
    <trkpt lat="39.393864" lon="2.826776"/>
    <trkpt lat="39.394065" lon="2.826654"/>
    <trkpt lat="39.394642" lon="2.826353"/>
    <trkpt lat="39.395467" lon="2.825963"/>
    <trkpt lat="39.395672" lon="2.825851"/>
    <trkpt lat="39.395883" lon="2.825710"/>
    <trkpt lat="39.396321" lon="2.825263"/>
    <trkpt lat="39.396625" lon="2.824995"/>
    <trkpt lat="39.396771" lon="2.824940"/>
    <trkpt lat="39.396899" lon="2.824962"/>
    <trkpt lat="39.397058" lon="2.825112"/>
    <trkpt lat="39.397229" lon="2.825336"/>
    <trkpt lat="39.397877" lon="2.826255"/>
    <trkpt lat="39.398676" lon="2.827380"/>
    <trkpt lat="39.398837" lon="2.827606"/>
    <trkpt lat="39.399426" lon="2.828585"/>
    <trkpt lat="39.399678" lon="2.829020"/>
    <trkpt lat="39.400001" lon="2.829576"/>
    <trkpt lat="39.402228" lon="2.833355"/>
    <trkpt lat="39.402258" lon="2.833407"/>
    <trkpt lat="39.402373" lon="2.833626"/>
    <trkpt lat="39.402443" lon="2.833797"/>
    <trkpt lat="39.402463" lon="2.833978"/>
    <trkpt lat="39.402450" lon="2.834202"/>
    <trkpt lat="39.402384" lon="2.834392"/>
    <trkpt lat="39.402230" lon="2.834597"/>
    <trkpt lat="39.400295" lon="2.836505"/>
    <trkpt lat="39.400155" lon="2.836629"/>
    <trkpt lat="39.399947" lon="2.836779"/>
    <trkpt lat="39.399444" lon="2.837137"/>
    <trkpt lat="39.399222" lon="2.837297"/>
    <trkpt lat="39.399102" lon="2.837412"/>
    <trkpt lat="39.398938" lon="2.837580"/>
    <trkpt lat="39.398815" lon="2.837757"/>
    <trkpt lat="39.398251" lon="2.838495"/>
    <trkpt lat="39.398187" lon="2.838619"/>
    <trkpt lat="39.398077" lon="2.838805"/>
    <trkpt lat="39.397831" lon="2.839320"/>
    <trkpt lat="39.397588" lon="2.839826"/>
    <trkpt lat="39.396771" lon="2.841554"/>
    <trkpt lat="39.396221" lon="2.842714"/>
    <trkpt lat="39.395886" lon="2.843435"/>
    <trkpt lat="39.395757" lon="2.843785"/>
    <trkpt lat="39.395654" lon="2.844130"/>
    <trkpt lat="39.395500" lon="2.844864"/>
    <trkpt lat="39.395369" lon="2.845503"/>
    <trkpt lat="39.394947" lon="2.847658"/>
    <trkpt lat="39.394938" lon="2.847712"/>
    <trkpt lat="39.394903" lon="2.847936"/>
    <trkpt lat="39.394906" lon="2.848281"/>
    <trkpt lat="39.394944" lon="2.848670"/>
    <trkpt lat="39.395364" lon="2.851810"/>
    <trkpt lat="39.396198" lon="2.859568"/>
    <trkpt lat="39.396988" lon="2.867014"/>
    <trkpt lat="39.397008" lon="2.867200"/>
    <trkpt lat="39.397124" lon="2.868211"/>
    <trkpt lat="39.397235" lon="2.868952"/>
    <trkpt lat="39.397738" lon="2.870973"/>
    <trkpt lat="39.398703" lon="2.874486"/>
    <trkpt lat="39.399068" lon="2.875871"/>
    <trkpt lat="39.399817" lon="2.878715"/>
    <trkpt lat="39.399871" lon="2.878977"/>
    <trkpt lat="39.399889" lon="2.879520"/>
    <trkpt lat="39.399760" lon="2.883101"/>
    <trkpt lat="39.399708" lon="2.883683"/>
    <trkpt lat="39.399551" lon="2.884562"/>
    <trkpt lat="39.398912" lon="2.887766"/>
    <trkpt lat="39.398742" lon="2.888616"/>
    <trkpt lat="39.398664" lon="2.889182"/>
    <trkpt lat="39.398607" lon="2.889905"/>
    <trkpt lat="39.398266" lon="2.894802"/>
    <trkpt lat="39.398238" lon="2.895865"/>
    <trkpt lat="39.398175" lon="2.898649"/>
    <trkpt lat="39.398152" lon="2.899492"/>
    <trkpt lat="39.398082" lon="2.902020"/>
    <trkpt lat="39.398012" lon="2.903312"/>
    <trkpt lat="39.398009" lon="2.903371"/>
    <trkpt lat="39.397885" lon="2.904527"/>
    <trkpt lat="39.397731" lon="2.905911"/>
    <trkpt lat="39.397689" lon="2.906118"/>
    <trkpt lat="39.397676" lon="2.906191"/>
    <trkpt lat="39.397656" lon="2.906277"/>
    <trkpt lat="39.397612" lon="2.906395"/>
    <trkpt lat="39.397589" lon="2.906438"/>
    <trkpt lat="39.397563" lon="2.906476"/>
    <trkpt lat="39.396920" lon="2.906595"/>
    <trkpt lat="39.396771" lon="2.906622"/>
    <trkpt lat="39.396553" lon="2.906662"/>
    <trkpt lat="39.396105" lon="2.906754"/>
    <trkpt lat="39.396081" lon="2.906827"/>
    <trkpt lat="39.396068" lon="2.906872"/>
    <trkpt lat="39.396065" lon="2.906916"/>
    <trkpt lat="39.396070" lon="2.906982"/>
    <trkpt lat="39.396085" lon="2.907032"/>
    <trkpt lat="39.396109" lon="2.907090"/>
    <trkpt lat="39.396141" lon="2.907164"/>
    <trkpt lat="39.396193" lon="2.907316"/>
    <trkpt lat="39.396465" lon="2.909058"/>
    <trkpt lat="39.397473" lon="2.915523"/>
    <trkpt lat="39.397884" lon="2.918156"/>
    <trkpt lat="39.398018" lon="2.919015"/>
    <trkpt lat="39.398349" lon="2.921139"/>
    <trkpt lat="39.398478" lon="2.921967"/>
    <trkpt lat="39.398773" lon="2.923845"/>
    <trkpt lat="39.398798" lon="2.924045"/>
    <trkpt lat="39.398800" lon="2.924192"/>
    <trkpt lat="39.398783" lon="2.924334"/>
    <trkpt lat="39.398731" lon="2.924505"/>
    <trkpt lat="39.398661" lon="2.924648"/>
    <trkpt lat="39.398508" lon="2.924896"/>
    <trkpt lat="39.397549" lon="2.926327"/>
    <trkpt lat="39.396597" lon="2.927764"/>
    <trkpt lat="39.396495" lon="2.927953"/>
    <trkpt lat="39.396426" lon="2.928160"/>
    <trkpt lat="39.396393" lon="2.928363"/>
    <trkpt lat="39.396384" lon="2.928587"/>
    <trkpt lat="39.396398" lon="2.929041"/>
    <trkpt lat="39.396405" lon="2.929262"/>
    <trkpt lat="39.396482" lon="2.931730"/>
    <trkpt lat="39.396475" lon="2.931942"/>
    <trkpt lat="39.396442" lon="2.932158"/>
    <trkpt lat="39.396351" lon="2.932382"/>
    <trkpt lat="39.395982" lon="2.933206"/>
    <trkpt lat="39.394653" lon="2.936134"/>
    <trkpt lat="39.394230" lon="2.937073"/>
    <trkpt lat="39.394170" lon="2.937224"/>
    <trkpt lat="39.394126" lon="2.937376"/>
    <trkpt lat="39.394100" lon="2.937530"/>
    <trkpt lat="39.394088" lon="2.937695"/>
    <trkpt lat="39.394093" lon="2.937882"/>
    <trkpt lat="39.394228" lon="2.939312"/>
    <trkpt lat="39.394243" lon="2.939469"/>
    <trkpt lat="39.394472" lon="2.942019"/>
    <trkpt lat="39.394628" lon="2.943683"/>
    <trkpt lat="39.394768" lon="2.945214"/>
    <trkpt lat="39.394787" lon="2.945415"/>
    <trkpt lat="39.394937" lon="2.947044"/>
    <trkpt lat="39.395271" lon="2.950742"/>
    <trkpt lat="39.395287" lon="2.950909"/>
    <trkpt lat="39.395500" lon="2.953224"/>
    <trkpt lat="39.395558" lon="2.953924"/>
    <trkpt lat="39.395592" lon="2.954217"/>
    <trkpt lat="39.395618" lon="2.954360"/>
    <trkpt lat="39.395659" lon="2.954527"/>
    <trkpt lat="39.395731" lon="2.954733"/>
    <trkpt lat="39.396372" lon="2.956494"/>
    <trkpt lat="39.396650" lon="2.957304"/>
    <trkpt lat="39.396984" lon="2.958275"/>
    <trkpt lat="39.397250" lon="2.959048"/>
    <trkpt lat="39.397606" lon="2.960055"/>
    <trkpt lat="39.397667" lon="2.960281"/>
    <trkpt lat="39.397686" lon="2.960388"/>
    <trkpt lat="39.397692" lon="2.960493"/>
    <trkpt lat="39.397690" lon="2.960672"/>
    <trkpt lat="39.397633" lon="2.961821"/>
    <trkpt lat="39.397622" lon="2.962031"/>
    <trkpt lat="39.397537" lon="2.963722"/>
    <trkpt lat="39.397500" lon="2.964866"/>
    <trkpt lat="39.397473" lon="2.965698"/>
    <trkpt lat="39.397462" lon="2.965903"/>
    <trkpt lat="39.397443" lon="2.966051"/>
    <trkpt lat="39.397410" lon="2.966210"/>
    <trkpt lat="39.397327" lon="2.966462"/>
    <trkpt lat="39.397032" lon="2.967207"/>
    <trkpt lat="39.396899" lon="2.967543"/>
    <trkpt lat="39.396551" lon="2.968403"/>
    <trkpt lat="39.396050" lon="2.969659"/>
    <trkpt lat="39.395964" lon="2.969880"/>
    <trkpt lat="39.395857" lon="2.970157"/>
    <trkpt lat="39.395811" lon="2.970294"/>
    <trkpt lat="39.395773" lon="2.970428"/>
    <trkpt lat="39.395751" lon="2.970557"/>
    <trkpt lat="39.395733" lon="2.970682"/>
    <trkpt lat="39.395725" lon="2.970817"/>
    <trkpt lat="39.395722" lon="2.970981"/>
    <trkpt lat="39.395725" lon="2.971261"/>
    <trkpt lat="39.395759" lon="2.972427"/>
    <trkpt lat="39.395784" lon="2.973270"/>
    <trkpt lat="39.395831" lon="2.975169"/>
    <trkpt lat="39.395837" lon="2.975611"/>
    <trkpt lat="39.395831" lon="2.975886"/>
    <trkpt lat="39.395804" lon="2.976214"/>
    <trkpt lat="39.395476" lon="2.979229"/>
    <trkpt lat="39.395433" lon="2.979594"/>
    <trkpt lat="39.395392" lon="2.979881"/>
    <trkpt lat="39.395357" lon="2.980063"/>
    <trkpt lat="39.395227" lon="2.980563"/>
    <trkpt lat="39.395094" lon="2.981057"/>
    <trkpt lat="39.395023" lon="2.981253"/>
    <trkpt lat="39.394976" lon="2.981347"/>
    <trkpt lat="39.394926" lon="2.981438"/>
    <trkpt lat="39.394862" lon="2.981497"/>
    <trkpt lat="39.394800" lon="2.981549"/>
    <trkpt lat="39.394752" lon="2.981582"/>
    <trkpt lat="39.394707" lon="2.981607"/>
    <trkpt lat="39.394638" lon="2.981645"/>
    <trkpt lat="39.394604" lon="2.981642"/>
    <trkpt lat="39.394557" lon="2.981651"/>
    <trkpt lat="39.394513" lon="2.981676"/>
    <trkpt lat="39.394476" lon="2.981715"/>
    <trkpt lat="39.394448" lon="2.981765"/>
    <trkpt lat="39.394431" lon="2.981823"/>
    <trkpt lat="39.394426" lon="2.981886"/>
    <trkpt lat="39.394435" lon="2.981949"/>
    <trkpt lat="39.394457" lon="2.982006"/>
    <trkpt lat="39.394468" lon="2.982176"/>
    <trkpt lat="39.394468" lon="2.982267"/>
    <trkpt lat="39.394448" lon="2.982504"/>
    <trkpt lat="39.394413" lon="2.982624"/>
    <trkpt lat="39.394354" lon="2.982777"/>
    <trkpt lat="39.394288" lon="2.982926"/>
    <trkpt lat="39.394177" lon="2.983110"/>
    <trkpt lat="39.394097" lon="2.983226"/>
    <trkpt lat="39.393930" lon="2.983468"/>
    <trkpt lat="39.393602" lon="2.983941"/>
    <trkpt lat="39.393564" lon="2.983997"/>
    <trkpt lat="39.393317" lon="2.984357"/>
    <trkpt lat="39.393195" lon="2.984536"/>
    <trkpt lat="39.392718" lon="2.985232"/>
    <trkpt lat="39.391784" lon="2.986518"/>
    <trkpt lat="39.391610" lon="2.986748"/>
    <trkpt lat="39.390864" lon="2.987742"/>
    <trkpt lat="39.389633" lon="2.989396"/>
    <trkpt lat="39.389608" lon="2.989430"/>
    <trkpt lat="39.387832" lon="2.991828"/>
    <trkpt lat="39.387779" lon="2.991899"/>
    <trkpt lat="39.387302" lon="2.992541"/>
    <trkpt lat="39.387081" lon="2.992887"/>
    <trkpt lat="39.386971" lon="2.993064"/>
    <trkpt lat="39.386105" lon="2.994529"/>
    <trkpt lat="39.385924" lon="2.994833"/>
    <trkpt lat="39.385628" lon="2.995327"/>
    <trkpt lat="39.385253" lon="2.995929"/>
    <trkpt lat="39.384843" lon="2.996591"/>
    <trkpt lat="39.384406" lon="2.997239"/>
    <trkpt lat="39.383617" lon="2.998343"/>
    <trkpt lat="39.383451" lon="2.998570"/>
    <trkpt lat="39.383112" lon="2.999039"/>
    <trkpt lat="39.382595" lon="2.999727"/>
    <trkpt lat="39.382397" lon="2.999980"/>
    <trkpt lat="39.381839" lon="3.000640"/>
    <trkpt lat="39.381311" lon="3.001268"/>
    <trkpt lat="39.381186" lon="3.001406"/>
    <trkpt lat="39.380994" lon="3.001589"/>
    <trkpt lat="39.380903" lon="3.001668"/>
    <trkpt lat="39.380545" lon="3.001953"/>
    <trkpt lat="39.380331" lon="3.002167"/>
    <trkpt lat="39.378897" lon="3.003987"/>
    <trkpt lat="39.378772" lon="3.004134"/>
    <trkpt lat="39.378687" lon="3.004227"/>
    <trkpt lat="39.378057" lon="3.004800"/>
    <trkpt lat="39.377834" lon="3.005002"/>
    <trkpt lat="39.377090" lon="3.005757"/>
    <trkpt lat="39.376781" lon="3.006058"/>
    <trkpt lat="39.376345" lon="3.006472"/>
    <trkpt lat="39.375707" lon="3.007096"/>
    <trkpt lat="39.375025" lon="3.007775"/>
    <trkpt lat="39.374845" lon="3.007945"/>
    <trkpt lat="39.374743" lon="3.008041"/>
    <trkpt lat="39.374591" lon="3.008196"/>
    <trkpt lat="39.374299" lon="3.008474"/>
    <trkpt lat="39.374195" lon="3.008595"/>
    <trkpt lat="39.374108" lon="3.008698"/>
    <trkpt lat="39.373802" lon="3.009121"/>
    <trkpt lat="39.373559" lon="3.009470"/>
    <trkpt lat="39.372832" lon="3.010379"/>
    <trkpt lat="39.372745" lon="3.010505"/>
    <trkpt lat="39.372654" lon="3.010657"/>
    <trkpt lat="39.372547" lon="3.010847"/>
    <trkpt lat="39.372516" lon="3.010890"/>
    <trkpt lat="39.371908" lon="3.011721"/>
    <trkpt lat="39.371698" lon="3.012001"/>
    <trkpt lat="39.371065" lon="3.012861"/>
    <trkpt lat="39.370971" lon="3.012987"/>
    <trkpt lat="39.370874" lon="3.013104"/>
    <trkpt lat="39.370604" lon="3.013406"/>
    <trkpt lat="39.370303" lon="3.013758"/>
    <trkpt lat="39.370171" lon="3.013914"/>
    <trkpt lat="39.368404" lon="3.016022"/>
    <trkpt lat="39.368136" lon="3.016341"/>
    <trkpt lat="39.368045" lon="3.016453"/>
    <trkpt lat="39.367989" lon="3.016540"/>
    <trkpt lat="39.367937" lon="3.016633"/>
    <trkpt lat="39.367783" lon="3.016912"/>
    <trkpt lat="39.366649" lon="3.018966"/>
    <trkpt lat="39.366214" lon="3.019750"/>
    <trkpt lat="39.366125" lon="3.019912"/>
    <trkpt lat="39.366049" lon="3.020073"/>
    <trkpt lat="39.366015" lon="3.020156"/>
    <trkpt lat="39.365968" lon="3.020263"/>
    <trkpt lat="39.365906" lon="3.020458"/>
    <trkpt lat="39.365883" lon="3.020506"/>
    <trkpt lat="39.365839" lon="3.020524"/>
    <trkpt lat="39.365800" lon="3.020558"/>
    <trkpt lat="39.365763" lon="3.020631"/>
    <trkpt lat="39.365755" lon="3.020719"/>
    <trkpt lat="39.365764" lon="3.020769"/>
    <trkpt lat="39.365741" lon="3.020878"/>
    <trkpt lat="39.365700" lon="3.020974"/>
    <trkpt lat="39.365630" lon="3.021074"/>
    <trkpt lat="39.365599" lon="3.021097"/>
    <trkpt lat="39.365483" lon="3.021184"/>
    <trkpt lat="39.365413" lon="3.021236"/>
    <trkpt lat="39.365206" lon="3.021384"/>
    <trkpt lat="39.365109" lon="3.021452"/>
    <trkpt lat="39.365044" lon="3.021505"/>
    <trkpt lat="39.364968" lon="3.021578"/>
    <trkpt lat="39.364755" lon="3.021832"/>
    <trkpt lat="39.364437" lon="3.022209"/>
    <trkpt lat="39.363248" lon="3.023682"/>
    <trkpt lat="39.362433" lon="3.024610"/>
    <trkpt lat="39.361982" lon="3.025135"/>
    <trkpt lat="39.361424" lon="3.025750"/>
    <trkpt lat="39.361349" lon="3.025823"/>
    <trkpt lat="39.361258" lon="3.025910"/>
    <trkpt lat="39.361118" lon="3.026012"/>
    <trkpt lat="39.360989" lon="3.026092"/>
    <trkpt lat="39.359937" lon="3.026656"/>
    <trkpt lat="39.359670" lon="3.026806"/>
    <trkpt lat="39.358279" lon="3.027552"/>
    <trkpt lat="39.358124" lon="3.027639"/>
    <trkpt lat="39.357524" lon="3.027982"/>
    <trkpt lat="39.356849" lon="3.028372"/>
    <trkpt lat="39.354499" lon="3.029719"/>
    <trkpt lat="39.354047" lon="3.029970"/>
    <trkpt lat="39.353712" lon="3.030186"/>
    <trkpt lat="39.353580" lon="3.030293"/>
    <trkpt lat="39.353471" lon="3.030410"/>
    <trkpt lat="39.353370" lon="3.030653"/>
    <trkpt lat="39.352566" lon="3.033091"/>
    <trkpt lat="39.352457" lon="3.033401"/>
    <trkpt lat="39.352399" lon="3.033544"/>
    <trkpt lat="39.352332" lon="3.033653"/>
    <trkpt lat="39.352287" lon="3.033719"/>
    <trkpt lat="39.352218" lon="3.033806"/>
    <trkpt lat="39.351709" lon="3.034422"/>
    <trkpt lat="39.351404" lon="3.034795"/>
    <trkpt lat="39.350391" lon="3.036027"/>
    <trkpt lat="39.348598" lon="3.038204"/>
    <trkpt lat="39.348138" lon="3.038764"/>
    <trkpt lat="39.348013" lon="3.038924"/>
    <trkpt lat="39.347965" lon="3.038973"/>
    <trkpt lat="39.347897" lon="3.039033"/>
    <trkpt lat="39.347758" lon="3.039138"/>
    <trkpt lat="39.346840" lon="3.039796"/>
    <trkpt lat="39.346455" lon="3.040075"/>
    <trkpt lat="39.345952" lon="3.040443"/>
    <trkpt lat="39.345579" lon="3.040700"/>
    <trkpt lat="39.345316" lon="3.040900"/>
    <trkpt lat="39.345234" lon="3.040990"/>
    <trkpt lat="39.344699" lon="3.041654"/>
    <trkpt lat="39.344188" lon="3.042290"/>
    <trkpt lat="39.343552" lon="3.043078"/>
    <trkpt lat="39.343063" lon="3.043690"/>
    <trkpt lat="39.342650" lon="3.044200"/>
    <trkpt lat="39.342524" lon="3.044361"/>
    <trkpt lat="39.342405" lon="3.044542"/>
    <trkpt lat="39.342291" lon="3.044736"/>
    <trkpt lat="39.341908" lon="3.045454"/>
    <trkpt lat="39.341788" lon="3.045689"/>
    <trkpt lat="39.341738" lon="3.045750"/>
    <trkpt lat="39.341684" lon="3.045833"/>
    <trkpt lat="39.341650" lon="3.045862"/>
    <trkpt lat="39.341596" lon="3.045896"/>
    <trkpt lat="39.341568" lon="3.045894"/>
    <trkpt lat="39.341540" lon="3.045898"/>
    <trkpt lat="39.341514" lon="3.045908"/>
    <trkpt lat="39.341489" lon="3.045925"/>
    <trkpt lat="39.341467" lon="3.045948"/>
    <trkpt lat="39.341448" lon="3.045975"/>
    <trkpt lat="39.341433" lon="3.046010"/>
    <trkpt lat="39.341423" lon="3.046048"/>
    <trkpt lat="39.341420" lon="3.046089"/>
    <trkpt lat="39.341423" lon="3.046129"/>
    <trkpt lat="39.341432" lon="3.046167"/>
    <trkpt lat="39.341426" lon="3.046251"/>
    <trkpt lat="39.341410" lon="3.046319"/>
    <trkpt lat="39.341346" lon="3.046482"/>
    <trkpt lat="39.341301" lon="3.046599"/>
    <trkpt lat="39.341266" lon="3.046663"/>
    <trkpt lat="39.341224" lon="3.046738"/>
    <trkpt lat="39.341028" lon="3.047090"/>
    <trkpt lat="39.340926" lon="3.047273"/>
    <trkpt lat="39.340602" lon="3.047854"/>
    <trkpt lat="39.340566" lon="3.047917"/>
    <trkpt lat="39.340526" lon="3.047989"/>
    <trkpt lat="39.340277" lon="3.048437"/>
    <trkpt lat="39.339908" lon="3.049099"/>
    <trkpt lat="39.339860" lon="3.049185"/>
    <trkpt lat="39.339493" lon="3.049844"/>
    <trkpt lat="39.339454" lon="3.049913"/>
    <trkpt lat="39.339164" lon="3.050463"/>
    <trkpt lat="39.339103" lon="3.050556"/>
    <trkpt lat="39.339088" lon="3.050570"/>
    <trkpt lat="39.339063" lon="3.050537"/>
    <trkpt lat="39.339030" lon="3.050518"/>
    <trkpt lat="39.338994" lon="3.050517"/>
    <trkpt lat="39.338961" lon="3.050534"/>
    <trkpt lat="39.338932" lon="3.050573"/>
    <trkpt lat="39.338919" lon="3.050623"/>
    <trkpt lat="39.338925" lon="3.050676"/>
    <trkpt lat="39.338946" lon="3.050719"/>
    <trkpt lat="39.338974" lon="3.050743"/>
    <trkpt lat="39.339008" lon="3.050753"/>
    <trkpt lat="39.339001" lon="3.050772"/>
    <trkpt lat="39.338942" lon="3.050953"/>
    <trkpt lat="39.338917" lon="3.051025"/>
    <trkpt lat="39.338866" lon="3.051191"/>
    <trkpt lat="39.338822" lon="3.051360"/>
    <trkpt lat="39.338039" lon="3.051371"/>
    <trkpt lat="39.337966" lon="3.051399"/>
    <trkpt lat="39.337510" lon="3.051587"/>
    <trkpt lat="39.337449" lon="3.051613"/>
    <trkpt lat="39.337764" lon="3.052897"/>
    <trkpt lat="39.337916" lon="3.053555"/>
    <trkpt lat="39.337764" lon="3.052897"/>
    <trkpt lat="39.337449" lon="3.051613"/>
    <trkpt lat="39.337283" lon="3.050900"/>
    <trkpt lat="39.336907" lon="3.049433"/>
    <trkpt lat="39.336927" lon="3.049328"/>
    <trkpt lat="39.337683" lon="3.048497"/>
    <trkpt lat="39.337717" lon="3.048460"/>
    <trkpt lat="39.337519" lon="3.048117"/>
    <trkpt lat="39.337469" lon="3.048002"/>
    <trkpt lat="39.337440" lon="3.047876"/>
    <trkpt lat="39.337429" lon="3.047766"/>
    <trkpt lat="39.337425" lon="3.047584"/>
    <trkpt lat="39.337408" lon="3.047471"/>
    <trkpt lat="39.337383" lon="3.047401"/>
    <trkpt lat="39.337335" lon="3.047315"/>
    <trkpt lat="39.337268" lon="3.047250"/>
    <trkpt lat="39.337195" lon="3.047208"/>
    <trkpt lat="39.337096" lon="3.047163"/>
    <trkpt lat="39.337009" lon="3.047128"/>
    <trkpt lat="39.336754" lon="3.047041"/>
    <trkpt lat="39.336636" lon="3.047001"/>
    <trkpt lat="39.336587" lon="3.046977"/>
    <trkpt lat="39.336538" lon="3.046945"/>
    <trkpt lat="39.336507" lon="3.046920"/>
    <trkpt lat="39.336474" lon="3.046892"/>
    <trkpt lat="39.336407" lon="3.046813"/>
    <trkpt lat="39.336349" lon="3.046720"/>
    <trkpt lat="39.336246" lon="3.046484"/>
    <trkpt lat="39.335760" lon="3.045368"/>
    <trkpt lat="39.335733" lon="3.045308"/>
    <trkpt lat="39.335580" lon="3.044956"/>
    <trkpt lat="39.335507" lon="3.044772"/>
    <trkpt lat="39.335440" lon="3.044581"/>
    <trkpt lat="39.335369" lon="3.044340"/>
    <trkpt lat="39.335316" lon="3.044125"/>
    <trkpt lat="39.335271" lon="3.043900"/>
    <trkpt lat="39.335210" lon="3.043547"/>
    <trkpt lat="39.335117" lon="3.043143"/>
    <trkpt lat="39.335018" lon="3.042796"/>
    <trkpt lat="39.334925" lon="3.042507"/>
    <trkpt lat="39.334811" lon="3.042192"/>
    <trkpt lat="39.334616" lon="3.041677"/>
    <trkpt lat="39.334176" lon="3.040518"/>
    <trkpt lat="39.333745" lon="3.039375"/>
    <trkpt lat="39.333619" lon="3.039014"/>
    <trkpt lat="39.333473" lon="3.038566"/>
    <trkpt lat="39.333347" lon="3.038199"/>
    <trkpt lat="39.333248" lon="3.037923"/>
    <trkpt lat="39.333145" lon="3.037646"/>
    <trkpt lat="39.332935" lon="3.037096"/>
    <trkpt lat="39.332735" lon="3.036572"/>
    <trkpt lat="39.332552" lon="3.036096"/>
    <trkpt lat="39.332449" lon="3.035816"/>
    <trkpt lat="39.332393" lon="3.035640"/>
    <trkpt lat="39.332337" lon="3.035434"/>
    <trkpt lat="39.332285" lon="3.035220"/>
    <trkpt lat="39.332253" lon="3.035060"/>
    <trkpt lat="39.332211" lon="3.034790"/>
    <trkpt lat="39.332184" lon="3.034558"/>
    <trkpt lat="39.332163" lon="3.034291"/>
    <trkpt lat="39.332138" lon="3.033923"/>
    <trkpt lat="39.332091" lon="3.033263"/>
    <trkpt lat="39.332076" lon="3.033040"/>
    <trkpt lat="39.331951" lon="3.031238"/>
    <trkpt lat="39.331917" lon="3.030751"/>
    <trkpt lat="39.331891" lon="3.030384"/>
    <trkpt lat="39.331849" lon="3.029770"/>
    <trkpt lat="39.331711" lon="3.027783"/>
    <trkpt lat="39.331661" lon="3.027057"/>
    <trkpt lat="39.331635" lon="3.026695"/>
    <trkpt lat="39.331620" lon="3.026536"/>
    <trkpt lat="39.331590" lon="3.026336"/>
    <trkpt lat="39.331542" lon="3.026111"/>
    <trkpt lat="39.331368" lon="3.025293"/>
    <trkpt lat="39.330724" lon="3.022253"/>
    <trkpt lat="39.330621" lon="3.021765"/>
    <trkpt lat="39.330557" lon="3.021510"/>
    <trkpt lat="39.330493" lon="3.021305"/>
    <trkpt lat="39.330437" lon="3.021153"/>
    <trkpt lat="39.330385" lon="3.021023"/>
    <trkpt lat="39.330063" lon="3.020346"/>
    <trkpt lat="39.329471" lon="3.019110"/>
    <trkpt lat="39.328900" lon="3.017920"/>
    <trkpt lat="39.328327" lon="3.016725"/>
    <trkpt lat="39.325765" lon="3.011385"/>
    <trkpt lat="39.323134" lon="3.005936"/>
    <trkpt lat="39.323112" lon="3.005849"/>
    <trkpt lat="39.323112" lon="3.005835"/>
    <trkpt lat="39.323110" lon="3.005800"/>
    <trkpt lat="39.323116" lon="3.005754"/>
    <trkpt lat="39.323130" lon="3.005678"/>
    <trkpt lat="39.323157" lon="3.005630"/>
    <trkpt lat="39.323171" lon="3.005582"/>
    <trkpt lat="39.323179" lon="3.005532"/>
    <trkpt lat="39.323178" lon="3.005489"/>
    <trkpt lat="39.323172" lon="3.005446"/>
    <trkpt lat="39.323159" lon="3.005405"/>
    <trkpt lat="39.323143" lon="3.005371"/>
    <trkpt lat="39.323123" lon="3.005342"/>
    <trkpt lat="39.323099" lon="3.005316"/>
    <trkpt lat="39.323073" lon="3.005296"/>
    <trkpt lat="39.323044" lon="3.005282"/>
    <trkpt lat="39.323014" lon="3.005275"/>
    <trkpt lat="39.322983" lon="3.005273"/>
    <trkpt lat="39.322953" lon="3.005279"/>
    <trkpt lat="39.322894" lon="3.005249"/>
    <trkpt lat="39.322862" lon="3.005220"/>
    <trkpt lat="39.322828" lon="3.005191"/>
    <trkpt lat="39.322757" lon="3.005086"/>
    <trkpt lat="39.321993" lon="3.003518"/>
    <trkpt lat="39.321684" lon="3.002880"/>
    <trkpt lat="39.321253" lon="3.001993"/>
    <trkpt lat="39.320949" lon="3.001376"/>
    <trkpt lat="39.320623" lon="3.000748"/>
    <trkpt lat="39.320586" lon="3.000672"/>
    <trkpt lat="39.320472" lon="3.000443"/>
    <trkpt lat="39.320382" lon="3.000260"/>
    <trkpt lat="39.320269" lon="3.000032"/>
    <trkpt lat="39.320210" lon="2.999912"/>
    <trkpt lat="39.320182" lon="2.999861"/>
    <trkpt lat="39.319578" lon="2.998632"/>
    <trkpt lat="39.319510" lon="2.998494"/>
    <trkpt lat="39.319080" lon="2.997647"/>
    <trkpt lat="39.318785" lon="2.997012"/>
    <trkpt lat="39.318514" lon="2.996475"/>
    <trkpt lat="39.318480" lon="2.996403"/>
    <trkpt lat="39.318206" lon="2.995836"/>
    <trkpt lat="39.318159" lon="2.995738"/>
    <trkpt lat="39.318089" lon="2.995594"/>
    <trkpt lat="39.317773" lon="2.994937"/>
    <trkpt lat="39.317405" lon="2.994199"/>
    <trkpt lat="39.317158" lon="2.993697"/>
    <trkpt lat="39.317127" lon="2.993634"/>
    <trkpt lat="39.317180" lon="2.993590"/>
    <trkpt lat="39.317191" lon="2.993581"/>
    <trkpt lat="39.317807" lon="2.993076"/>
    <trkpt lat="39.318087" lon="2.993642"/>
    <trkpt lat="39.318445" lon="2.994368"/>
    <trkpt lat="39.318847" lon="2.995163"/>
    <trkpt lat="39.319182" lon="2.995841"/>
    <trkpt lat="39.319463" lon="2.996409"/>
    <trkpt lat="39.319786" lon="2.997065"/>
    <trkpt lat="39.320155" lon="2.997812"/>
    <trkpt lat="39.320514" lon="2.998525"/>
    <trkpt lat="39.320933" lon="2.999353"/>
    <trkpt lat="39.321308" lon="3.000085"/>
    <trkpt lat="39.320633" lon="3.000629"/>
    <trkpt lat="39.320586" lon="3.000672"/>
    <trkpt lat="39.320623" lon="3.000748"/>
    <trkpt lat="39.320949" lon="3.001376"/>
    <trkpt lat="39.321253" lon="3.001993"/>
    <trkpt lat="39.321684" lon="3.002880"/>
    <trkpt lat="39.321993" lon="3.003518"/>
    <trkpt lat="39.322757" lon="3.005086"/>
    <trkpt lat="39.322801" lon="3.005299"/>
    <trkpt lat="39.322808" lon="3.005351"/>
    <trkpt lat="39.322810" lon="3.005464"/>
    <trkpt lat="39.322806" lon="3.005507"/>
    <trkpt lat="39.322808" lon="3.005550"/>
    <trkpt lat="39.322816" lon="3.005593"/>
    <trkpt lat="39.322830" lon="3.005632"/>
    <trkpt lat="39.322849" lon="3.005668"/>
    <trkpt lat="39.322872" lon="3.005699"/>
    <trkpt lat="39.322900" lon="3.005724"/>
    <trkpt lat="39.322930" lon="3.005742"/>
    <trkpt lat="39.322963" lon="3.005753"/>
    <trkpt lat="39.322992" lon="3.005757"/>
    <trkpt lat="39.323022" lon="3.005753"/>
    <trkpt lat="39.323046" lon="3.005746"/>
    <trkpt lat="39.323070" lon="3.005734"/>
    <trkpt lat="39.323092" lon="3.005719"/>
    <trkpt lat="39.323112" lon="3.005700"/>
    <trkpt lat="39.323130" lon="3.005678"/>
    <trkpt lat="39.323157" lon="3.005630"/>
    <trkpt lat="39.323211" lon="3.005602"/>
    <trkpt lat="39.323268" lon="3.005582"/>
    <trkpt lat="39.323341" lon="3.005561"/>
    <trkpt lat="39.324687" lon="3.005818"/>
    <trkpt lat="39.325459" lon="3.005959"/>
    <trkpt lat="39.327976" lon="3.006412"/>
    <trkpt lat="39.330524" lon="3.006875"/>
    <trkpt lat="39.334663" lon="3.007685"/>
    <trkpt lat="39.337755" lon="3.008223"/>
    <trkpt lat="39.340133" lon="3.008676"/>
    <trkpt lat="39.343294" lon="3.009249"/>
    <trkpt lat="39.343670" lon="3.009351"/>
    <trkpt lat="39.344000" lon="3.009509"/>
    <trkpt lat="39.344705" lon="3.010030"/>
    <trkpt lat="39.344978" lon="3.010246"/>
    <trkpt lat="39.348548" lon="3.013066"/>
    <trkpt lat="39.350164" lon="3.014337"/>
    <trkpt lat="39.350405" lon="3.014514"/>
    <trkpt lat="39.350731" lon="3.014755"/>
    <trkpt lat="39.350957" lon="3.014877"/>
    <trkpt lat="39.351663" lon="3.015205"/>
    <trkpt lat="39.352878" lon="3.015849"/>
    <trkpt lat="39.353312" lon="3.016096"/>
    <trkpt lat="39.353560" lon="3.016195"/>
    <trkpt lat="39.353834" lon="3.016275"/>
    <trkpt lat="39.354095" lon="3.016319"/>
    <trkpt lat="39.354442" lon="3.016358"/>
    <trkpt lat="39.354826" lon="3.016394"/>
    <trkpt lat="39.355263" lon="3.016410"/>
    <trkpt lat="39.356332" lon="3.016413"/>
    <trkpt lat="39.356391" lon="3.016429"/>
    <trkpt lat="39.356612" lon="3.016486"/>
    <trkpt lat="39.356940" lon="3.016579"/>
    <trkpt lat="39.357508" lon="3.016775"/>
    <trkpt lat="39.357708" lon="3.016872"/>
    <trkpt lat="39.358274" lon="3.017082"/>
    <trkpt lat="39.358566" lon="3.017175"/>
    <trkpt lat="39.358759" lon="3.017214"/>
    <trkpt lat="39.358938" lon="3.017234"/>
    <trkpt lat="39.359304" lon="3.017238"/>
    <trkpt lat="39.359471" lon="3.017240"/>
    <trkpt lat="39.359809" lon="3.017254"/>
    <trkpt lat="39.360013" lon="3.017271"/>
    <trkpt lat="39.360168" lon="3.017329"/>
    <trkpt lat="39.360323" lon="3.017425"/>
    <trkpt lat="39.361533" lon="3.018409"/>
    <trkpt lat="39.361701" lon="3.018521"/>
    <trkpt lat="39.361892" lon="3.018649"/>
    <trkpt lat="39.363477" lon="3.019475"/>
    <trkpt lat="39.365220" lon="3.020377"/>
    <trkpt lat="39.365536" lon="3.020550"/>
    <trkpt lat="39.365662" lon="3.020629"/>
    <trkpt lat="39.365723" lon="3.020688"/>
    <trkpt lat="39.365755" lon="3.020719"/>
    <trkpt lat="39.365764" lon="3.020769"/>
    <trkpt lat="39.365790" lon="3.020826"/>
    <trkpt lat="39.365830" lon="3.020869"/>
    <trkpt lat="39.365879" lon="3.020892"/>
    <trkpt lat="39.365920" lon="3.020894"/>
    <trkpt lat="39.365960" lon="3.020882"/>
    <trkpt lat="39.366116" lon="3.020894"/>
    <trkpt lat="39.366276" lon="3.020951"/>
    <trkpt lat="39.366427" lon="3.021086"/>
    <trkpt lat="39.366843" lon="3.021469"/>
    <trkpt lat="39.367517" lon="3.022129"/>
    <trkpt lat="39.367734" lon="3.022350"/>
    <trkpt lat="39.368331" lon="3.022928"/>
    <trkpt lat="39.368905" lon="3.023470"/>
    <trkpt lat="39.369361" lon="3.023900"/>
    <trkpt lat="39.369526" lon="3.024027"/>
    <trkpt lat="39.369635" lon="3.024091"/>
    <trkpt lat="39.369728" lon="3.024145"/>
    <trkpt lat="39.369917" lon="3.024230"/>
    <trkpt lat="39.370161" lon="3.024319"/>
    <trkpt lat="39.370743" lon="3.024485"/>
    <trkpt lat="39.371902" lon="3.024868"/>
    <trkpt lat="39.372061" lon="3.024940"/>
    <trkpt lat="39.372274" lon="3.025028"/>
    <trkpt lat="39.372595" lon="3.025205"/>
    <trkpt lat="39.372907" lon="3.025414"/>
    <trkpt lat="39.373241" lon="3.025617"/>
    <trkpt lat="39.373267" lon="3.025633"/>
    <trkpt lat="39.373526" lon="3.025775"/>
    <trkpt lat="39.373816" lon="3.025909"/>
    <trkpt lat="39.374087" lon="3.026002"/>
    <trkpt lat="39.374705" lon="3.026155"/>
    <trkpt lat="39.375051" lon="3.026187"/>
    <trkpt lat="39.375301" lon="3.026173"/>
    <trkpt lat="39.375834" lon="3.026139"/>
    <trkpt lat="39.376406" lon="3.026035"/>
    <trkpt lat="39.376808" lon="3.025961"/>
    <trkpt lat="39.377485" lon="3.025887"/>
    <trkpt lat="39.378127" lon="3.025867"/>
    <trkpt lat="39.378708" lon="3.025875"/>
    <trkpt lat="39.378996" lon="3.025879"/>
    <trkpt lat="39.380500" lon="3.025910"/>
    <trkpt lat="39.381375" lon="3.025928"/>
    <trkpt lat="39.381409" lon="3.025928"/>
    <trkpt lat="39.382659" lon="3.025879"/>
    <trkpt lat="39.382914" lon="3.025860"/>
    <trkpt lat="39.383805" lon="3.025794"/>
    <trkpt lat="39.383973" lon="3.025781"/>
    <trkpt lat="39.384192" lon="3.025765"/>
    <trkpt lat="39.384970" lon="3.025646"/>
    <trkpt lat="39.385656" lon="3.025523"/>
    <trkpt lat="39.385843" lon="3.025495"/>
    <trkpt lat="39.387614" lon="3.025499"/>
    <trkpt lat="39.389502" lon="3.025499"/>
    <trkpt lat="39.389774" lon="3.025527"/>
    <trkpt lat="39.390235" lon="3.025589"/>
    <trkpt lat="39.390884" lon="3.025696"/>
    <trkpt lat="39.391674" lon="3.025826"/>
    <trkpt lat="39.391767" lon="3.025845"/>
    <trkpt lat="39.391876" lon="3.025867"/>
    <trkpt lat="39.392332" lon="3.026045"/>
    <trkpt lat="39.393486" lon="3.026497"/>
    <trkpt lat="39.393910" lon="3.026648"/>
    <trkpt lat="39.394340" lon="3.026788"/>
    <trkpt lat="39.394918" lon="3.026939"/>
    <trkpt lat="39.395236" lon="3.027008"/>
    <trkpt lat="39.395374" lon="3.027037"/>
    <trkpt lat="39.396349" lon="3.027195"/>
    <trkpt lat="39.396989" lon="3.027286"/>
    <trkpt lat="39.398148" lon="3.027489"/>
    <trkpt lat="39.399074" lon="3.027624"/>
    <trkpt lat="39.399800" lon="3.027698"/>
    <trkpt lat="39.400120" lon="3.027743"/>
    <trkpt lat="39.400318" lon="3.027764"/>
    <trkpt lat="39.402380" lon="3.027980"/>
    <trkpt lat="39.403531" lon="3.028093"/>
    <trkpt lat="39.403978" lon="3.028137"/>
    <trkpt lat="39.404071" lon="3.028146"/>
    <trkpt lat="39.404625" lon="3.028202"/>
    <trkpt lat="39.405162" lon="3.028257"/>
    <trkpt lat="39.405262" lon="3.028267"/>
    <trkpt lat="39.405777" lon="3.028322"/>
    <trkpt lat="39.405854" lon="3.028330"/>
    <trkpt lat="39.406211" lon="3.028318"/>
    <trkpt lat="39.407316" lon="3.028263"/>
    <trkpt lat="39.407680" lon="3.028245"/>
    <trkpt lat="39.408269" lon="3.028216"/>
    <trkpt lat="39.408425" lon="3.028204"/>
    <trkpt lat="39.409701" lon="3.028111"/>
    <trkpt lat="39.410515" lon="3.027999"/>
    <trkpt lat="39.411314" lon="3.027876"/>
    <trkpt lat="39.411544" lon="3.027840"/>
    <trkpt lat="39.412135" lon="3.027748"/>
    <trkpt lat="39.413574" lon="3.027525"/>
    <trkpt lat="39.414223" lon="3.027424"/>
    <trkpt lat="39.414748" lon="3.027378"/>
    <trkpt lat="39.415767" lon="3.027350"/>
    <trkpt lat="39.416405" lon="3.027340"/>
    <trkpt lat="39.417581" lon="3.027321"/>
    <trkpt lat="39.418169" lon="3.027313"/>
    <trkpt lat="39.418256" lon="3.027307"/>
    <trkpt lat="39.418441" lon="3.027293"/>
    <trkpt lat="39.419077" lon="3.027199"/>
    <trkpt lat="39.420355" lon="3.026972"/>
    <trkpt lat="39.422373" lon="3.026479"/>
    <trkpt lat="39.422451" lon="3.026455"/>
    <trkpt lat="39.422500" lon="3.026440"/>
    <trkpt lat="39.422794" lon="3.026352"/>
    <trkpt lat="39.423757" lon="3.026044"/>
    <trkpt lat="39.423920" lon="3.025985"/>
    <trkpt lat="39.424118" lon="3.025898"/>
    <trkpt lat="39.424311" lon="3.025787"/>
    <trkpt lat="39.425194" lon="3.025280"/>
    <trkpt lat="39.425277" lon="3.025253"/>
    <trkpt lat="39.425346" lon="3.025238"/>
    <trkpt lat="39.425400" lon="3.025233"/>
    <trkpt lat="39.425439" lon="3.025238"/>
    <trkpt lat="39.425474" lon="3.025254"/>
    <trkpt lat="39.425556" lon="3.025287"/>
    <trkpt lat="39.425577" lon="3.025293"/>
    <trkpt lat="39.425598" lon="3.025295"/>
    <trkpt lat="39.425619" lon="3.025292"/>
    <trkpt lat="39.425649" lon="3.025272"/>
    <trkpt lat="39.425660" lon="3.025260"/>
    <trkpt lat="39.425682" lon="3.025223"/>
    <trkpt lat="39.425716" lon="3.025147"/>
    <trkpt lat="39.425776" lon="3.025017"/>
    <trkpt lat="39.425801" lon="3.024986"/>
    <trkpt lat="39.425836" lon="3.024959"/>
    <trkpt lat="39.425982" lon="3.024672"/>
    <trkpt lat="39.426020" lon="3.024596"/>
    <trkpt lat="39.426083" lon="3.024551"/>
    <trkpt lat="39.426161" lon="3.024480"/>
    <trkpt lat="39.426570" lon="3.025217"/>
    <trkpt lat="39.426834" lon="3.025691"/>
    <trkpt lat="39.427254" lon="3.025310"/>
    <trkpt lat="39.427677" lon="3.024926"/>
    <trkpt lat="39.428088" lon="3.024553"/>
    <trkpt lat="39.428514" lon="3.024167"/>
    <trkpt lat="39.428915" lon="3.023799"/>
    <trkpt lat="39.429296" lon="3.023456"/>
    <trkpt lat="39.429802" lon="3.022997"/>
    <trkpt lat="39.430432" lon="3.022428"/>
    <trkpt lat="39.431067" lon="3.021849"/>
    <trkpt lat="39.431424" lon="3.021526"/>
    <trkpt lat="39.432513" lon="3.020585"/>
    <trkpt lat="39.432773" lon="3.020390"/>
    <trkpt lat="39.432459" lon="3.019024"/>
    <trkpt lat="39.432444" lon="3.018958"/>
    <trkpt lat="39.432432" lon="3.018874"/>
    <trkpt lat="39.432413" lon="3.018876"/>
    <trkpt lat="39.432357" lon="3.018884"/>
    <trkpt lat="39.431858" lon="3.018996"/>
    <trkpt lat="39.431818" lon="3.019006"/>
    <trkpt lat="39.431250" lon="3.019255"/>
    <trkpt lat="39.431199" lon="3.019277"/>
    <trkpt lat="39.431175" lon="3.019288"/>
    <trkpt lat="39.431101" lon="3.019332"/>
    <trkpt lat="39.430894" lon="3.019447"/>
    <trkpt lat="39.430715" lon="3.019539"/>
    <trkpt lat="39.430654" lon="3.019571"/>
    <trkpt lat="39.430125" lon="3.019850"/>
    <trkpt lat="39.430064" lon="3.019883"/>
    <trkpt lat="39.430441" lon="3.020694"/>
    <trkpt lat="39.430461" lon="3.020729"/>
    <trkpt lat="39.430483" lon="3.020764"/>
    <trkpt lat="39.430486" lon="3.020776"/>
    <trkpt lat="39.430490" lon="3.020784"/>
    <trkpt lat="39.430493" lon="3.020792"/>
    <trkpt lat="39.430612" lon="3.021006"/>
    <trkpt lat="39.430819" lon="3.021375"/>
    <trkpt lat="39.431067" lon="3.021849"/>
    <trkpt lat="39.431424" lon="3.021526"/>
    <trkpt lat="39.432513" lon="3.020585"/>
    <trkpt lat="39.432773" lon="3.020390"/>
    <trkpt lat="39.433961" lon="3.019460"/>
    <trkpt lat="39.434198" lon="3.019270"/>
    <trkpt lat="39.434630" lon="3.019422"/>
    <trkpt lat="39.435014" lon="3.019565"/>
    <trkpt lat="39.435101" lon="3.019607"/>
    <trkpt lat="39.435134" lon="3.019639"/>
    <trkpt lat="39.435154" lon="3.019661"/>
    <trkpt lat="39.435179" lon="3.019704"/>
    <trkpt lat="39.435193" lon="3.019769"/>
    <trkpt lat="39.435224" lon="3.019818"/>
    <trkpt lat="39.435268" lon="3.019841"/>
    <trkpt lat="39.435316" lon="3.019846"/>
    <trkpt lat="39.435349" lon="3.019838"/>
    <trkpt lat="39.435389" lon="3.019809"/>
    <trkpt lat="39.435409" lon="3.019763"/>
    <trkpt lat="39.435422" lon="3.019716"/>
    <trkpt lat="39.435427" lon="3.019668"/>
    <trkpt lat="39.435406" lon="3.019608"/>
    <trkpt lat="39.435385" lon="3.019571"/>
    <trkpt lat="39.435355" lon="3.019545"/>
    <trkpt lat="39.435486" lon="3.018982"/>
    <trkpt lat="39.435657" lon="3.018292"/>
    <trkpt lat="39.435827" lon="3.017543"/>
    <trkpt lat="39.436074" lon="3.016429"/>
    <trkpt lat="39.436114" lon="3.016340"/>
    <trkpt lat="39.436142" lon="3.016296"/>
    <trkpt lat="39.436157" lon="3.016279"/>
    <trkpt lat="39.436180" lon="3.016264"/>
    <trkpt lat="39.436207" lon="3.016273"/>
    <trkpt lat="39.436234" lon="3.016274"/>
    <trkpt lat="39.436261" lon="3.016268"/>
    <trkpt lat="39.436286" lon="3.016254"/>
    <trkpt lat="39.436308" lon="3.016234"/>
    <trkpt lat="39.436330" lon="3.016201"/>
    <trkpt lat="39.436342" lon="3.016171"/>
    <trkpt lat="39.436349" lon="3.016138"/>
    <trkpt lat="39.436350" lon="3.016104"/>
    <trkpt lat="39.436346" lon="3.016071"/>
    <trkpt lat="39.436337" lon="3.016039"/>
    <trkpt lat="39.436322" lon="3.016010"/>
    <trkpt lat="39.436341" lon="3.015954"/>
    <trkpt lat="39.436374" lon="3.015887"/>
    <trkpt lat="39.436410" lon="3.015829"/>
    <trkpt lat="39.436527" lon="3.015661"/>
    <trkpt lat="39.436584" lon="3.015573"/>
    <trkpt lat="39.436661" lon="3.015422"/>
    <trkpt lat="39.436696" lon="3.015347"/>
    <trkpt lat="39.436724" lon="3.015279"/>
    <trkpt lat="39.436738" lon="3.015235"/>
    <trkpt lat="39.436756" lon="3.015167"/>
    <trkpt lat="39.436775" lon="3.015068"/>
    <trkpt lat="39.436802" lon="3.014901"/>
    <trkpt lat="39.436906" lon="3.014112"/>
    <trkpt lat="39.437051" lon="3.012951"/>
    <trkpt lat="39.437091" lon="3.012633"/>
    <trkpt lat="39.437101" lon="3.012550"/>
    <trkpt lat="39.437136" lon="3.012275"/>
    <trkpt lat="39.437265" lon="3.011364"/>
    <trkpt lat="39.437333" lon="3.010881"/>
    <trkpt lat="39.437375" lon="3.010554"/>
    <trkpt lat="39.437426" lon="3.010110"/>
    <trkpt lat="39.437451" lon="3.009899"/>
    <trkpt lat="39.437536" lon="3.009112"/>
    <trkpt lat="39.437608" lon="3.008386"/>
    <trkpt lat="39.437631" lon="3.008229"/>
    <trkpt lat="39.437653" lon="3.008139"/>
    <trkpt lat="39.437681" lon="3.008077"/>
    <trkpt lat="39.437699" lon="3.008053"/>
    <trkpt lat="39.437718" lon="3.008030"/>
    <trkpt lat="39.437758" lon="3.008015"/>
    <trkpt lat="39.437792" lon="3.007984"/>
    <trkpt lat="39.437816" lon="3.007940"/>
    <trkpt lat="39.437828" lon="3.007889"/>
    <trkpt lat="39.437827" lon="3.007836"/>
    <trkpt lat="39.437813" lon="3.007786"/>
    <trkpt lat="39.437787" lon="3.007744"/>
    <trkpt lat="39.437752" lon="3.007716"/>
    <trkpt lat="39.437722" lon="3.007604"/>
    <trkpt lat="39.437718" lon="3.007518"/>
    <trkpt lat="39.437718" lon="3.007378"/>
    <trkpt lat="39.437725" lon="3.007257"/>
    <trkpt lat="39.437740" lon="3.007089"/>
    <trkpt lat="39.437935" lon="3.004988"/>
    <trkpt lat="39.437961" lon="3.004731"/>
    <trkpt lat="39.438021" lon="3.004073"/>
    <trkpt lat="39.438067" lon="3.003560"/>
    <trkpt lat="39.438099" lon="3.003177"/>
    <trkpt lat="39.438165" lon="3.002830"/>
    <trkpt lat="39.438193" lon="3.002692"/>
    <trkpt lat="39.438226" lon="3.002528"/>
    <trkpt lat="39.438247" lon="3.002437"/>
    <trkpt lat="39.438272" lon="3.002356"/>
    <trkpt lat="39.438300" lon="3.002287"/>
    <trkpt lat="39.438325" lon="3.002245"/>
    <trkpt lat="39.438355" lon="3.002228"/>
    <trkpt lat="39.438382" lon="3.002203"/>
    <trkpt lat="39.438404" lon="3.002172"/>
    <trkpt lat="39.438421" lon="3.002136"/>
    <trkpt lat="39.438427" lon="3.002114"/>
    <trkpt lat="39.438435" lon="3.002083"/>
    <trkpt lat="39.438436" lon="3.002056"/>
    <trkpt lat="39.438435" lon="3.002017"/>
    <trkpt lat="39.438427" lon="3.001978"/>
    <trkpt lat="39.438414" lon="3.001942"/>
    <trkpt lat="39.438392" lon="3.001903"/>
    <trkpt lat="39.438363" lon="3.001872"/>
    <trkpt lat="39.438335" lon="3.001779"/>
    <trkpt lat="39.438316" lon="3.001697"/>
    <trkpt lat="39.438302" lon="3.001605"/>
    <trkpt lat="39.438295" lon="3.001487"/>
    <trkpt lat="39.438300" lon="3.001294"/>
    <trkpt lat="39.438316" lon="3.001024"/>
    <trkpt lat="39.438356" lon="3.000505"/>
    <trkpt lat="39.438444" lon="2.999524"/>
    <trkpt lat="39.438564" lon="2.998504"/>
    <trkpt lat="39.438659" lon="2.997713"/>
    <trkpt lat="39.438753" lon="2.997092"/>
    <trkpt lat="39.438852" lon="2.996445"/>
    <trkpt lat="39.438971" lon="2.995754"/>
    <trkpt lat="39.439141" lon="2.994914"/>
    <trkpt lat="39.439391" lon="2.993758"/>
    <trkpt lat="39.439630" lon="2.992788"/>
    <trkpt lat="39.439809" lon="2.992111"/>
    <trkpt lat="39.440100" lon="2.991095"/>
    <trkpt lat="39.440231" lon="2.990648"/>
    <trkpt lat="39.440767" lon="2.988889"/>
    <trkpt lat="39.441152" lon="2.987681"/>
    <trkpt lat="39.441663" lon="2.986076"/>
    <trkpt lat="39.441876" lon="2.985395"/>
    <trkpt lat="39.442268" lon="2.984230"/>
    <trkpt lat="39.442755" lon="2.982831"/>
    <trkpt lat="39.443043" lon="2.982031"/>
    <trkpt lat="39.443375" lon="2.981202"/>
    <trkpt lat="39.443689" lon="2.980470"/>
    <trkpt lat="39.444026" lon="2.979750"/>
    <trkpt lat="39.444417" lon="2.978967"/>
    <trkpt lat="39.444789" lon="2.978288"/>
    <trkpt lat="39.445224" lon="2.977528"/>
    <trkpt lat="39.445675" lon="2.976792"/>
    <trkpt lat="39.446390" lon="2.975607"/>
    <trkpt lat="39.446976" lon="2.974580"/>
    <trkpt lat="39.447184" lon="2.974227"/>
    <trkpt lat="39.447616" lon="2.973378"/>
    <trkpt lat="39.447829" lon="2.972944"/>
    <trkpt lat="39.448332" lon="2.971792"/>
    <trkpt lat="39.448570" lon="2.971177"/>
    <trkpt lat="39.448808" lon="2.970512"/>
    <trkpt lat="39.449023" lon="2.969825"/>
    <trkpt lat="39.449204" lon="2.969185"/>
    <trkpt lat="39.449671" lon="2.967387"/>
    <trkpt lat="39.450298" lon="2.964944"/>
    <trkpt lat="39.450574" lon="2.963913"/>
    <trkpt lat="39.450856" lon="2.962885"/>
    <trkpt lat="39.451379" lon="2.961027"/>
    <trkpt lat="39.451845" lon="2.959485"/>
    <trkpt lat="39.452025" lon="2.958882"/>
    <trkpt lat="39.452157" lon="2.958432"/>
    <trkpt lat="39.452405" lon="2.957599"/>
    <trkpt lat="39.452666" lon="2.956757"/>
    <trkpt lat="39.453146" lon="2.955234"/>
    <trkpt lat="39.453308" lon="2.954730"/>
    <trkpt lat="39.453827" lon="2.953155"/>
    <trkpt lat="39.454276" lon="2.951778"/>
    <trkpt lat="39.454547" lon="2.950953"/>
    <trkpt lat="39.454753" lon="2.950315"/>
    <trkpt lat="39.455076" lon="2.949283"/>
    <trkpt lat="39.456117" lon="2.946085"/>
    <trkpt lat="39.456339" lon="2.945419"/>
    <trkpt lat="39.456611" lon="2.944600"/>
    <trkpt lat="39.456841" lon="2.943944"/>
    <trkpt lat="39.457085" lon="2.943332"/>
    <trkpt lat="39.457334" lon="2.942765"/>
    <trkpt lat="39.457526" lon="2.942346"/>
    <trkpt lat="39.457766" lon="2.941881"/>
    <trkpt lat="39.458040" lon="2.941389"/>
    <trkpt lat="39.458531" lon="2.940591"/>
    <trkpt lat="39.459012" lon="2.939894"/>
    <trkpt lat="39.459570" lon="2.939132"/>
    <trkpt lat="39.460062" lon="2.938488"/>
    <trkpt lat="39.460882" lon="2.937456"/>
    <trkpt lat="39.461692" lon="2.936474"/>
    <trkpt lat="39.462127" lon="2.935978"/>
    <trkpt lat="39.462684" lon="2.935350"/>
    <trkpt lat="39.463507" lon="2.934451"/>
    <trkpt lat="39.464221" lon="2.933715"/>
    <trkpt lat="39.464524" lon="2.933409"/>
    <trkpt lat="39.465194" lon="2.932742"/>
    <trkpt lat="39.465574" lon="2.932376"/>
    <trkpt lat="39.465949" lon="2.932027"/>
    <trkpt lat="39.466695" lon="2.931343"/>
    <trkpt lat="39.467055" lon="2.931003"/>
    <trkpt lat="39.467882" lon="2.930314"/>
    <trkpt lat="39.468418" lon="2.929867"/>
    <trkpt lat="39.468905" lon="2.929440"/>
    <trkpt lat="39.469611" lon="2.928777"/>
    <trkpt lat="39.469904" lon="2.928461"/>
    <trkpt lat="39.470141" lon="2.928204"/>
    <trkpt lat="39.470629" lon="2.927606"/>
    <trkpt lat="39.471108" lon="2.926955"/>
    <trkpt lat="39.471529" lon="2.926304"/>
    <trkpt lat="39.472078" lon="2.925343"/>
    <trkpt lat="39.472362" lon="2.924829"/>
    <trkpt lat="39.472511" lon="2.924558"/>
    <trkpt lat="39.472714" lon="2.924189"/>
    <trkpt lat="39.473010" lon="2.923657"/>
    <trkpt lat="39.473732" lon="2.922344"/>
    <trkpt lat="39.473943" lon="2.921980"/>
    <trkpt lat="39.474152" lon="2.921642"/>
    <trkpt lat="39.474353" lon="2.921342"/>
    <trkpt lat="39.474502" lon="2.921132"/>
    <trkpt lat="39.474709" lon="2.920865"/>
    <trkpt lat="39.474956" lon="2.920570"/>
    <trkpt lat="39.475411" lon="2.920055"/>
    <trkpt lat="39.475868" lon="2.919547"/>
    <trkpt lat="39.476140" lon="2.919224"/>
    <trkpt lat="39.476577" lon="2.918681"/>
    <trkpt lat="39.476730" lon="2.918477"/>
    <trkpt lat="39.476870" lon="2.918279"/>
    <trkpt lat="39.477074" lon="2.917985"/>
    <trkpt lat="39.477191" lon="2.917817"/>
    <trkpt lat="39.477512" lon="2.917283"/>
    <trkpt lat="39.477783" lon="2.916788"/>
    <trkpt lat="39.477942" lon="2.916507"/>
    <trkpt lat="39.477998" lon="2.916434"/>
    <trkpt lat="39.478035" lon="2.916392"/>
    <trkpt lat="39.478066" lon="2.916372"/>
    <trkpt lat="39.478100" lon="2.916359"/>
    <trkpt lat="39.478170" lon="2.916359"/>
    <trkpt lat="39.478215" lon="2.916359"/>
    <trkpt lat="39.478259" lon="2.916349"/>
    <trkpt lat="39.478297" lon="2.916333"/>
    <trkpt lat="39.478324" lon="2.916316"/>
    <trkpt lat="39.478346" lon="2.916296"/>
    <trkpt lat="39.478370" lon="2.916272"/>
    <trkpt lat="39.478393" lon="2.916241"/>
    <trkpt lat="39.478417" lon="2.916199"/>
    <trkpt lat="39.478436" lon="2.916153"/>
    <trkpt lat="39.478449" lon="2.916103"/>
    <trkpt lat="39.478456" lon="2.916052"/>
    <trkpt lat="39.478457" lon="2.916000"/>
    <trkpt lat="39.478452" lon="2.915948"/>
    <trkpt lat="39.478440" lon="2.915898"/>
    <trkpt lat="39.478422" lon="2.915848"/>
    <trkpt lat="39.478399" lon="2.915803"/>
    <trkpt lat="39.478370" lon="2.915763"/>
    <trkpt lat="39.478336" lon="2.915730"/>
    <trkpt lat="39.478299" lon="2.915704"/>
    <trkpt lat="39.478260" lon="2.915686"/>
    <trkpt lat="39.478240" lon="2.915670"/>
    <trkpt lat="39.478227" lon="2.915653"/>
    <trkpt lat="39.478214" lon="2.915634"/>
    <trkpt lat="39.478200" lon="2.915608"/>
    <trkpt lat="39.478187" lon="2.915572"/>
    <trkpt lat="39.478178" lon="2.915526"/>
    <trkpt lat="39.478172" lon="2.915480"/>
    <trkpt lat="39.478168" lon="2.915424"/>
    <trkpt lat="39.478074" lon="2.914071"/>
    <trkpt lat="39.478039" lon="2.913434"/>
    <trkpt lat="39.478023" lon="2.913039"/>
    <trkpt lat="39.477959" lon="2.911300"/>
    <trkpt lat="39.477859" lon="2.908906"/>
    <trkpt lat="39.477802" lon="2.907754"/>
    <trkpt lat="39.477779" lon="2.907413"/>
    <trkpt lat="39.477748" lon="2.906964"/>
    <trkpt lat="39.477719" lon="2.906561"/>
    <trkpt lat="39.477713" lon="2.906470"/>
    <trkpt lat="39.477674" lon="2.905908"/>
    <trkpt lat="39.477658" lon="2.905669"/>
    <trkpt lat="39.477629" lon="2.905270"/>
    <trkpt lat="39.477599" lon="2.904841"/>
    <trkpt lat="39.477569" lon="2.904407"/>
    <trkpt lat="39.477540" lon="2.903983"/>
    <trkpt lat="39.477510" lon="2.903556"/>
    <trkpt lat="39.477480" lon="2.903128"/>
    <trkpt lat="39.477450" lon="2.902693"/>
    <trkpt lat="39.477419" lon="2.902257"/>
    <trkpt lat="39.477389" lon="2.901833"/>
    <trkpt lat="39.477359" lon="2.901403"/>
    <trkpt lat="39.477330" lon="2.900977"/>
    <trkpt lat="39.477300" lon="2.900550"/>
    <trkpt lat="39.477268" lon="2.900121"/>
    <trkpt lat="39.477115" lon="2.897870"/>
    <trkpt lat="39.477044" lon="2.896902"/>
    <trkpt lat="39.477013" lon="2.896474"/>
    <trkpt lat="39.476980" lon="2.896043"/>
    <trkpt lat="39.476946" lon="2.895567"/>
    <trkpt lat="39.476918" lon="2.895163"/>
    <trkpt lat="39.476894" lon="2.894760"/>
    <trkpt lat="39.476871" lon="2.894324"/>
    <trkpt lat="39.476845" lon="2.893891"/>
    <trkpt lat="39.476827" lon="2.893562"/>
    <trkpt lat="39.476782" lon="2.892512"/>
    <trkpt lat="39.476720" lon="2.890235"/>
    <trkpt lat="39.476719" lon="2.889802"/>
    <trkpt lat="39.476722" lon="2.889367"/>
    <trkpt lat="39.476724" lon="2.889153"/>
    <trkpt lat="39.476728" lon="2.888938"/>
    <trkpt lat="39.476736" lon="2.888515"/>
    <trkpt lat="39.476747" lon="2.888074"/>
    <trkpt lat="39.476763" lon="2.887635"/>
    <trkpt lat="39.476781" lon="2.887203"/>
    <trkpt lat="39.476792" lon="2.886988"/>
    <trkpt lat="39.476803" lon="2.886778"/>
    <trkpt lat="39.476815" lon="2.886551"/>
    <trkpt lat="39.476828" lon="2.886338"/>
    <trkpt lat="39.476841" lon="2.886121"/>
    <trkpt lat="39.476855" lon="2.885905"/>
    <trkpt lat="39.476870" lon="2.885692"/>
    <trkpt lat="39.476887" lon="2.885453"/>
    <trkpt lat="39.476917" lon="2.885044"/>
    <trkpt lat="39.476955" lon="2.884609"/>
    <trkpt lat="39.476995" lon="2.884172"/>
    <trkpt lat="39.477034" lon="2.883748"/>
    <trkpt lat="39.477058" lon="2.883507"/>
    <trkpt lat="39.477076" lon="2.883316"/>
    <trkpt lat="39.477120" lon="2.882895"/>
    <trkpt lat="39.477163" lon="2.882487"/>
    <trkpt lat="39.477208" lon="2.882075"/>
    <trkpt lat="39.477253" lon="2.881658"/>
    <trkpt lat="39.477304" lon="2.881215"/>
    <trkpt lat="39.477355" lon="2.880757"/>
    <trkpt lat="39.477402" lon="2.880346"/>
    <trkpt lat="39.477448" lon="2.879933"/>
    <trkpt lat="39.477494" lon="2.879528"/>
    <trkpt lat="39.477586" lon="2.878705"/>
    <trkpt lat="39.477631" lon="2.878299"/>
    <trkpt lat="39.477678" lon="2.877876"/>
    <trkpt lat="39.477725" lon="2.877469"/>
    <trkpt lat="39.477818" lon="2.876643"/>
    <trkpt lat="39.477865" lon="2.876231"/>
    <trkpt lat="39.477935" lon="2.875608"/>
    <trkpt lat="39.478003" lon="2.874999"/>
    <trkpt lat="39.478050" lon="2.874581"/>
    <trkpt lat="39.478073" lon="2.874368"/>
    <trkpt lat="39.478119" lon="2.873944"/>
    <trkpt lat="39.478163" lon="2.873518"/>
    <trkpt lat="39.478204" lon="2.873094"/>
    <trkpt lat="39.478241" lon="2.872673"/>
    <trkpt lat="39.478257" lon="2.872457"/>
    <trkpt lat="39.478272" lon="2.872239"/>
    <trkpt lat="39.478285" lon="2.872021"/>
    <trkpt lat="39.478289" lon="2.871943"/>
    <trkpt lat="39.478297" lon="2.871810"/>
    <trkpt lat="39.478329" lon="2.870949"/>
    <trkpt lat="39.478335" lon="2.870727"/>
    <trkpt lat="39.478337" lon="2.870295"/>
    <trkpt lat="39.478337" lon="2.870079"/>
    <trkpt lat="39.478336" lon="2.869864"/>
    <trkpt lat="39.478332" lon="2.869648"/>
    <trkpt lat="39.478326" lon="2.869430"/>
    <trkpt lat="39.478320" lon="2.869212"/>
    <trkpt lat="39.478311" lon="2.868996"/>
    <trkpt lat="39.478302" lon="2.868785"/>
    <trkpt lat="39.478291" lon="2.868568"/>
    <trkpt lat="39.478278" lon="2.868351"/>
    <trkpt lat="39.478263" lon="2.868136"/>
    <trkpt lat="39.478247" lon="2.867921"/>
    <trkpt lat="39.478231" lon="2.867708"/>
    <trkpt lat="39.478212" lon="2.867492"/>
    <trkpt lat="39.478191" lon="2.867277"/>
    <trkpt lat="39.478168" lon="2.867060"/>
    <trkpt lat="39.478144" lon="2.866844"/>
    <trkpt lat="39.478120" lon="2.866638"/>
    <trkpt lat="39.478094" lon="2.866421"/>
    <trkpt lat="39.478065" lon="2.866205"/>
    <trkpt lat="39.478036" lon="2.865996"/>
    <trkpt lat="39.478006" lon="2.865782"/>
    <trkpt lat="39.477975" lon="2.865566"/>
    <trkpt lat="39.477944" lon="2.865360"/>
    <trkpt lat="39.477911" lon="2.865144"/>
    <trkpt lat="39.477879" lon="2.864932"/>
    <trkpt lat="39.477846" lon="2.864724"/>
    <trkpt lat="39.477608" lon="2.863232"/>
    <trkpt lat="39.477542" lon="2.862814"/>
    <trkpt lat="39.477474" lon="2.862386"/>
    <trkpt lat="39.477408" lon="2.861968"/>
    <trkpt lat="39.477340" lon="2.861544"/>
    <trkpt lat="39.477307" lon="2.861328"/>
    <trkpt lat="39.477274" lon="2.861116"/>
    <trkpt lat="39.477246" lon="2.860900"/>
    <trkpt lat="39.477221" lon="2.860690"/>
    <trkpt lat="39.477197" lon="2.860472"/>
    <trkpt lat="39.477178" lon="2.860254"/>
    <trkpt lat="39.477163" lon="2.860034"/>
    <trkpt lat="39.477153" lon="2.859815"/>
    <trkpt lat="39.477146" lon="2.859599"/>
    <trkpt lat="39.477144" lon="2.859376"/>
    <trkpt lat="39.477146" lon="2.859155"/>
    <trkpt lat="39.477151" lon="2.858938"/>
    <trkpt lat="39.477161" lon="2.858714"/>
    <trkpt lat="39.477175" lon="2.858503"/>
    <trkpt lat="39.477194" lon="2.858283"/>
    <trkpt lat="39.477216" lon="2.858066"/>
    <trkpt lat="39.477242" lon="2.857844"/>
    <trkpt lat="39.477268" lon="2.857639"/>
    <trkpt lat="39.477304" lon="2.857423"/>
    <trkpt lat="39.477342" lon="2.857210"/>
    <trkpt lat="39.477381" lon="2.856997"/>
    <trkpt lat="39.477431" lon="2.856778"/>
    <trkpt lat="39.477479" lon="2.856576"/>
    <trkpt lat="39.477530" lon="2.856370"/>
    <trkpt lat="39.477589" lon="2.856164"/>
    <trkpt lat="39.477651" lon="2.855954"/>
    <trkpt lat="39.477711" lon="2.855768"/>
    <trkpt lat="39.477792" lon="2.855534"/>
    <trkpt lat="39.477934" lon="2.855161"/>
    <trkpt lat="39.478096" lon="2.854772"/>
    <trkpt lat="39.478270" lon="2.854402"/>
    <trkpt lat="39.478452" lon="2.854051"/>
    <trkpt lat="39.478599" lon="2.853780"/>
    <trkpt lat="39.478770" lon="2.853497"/>
    <trkpt lat="39.479387" lon="2.852501"/>
    <trkpt lat="39.479490" lon="2.852343"/>
    <trkpt lat="39.479604" lon="2.852162"/>
    <trkpt lat="39.479699" lon="2.852013"/>
    <trkpt lat="39.479805" lon="2.851841"/>
    <trkpt lat="39.479906" lon="2.851673"/>
    <trkpt lat="39.480004" lon="2.851505"/>
    <trkpt lat="39.480102" lon="2.851326"/>
    <trkpt lat="39.480197" lon="2.851144"/>
    <trkpt lat="39.480286" lon="2.850966"/>
    <trkpt lat="39.480373" lon="2.850783"/>
    <trkpt lat="39.480456" lon="2.850598"/>
    <trkpt lat="39.480536" lon="2.850410"/>
    <trkpt lat="39.480616" lon="2.850212"/>
    <trkpt lat="39.480756" lon="2.849835"/>
    <trkpt lat="39.480823" lon="2.849637"/>
    <trkpt lat="39.480887" lon="2.849436"/>
    <trkpt lat="39.480947" lon="2.849232"/>
    <trkpt lat="39.481005" lon="2.849028"/>
    <trkpt lat="39.481057" lon="2.848820"/>
    <trkpt lat="39.481103" lon="2.848629"/>
    <trkpt lat="39.481148" lon="2.848429"/>
    <trkpt lat="39.481191" lon="2.848211"/>
    <trkpt lat="39.481244" lon="2.847919"/>
    <trkpt lat="39.481323" lon="2.847438"/>
    <trkpt lat="39.481349" lon="2.847222"/>
    <trkpt lat="39.481398" lon="2.846825"/>
    <trkpt lat="39.481442" lon="2.846425"/>
    <trkpt lat="39.481577" lon="2.845032"/>
    <trkpt lat="39.481620" lon="2.844637"/>
    <trkpt lat="39.481661" lon="2.844243"/>
    <trkpt lat="39.481711" lon="2.843830"/>
    <trkpt lat="39.481754" lon="2.843445"/>
    <trkpt lat="39.481804" lon="2.843049"/>
    <trkpt lat="39.481857" lon="2.842651"/>
    <trkpt lat="39.481884" lon="2.842445"/>
    <trkpt lat="39.481938" lon="2.842056"/>
    <trkpt lat="39.482025" lon="2.841467"/>
    <trkpt lat="39.482085" lon="2.841073"/>
    <trkpt lat="39.482147" lon="2.840677"/>
    <trkpt lat="39.482211" lon="2.840285"/>
    <trkpt lat="39.482277" lon="2.839895"/>
    <trkpt lat="39.482380" lon="2.839305"/>
    <trkpt lat="39.482442" lon="2.838967"/>
    <trkpt lat="39.482488" lon="2.838714"/>
    <trkpt lat="39.482562" lon="2.838325"/>
    <trkpt lat="39.482676" lon="2.837750"/>
    <trkpt lat="39.482756" lon="2.837356"/>
    <trkpt lat="39.482838" lon="2.836964"/>
    <trkpt lat="39.482962" lon="2.836382"/>
    <trkpt lat="39.483088" lon="2.835805"/>
    <trkpt lat="39.483219" lon="2.835223"/>
    <trkpt lat="39.483308" lon="2.834835"/>
    <trkpt lat="39.483696" lon="2.833361"/>
    <trkpt lat="39.483817" lon="2.832937"/>
    <trkpt lat="39.483935" lon="2.832563"/>
    <trkpt lat="39.484059" lon="2.832195"/>
    <trkpt lat="39.484192" lon="2.831829"/>
    <trkpt lat="39.484326" lon="2.831486"/>
    <trkpt lat="39.484402" lon="2.831298"/>
    <trkpt lat="39.484481" lon="2.831114"/>
    <trkpt lat="39.484558" lon="2.830939"/>
    <trkpt lat="39.484804" lon="2.830425"/>
    <trkpt lat="39.484977" lon="2.830094"/>
    <trkpt lat="39.485157" lon="2.829764"/>
    <trkpt lat="39.485342" lon="2.829437"/>
    <trkpt lat="39.485425" lon="2.829282"/>
    <trkpt lat="39.485748" lon="2.828719"/>
    <trkpt lat="39.485893" lon="2.828465"/>
    <trkpt lat="39.486076" lon="2.828140"/>
    <trkpt lat="39.486261" lon="2.827811"/>
    <trkpt lat="39.486354" lon="2.827651"/>
    <trkpt lat="39.486444" lon="2.827490"/>
    <trkpt lat="39.486536" lon="2.827327"/>
    <trkpt lat="39.486718" lon="2.826998"/>
    <trkpt lat="39.486808" lon="2.826831"/>
    <trkpt lat="39.486892" lon="2.826673"/>
    <trkpt lat="39.486980" lon="2.826502"/>
    <trkpt lat="39.487061" lon="2.826335"/>
    <trkpt lat="39.487143" lon="2.826160"/>
    <trkpt lat="39.487217" lon="2.825994"/>
    <trkpt lat="39.487297" lon="2.825806"/>
    <trkpt lat="39.487507" lon="2.825266"/>
    <trkpt lat="39.487627" lon="2.824910"/>
    <trkpt lat="39.487740" lon="2.824535"/>
    <trkpt lat="39.487842" lon="2.824154"/>
    <trkpt lat="39.487931" lon="2.823772"/>
    <trkpt lat="39.488008" lon="2.823386"/>
    <trkpt lat="39.488042" lon="2.823190"/>
    <trkpt lat="39.488073" lon="2.822994"/>
    <trkpt lat="39.488101" lon="2.822797"/>
    <trkpt lat="39.488127" lon="2.822602"/>
    <trkpt lat="39.488148" lon="2.822402"/>
    <trkpt lat="39.488167" lon="2.822214"/>
    <trkpt lat="39.488183" lon="2.822003"/>
    <trkpt lat="39.488197" lon="2.821806"/>
    <trkpt lat="39.488208" lon="2.821603"/>
    <trkpt lat="39.488218" lon="2.821404"/>
    <trkpt lat="39.488234" lon="2.821000"/>
    <trkpt lat="39.488250" lon="2.820602"/>
    <trkpt lat="39.488266" lon="2.820199"/>
    <trkpt lat="39.488281" lon="2.819805"/>
    <trkpt lat="39.488297" lon="2.819401"/>
    <trkpt lat="39.488312" lon="2.819002"/>
    <trkpt lat="39.488328" lon="2.818601"/>
    <trkpt lat="39.488343" lon="2.818207"/>
    <trkpt lat="39.488360" lon="2.817796"/>
    <trkpt lat="39.488375" lon="2.817397"/>
    <trkpt lat="39.488393" lon="2.817002"/>
    <trkpt lat="39.488414" lon="2.816395"/>
    <trkpt lat="39.488446" lon="2.815599"/>
    <trkpt lat="39.488509" lon="2.813993"/>
    <trkpt lat="39.488563" lon="2.812593"/>
    <trkpt lat="39.488579" lon="2.812192"/>
    <trkpt lat="39.488595" lon="2.811791"/>
    <trkpt lat="39.488611" lon="2.811392"/>
    <trkpt lat="39.488625" lon="2.810989"/>
    <trkpt lat="39.488642" lon="2.810589"/>
    <trkpt lat="39.488652" lon="2.810389"/>
    <trkpt lat="39.488662" lon="2.810186"/>
    <trkpt lat="39.488688" lon="2.809783"/>
    <trkpt lat="39.488726" lon="2.809367"/>
    <trkpt lat="39.488773" lon="2.808968"/>
    <trkpt lat="39.488828" lon="2.808569"/>
    <trkpt lat="39.489013" lon="2.807608"/>
    <trkpt lat="39.489147" lon="2.807048"/>
    <trkpt lat="39.489253" lon="2.806670"/>
    <trkpt lat="39.489367" lon="2.806298"/>
    <trkpt lat="39.489492" lon="2.805929"/>
    <trkpt lat="39.489625" lon="2.805571"/>
    <trkpt lat="39.489768" lon="2.805213"/>
    <trkpt lat="39.489842" lon="2.805038"/>
    <trkpt lat="39.490074" lon="2.804515"/>
    <trkpt lat="39.490231" lon="2.804170"/>
    <trkpt lat="39.490480" lon="2.803629"/>
    <trkpt lat="39.490794" lon="2.802928"/>
    <trkpt lat="39.490928" lon="2.802614"/>
    <trkpt lat="39.491079" lon="2.802250"/>
    <trkpt lat="39.491224" lon="2.801886"/>
    <trkpt lat="39.491356" lon="2.801531"/>
    <trkpt lat="39.491488" lon="2.801160"/>
    <trkpt lat="39.491607" lon="2.800811"/>
    <trkpt lat="39.491729" lon="2.800426"/>
    <trkpt lat="39.491831" lon="2.800088"/>
    <trkpt lat="39.491953" lon="2.799660"/>
    <trkpt lat="39.492052" lon="2.799290"/>
    <trkpt lat="39.492145" lon="2.798924"/>
    <trkpt lat="39.492285" lon="2.798343"/>
    <trkpt lat="39.492416" lon="2.797763"/>
    <trkpt lat="39.492596" lon="2.797003"/>
    <trkpt lat="39.492731" lon="2.796429"/>
    <trkpt lat="39.492910" lon="2.795653"/>
    <trkpt lat="39.493041" lon="2.795082"/>
    <trkpt lat="39.493174" lon="2.794510"/>
    <trkpt lat="39.493309" lon="2.793930"/>
    <trkpt lat="39.493443" lon="2.793352"/>
    <trkpt lat="39.493575" lon="2.792779"/>
    <trkpt lat="39.493664" lon="2.792396"/>
    <trkpt lat="39.493709" lon="2.792204"/>
    <trkpt lat="39.493798" lon="2.791821"/>
    <trkpt lat="39.493934" lon="2.791237"/>
    <trkpt lat="39.494111" lon="2.790475"/>
    <trkpt lat="39.494199" lon="2.790093"/>
    <trkpt lat="39.494823" lon="2.787397"/>
    <trkpt lat="39.495089" lon="2.786251"/>
    <trkpt lat="39.495446" lon="2.784713"/>
    <trkpt lat="39.495481" lon="2.784563"/>
    <trkpt lat="39.495580" lon="2.784133"/>
    <trkpt lat="39.495668" lon="2.783751"/>
    <trkpt lat="39.495758" lon="2.783370"/>
    <trkpt lat="39.495851" lon="2.782986"/>
    <trkpt lat="39.495947" lon="2.782599"/>
    <trkpt lat="39.496053" lon="2.782226"/>
    <trkpt lat="39.496170" lon="2.781853"/>
    <trkpt lat="39.496300" lon="2.781473"/>
    <trkpt lat="39.496442" lon="2.781074"/>
    <trkpt lat="39.496647" lon="2.780591"/>
    <trkpt lat="39.496725" lon="2.780412"/>
    <trkpt lat="39.496804" lon="2.780240"/>
    <trkpt lat="39.496885" lon="2.780070"/>
    <trkpt lat="39.496967" lon="2.779901"/>
    <trkpt lat="39.497054" lon="2.779733"/>
    <trkpt lat="39.497142" lon="2.779568"/>
    <trkpt lat="39.497230" lon="2.779406"/>
    <trkpt lat="39.497323" lon="2.779242"/>
    <trkpt lat="39.497400" lon="2.779111"/>
    <trkpt lat="39.497498" lon="2.778949"/>
    <trkpt lat="39.497595" lon="2.778792"/>
    <trkpt lat="39.497796" lon="2.778485"/>
    <trkpt lat="39.497894" lon="2.778343"/>
    <trkpt lat="39.498003" lon="2.778188"/>
    <trkpt lat="39.498105" lon="2.778050"/>
    <trkpt lat="39.498211" lon="2.777910"/>
    <trkpt lat="39.498326" lon="2.777763"/>
    <trkpt lat="39.498438" lon="2.777626"/>
    <trkpt lat="39.498551" lon="2.777486"/>
    <trkpt lat="39.498670" lon="2.777349"/>
    <trkpt lat="39.498781" lon="2.777225"/>
    <trkpt lat="39.498901" lon="2.777094"/>
    <trkpt lat="39.499023" lon="2.776966"/>
    <trkpt lat="39.499145" lon="2.776842"/>
    <trkpt lat="39.499273" lon="2.776717"/>
    <trkpt lat="39.499785" lon="2.776242"/>
    <trkpt lat="39.499914" lon="2.776141"/>
    <trkpt lat="39.500174" lon="2.775938"/>
    <trkpt lat="39.500446" lon="2.775738"/>
    <trkpt lat="39.500501" lon="2.775701"/>
    <trkpt lat="39.500723" lon="2.775552"/>
    <trkpt lat="39.500999" lon="2.775380"/>
    <trkpt lat="39.501140" lon="2.775297"/>
    <trkpt lat="39.501278" lon="2.775220"/>
    <trkpt lat="39.501422" lon="2.775144"/>
    <trkpt lat="39.501570" lon="2.775068"/>
    <trkpt lat="39.501715" lon="2.774998"/>
    <trkpt lat="39.501857" lon="2.774932"/>
    <trkpt lat="39.502006" lon="2.774865"/>
    <trkpt lat="39.502158" lon="2.774800"/>
    <trkpt lat="39.502306" lon="2.774741"/>
    <trkpt lat="39.502454" lon="2.774682"/>
    <trkpt lat="39.502760" lon="2.774567"/>
    <trkpt lat="39.502901" lon="2.774515"/>
    <trkpt lat="39.503048" lon="2.774464"/>
    <trkpt lat="39.503196" lon="2.774411"/>
    <trkpt lat="39.503357" lon="2.774356"/>
    <trkpt lat="39.503660" lon="2.774252"/>
    <trkpt lat="39.503804" lon="2.774203"/>
    <trkpt lat="39.503954" lon="2.774149"/>
    <trkpt lat="39.504100" lon="2.774097"/>
    <trkpt lat="39.504254" lon="2.774040"/>
    <trkpt lat="39.504399" lon="2.773985"/>
    <trkpt lat="39.504550" lon="2.773925"/>
    <trkpt lat="39.504695" lon="2.773866"/>
    <trkpt lat="39.504846" lon="2.773802"/>
    <trkpt lat="39.504985" lon="2.773738"/>
    <trkpt lat="39.505138" lon="2.773665"/>
    <trkpt lat="39.505277" lon="2.773597"/>
    <trkpt lat="39.505424" lon="2.773523"/>
    <trkpt lat="39.505569" lon="2.773448"/>
    <trkpt lat="39.505710" lon="2.773370"/>
    <trkpt lat="39.505851" lon="2.773287"/>
    <trkpt lat="39.505993" lon="2.773200"/>
    <trkpt lat="39.506127" lon="2.773116"/>
    <trkpt lat="39.506273" lon="2.773022"/>
    <trkpt lat="39.506546" lon="2.772835"/>
    <trkpt lat="39.506814" lon="2.772640"/>
    <trkpt lat="39.506947" lon="2.772538"/>
    <trkpt lat="39.507082" lon="2.772432"/>
    <trkpt lat="39.507211" lon="2.772326"/>
    <trkpt lat="39.507343" lon="2.772215"/>
    <trkpt lat="39.507601" lon="2.771987"/>
    <trkpt lat="39.507727" lon="2.771871"/>
    <trkpt lat="39.507853" lon="2.771752"/>
    <trkpt lat="39.507975" lon="2.771633"/>
    <trkpt lat="39.508103" lon="2.771505"/>
    <trkpt lat="39.508340" lon="2.771261"/>
    <trkpt lat="39.508573" lon="2.771013"/>
    <trkpt lat="39.508814" lon="2.770752"/>
    <trkpt lat="39.509055" lon="2.770494"/>
    <trkpt lat="39.509294" lon="2.770237"/>
    <trkpt lat="39.509531" lon="2.769981"/>
    <trkpt lat="39.509771" lon="2.769723"/>
    <trkpt lat="39.510010" lon="2.769465"/>
    <trkpt lat="39.510250" lon="2.769206"/>
    <trkpt lat="39.510486" lon="2.768951"/>
    <trkpt lat="39.510722" lon="2.768697"/>
    <trkpt lat="39.510964" lon="2.768438"/>
    <trkpt lat="39.511200" lon="2.768183"/>
    <trkpt lat="39.511436" lon="2.767927"/>
    <trkpt lat="39.511676" lon="2.767668"/>
    <trkpt lat="39.511915" lon="2.767412"/>
    <trkpt lat="39.512154" lon="2.767156"/>
    <trkpt lat="39.513819" lon="2.765360"/>
    <trkpt lat="39.514765" lon="2.764342"/>
    <trkpt lat="39.515134" lon="2.763950"/>
    <trkpt lat="39.515246" lon="2.763839"/>
    <trkpt lat="39.515371" lon="2.763715"/>
    <trkpt lat="39.515500" lon="2.763596"/>
    <trkpt lat="39.515620" lon="2.763489"/>
    <trkpt lat="39.515762" lon="2.763370"/>
    <trkpt lat="39.515889" lon="2.763273"/>
    <trkpt lat="39.516023" lon="2.763177"/>
    <trkpt lat="39.516160" lon="2.763081"/>
    <trkpt lat="39.516300" lon="2.762987"/>
    <trkpt lat="39.516573" lon="2.762811"/>
    <trkpt lat="39.516718" lon="2.762718"/>
    <trkpt lat="39.516856" lon="2.762628"/>
    <trkpt lat="39.516999" lon="2.762536"/>
    <trkpt lat="39.517137" lon="2.762444"/>
    <trkpt lat="39.517303" lon="2.762326"/>
    <trkpt lat="39.517402" lon="2.762251"/>
    <trkpt lat="39.517534" lon="2.762147"/>
    <trkpt lat="39.517664" lon="2.762038"/>
    <trkpt lat="39.517794" lon="2.761924"/>
    <trkpt lat="39.517919" lon="2.761808"/>
    <trkpt lat="39.518042" lon="2.761688"/>
    <trkpt lat="39.518166" lon="2.761561"/>
    <trkpt lat="39.518284" lon="2.761435"/>
    <trkpt lat="39.518403" lon="2.761301"/>
    <trkpt lat="39.518736" lon="2.760909"/>
    <trkpt lat="39.519215" lon="2.760333"/>
    <trkpt lat="39.519547" lon="2.759939"/>
    <trkpt lat="39.519805" lon="2.759635"/>
    <trkpt lat="39.520034" lon="2.759367"/>
    <trkpt lat="39.520269" lon="2.759097"/>
    <trkpt lat="39.520735" lon="2.758583"/>
    <trkpt lat="39.520951" lon="2.758347"/>
    <trkpt lat="39.522194" lon="2.757074"/>
    <trkpt lat="39.522536" lon="2.756709"/>
    <trkpt lat="39.522667" lon="2.756576"/>
    <trkpt lat="39.522908" lon="2.756324"/>
    <trkpt lat="39.523147" lon="2.756072"/>
    <trkpt lat="39.523265" lon="2.755947"/>
    <trkpt lat="39.523381" lon="2.755823"/>
    <trkpt lat="39.523503" lon="2.755693"/>
    <trkpt lat="39.523621" lon="2.755565"/>
    <trkpt lat="39.523738" lon="2.755436"/>
    <trkpt lat="39.523853" lon="2.755308"/>
    <trkpt lat="39.523970" lon="2.755178"/>
    <trkpt lat="39.524087" lon="2.755044"/>
    <trkpt lat="39.524207" lon="2.754908"/>
    <trkpt lat="39.524326" lon="2.754774"/>
    <trkpt lat="39.524437" lon="2.754642"/>
    <trkpt lat="39.524569" lon="2.754483"/>
    <trkpt lat="39.524775" lon="2.754228"/>
    <trkpt lat="39.524996" lon="2.753949"/>
    <trkpt lat="39.525106" lon="2.753805"/>
    <trkpt lat="39.525213" lon="2.753661"/>
    <trkpt lat="39.525319" lon="2.753518"/>
    <trkpt lat="39.525429" lon="2.753368"/>
    <trkpt lat="39.525638" lon="2.753074"/>
    <trkpt lat="39.525839" lon="2.752781"/>
    <trkpt lat="39.526040" lon="2.752481"/>
    <trkpt lat="39.526300" lon="2.752072"/>
    <trkpt lat="39.527355" lon="2.750196"/>
    <trkpt lat="39.527507" lon="2.749883"/>
    <trkpt lat="39.527685" lon="2.749515"/>
    <trkpt lat="39.527829" lon="2.749188"/>
    <trkpt lat="39.527979" lon="2.748857"/>
    <trkpt lat="39.528130" lon="2.748503"/>
    <trkpt lat="39.528271" lon="2.748154"/>
    <trkpt lat="39.528376" lon="2.747885"/>
    <trkpt lat="39.528411" lon="2.747796"/>
    <trkpt lat="39.528546" lon="2.747439"/>
    <trkpt lat="39.528676" lon="2.747075"/>
    <trkpt lat="39.528740" lon="2.746891"/>
    <trkpt lat="39.528870" lon="2.746505"/>
    <trkpt lat="39.528932" lon="2.746320"/>
    <trkpt lat="39.529054" lon="2.745940"/>
    <trkpt lat="39.529167" lon="2.745578"/>
    <trkpt lat="39.529283" lon="2.745205"/>
    <trkpt lat="39.529391" lon="2.744852"/>
    <trkpt lat="39.529501" lon="2.744485"/>
    <trkpt lat="39.529614" lon="2.744111"/>
    <trkpt lat="39.529726" lon="2.743742"/>
    <trkpt lat="39.529851" lon="2.743336"/>
    <trkpt lat="39.530032" lon="2.742755"/>
    <trkpt lat="39.530152" lon="2.742387"/>
    <trkpt lat="39.530279" lon="2.742013"/>
    <trkpt lat="39.530403" lon="2.741653"/>
    <trkpt lat="39.530541" lon="2.741275"/>
    <trkpt lat="39.530613" lon="2.741084"/>
    <trkpt lat="39.530685" lon="2.740894"/>
    <trkpt lat="39.530838" lon="2.740516"/>
    <trkpt lat="39.530994" lon="2.740144"/>
    <trkpt lat="39.531158" lon="2.739782"/>
    <trkpt lat="39.531244" lon="2.739597"/>
    <trkpt lat="39.531332" lon="2.739420"/>
    <trkpt lat="39.531421" lon="2.739239"/>
    <trkpt lat="39.531510" lon="2.739064"/>
    <trkpt lat="39.531601" lon="2.738889"/>
    <trkpt lat="39.531693" lon="2.738715"/>
    <trkpt lat="39.531788" lon="2.738542"/>
    <trkpt lat="39.531884" lon="2.738375"/>
    <trkpt lat="39.531985" lon="2.738200"/>
    <trkpt lat="39.532082" lon="2.738036"/>
    <trkpt lat="39.532185" lon="2.737866"/>
    <trkpt lat="39.532287" lon="2.737698"/>
    <trkpt lat="39.532390" lon="2.737534"/>
    <trkpt lat="39.532596" lon="2.737206"/>
    <trkpt lat="39.532801" lon="2.736882"/>
    <trkpt lat="39.533009" lon="2.736556"/>
    <trkpt lat="39.533237" lon="2.736190"/>
    <trkpt lat="39.533442" lon="2.735856"/>
    <trkpt lat="39.533572" lon="2.735641"/>
    <trkpt lat="39.534101" lon="2.734689"/>
    <trkpt lat="39.534193" lon="2.734514"/>
    <trkpt lat="39.534286" lon="2.734338"/>
    <trkpt lat="39.534463" lon="2.733985"/>
    <trkpt lat="39.534640" lon="2.733624"/>
    <trkpt lat="39.534811" lon="2.733261"/>
    <trkpt lat="39.535587" lon="2.731606"/>
    <trkpt lat="39.535761" lon="2.731215"/>
    <trkpt lat="39.535921" lon="2.730868"/>
    <trkpt lat="39.536005" lon="2.730687"/>
    <trkpt lat="39.536091" lon="2.730504"/>
    <trkpt lat="39.536176" lon="2.730319"/>
    <trkpt lat="39.536346" lon="2.729952"/>
    <trkpt lat="39.536515" lon="2.729588"/>
    <trkpt lat="39.536684" lon="2.729221"/>
    <trkpt lat="39.536853" lon="2.728856"/>
    <trkpt lat="39.537022" lon="2.728491"/>
    <trkpt lat="39.537106" lon="2.728308"/>
    <trkpt lat="39.537278" lon="2.727940"/>
    <trkpt lat="39.537437" lon="2.727596"/>
    <trkpt lat="39.537615" lon="2.727215"/>
    <trkpt lat="39.537779" lon="2.726858"/>
    <trkpt lat="39.537950" lon="2.726489"/>
    <trkpt lat="39.538122" lon="2.726117"/>
    <trkpt lat="39.538293" lon="2.725750"/>
    <trkpt lat="39.538378" lon="2.725564"/>
    <trkpt lat="39.538547" lon="2.725198"/>
    <trkpt lat="39.538720" lon="2.724824"/>
    <trkpt lat="39.538805" lon="2.724643"/>
    <trkpt lat="39.538888" lon="2.724457"/>
    <trkpt lat="39.538973" lon="2.724263"/>
    <trkpt lat="39.539048" lon="2.724088"/>
    <trkpt lat="39.539126" lon="2.723900"/>
    <trkpt lat="39.539197" lon="2.723726"/>
    <trkpt lat="39.539347" lon="2.723342"/>
    <trkpt lat="39.539490" lon="2.722958"/>
    <trkpt lat="39.539628" lon="2.722564"/>
    <trkpt lat="39.539759" lon="2.722166"/>
    <trkpt lat="39.539881" lon="2.721771"/>
    <trkpt lat="39.539993" lon="2.721360"/>
    <trkpt lat="39.540061" lon="2.721122"/>
    <trkpt lat="39.540354" lon="2.720001"/>
    <trkpt lat="39.540433" lon="2.719683"/>
    <trkpt lat="39.540535" lon="2.719284"/>
    <trkpt lat="39.540635" lon="2.718890"/>
    <trkpt lat="39.540735" lon="2.718497"/>
    <trkpt lat="39.540836" lon="2.718102"/>
    <trkpt lat="39.540939" lon="2.717704"/>
    <trkpt lat="39.541039" lon="2.717311"/>
    <trkpt lat="39.541141" lon="2.716912"/>
    <trkpt lat="39.541242" lon="2.716518"/>
    <trkpt lat="39.541399" lon="2.715906"/>
    <trkpt lat="39.541553" lon="2.715305"/>
    <trkpt lat="39.541684" lon="2.714794"/>
    <trkpt lat="39.541794" lon="2.714356"/>
    <trkpt lat="39.541911" lon="2.713915"/>
    <trkpt lat="39.542056" lon="2.713349"/>
    <trkpt lat="39.542158" lon="2.712955"/>
    <trkpt lat="39.542258" lon="2.712562"/>
    <trkpt lat="39.542362" lon="2.712162"/>
    <trkpt lat="39.542463" lon="2.711770"/>
    <trkpt lat="39.542566" lon="2.711373"/>
    <trkpt lat="39.542842" lon="2.710280"/>
    <trkpt lat="39.543015" lon="2.709621"/>
    <trkpt lat="39.543128" lon="2.709214"/>
    <trkpt lat="39.543187" lon="2.709014"/>
    <trkpt lat="39.543253" lon="2.708810"/>
    <trkpt lat="39.543322" lon="2.708618"/>
    <trkpt lat="39.543390" lon="2.708437"/>
    <trkpt lat="39.543473" lon="2.708236"/>
    <trkpt lat="39.543554" lon="2.708054"/>
    <trkpt lat="39.543641" lon="2.707871"/>
    <trkpt lat="39.543733" lon="2.707689"/>
    <trkpt lat="39.543824" lon="2.707520"/>
    <trkpt lat="39.543929" lon="2.707342"/>
    <trkpt lat="39.544030" lon="2.707180"/>
    <trkpt lat="39.544136" lon="2.707018"/>
    <trkpt lat="39.544200" lon="2.706927"/>
    <trkpt lat="39.544249" lon="2.706857"/>
    <trkpt lat="39.544362" lon="2.706705"/>
    <trkpt lat="39.544484" lon="2.706551"/>
    <trkpt lat="39.544603" lon="2.706407"/>
    <trkpt lat="39.544725" lon="2.706272"/>
    <trkpt lat="39.544841" lon="2.706148"/>
    <trkpt lat="39.544982" lon="2.706006"/>
    <trkpt lat="39.545114" lon="2.705877"/>
    <trkpt lat="39.545378" lon="2.705622"/>
    <trkpt lat="39.545642" lon="2.705371"/>
    <trkpt lat="39.545907" lon="2.705120"/>
    <trkpt lat="39.546153" lon="2.704886"/>
    <trkpt lat="39.546414" lon="2.704637"/>
    <trkpt lat="39.546672" lon="2.704404"/>
    <trkpt lat="39.546779" lon="2.704314"/>
    <trkpt lat="39.546900" lon="2.704218"/>
    <trkpt lat="39.547040" lon="2.704114"/>
    <trkpt lat="39.547162" lon="2.704029"/>
    <trkpt lat="39.547290" lon="2.703947"/>
    <trkpt lat="39.547439" lon="2.703862"/>
    <trkpt lat="39.547571" lon="2.703792"/>
    <trkpt lat="39.547727" lon="2.703718"/>
    <trkpt lat="39.547882" lon="2.703650"/>
    <trkpt lat="39.548048" lon="2.703587"/>
    <trkpt lat="39.548218" lon="2.703531"/>
    <trkpt lat="39.548374" lon="2.703489"/>
    <trkpt lat="39.548535" lon="2.703455"/>
    <trkpt lat="39.548704" lon="2.703424"/>
    <trkpt lat="39.548868" lon="2.703404"/>
    <trkpt lat="39.549030" lon="2.703392"/>
    <trkpt lat="39.549193" lon="2.703385"/>
    <trkpt lat="39.549354" lon="2.703388"/>
    <trkpt lat="39.549507" lon="2.703396"/>
    <trkpt lat="39.549669" lon="2.703415"/>
    <trkpt lat="39.550758" lon="2.703622"/>
    <trkpt lat="39.551346" lon="2.703692"/>
    <trkpt lat="39.551592" lon="2.703713"/>
    <trkpt lat="39.551780" lon="2.703741"/>
    <trkpt lat="39.551941" lon="2.703764"/>
    <trkpt lat="39.552105" lon="2.703784"/>
    <trkpt lat="39.552269" lon="2.703797"/>
    <trkpt lat="39.552429" lon="2.703805"/>
    <trkpt lat="39.552593" lon="2.703805"/>
    <trkpt lat="39.552753" lon="2.703799"/>
    <trkpt lat="39.552999" lon="2.703774"/>
    <trkpt lat="39.553163" lon="2.703749"/>
    <trkpt lat="39.553315" lon="2.703718"/>
    <trkpt lat="39.553469" lon="2.703681"/>
    <trkpt lat="39.553573" lon="2.703654"/>
    <trkpt lat="39.553823" lon="2.703568"/>
    <trkpt lat="39.554075" lon="2.703455"/>
    <trkpt lat="39.554143" lon="2.703431"/>
    <trkpt lat="39.554627" lon="2.703144"/>
    <trkpt lat="39.554842" lon="2.702984"/>
    <trkpt lat="39.554979" lon="2.702872"/>
    <trkpt lat="39.555115" lon="2.702753"/>
    <trkpt lat="39.555340" lon="2.702544"/>
    <trkpt lat="39.555497" lon="2.702369"/>
    <trkpt lat="39.555622" lon="2.702223"/>
    <trkpt lat="39.555738" lon="2.702077"/>
    <trkpt lat="39.555859" lon="2.701919"/>
    <trkpt lat="39.556290" lon="2.701326"/>
    <trkpt lat="39.556521" lon="2.701007"/>
    <trkpt lat="39.556852" lon="2.700546"/>
    <trkpt lat="39.557511" lon="2.699633"/>
    <trkpt lat="39.557753" lon="2.699297"/>
    <trkpt lat="39.557957" lon="2.699012"/>
    <trkpt lat="39.558172" lon="2.698707"/>
    <trkpt lat="39.558276" lon="2.698554"/>
    <trkpt lat="39.558385" lon="2.698390"/>
    <trkpt lat="39.558490" lon="2.698225"/>
    <trkpt lat="39.558585" lon="2.698072"/>
    <trkpt lat="39.558689" lon="2.697909"/>
    <trkpt lat="39.558794" lon="2.697729"/>
    <trkpt lat="39.558890" lon="2.697566"/>
    <trkpt lat="39.558987" lon="2.697398"/>
    <trkpt lat="39.559181" lon="2.697054"/>
    <trkpt lat="39.559369" lon="2.696716"/>
    <trkpt lat="39.559560" lon="2.696377"/>
    <trkpt lat="39.559751" lon="2.696039"/>
    <trkpt lat="39.559942" lon="2.695697"/>
    <trkpt lat="39.560134" lon="2.695354"/>
    <trkpt lat="39.560243" lon="2.695160"/>
    <trkpt lat="39.560420" lon="2.694845"/>
    <trkpt lat="39.560611" lon="2.694506"/>
    <trkpt lat="39.560801" lon="2.694168"/>
    <trkpt lat="39.560995" lon="2.693826"/>
    <trkpt lat="39.561186" lon="2.693481"/>
    <trkpt lat="39.561325" lon="2.693237"/>
    <trkpt lat="39.561398" lon="2.693102"/>
    <trkpt lat="39.562671" lon="2.690838"/>
    <trkpt lat="39.562829" lon="2.690524"/>
    <trkpt lat="39.562978" lon="2.690201"/>
    <trkpt lat="39.563050" lon="2.690025"/>
    <trkpt lat="39.563115" lon="2.689853"/>
    <trkpt lat="39.563179" lon="2.689671"/>
    <trkpt lat="39.563235" lon="2.689487"/>
    <trkpt lat="39.563290" lon="2.689297"/>
    <trkpt lat="39.563337" lon="2.689108"/>
    <trkpt lat="39.563381" lon="2.688921"/>
    <trkpt lat="39.563417" lon="2.688741"/>
    <trkpt lat="39.563435" lon="2.688639"/>
    <trkpt lat="39.563454" lon="2.688538"/>
    <trkpt lat="39.563482" lon="2.688350"/>
    <trkpt lat="39.563512" lon="2.688154"/>
    <trkpt lat="39.563539" lon="2.687959"/>
    <trkpt lat="39.563566" lon="2.687764"/>
    <trkpt lat="39.563619" lon="2.687391"/>
    <trkpt lat="39.563759" lon="2.686397"/>
    <trkpt lat="39.563921" lon="2.685246"/>
    <trkpt lat="39.564030" lon="2.684469"/>
    <trkpt lat="39.564090" lon="2.684052"/>
    <trkpt lat="39.564264" lon="2.682743"/>
    <trkpt lat="39.564808" lon="2.678698"/>
    <trkpt lat="39.564849" lon="2.678325"/>
    <trkpt lat="39.564885" lon="2.677909"/>
    <trkpt lat="39.564922" lon="2.677282"/>
    <trkpt lat="39.564931" lon="2.677059"/>
    <trkpt lat="39.564932" lon="2.676983"/>
    <trkpt lat="39.564935" lon="2.676855"/>
    <trkpt lat="39.564939" lon="2.676631"/>
    <trkpt lat="39.564939" lon="2.676395"/>
    <trkpt lat="39.564932" lon="2.675954"/>
    <trkpt lat="39.564925" lon="2.675764"/>
    <trkpt lat="39.564915" lon="2.675557"/>
    <trkpt lat="39.564903" lon="2.675335"/>
    <trkpt lat="39.564889" lon="2.675116"/>
    <trkpt lat="39.564880" lon="2.674982"/>
    <trkpt lat="39.564861" lon="2.674779"/>
    <trkpt lat="39.564843" lon="2.674596"/>
    <trkpt lat="39.564769" lon="2.674041"/>
    <trkpt lat="39.564703" lon="2.673630"/>
    <trkpt lat="39.564636" lon="2.673249"/>
    <trkpt lat="39.564562" lon="2.672862"/>
    <trkpt lat="39.564493" lon="2.672541"/>
    <trkpt lat="39.564393" lon="2.672148"/>
    <trkpt lat="39.564297" lon="2.671812"/>
    <trkpt lat="39.564200" lon="2.671471"/>
    <trkpt lat="39.564098" lon="2.671133"/>
    <trkpt lat="39.563981" lon="2.670786"/>
    <trkpt lat="39.563865" lon="2.670454"/>
    <trkpt lat="39.563743" lon="2.670111"/>
    <trkpt lat="39.563618" lon="2.669775"/>
    <trkpt lat="39.563398" lon="2.669172"/>
    <trkpt lat="39.563311" lon="2.668939"/>
    <trkpt lat="39.563072" lon="2.668153"/>
    <trkpt lat="39.563042" lon="2.668022"/>
    <trkpt lat="39.563011" lon="2.667870"/>
    <trkpt lat="39.563004" lon="2.667832"/>
    <trkpt lat="39.562976" lon="2.667670"/>
    <trkpt lat="39.562950" lon="2.667476"/>
    <trkpt lat="39.562929" lon="2.667291"/>
    <trkpt lat="39.562912" lon="2.667103"/>
    <trkpt lat="39.562896" lon="2.666910"/>
    <trkpt lat="39.562885" lon="2.666724"/>
    <trkpt lat="39.562878" lon="2.666532"/>
    <trkpt lat="39.562875" lon="2.666338"/>
    <trkpt lat="39.562874" lon="2.666277"/>
    <trkpt lat="39.562873" lon="2.666143"/>
    <trkpt lat="39.562871" lon="2.665958"/>
    <trkpt lat="39.562869" lon="2.665769"/>
    <trkpt lat="39.562868" lon="2.665578"/>
    <trkpt lat="39.562866" lon="2.665392"/>
    <trkpt lat="39.562861" lon="2.664822"/>
    <trkpt lat="39.562861" lon="2.664637"/>
    <trkpt lat="39.562859" lon="2.664443"/>
    <trkpt lat="39.562858" lon="2.664255"/>
    <trkpt lat="39.562857" lon="2.664065"/>
    <trkpt lat="39.562856" lon="2.663880"/>
    <trkpt lat="39.562860" lon="2.663491"/>
    <trkpt lat="39.562860" lon="2.663481"/>
    <trkpt lat="39.562861" lon="2.663425"/>
    <trkpt lat="39.562866" lon="2.663307"/>
    <trkpt lat="39.562877" lon="2.663090"/>
    <trkpt lat="39.562900" lon="2.662816"/>
    <trkpt lat="39.562938" lon="2.662538"/>
    <trkpt lat="39.563000" lon="2.662206"/>
    <trkpt lat="39.563065" lon="2.661948"/>
    <trkpt lat="39.563124" lon="2.661741"/>
    <trkpt lat="39.563132" lon="2.661708"/>
    <trkpt lat="39.563150" lon="2.661647"/>
    <trkpt lat="39.563228" lon="2.661384"/>
    <trkpt lat="39.563307" lon="2.661139"/>
    <trkpt lat="39.563400" lon="2.660870"/>
    <trkpt lat="39.563492" lon="2.660607"/>
    <trkpt lat="39.563584" lon="2.660346"/>
    <trkpt lat="39.563677" lon="2.660085"/>
    <trkpt lat="39.563721" lon="2.659958"/>
    <trkpt lat="39.563766" lon="2.659831"/>
    <trkpt lat="39.563812" lon="2.659700"/>
    <trkpt lat="39.563858" lon="2.659570"/>
    <trkpt lat="39.563904" lon="2.659439"/>
    <trkpt lat="39.563948" lon="2.659315"/>
    <trkpt lat="39.563995" lon="2.659183"/>
    <trkpt lat="39.564041" lon="2.659051"/>
    <trkpt lat="39.564085" lon="2.658925"/>
    <trkpt lat="39.564132" lon="2.658793"/>
    <trkpt lat="39.564179" lon="2.658663"/>
    <trkpt lat="39.564223" lon="2.658535"/>
    <trkpt lat="39.564269" lon="2.658406"/>
    <trkpt lat="39.564314" lon="2.658273"/>
    <trkpt lat="39.564357" lon="2.658146"/>
    <trkpt lat="39.564399" lon="2.658013"/>
    <trkpt lat="39.564438" lon="2.657879"/>
    <trkpt lat="39.564473" lon="2.657741"/>
    <trkpt lat="39.564502" lon="2.657600"/>
    <trkpt lat="39.564524" lon="2.657454"/>
    <trkpt lat="39.564536" lon="2.657317"/>
    <trkpt lat="39.564604" lon="2.657077"/>
    <trkpt lat="39.564637" lon="2.656986"/>
    <trkpt lat="39.564666" lon="2.656921"/>
    <trkpt lat="39.564689" lon="2.656876"/>
    <trkpt lat="39.564714" lon="2.656833"/>
    <trkpt lat="39.564729" lon="2.656815"/>
    <trkpt lat="39.564750" lon="2.656789"/>
    <trkpt lat="39.564811" lon="2.656749"/>
    <trkpt lat="39.564854" lon="2.656724"/>
    <trkpt lat="39.564922" lon="2.656701"/>
    <trkpt lat="39.565092" lon="2.656681"/>
    <trkpt lat="39.565832" lon="2.656772"/>
    <trkpt lat="39.565978" lon="2.656790"/>
    <trkpt lat="39.566077" lon="2.656800"/>
    <trkpt lat="39.566375" lon="2.656838"/>
    <trkpt lat="39.566639" lon="2.656870"/>
    <trkpt lat="39.566692" lon="2.656887"/>
    <trkpt lat="39.566757" lon="2.656923"/>
    <trkpt lat="39.566821" lon="2.656974"/>
    <trkpt lat="39.566903" lon="2.657054"/>
    <trkpt lat="39.567308" lon="2.657468"/>
    <trkpt lat="39.567356" lon="2.657501"/>
    <trkpt lat="39.567407" lon="2.657527"/>
    <trkpt lat="39.567448" lon="2.657541"/>
    <trkpt lat="39.567530" lon="2.657536"/>
    <trkpt lat="39.567630" lon="2.657513"/>
    <trkpt lat="39.567661" lon="2.657497"/>
    <trkpt lat="39.567670" lon="2.657494"/>
    <trkpt lat="39.567837" lon="2.657435"/>
    <trkpt lat="39.568003" lon="2.657368"/>
    <trkpt lat="39.568352" lon="2.657213"/>
    <trkpt lat="39.568768" lon="2.657043"/>
    <trkpt lat="39.568948" lon="2.656982"/>
    <trkpt lat="39.569086" lon="2.657016"/>
    <trkpt lat="39.569503" lon="2.657232"/>
    <trkpt lat="39.569905" lon="2.657435"/>
    <trkpt lat="39.569917" lon="2.657442"/>
    <trkpt lat="39.569924" lon="2.657446"/>
    <trkpt lat="39.570039" lon="2.657461"/>
    <trkpt lat="39.570117" lon="2.657439"/>
    <trkpt lat="39.570357" lon="2.657341"/>
    <trkpt lat="39.570930" lon="2.657001"/>
    <trkpt lat="39.571141" lon="2.656876"/>
    <trkpt lat="39.571235" lon="2.656830"/>
    <trkpt lat="39.571340" lon="2.656789"/>
    <trkpt lat="39.571380" lon="2.656778"/>
    <trkpt lat="39.571427" lon="2.656772"/>
    <trkpt lat="39.571508" lon="2.656769"/>
    <trkpt lat="39.571680" lon="2.656791"/>
    <trkpt lat="39.572038" lon="2.656838"/>
    <trkpt lat="39.572399" lon="2.656889"/>
    <trkpt lat="39.572592" lon="2.656917"/>
    <trkpt lat="39.572646" lon="2.656916"/>
    <trkpt lat="39.572721" lon="2.656896"/>
    <trkpt lat="39.572794" lon="2.656845"/>
    <trkpt lat="39.572882" lon="2.656755"/>
    <trkpt lat="39.572970" lon="2.656642"/>
    <trkpt lat="39.573035" lon="2.656550"/>
    <trkpt lat="39.573232" lon="2.656293"/>
    <trkpt lat="39.573423" lon="2.656038"/>
    <trkpt lat="39.573548" lon="2.655885"/>
    <trkpt lat="39.573576" lon="2.655851"/>
    <trkpt lat="39.573623" lon="2.655808"/>
    <trkpt lat="39.573677" lon="2.655778"/>
    <trkpt lat="39.573784" lon="2.655754"/>
    <trkpt lat="39.573811" lon="2.655750"/>
    <trkpt lat="39.574319" lon="2.655670"/>
    <trkpt lat="39.574809" lon="2.655577"/>
    <trkpt lat="39.574899" lon="2.655556"/>
    <trkpt lat="39.574950" lon="2.655519"/>
    <trkpt lat="39.574980" lon="2.655498"/>
    <trkpt lat="39.575025" lon="2.655431"/>
    <trkpt lat="39.575085" lon="2.655325"/>
    <trkpt lat="39.575137" lon="2.655200"/>
    <trkpt lat="39.575389" lon="2.654644"/>
    <trkpt lat="39.575408" lon="2.654604"/>
    <trkpt lat="39.575513" lon="2.654744"/>
    <trkpt lat="39.576042" lon="2.655451"/>
    <trkpt lat="39.576404" lon="2.655945"/>
    <trkpt lat="39.576372" lon="2.655770"/>
    <trkpt lat="39.576140" lon="2.655437"/>
    <trkpt lat="39.576024" lon="2.655272"/>
  </trkseg></trk>
</gpx>
