<?xml version="1.0" encoding="UTF-8"?>
<gpx version="1.1" creator="top-gas" xmlns="http://www.topografix.com/GPX/1/1" xmlns:xsi="http://www.w3.org/2001/XMLSchema-instance" xsi:schemaLocation="http://www.topografix.com/GPX/1/1 http://www.topografix.com/GPX/1/1/gpx.xsd">
  <metadata><name>03 · Pla de Mallorca: Sineu, Petra y Porreres (Fácil)</name><desc>Carreteras interiores tranquilas entre pueblos del Pla, con poco tráfico el domingo por la mañana. Dificultad: Fácil. Distancia aprox.: 122 km.</desc><keywords>moto, mallorca, fácil</keywords></metadata>
  <wpt lat="39.576000" lon="2.655300"><name>Palma (Plaça d'Espanya)</name></wpt>
  <wpt lat="39.650300" lon="2.773600"><name>Santa Maria del Camí</name></wpt>
  <wpt lat="39.642800" lon="3.011400"><name>Sineu</name></wpt>
  <wpt lat="39.613600" lon="3.112200"><name>Petra</name></wpt>
  <wpt lat="39.514700" lon="3.021400"><name>Porreres</name></wpt>
  <wpt lat="39.566700" lon="2.983300"><name>Montuïri</name></wpt>
  <trk><name>03 · Pla de Mallorca: Sineu, Petra y Porreres (Fácil)</name><desc>Carreteras interiores tranquilas entre pueblos del Pla, con poco tráfico el domingo por la mañana. Dificultad: Fácil. Distancia aprox.: 122 km.</desc><type>Moto</type><trkseg>
    <trkpt lat="39.576024" lon="2.655272"/>
    <trkpt lat="39.575429" lon="2.654423"/>
    <trkpt lat="39.575697" lon="2.654084"/>
    <trkpt lat="39.575734" lon="2.654057"/>
    <trkpt lat="39.575900" lon="2.653860"/>
    <trkpt lat="39.575926" lon="2.653835"/>
    <trkpt lat="39.575951" lon="2.653820"/>
    <trkpt lat="39.575996" lon="2.653802"/>
    <trkpt lat="39.576082" lon="2.653788"/>
    <trkpt lat="39.576092" lon="2.653774"/>
    <trkpt lat="39.576237" lon="2.653617"/>
    <trkpt lat="39.576267" lon="2.653590"/>
    <trkpt lat="39.576335" lon="2.653538"/>
    <trkpt lat="39.576487" lon="2.653436"/>
    <trkpt lat="39.576799" lon="2.653225"/>
    <trkpt lat="39.577293" lon="2.652892"/>
    <trkpt lat="39.577401" lon="2.652692"/>
    <trkpt lat="39.577417" lon="2.652645"/>
    <trkpt lat="39.577513" lon="2.652359"/>
    <trkpt lat="39.577653" lon="2.652354"/>
    <trkpt lat="39.577972" lon="2.652351"/>
    <trkpt lat="39.578603" lon="2.652343"/>
    <trkpt lat="39.579282" lon="2.652340"/>
    <trkpt lat="39.579821" lon="2.652326"/>
    <trkpt lat="39.579999" lon="2.652321"/>
    <trkpt lat="39.580132" lon="2.652342"/>
    <trkpt lat="39.580604" lon="2.652420"/>
    <trkpt lat="39.581088" lon="2.652497"/>
    <trkpt lat="39.581503" lon="2.652564"/>
    <trkpt lat="39.581678" lon="2.652593"/>
    <trkpt lat="39.582084" lon="2.652682"/>
    <trkpt lat="39.582154" lon="2.652703"/>
    <trkpt lat="39.583115" lon="2.652976"/>
    <trkpt lat="39.583888" lon="2.653009"/>
    <trkpt lat="39.583947" lon="2.653011"/>
    <trkpt lat="39.584632" lon="2.653033"/>
    <trkpt lat="39.584761" lon="2.653034"/>
    <trkpt lat="39.585138" lon="2.653044"/>
    <trkpt lat="39.585717" lon="2.653050"/>
    <trkpt lat="39.585878" lon="2.653055"/>
    <trkpt lat="39.585961" lon="2.653057"/>
    <trkpt lat="39.586297" lon="2.653064"/>
    <trkpt lat="39.586357" lon="2.653066"/>
    <trkpt lat="39.586633" lon="2.653071"/>
    <trkpt lat="39.586979" lon="2.653098"/>
    <trkpt lat="39.587340" lon="2.653125"/>
    <trkpt lat="39.587618" lon="2.653134"/>
    <trkpt lat="39.587984" lon="2.653151"/>
    <trkpt lat="39.588042" lon="2.653174"/>
    <trkpt lat="39.588131" lon="2.653209"/>
    <trkpt lat="39.588195" lon="2.653300"/>
    <trkpt lat="39.588467" lon="2.653538"/>
    <trkpt lat="39.588533" lon="2.653575"/>
    <trkpt lat="39.588579" lon="2.653578"/>
    <trkpt lat="39.588620" lon="2.653560"/>
    <trkpt lat="39.588685" lon="2.653521"/>
    <trkpt lat="39.588714" lon="2.653466"/>
    <trkpt lat="39.588728" lon="2.653422"/>
    <trkpt lat="39.588826" lon="2.653325"/>
    <trkpt lat="39.588959" lon="2.653227"/>
    <trkpt lat="39.589102" lon="2.653192"/>
    <trkpt lat="39.589234" lon="2.653196"/>
    <trkpt lat="39.589591" lon="2.653208"/>
    <trkpt lat="39.589647" lon="2.653159"/>
    <trkpt lat="39.590229" lon="2.653199"/>
    <trkpt lat="39.590261" lon="2.653204"/>
    <trkpt lat="39.590753" lon="2.653284"/>
    <trkpt lat="39.591039" lon="2.653371"/>
    <trkpt lat="39.591103" lon="2.653390"/>
    <trkpt lat="39.591928" lon="2.653640"/>
    <trkpt lat="39.592540" lon="2.653825"/>
    <trkpt lat="39.593152" lon="2.654010"/>
    <trkpt lat="39.593282" lon="2.654050"/>
    <trkpt lat="39.593745" lon="2.654187"/>
    <trkpt lat="39.593840" lon="2.654215"/>
    <trkpt lat="39.594287" lon="2.654356"/>
    <trkpt lat="39.594681" lon="2.654458"/>
    <trkpt lat="39.594813" lon="2.654521"/>
    <trkpt lat="39.594901" lon="2.654551"/>
    <trkpt lat="39.594956" lon="2.654563"/>
    <trkpt lat="39.594996" lon="2.654567"/>
    <trkpt lat="39.595386" lon="2.654603"/>
    <trkpt lat="39.595663" lon="2.654628"/>
    <trkpt lat="39.595868" lon="2.654653"/>
    <trkpt lat="39.595969" lon="2.654666"/>
    <trkpt lat="39.596027" lon="2.654672"/>
    <trkpt lat="39.596112" lon="2.654680"/>
    <trkpt lat="39.596246" lon="2.654688"/>
    <trkpt lat="39.597005" lon="2.654752"/>
    <trkpt lat="39.597231" lon="2.654755"/>
    <trkpt lat="39.597361" lon="2.654766"/>
    <trkpt lat="39.597409" lon="2.654774"/>
    <trkpt lat="39.597451" lon="2.654787"/>
    <trkpt lat="39.597499" lon="2.654810"/>
    <trkpt lat="39.597542" lon="2.654835"/>
    <trkpt lat="39.597593" lon="2.654873"/>
    <trkpt lat="39.597618" lon="2.654905"/>
    <trkpt lat="39.597644" lon="2.654930"/>
    <trkpt lat="39.597673" lon="2.654950"/>
    <trkpt lat="39.597704" lon="2.654964"/>
    <trkpt lat="39.597762" lon="2.654980"/>
    <trkpt lat="39.597791" lon="2.654979"/>
    <trkpt lat="39.597820" lon="2.654974"/>
    <trkpt lat="39.597849" lon="2.654965"/>
    <trkpt lat="39.597876" lon="2.654951"/>
    <trkpt lat="39.597903" lon="2.654932"/>
    <trkpt lat="39.597925" lon="2.654911"/>
    <trkpt lat="39.598016" lon="2.654849"/>
    <trkpt lat="39.598048" lon="2.654830"/>
    <trkpt lat="39.598084" lon="2.654813"/>
    <trkpt lat="39.598123" lon="2.654802"/>
    <trkpt lat="39.598174" lon="2.654793"/>
    <trkpt lat="39.598259" lon="2.654792"/>
    <trkpt lat="39.598443" lon="2.654797"/>
    <trkpt lat="39.598599" lon="2.654827"/>
    <trkpt lat="39.599347" lon="2.654858"/>
    <trkpt lat="39.599496" lon="2.654864"/>
    <trkpt lat="39.603271" lon="2.655001"/>
    <trkpt lat="39.604192" lon="2.655034"/>
    <trkpt lat="39.604213" lon="2.655035"/>
    <trkpt lat="39.604360" lon="2.655040"/>
    <trkpt lat="39.604484" lon="2.655045"/>
    <trkpt lat="39.604627" lon="2.655050"/>
    <trkpt lat="39.604753" lon="2.655054"/>
    <trkpt lat="39.605092" lon="2.655067"/>
    <trkpt lat="39.605161" lon="2.655068"/>
    <trkpt lat="39.605361" lon="2.655077"/>
    <trkpt lat="39.606496" lon="2.655108"/>
    <trkpt lat="39.606650" lon="2.655126"/>
    <trkpt lat="39.606807" lon="2.655174"/>
    <trkpt lat="39.607018" lon="2.655288"/>
    <trkpt lat="39.607234" lon="2.655460"/>
    <trkpt lat="39.607281" lon="2.655497"/>
    <trkpt lat="39.607303" lon="2.655542"/>
    <trkpt lat="39.607332" lon="2.655582"/>
    <trkpt lat="39.607388" lon="2.655628"/>
    <trkpt lat="39.607452" lon="2.655651"/>
    <trkpt lat="39.607518" lon="2.655649"/>
    <trkpt lat="39.607581" lon="2.655623"/>
    <trkpt lat="39.607635" lon="2.655574"/>
    <trkpt lat="39.607699" lon="2.655590"/>
    <trkpt lat="39.607844" lon="2.655617"/>
    <trkpt lat="39.607934" lon="2.655642"/>
    <trkpt lat="39.608109" lon="2.655675"/>
    <trkpt lat="39.608326" lon="2.655777"/>
    <trkpt lat="39.610060" lon="2.656540"/>
    <trkpt lat="39.610219" lon="2.656607"/>
    <trkpt lat="39.610461" lon="2.656706"/>
    <trkpt lat="39.610681" lon="2.656790"/>
    <trkpt lat="39.611115" lon="2.656949"/>
    <trkpt lat="39.611221" lon="2.656989"/>
    <trkpt lat="39.612358" lon="2.657410"/>
    <trkpt lat="39.612450" lon="2.657448"/>
    <trkpt lat="39.612560" lon="2.657493"/>
    <trkpt lat="39.612726" lon="2.657566"/>
    <trkpt lat="39.612922" lon="2.657660"/>
    <trkpt lat="39.613123" lon="2.657765"/>
    <trkpt lat="39.613158" lon="2.657785"/>
    <trkpt lat="39.613274" lon="2.657849"/>
    <trkpt lat="39.613408" lon="2.657929"/>
    <trkpt lat="39.613564" lon="2.658025"/>
    <trkpt lat="39.613718" lon="2.658126"/>
    <trkpt lat="39.613913" lon="2.658263"/>
    <trkpt lat="39.614169" lon="2.658457"/>
    <trkpt lat="39.614396" lon="2.658634"/>
    <trkpt lat="39.614516" lon="2.658729"/>
    <trkpt lat="39.614618" lon="2.658809"/>
    <trkpt lat="39.615005" lon="2.659124"/>
    <trkpt lat="39.615644" lon="2.659643"/>
    <trkpt lat="39.615766" lon="2.659741"/>
    <trkpt lat="39.615888" lon="2.659825"/>
    <trkpt lat="39.615993" lon="2.659887"/>
    <trkpt lat="39.616093" lon="2.659938"/>
    <trkpt lat="39.616185" lon="2.659980"/>
    <trkpt lat="39.616279" lon="2.660016"/>
    <trkpt lat="39.616416" lon="2.660063"/>
    <trkpt lat="39.616542" lon="2.660090"/>
    <trkpt lat="39.616667" lon="2.660112"/>
    <trkpt lat="39.616790" lon="2.660131"/>
    <trkpt lat="39.617883" lon="2.660288"/>
    <trkpt lat="39.618976" lon="2.660451"/>
    <trkpt lat="39.619216" lon="2.660488"/>
    <trkpt lat="39.619506" lon="2.660565"/>
    <trkpt lat="39.620316" lon="2.660692"/>
    <trkpt lat="39.620419" lon="2.660718"/>
    <trkpt lat="39.620598" lon="2.660778"/>
    <trkpt lat="39.620630" lon="2.660788"/>
    <trkpt lat="39.620648" lon="2.660792"/>
    <trkpt lat="39.620664" lon="2.660808"/>
    <trkpt lat="39.620682" lon="2.660818"/>
    <trkpt lat="39.620702" lon="2.660822"/>
    <trkpt lat="39.620721" lon="2.660821"/>
    <trkpt lat="39.620740" lon="2.660813"/>
    <trkpt lat="39.620757" lon="2.660799"/>
    <trkpt lat="39.620859" lon="2.660794"/>
    <trkpt lat="39.621141" lon="2.660812"/>
    <trkpt lat="39.621163" lon="2.660813"/>
    <trkpt lat="39.621614" lon="2.660878"/>
    <trkpt lat="39.621759" lon="2.660858"/>
    <trkpt lat="39.622051" lon="2.660906"/>
    <trkpt lat="39.622355" lon="2.660961"/>
    <trkpt lat="39.622490" lon="2.660986"/>
    <trkpt lat="39.622965" lon="2.661075"/>
    <trkpt lat="39.623453" lon="2.661169"/>
    <trkpt lat="39.623695" lon="2.661216"/>
    <trkpt lat="39.624061" lon="2.661287"/>
    <trkpt lat="39.624479" lon="2.661371"/>
    <trkpt lat="39.624622" lon="2.661401"/>
    <trkpt lat="39.624812" lon="2.661445"/>
    <trkpt lat="39.624932" lon="2.661476"/>
    <trkpt lat="39.625082" lon="2.661513"/>
    <trkpt lat="39.625192" lon="2.661548"/>
    <trkpt lat="39.625304" lon="2.661590"/>
    <trkpt lat="39.625524" lon="2.661685"/>
    <trkpt lat="39.625744" lon="2.661785"/>
    <trkpt lat="39.625991" lon="2.661903"/>
    <trkpt lat="39.627041" lon="2.662407"/>
    <trkpt lat="39.627299" lon="2.662531"/>
    <trkpt lat="39.627836" lon="2.662786"/>
    <trkpt lat="39.628200" lon="2.662959"/>
    <trkpt lat="39.628807" lon="2.663246"/>
    <trkpt lat="39.628999" lon="2.663335"/>
    <trkpt lat="39.629203" lon="2.663422"/>
    <trkpt lat="39.629355" lon="2.663479"/>
    <trkpt lat="39.629521" lon="2.663535"/>
    <trkpt lat="39.629563" lon="2.663548"/>
    <trkpt lat="39.629656" lon="2.663577"/>
    <trkpt lat="39.629842" lon="2.663624"/>
    <trkpt lat="39.630161" lon="2.663697"/>
    <trkpt lat="39.630479" lon="2.663768"/>
    <trkpt lat="39.630803" lon="2.663846"/>
    <trkpt lat="39.630973" lon="2.663889"/>
    <trkpt lat="39.633608" lon="2.664611"/>
    <trkpt lat="39.633901" lon="2.664691"/>
    <trkpt lat="39.634641" lon="2.664891"/>
    <trkpt lat="39.635059" lon="2.665004"/>
    <trkpt lat="39.635177" lon="2.665035"/>
    <trkpt lat="39.635737" lon="2.665187"/>
    <trkpt lat="39.636150" lon="2.665300"/>
    <trkpt lat="39.636856" lon="2.665494"/>
    <trkpt lat="39.637071" lon="2.665552"/>
    <trkpt lat="39.637232" lon="2.665592"/>
    <trkpt lat="39.637403" lon="2.665621"/>
    <trkpt lat="39.637564" lon="2.665643"/>
    <trkpt lat="39.637783" lon="2.665657"/>
    <trkpt lat="39.638137" lon="2.665669"/>
    <trkpt lat="39.638245" lon="2.665670"/>
    <trkpt lat="39.638411" lon="2.665673"/>
    <trkpt lat="39.638559" lon="2.665673"/>
    <trkpt lat="39.638781" lon="2.665692"/>
    <trkpt lat="39.638930" lon="2.665710"/>
    <trkpt lat="39.639007" lon="2.665732"/>
    <trkpt lat="39.639086" lon="2.665763"/>
    <trkpt lat="39.639172" lon="2.665819"/>
    <trkpt lat="39.639237" lon="2.665871"/>
    <trkpt lat="39.639266" lon="2.665895"/>
    <trkpt lat="39.639272" lon="2.665968"/>
    <trkpt lat="39.639303" lon="2.666047"/>
    <trkpt lat="39.639354" lon="2.666106"/>
    <trkpt lat="39.639419" lon="2.666136"/>
    <trkpt lat="39.639474" lon="2.666137"/>
    <trkpt lat="39.639525" lon="2.666116"/>
    <trkpt lat="39.639578" lon="2.666065"/>
    <trkpt lat="39.639827" lon="2.665997"/>
    <trkpt lat="39.640022" lon="2.666068"/>
    <trkpt lat="39.640403" lon="2.666220"/>
    <trkpt lat="39.640892" lon="2.666428"/>
    <trkpt lat="39.641409" lon="2.666628"/>
    <trkpt lat="39.641844" lon="2.666790"/>
    <trkpt lat="39.642712" lon="2.667113"/>
    <trkpt lat="39.643373" lon="2.667350"/>
    <trkpt lat="39.643804" lon="2.667505"/>
    <trkpt lat="39.644360" lon="2.667704"/>
    <trkpt lat="39.644595" lon="2.667794"/>
    <trkpt lat="39.644796" lon="2.667870"/>
    <trkpt lat="39.645164" lon="2.668010"/>
    <trkpt lat="39.645354" lon="2.668085"/>
    <trkpt lat="39.646170" lon="2.668407"/>
    <trkpt lat="39.647127" lon="2.668766"/>
    <trkpt lat="39.650308" lon="2.669957"/>
    <trkpt lat="39.650733" lon="2.670117"/>
    <trkpt lat="39.653608" lon="2.671194"/>
    <trkpt lat="39.655717" lon="2.671992"/>
    <trkpt lat="39.657038" lon="2.672491"/>
    <trkpt lat="39.657275" lon="2.672596"/>
    <trkpt lat="39.657589" lon="2.672711"/>
    <trkpt lat="39.657641" lon="2.672730"/>
    <trkpt lat="39.657649" lon="2.672746"/>
    <trkpt lat="39.657669" lon="2.672771"/>
    <trkpt lat="39.657693" lon="2.672788"/>
    <trkpt lat="39.657721" lon="2.672794"/>
    <trkpt lat="39.657748" lon="2.672790"/>
    <trkpt lat="39.657763" lon="2.672783"/>
    <trkpt lat="39.657911" lon="2.672838"/>
    <trkpt lat="39.658273" lon="2.672975"/>
    <trkpt lat="39.658441" lon="2.673005"/>
    <trkpt lat="39.658938" lon="2.673203"/>
    <trkpt lat="39.660728" lon="2.673862"/>
    <trkpt lat="39.661131" lon="2.674020"/>
    <trkpt lat="39.661839" lon="2.674298"/>
    <trkpt lat="39.662131" lon="2.674408"/>
    <trkpt lat="39.662441" lon="2.674525"/>
    <trkpt lat="39.662554" lon="2.674567"/>
    <trkpt lat="39.662846" lon="2.674670"/>
    <trkpt lat="39.663007" lon="2.674726"/>
    <trkpt lat="39.663141" lon="2.674773"/>
    <trkpt lat="39.663226" lon="2.674802"/>
    <trkpt lat="39.663365" lon="2.674849"/>
    <trkpt lat="39.664534" lon="2.675288"/>
    <trkpt lat="39.666612" lon="2.676064"/>
    <trkpt lat="39.667352" lon="2.676334"/>
    <trkpt lat="39.667526" lon="2.676443"/>
    <trkpt lat="39.667616" lon="2.676514"/>
    <trkpt lat="39.667729" lon="2.676620"/>
    <trkpt lat="39.667772" lon="2.676664"/>
    <trkpt lat="39.667810" lon="2.676738"/>
    <trkpt lat="39.667845" lon="2.676780"/>
    <trkpt lat="39.667878" lon="2.676814"/>
    <trkpt lat="39.667930" lon="2.676965"/>
    <trkpt lat="39.667944" lon="2.677037"/>
    <trkpt lat="39.667955" lon="2.677229"/>
    <trkpt lat="39.667892" lon="2.677618"/>
    <trkpt lat="39.667844" lon="2.677948"/>
    <trkpt lat="39.667805" lon="2.678344"/>
    <trkpt lat="39.667786" lon="2.678625"/>
    <trkpt lat="39.667772" lon="2.678922"/>
    <trkpt lat="39.667769" lon="2.679404"/>
    <trkpt lat="39.667783" lon="2.679812"/>
    <trkpt lat="39.667805" lon="2.680183"/>
    <trkpt lat="39.667857" lon="2.680779"/>
    <trkpt lat="39.667880" lon="2.681116"/>
    <trkpt lat="39.667890" lon="2.681378"/>
    <trkpt lat="39.667895" lon="2.681649"/>
    <trkpt lat="39.667891" lon="2.682023"/>
    <trkpt lat="39.667879" lon="2.682374"/>
    <trkpt lat="39.667870" lon="2.682559"/>
    <trkpt lat="39.667847" lon="2.682834"/>
    <trkpt lat="39.667819" lon="2.683103"/>
    <trkpt lat="39.667815" lon="2.683135"/>
    <trkpt lat="39.667748" lon="2.683642"/>
    <trkpt lat="39.667734" lon="2.683730"/>
    <trkpt lat="39.667650" lon="2.684248"/>
    <trkpt lat="39.667619" lon="2.684427"/>
    <trkpt lat="39.667565" lon="2.684667"/>
    <trkpt lat="39.667464" lon="2.685005"/>
    <trkpt lat="39.667413" lon="2.685201"/>
    <trkpt lat="39.667380" lon="2.685406"/>
    <trkpt lat="39.667331" lon="2.685808"/>
    <trkpt lat="39.667274" lon="2.686218"/>
    <trkpt lat="39.667126" lon="2.687029"/>
    <trkpt lat="39.667084" lon="2.687194"/>
    <trkpt lat="39.667043" lon="2.687328"/>
    <trkpt lat="39.666957" lon="2.687522"/>
    <trkpt lat="39.666881" lon="2.687660"/>
    <trkpt lat="39.666768" lon="2.687833"/>
    <trkpt lat="39.666564" lon="2.688100"/>
    <trkpt lat="39.666480" lon="2.688225"/>
    <trkpt lat="39.666424" lon="2.688342"/>
    <trkpt lat="39.666348" lon="2.688542"/>
    <trkpt lat="39.666158" lon="2.689099"/>
    <trkpt lat="39.665978" lon="2.689661"/>
    <trkpt lat="39.665904" lon="2.689910"/>
    <trkpt lat="39.665828" lon="2.690206"/>
    <trkpt lat="39.665761" lon="2.690566"/>
    <trkpt lat="39.665730" lon="2.690766"/>
    <trkpt lat="39.665712" lon="2.690991"/>
    <trkpt lat="39.665685" lon="2.691497"/>
    <trkpt lat="39.665664" lon="2.691951"/>
    <trkpt lat="39.665664" lon="2.692128"/>
    <trkpt lat="39.665675" lon="2.692321"/>
    <trkpt lat="39.665692" lon="2.692487"/>
    <trkpt lat="39.665723" lon="2.692660"/>
    <trkpt lat="39.665763" lon="2.692812"/>
    <trkpt lat="39.666106" lon="2.693982"/>
    <trkpt lat="39.666166" lon="2.694214"/>
    <trkpt lat="39.666206" lon="2.694436"/>
    <trkpt lat="39.666280" lon="2.694993"/>
    <trkpt lat="39.666288" lon="2.695054"/>
    <trkpt lat="39.666411" lon="2.695999"/>
    <trkpt lat="39.666450" lon="2.696305"/>
    <trkpt lat="39.666471" lon="2.696550"/>
    <trkpt lat="39.666481" lon="2.696824"/>
    <trkpt lat="39.666476" lon="2.697758"/>
    <trkpt lat="39.666474" lon="2.698015"/>
    <trkpt lat="39.666464" lon="2.699828"/>
    <trkpt lat="39.666468" lon="2.699895"/>
    <trkpt lat="39.666488" lon="2.700048"/>
    <trkpt lat="39.666609" lon="2.700931"/>
    <trkpt lat="39.666643" lon="2.701111"/>
    <trkpt lat="39.666680" lon="2.701284"/>
    <trkpt lat="39.666724" lon="2.701443"/>
    <trkpt lat="39.666769" lon="2.701588"/>
    <trkpt lat="39.666823" lon="2.701726"/>
    <trkpt lat="39.666908" lon="2.701898"/>
    <trkpt lat="39.667165" lon="2.702356"/>
    <trkpt lat="39.667222" lon="2.702479"/>
    <trkpt lat="39.667258" lon="2.702576"/>
    <trkpt lat="39.667311" lon="2.702744"/>
    <trkpt lat="39.667405" lon="2.703090"/>
    <trkpt lat="39.667482" lon="2.703437"/>
    <trkpt lat="39.667526" lon="2.703739"/>
    <trkpt lat="39.667547" lon="2.704008"/>
    <trkpt lat="39.667554" lon="2.704232"/>
    <trkpt lat="39.667550" lon="2.704344"/>
    <trkpt lat="39.667541" lon="2.704519"/>
    <trkpt lat="39.667525" lon="2.704688"/>
    <trkpt lat="39.667414" lon="2.704988"/>
    <trkpt lat="39.667379" lon="2.705072"/>
    <trkpt lat="39.667349" lon="2.705102"/>
    <trkpt lat="39.667325" lon="2.705140"/>
    <trkpt lat="39.667309" lon="2.705185"/>
    <trkpt lat="39.667306" lon="2.705202"/>
    <trkpt lat="39.667302" lon="2.705241"/>
    <trkpt lat="39.667304" lon="2.705280"/>
    <trkpt lat="39.667313" lon="2.705317"/>
    <trkpt lat="39.667326" lon="2.705352"/>
    <trkpt lat="39.667352" lon="2.705392"/>
    <trkpt lat="39.667392" lon="2.705581"/>
    <trkpt lat="39.667406" lon="2.705854"/>
    <trkpt lat="39.667381" lon="2.706086"/>
    <trkpt lat="39.667143" lon="2.708376"/>
    <trkpt lat="39.667109" lon="2.708696"/>
    <trkpt lat="39.667076" lon="2.709014"/>
    <trkpt lat="39.667032" lon="2.709442"/>
    <trkpt lat="39.666960" lon="2.710132"/>
    <trkpt lat="39.666778" lon="2.711891"/>
    <trkpt lat="39.666719" lon="2.712265"/>
    <trkpt lat="39.666663" lon="2.712510"/>
    <trkpt lat="39.666584" lon="2.712747"/>
    <trkpt lat="39.666467" lon="2.713001"/>
    <trkpt lat="39.666309" lon="2.713179"/>
    <trkpt lat="39.666297" lon="2.713193"/>
    <trkpt lat="39.666234" lon="2.713283"/>
    <trkpt lat="39.666172" lon="2.713323"/>
    <trkpt lat="39.666123" lon="2.713387"/>
    <trkpt lat="39.666093" lon="2.713468"/>
    <trkpt lat="39.666083" lon="2.713557"/>
    <trkpt lat="39.665816" lon="2.713773"/>
    <trkpt lat="39.665593" lon="2.713892"/>
    <trkpt lat="39.665271" lon="2.714053"/>
    <trkpt lat="39.664864" lon="2.714244"/>
    <trkpt lat="39.664384" lon="2.714452"/>
    <trkpt lat="39.663892" lon="2.714654"/>
    <trkpt lat="39.661864" lon="2.715421"/>
    <trkpt lat="39.661105" lon="2.715727"/>
    <trkpt lat="39.661031" lon="2.715756"/>
    <trkpt lat="39.659762" lon="2.716286"/>
    <trkpt lat="39.658439" lon="2.716860"/>
    <trkpt lat="39.656412" lon="2.717789"/>
    <trkpt lat="39.655725" lon="2.718119"/>
    <trkpt lat="39.653397" lon="2.719189"/>
    <trkpt lat="39.653335" lon="2.719216"/>
    <trkpt lat="39.651673" lon="2.719943"/>
    <trkpt lat="39.649943" lon="2.720704"/>
    <trkpt lat="39.647746" lon="2.721659"/>
    <trkpt lat="39.647267" lon="2.721883"/>
    <trkpt lat="39.646885" lon="2.722067"/>
    <trkpt lat="39.646544" lon="2.722271"/>
    <trkpt lat="39.646156" lon="2.722542"/>
    <trkpt lat="39.645720" lon="2.722894"/>
    <trkpt lat="39.645332" lon="2.723227"/>
    <trkpt lat="39.645169" lon="2.723377"/>
    <trkpt lat="39.644725" lon="2.723784"/>
    <trkpt lat="39.643363" lon="2.725032"/>
    <trkpt lat="39.642039" lon="2.726219"/>
    <trkpt lat="39.640666" lon="2.727458"/>
    <trkpt lat="39.638052" lon="2.729808"/>
    <trkpt lat="39.637317" lon="2.730469"/>
    <trkpt lat="39.636773" lon="2.730961"/>
    <trkpt lat="39.635439" lon="2.732160"/>
    <trkpt lat="39.634982" lon="2.732574"/>
    <trkpt lat="39.634840" lon="2.732702"/>
    <trkpt lat="39.634487" lon="2.733027"/>
    <trkpt lat="39.634024" lon="2.733442"/>
    <trkpt lat="39.633472" lon="2.733928"/>
    <trkpt lat="39.632927" lon="2.734397"/>
    <trkpt lat="39.632432" lon="2.734807"/>
    <trkpt lat="39.632137" lon="2.735061"/>
    <trkpt lat="39.632063" lon="2.735093"/>
    <trkpt lat="39.632031" lon="2.735119"/>
    <trkpt lat="39.632009" lon="2.735137"/>
    <trkpt lat="39.631984" lon="2.735156"/>
    <trkpt lat="39.631957" lon="2.735164"/>
    <trkpt lat="39.631931" lon="2.735167"/>
    <trkpt lat="39.631891" lon="2.735168"/>
    <trkpt lat="39.631871" lon="2.735166"/>
    <trkpt lat="39.631840" lon="2.735160"/>
    <trkpt lat="39.631808" lon="2.735121"/>
    <trkpt lat="39.631776" lon="2.735095"/>
    <trkpt lat="39.631740" lon="2.735076"/>
    <trkpt lat="39.631703" lon="2.735064"/>
    <trkpt lat="39.631665" lon="2.735061"/>
    <trkpt lat="39.631627" lon="2.735067"/>
    <trkpt lat="39.631590" lon="2.735080"/>
    <trkpt lat="39.631556" lon="2.735101"/>
    <trkpt lat="39.631525" lon="2.735130"/>
    <trkpt lat="39.631498" lon="2.735164"/>
    <trkpt lat="39.631475" lon="2.735204"/>
    <trkpt lat="39.631458" lon="2.735249"/>
    <trkpt lat="39.631447" lon="2.735296"/>
    <trkpt lat="39.631443" lon="2.735345"/>
    <trkpt lat="39.631444" lon="2.735395"/>
    <trkpt lat="39.631455" lon="2.735455"/>
    <trkpt lat="39.631475" lon="2.735511"/>
    <trkpt lat="39.631504" lon="2.735560"/>
    <trkpt lat="39.631540" lon="2.735600"/>
    <trkpt lat="39.631567" lon="2.735705"/>
    <trkpt lat="39.631586" lon="2.735772"/>
    <trkpt lat="39.631595" lon="2.735815"/>
    <trkpt lat="39.631597" lon="2.735857"/>
    <trkpt lat="39.631598" lon="2.735904"/>
    <trkpt lat="39.631587" lon="2.735972"/>
    <trkpt lat="39.631576" lon="2.735999"/>
    <trkpt lat="39.631492" lon="2.736147"/>
    <trkpt lat="39.631480" lon="2.736170"/>
    <trkpt lat="39.631467" lon="2.736205"/>
    <trkpt lat="39.631457" lon="2.736237"/>
    <trkpt lat="39.631448" lon="2.736269"/>
    <trkpt lat="39.631443" lon="2.736300"/>
    <trkpt lat="39.631438" lon="2.736336"/>
    <trkpt lat="39.631435" lon="2.736372"/>
    <trkpt lat="39.631435" lon="2.736408"/>
    <trkpt lat="39.631437" lon="2.736447"/>
    <trkpt lat="39.631442" lon="2.736490"/>
    <trkpt lat="39.631450" lon="2.736534"/>
    <trkpt lat="39.631461" lon="2.736580"/>
    <trkpt lat="39.631478" lon="2.736647"/>
    <trkpt lat="39.631493" lon="2.736695"/>
    <trkpt lat="39.631507" lon="2.736743"/>
    <trkpt lat="39.631517" lon="2.736786"/>
    <trkpt lat="39.631521" lon="2.736818"/>
    <trkpt lat="39.631523" lon="2.736858"/>
    <trkpt lat="39.631519" lon="2.736906"/>
    <trkpt lat="39.631502" lon="2.736944"/>
    <trkpt lat="39.631488" lon="2.736976"/>
    <trkpt lat="39.631457" lon="2.737065"/>
    <trkpt lat="39.631433" lon="2.737108"/>
    <trkpt lat="39.631413" lon="2.737130"/>
    <trkpt lat="39.631385" lon="2.737150"/>
    <trkpt lat="39.631338" lon="2.737176"/>
    <trkpt lat="39.631291" lon="2.737202"/>
    <trkpt lat="39.631262" lon="2.737206"/>
    <trkpt lat="39.631227" lon="2.737214"/>
    <trkpt lat="39.631196" lon="2.737231"/>
    <trkpt lat="39.631167" lon="2.737251"/>
    <trkpt lat="39.631127" lon="2.737293"/>
    <trkpt lat="39.631099" lon="2.737338"/>
    <trkpt lat="39.631018" lon="2.737504"/>
    <trkpt lat="39.630997" lon="2.737555"/>
    <trkpt lat="39.630983" lon="2.737611"/>
    <trkpt lat="39.630976" lon="2.737672"/>
    <trkpt lat="39.630978" lon="2.737729"/>
    <trkpt lat="39.630985" lon="2.737781"/>
    <trkpt lat="39.630999" lon="2.737830"/>
    <trkpt lat="39.631021" lon="2.737874"/>
    <trkpt lat="39.631043" lon="2.737908"/>
    <trkpt lat="39.631075" lon="2.737938"/>
    <trkpt lat="39.631105" lon="2.737961"/>
    <trkpt lat="39.631146" lon="2.737982"/>
    <trkpt lat="39.631185" lon="2.737989"/>
    <trkpt lat="39.631229" lon="2.737987"/>
    <trkpt lat="39.631270" lon="2.737976"/>
    <trkpt lat="39.631304" lon="2.737959"/>
    <trkpt lat="39.631341" lon="2.737932"/>
    <trkpt lat="39.631431" lon="2.737899"/>
    <trkpt lat="39.631559" lon="2.737865"/>
    <trkpt lat="39.631676" lon="2.737843"/>
    <trkpt lat="39.631769" lon="2.737845"/>
    <trkpt lat="39.631853" lon="2.737856"/>
    <trkpt lat="39.632001" lon="2.737887"/>
    <trkpt lat="39.632217" lon="2.737951"/>
    <trkpt lat="39.632557" lon="2.738143"/>
    <trkpt lat="39.633132" lon="2.738491"/>
    <trkpt lat="39.633608" lon="2.738780"/>
    <trkpt lat="39.633886" lon="2.738957"/>
    <trkpt lat="39.634092" lon="2.739084"/>
    <trkpt lat="39.634139" lon="2.739109"/>
    <trkpt lat="39.634441" lon="2.739289"/>
    <trkpt lat="39.635095" lon="2.739695"/>
    <trkpt lat="39.635623" lon="2.740031"/>
    <trkpt lat="39.636559" lon="2.740557"/>
    <trkpt lat="39.636734" lon="2.740648"/>
    <trkpt lat="39.637787" lon="2.741232"/>
    <trkpt lat="39.640828" lon="2.742850"/>
    <trkpt lat="39.642081" lon="2.743522"/>
    <trkpt lat="39.642438" lon="2.743716"/>
    <trkpt lat="39.642794" lon="2.743929"/>
    <trkpt lat="39.643118" lon="2.744165"/>
    <trkpt lat="39.643730" lon="2.744644"/>
    <trkpt lat="39.644177" lon="2.744999"/>
    <trkpt lat="39.644399" lon="2.745175"/>
    <trkpt lat="39.644609" lon="2.745374"/>
    <trkpt lat="39.644780" lon="2.745579"/>
    <trkpt lat="39.644928" lon="2.745798"/>
    <trkpt lat="39.645075" lon="2.746075"/>
    <trkpt lat="39.645277" lon="2.746558"/>
    <trkpt lat="39.645607" lon="2.747365"/>
    <trkpt lat="39.646087" lon="2.748513"/>
    <trkpt lat="39.646896" lon="2.750499"/>
    <trkpt lat="39.647991" lon="2.753186"/>
    <trkpt lat="39.648085" lon="2.753532"/>
    <trkpt lat="39.648127" lon="2.753704"/>
    <trkpt lat="39.648153" lon="2.753877"/>
    <trkpt lat="39.648178" lon="2.754055"/>
    <trkpt lat="39.648187" lon="2.754375"/>
    <trkpt lat="39.648146" lon="2.755774"/>
    <trkpt lat="39.648143" lon="2.755965"/>
    <trkpt lat="39.648143" lon="2.756296"/>
    <trkpt lat="39.648130" lon="2.757189"/>
    <trkpt lat="39.648129" lon="2.757214"/>
    <trkpt lat="39.648124" lon="2.757415"/>
    <trkpt lat="39.648089" lon="2.758860"/>
    <trkpt lat="39.648067" lon="2.759624"/>
    <trkpt lat="39.648066" lon="2.759711"/>
    <trkpt lat="39.648045" lon="2.760875"/>
    <trkpt lat="39.648030" lon="2.761332"/>
    <trkpt lat="39.648016" lon="2.761512"/>
    <trkpt lat="39.647994" lon="2.761680"/>
    <trkpt lat="39.647972" lon="2.761867"/>
    <trkpt lat="39.647690" lon="2.763418"/>
    <trkpt lat="39.647661" lon="2.763596"/>
    <trkpt lat="39.647640" lon="2.763784"/>
    <trkpt lat="39.647607" lon="2.764111"/>
    <trkpt lat="39.647590" lon="2.764345"/>
    <trkpt lat="39.647582" lon="2.764444"/>
    <trkpt lat="39.647551" lon="2.764984"/>
    <trkpt lat="39.647548" lon="2.765085"/>
    <trkpt lat="39.647535" lon="2.765518"/>
    <trkpt lat="39.647544" lon="2.765699"/>
    <trkpt lat="39.647553" lon="2.765793"/>
    <trkpt lat="39.647561" lon="2.765869"/>
    <trkpt lat="39.647634" lon="2.766270"/>
    <trkpt lat="39.647717" lon="2.766638"/>
    <trkpt lat="39.647782" lon="2.766821"/>
    <trkpt lat="39.647850" lon="2.767008"/>
    <trkpt lat="39.647981" lon="2.767282"/>
    <trkpt lat="39.648198" lon="2.767697"/>
    <trkpt lat="39.648223" lon="2.767746"/>
    <trkpt lat="39.648250" lon="2.767797"/>
    <trkpt lat="39.648311" lon="2.767910"/>
    <trkpt lat="39.648368" lon="2.768019"/>
    <trkpt lat="39.648416" lon="2.768100"/>
    <trkpt lat="39.648750" lon="2.768687"/>
    <trkpt lat="39.648861" lon="2.768884"/>
    <trkpt lat="39.649075" lon="2.769265"/>
    <trkpt lat="39.649362" lon="2.769777"/>
    <trkpt lat="39.649573" lon="2.770148"/>
    <trkpt lat="39.649852" lon="2.770725"/>
    <trkpt lat="39.650079" lon="2.771196"/>
    <trkpt lat="39.650102" lon="2.771243"/>
    <trkpt lat="39.650306" lon="2.771677"/>
    <trkpt lat="39.650322" lon="2.771712"/>
    <trkpt lat="39.650355" lon="2.771781"/>
    <trkpt lat="39.650414" lon="2.771899"/>
    <trkpt lat="39.650605" lon="2.772281"/>
    <trkpt lat="39.650653" lon="2.772372"/>
    <trkpt lat="39.650724" lon="2.772508"/>
    <trkpt lat="39.650818" lon="2.772709"/>
    <trkpt lat="39.650884" lon="2.772828"/>
    <trkpt lat="39.651016" lon="2.772995"/>
    <trkpt lat="39.651031" lon="2.773040"/>
    <trkpt lat="39.651126" lon="2.773149"/>
    <trkpt lat="39.651075" lon="2.773226"/>
    <trkpt lat="39.650842" lon="2.773617"/>
    <trkpt lat="39.650343" lon="2.774398"/>
    <trkpt lat="39.650319" lon="2.774354"/>
    <trkpt lat="39.650091" lon="2.773946"/>
    <trkpt lat="39.650057" lon="2.773887"/>
    <trkpt lat="39.650032" lon="2.773842"/>
    <trkpt lat="39.649990" lon="2.773763"/>
    <trkpt lat="39.650027" lon="2.773729"/>
    <trkpt lat="39.650200" lon="2.773563"/>
    <trkpt lat="39.650231" lon="2.773518"/>
    <trkpt lat="39.650257" lon="2.773482"/>
    <trkpt lat="39.650495" lon="2.773099"/>
    <trkpt lat="39.650531" lon="2.773082"/>
    <trkpt lat="39.650816" lon="2.772866"/>
    <trkpt lat="39.650835" lon="2.772852"/>
    <trkpt lat="39.650884" lon="2.772828"/>
    <trkpt lat="39.651016" lon="2.772995"/>
    <trkpt lat="39.651031" lon="2.773040"/>
    <trkpt lat="39.651126" lon="2.773149"/>
    <trkpt lat="39.651075" lon="2.773226"/>
    <trkpt lat="39.650842" lon="2.773617"/>
    <trkpt lat="39.650343" lon="2.774398"/>
    <trkpt lat="39.650330" lon="2.774419"/>
    <trkpt lat="39.649828" lon="2.775190"/>
    <trkpt lat="39.649748" lon="2.775315"/>
    <trkpt lat="39.649464" lon="2.775761"/>
    <trkpt lat="39.649236" lon="2.776118"/>
    <trkpt lat="39.649145" lon="2.776208"/>
    <trkpt lat="39.648958" lon="2.775709"/>
    <trkpt lat="39.648709" lon="2.775030"/>
    <trkpt lat="39.648685" lon="2.774964"/>
    <trkpt lat="39.648651" lon="2.774871"/>
    <trkpt lat="39.648595" lon="2.774908"/>
    <trkpt lat="39.648557" lon="2.774933"/>
    <trkpt lat="39.647915" lon="2.775357"/>
    <trkpt lat="39.647333" lon="2.775742"/>
    <trkpt lat="39.647263" lon="2.775801"/>
    <trkpt lat="39.647126" lon="2.775919"/>
    <trkpt lat="39.647044" lon="2.775993"/>
    <trkpt lat="39.646810" lon="2.776202"/>
    <trkpt lat="39.646437" lon="2.776515"/>
    <trkpt lat="39.646286" lon="2.776656"/>
    <trkpt lat="39.646256" lon="2.776684"/>
    <trkpt lat="39.646224" lon="2.776711"/>
    <trkpt lat="39.646210" lon="2.776723"/>
    <trkpt lat="39.645945" lon="2.776949"/>
    <trkpt lat="39.645937" lon="2.776955"/>
    <trkpt lat="39.645845" lon="2.777035"/>
    <trkpt lat="39.645445" lon="2.777374"/>
    <trkpt lat="39.645345" lon="2.777457"/>
    <trkpt lat="39.645227" lon="2.777562"/>
    <trkpt lat="39.644269" lon="2.778375"/>
    <trkpt lat="39.644151" lon="2.778455"/>
    <trkpt lat="39.644061" lon="2.778515"/>
    <trkpt lat="39.644048" lon="2.778524"/>
    <trkpt lat="39.643945" lon="2.778598"/>
    <trkpt lat="39.643542" lon="2.778791"/>
    <trkpt lat="39.643383" lon="2.778825"/>
    <trkpt lat="39.643326" lon="2.778838"/>
    <trkpt lat="39.642940" lon="2.778898"/>
    <trkpt lat="39.642846" lon="2.778874"/>
    <trkpt lat="39.642799" lon="2.778844"/>
    <trkpt lat="39.642772" lon="2.778822"/>
    <trkpt lat="39.642741" lon="2.778813"/>
    <trkpt lat="39.642709" lon="2.778818"/>
    <trkpt lat="39.642680" lon="2.778836"/>
    <trkpt lat="39.642658" lon="2.778866"/>
    <trkpt lat="39.642647" lon="2.778893"/>
    <trkpt lat="39.642573" lon="2.778924"/>
    <trkpt lat="39.642476" lon="2.778967"/>
    <trkpt lat="39.642418" lon="2.778983"/>
    <trkpt lat="39.642361" lon="2.778998"/>
    <trkpt lat="39.642194" lon="2.779053"/>
    <trkpt lat="39.642080" lon="2.779095"/>
    <trkpt lat="39.642062" lon="2.779103"/>
    <trkpt lat="39.641901" lon="2.779175"/>
    <trkpt lat="39.641576" lon="2.779322"/>
    <trkpt lat="39.641167" lon="2.779510"/>
    <trkpt lat="39.641066" lon="2.779553"/>
    <trkpt lat="39.640826" lon="2.779662"/>
    <trkpt lat="39.640765" lon="2.779690"/>
    <trkpt lat="39.640640" lon="2.779746"/>
    <trkpt lat="39.640073" lon="2.779996"/>
    <trkpt lat="39.639919" lon="2.780062"/>
    <trkpt lat="39.639806" lon="2.780099"/>
    <trkpt lat="39.639734" lon="2.780122"/>
    <trkpt lat="39.639672" lon="2.780140"/>
    <trkpt lat="39.639595" lon="2.780160"/>
    <trkpt lat="39.639545" lon="2.780172"/>
    <trkpt lat="39.639497" lon="2.780182"/>
    <trkpt lat="39.639448" lon="2.780191"/>
    <trkpt lat="39.639401" lon="2.780198"/>
    <trkpt lat="39.639350" lon="2.780205"/>
    <trkpt lat="39.639307" lon="2.780208"/>
    <trkpt lat="39.639230" lon="2.780213"/>
    <trkpt lat="39.639175" lon="2.780193"/>
    <trkpt lat="39.639105" lon="2.780192"/>
    <trkpt lat="39.639077" lon="2.780188"/>
    <trkpt lat="39.639053" lon="2.780183"/>
    <trkpt lat="39.639032" lon="2.780177"/>
    <trkpt lat="39.639008" lon="2.780167"/>
    <trkpt lat="39.638980" lon="2.780152"/>
    <trkpt lat="39.638948" lon="2.780127"/>
    <trkpt lat="39.638930" lon="2.780104"/>
    <trkpt lat="39.638903" lon="2.780058"/>
    <trkpt lat="39.638855" lon="2.779966"/>
    <trkpt lat="39.638834" lon="2.779921"/>
    <trkpt lat="39.638814" lon="2.779869"/>
    <trkpt lat="39.638803" lon="2.779828"/>
    <trkpt lat="39.638785" lon="2.779787"/>
    <trkpt lat="39.638766" lon="2.779754"/>
    <trkpt lat="39.638750" lon="2.779733"/>
    <trkpt lat="39.638735" lon="2.779716"/>
    <trkpt lat="39.638717" lon="2.779700"/>
    <trkpt lat="39.638698" lon="2.779686"/>
    <trkpt lat="39.638678" lon="2.779675"/>
    <trkpt lat="39.638658" lon="2.779666"/>
    <trkpt lat="39.638637" lon="2.779659"/>
    <trkpt lat="39.638616" lon="2.779656"/>
    <trkpt lat="39.638573" lon="2.779656"/>
    <trkpt lat="39.638547" lon="2.779659"/>
    <trkpt lat="39.638526" lon="2.779668"/>
    <trkpt lat="39.638504" lon="2.779678"/>
    <trkpt lat="39.638483" lon="2.779693"/>
    <trkpt lat="39.638454" lon="2.779719"/>
    <trkpt lat="39.638428" lon="2.779748"/>
    <trkpt lat="39.638406" lon="2.779786"/>
    <trkpt lat="39.638389" lon="2.779823"/>
    <trkpt lat="39.638377" lon="2.779865"/>
    <trkpt lat="39.638369" lon="2.779909"/>
    <trkpt lat="39.638366" lon="2.779955"/>
    <trkpt lat="39.638370" lon="2.780000"/>
    <trkpt lat="39.638382" lon="2.780058"/>
    <trkpt lat="39.638391" lon="2.780085"/>
    <trkpt lat="39.638405" lon="2.780161"/>
    <trkpt lat="39.638413" lon="2.780224"/>
    <trkpt lat="39.638418" lon="2.780289"/>
    <trkpt lat="39.638418" lon="2.780352"/>
    <trkpt lat="39.638415" lon="2.780416"/>
    <trkpt lat="39.638360" lon="2.781009"/>
    <trkpt lat="39.638342" lon="2.781240"/>
    <trkpt lat="39.638302" lon="2.781603"/>
    <trkpt lat="39.638211" lon="2.782439"/>
    <trkpt lat="39.638179" lon="2.782732"/>
    <trkpt lat="39.638128" lon="2.783210"/>
    <trkpt lat="39.638084" lon="2.783718"/>
    <trkpt lat="39.638068" lon="2.783998"/>
    <trkpt lat="39.638051" lon="2.784367"/>
    <trkpt lat="39.638045" lon="2.784581"/>
    <trkpt lat="39.638043" lon="2.785074"/>
    <trkpt lat="39.638056" lon="2.785738"/>
    <trkpt lat="39.638064" lon="2.786248"/>
    <trkpt lat="39.638068" lon="2.786587"/>
    <trkpt lat="39.638071" lon="2.786789"/>
    <trkpt lat="39.638075" lon="2.786978"/>
    <trkpt lat="39.638116" lon="2.788849"/>
    <trkpt lat="39.638145" lon="2.789642"/>
    <trkpt lat="39.638176" lon="2.790329"/>
    <trkpt lat="39.638202" lon="2.790891"/>
    <trkpt lat="39.638224" lon="2.791318"/>
    <trkpt lat="39.638263" lon="2.791880"/>
    <trkpt lat="39.638272" lon="2.792021"/>
    <trkpt lat="39.638344" lon="2.792903"/>
    <trkpt lat="39.638424" lon="2.793902"/>
    <trkpt lat="39.638450" lon="2.794298"/>
    <trkpt lat="39.638470" lon="2.794703"/>
    <trkpt lat="39.638478" lon="2.795068"/>
    <trkpt lat="39.638482" lon="2.795336"/>
    <trkpt lat="39.638466" lon="2.796379"/>
    <trkpt lat="39.638462" lon="2.796494"/>
    <trkpt lat="39.638434" lon="2.797299"/>
    <trkpt lat="39.638399" lon="2.798169"/>
    <trkpt lat="39.638316" lon="2.800406"/>
    <trkpt lat="39.638281" lon="2.801588"/>
    <trkpt lat="39.638267" lon="2.802440"/>
    <trkpt lat="39.638266" lon="2.802700"/>
    <trkpt lat="39.638263" lon="2.803033"/>
    <trkpt lat="39.638261" lon="2.803454"/>
    <trkpt lat="39.638261" lon="2.804638"/>
    <trkpt lat="39.638261" lon="2.804833"/>
    <trkpt lat="39.638259" lon="2.806136"/>
    <trkpt lat="39.638239" lon="2.807125"/>
    <trkpt lat="39.638202" lon="2.808404"/>
    <trkpt lat="39.638173" lon="2.810071"/>
    <trkpt lat="39.638166" lon="2.810439"/>
    <trkpt lat="39.638159" lon="2.810670"/>
    <trkpt lat="39.637977" lon="2.810789"/>
    <trkpt lat="39.637832" lon="2.810893"/>
    <trkpt lat="39.637740" lon="2.810975"/>
    <trkpt lat="39.637628" lon="2.811096"/>
    <trkpt lat="39.637440" lon="2.811427"/>
    <trkpt lat="39.637112" lon="2.812174"/>
    <trkpt lat="39.636864" lon="2.812733"/>
    <trkpt lat="39.636156" lon="2.814333"/>
    <trkpt lat="39.635832" lon="2.815060"/>
    <trkpt lat="39.635583" lon="2.815692"/>
    <trkpt lat="39.635336" lon="2.816200"/>
    <trkpt lat="39.635108" lon="2.816628"/>
    <trkpt lat="39.634888" lon="2.817035"/>
    <trkpt lat="39.634735" lon="2.817287"/>
    <trkpt lat="39.634577" lon="2.817570"/>
    <trkpt lat="39.634215" lon="2.818160"/>
    <trkpt lat="39.633751" lon="2.819214"/>
    <trkpt lat="39.633488" lon="2.819813"/>
    <trkpt lat="39.633053" lon="2.820945"/>
    <trkpt lat="39.633018" lon="2.821036"/>
    <trkpt lat="39.633001" lon="2.821081"/>
    <trkpt lat="39.632955" lon="2.821200"/>
    <trkpt lat="39.632849" lon="2.821476"/>
    <trkpt lat="39.632526" lon="2.822316"/>
    <trkpt lat="39.632269" lon="2.822947"/>
    <trkpt lat="39.631931" lon="2.823904"/>
    <trkpt lat="39.631777" lon="2.824339"/>
    <trkpt lat="39.630965" lon="2.826106"/>
    <trkpt lat="39.630924" lon="2.826194"/>
    <trkpt lat="39.630869" lon="2.826313"/>
    <trkpt lat="39.630814" lon="2.826434"/>
    <trkpt lat="39.630616" lon="2.826882"/>
    <trkpt lat="39.630416" lon="2.827353"/>
    <trkpt lat="39.629075" lon="2.830521"/>
    <trkpt lat="39.628983" lon="2.830717"/>
    <trkpt lat="39.628789" lon="2.831127"/>
    <trkpt lat="39.628548" lon="2.831540"/>
    <trkpt lat="39.628009" lon="2.832166"/>
    <trkpt lat="39.627866" lon="2.832332"/>
    <trkpt lat="39.627581" lon="2.832632"/>
    <trkpt lat="39.627335" lon="2.833113"/>
    <trkpt lat="39.626735" lon="2.833919"/>
    <trkpt lat="39.626623" lon="2.834071"/>
    <trkpt lat="39.626061" lon="2.834922"/>
    <trkpt lat="39.625642" lon="2.835599"/>
    <trkpt lat="39.625326" lon="2.836212"/>
    <trkpt lat="39.624961" lon="2.837335"/>
    <trkpt lat="39.624920" lon="2.837462"/>
    <trkpt lat="39.624854" lon="2.837627"/>
    <trkpt lat="39.624719" lon="2.837897"/>
    <trkpt lat="39.624187" lon="2.838892"/>
    <trkpt lat="39.623999" lon="2.839074"/>
    <trkpt lat="39.623915" lon="2.839146"/>
    <trkpt lat="39.623856" lon="2.839192"/>
    <trkpt lat="39.623369" lon="2.840364"/>
    <trkpt lat="39.623243" lon="2.840666"/>
    <trkpt lat="39.623113" lon="2.840998"/>
    <trkpt lat="39.622369" lon="2.842060"/>
    <trkpt lat="39.621803" lon="2.842927"/>
    <trkpt lat="39.621318" lon="2.843520"/>
    <trkpt lat="39.620955" lon="2.844095"/>
    <trkpt lat="39.620520" lon="2.844779"/>
    <trkpt lat="39.620138" lon="2.845529"/>
    <trkpt lat="39.619747" lon="2.846314"/>
    <trkpt lat="39.618990" lon="2.848239"/>
    <trkpt lat="39.618127" lon="2.849525"/>
    <trkpt lat="39.617050" lon="2.850691"/>
    <trkpt lat="39.616561" lon="2.851097"/>
    <trkpt lat="39.616144" lon="2.851558"/>
    <trkpt lat="39.615430" lon="2.852382"/>
    <trkpt lat="39.614990" lon="2.852655"/>
    <trkpt lat="39.614541" lon="2.852858"/>
    <trkpt lat="39.614889" lon="2.856178"/>
    <trkpt lat="39.614894" lon="2.856271"/>
    <trkpt lat="39.615416" lon="2.860664"/>
    <trkpt lat="39.615612" lon="2.862510"/>
    <trkpt lat="39.615892" lon="2.865070"/>
    <trkpt lat="39.616107" lon="2.866342"/>
    <trkpt lat="39.616546" lon="2.869330"/>
    <trkpt lat="39.616752" lon="2.871487"/>
    <trkpt lat="39.617044" lon="2.874556"/>
    <trkpt lat="39.617068" lon="2.874806"/>
    <trkpt lat="39.617143" lon="2.875691"/>
    <trkpt lat="39.617257" lon="2.876993"/>
    <trkpt lat="39.617315" lon="2.877660"/>
    <trkpt lat="39.617760" lon="2.881763"/>
    <trkpt lat="39.617876" lon="2.882686"/>
    <trkpt lat="39.617978" lon="2.883494"/>
    <trkpt lat="39.618654" lon="2.889013"/>
    <trkpt lat="39.618706" lon="2.889373"/>
    <trkpt lat="39.618760" lon="2.889700"/>
    <trkpt lat="39.619194" lon="2.893205"/>
    <trkpt lat="39.619254" lon="2.893693"/>
    <trkpt lat="39.619672" lon="2.897066"/>
    <trkpt lat="39.620660" lon="2.905050"/>
    <trkpt lat="39.621118" lon="2.908575"/>
    <trkpt lat="39.621471" lon="2.911297"/>
    <trkpt lat="39.621512" lon="2.911722"/>
    <trkpt lat="39.621515" lon="2.912060"/>
    <trkpt lat="39.621541" lon="2.912373"/>
    <trkpt lat="39.621521" lon="2.912678"/>
    <trkpt lat="39.621512" lon="2.912825"/>
    <trkpt lat="39.621512" lon="2.913768"/>
    <trkpt lat="39.621512" lon="2.914388"/>
    <trkpt lat="39.621532" lon="2.914577"/>
    <trkpt lat="39.621570" lon="2.914926"/>
    <trkpt lat="39.621595" lon="2.915046"/>
    <trkpt lat="39.621706" lon="2.915569"/>
    <trkpt lat="39.622178" lon="2.917330"/>
    <trkpt lat="39.622287" lon="2.917737"/>
    <trkpt lat="39.622514" lon="2.918753"/>
    <trkpt lat="39.623443" lon="2.923816"/>
    <trkpt lat="39.623477" lon="2.924031"/>
    <trkpt lat="39.623492" lon="2.924130"/>
    <trkpt lat="39.623592" lon="2.924764"/>
    <trkpt lat="39.623662" lon="2.925406"/>
    <trkpt lat="39.623765" lon="2.926932"/>
    <trkpt lat="39.623822" lon="2.927732"/>
    <trkpt lat="39.623861" lon="2.928096"/>
    <trkpt lat="39.623892" lon="2.928347"/>
    <trkpt lat="39.624297" lon="2.930441"/>
    <trkpt lat="39.624458" lon="2.931378"/>
    <trkpt lat="39.624535" lon="2.931857"/>
    <trkpt lat="39.624579" lon="2.932149"/>
    <trkpt lat="39.624598" lon="2.932280"/>
    <trkpt lat="39.624641" lon="2.932565"/>
    <trkpt lat="39.624800" lon="2.933592"/>
    <trkpt lat="39.625017" lon="2.935095"/>
    <trkpt lat="39.625031" lon="2.935179"/>
    <trkpt lat="39.625118" lon="2.935643"/>
    <trkpt lat="39.625246" lon="2.936152"/>
    <trkpt lat="39.625344" lon="2.936544"/>
    <trkpt lat="39.626004" lon="2.938366"/>
    <trkpt lat="39.626286" lon="2.939421"/>
    <trkpt lat="39.626479" lon="2.940538"/>
    <trkpt lat="39.626500" lon="2.940671"/>
    <trkpt lat="39.626550" lon="2.940989"/>
    <trkpt lat="39.626686" lon="2.941835"/>
    <trkpt lat="39.627021" lon="2.943106"/>
    <trkpt lat="39.627103" lon="2.943274"/>
    <trkpt lat="39.627396" lon="2.944206"/>
    <trkpt lat="39.627473" lon="2.944532"/>
    <trkpt lat="39.627526" lon="2.944866"/>
    <trkpt lat="39.627596" lon="2.945552"/>
    <trkpt lat="39.627613" lon="2.945893"/>
    <trkpt lat="39.627635" lon="2.946359"/>
    <trkpt lat="39.627735" lon="2.947121"/>
    <trkpt lat="39.627925" lon="2.948120"/>
    <trkpt lat="39.628181" lon="2.949353"/>
    <trkpt lat="39.628386" lon="2.950369"/>
    <trkpt lat="39.628633" lon="2.951572"/>
    <trkpt lat="39.628648" lon="2.951640"/>
    <trkpt lat="39.628995" lon="2.953308"/>
    <trkpt lat="39.629178" lon="2.954164"/>
    <trkpt lat="39.629413" lon="2.955276"/>
    <trkpt lat="39.629713" lon="2.956696"/>
    <trkpt lat="39.630336" lon="2.959756"/>
    <trkpt lat="39.630483" lon="2.960709"/>
    <trkpt lat="39.630755" lon="2.962767"/>
    <trkpt lat="39.630790" lon="2.963032"/>
    <trkpt lat="39.631216" lon="2.965824"/>
    <trkpt lat="39.631555" lon="2.967329"/>
    <trkpt lat="39.632719" lon="2.972130"/>
    <trkpt lat="39.633607" lon="2.975749"/>
    <trkpt lat="39.634996" lon="2.981410"/>
    <trkpt lat="39.635247" lon="2.982432"/>
    <trkpt lat="39.636030" lon="2.985889"/>
    <trkpt lat="39.636474" lon="2.987924"/>
    <trkpt lat="39.636554" lon="2.988278"/>
    <trkpt lat="39.637041" lon="2.990432"/>
    <trkpt lat="39.637593" lon="2.992781"/>
    <trkpt lat="39.637995" lon="2.994553"/>
    <trkpt lat="39.638252" lon="2.995686"/>
    <trkpt lat="39.638845" lon="2.998297"/>
    <trkpt lat="39.639914" lon="3.003028"/>
    <trkpt lat="39.639949" lon="3.003174"/>
    <trkpt lat="39.640043" lon="3.003629"/>
    <trkpt lat="39.640086" lon="3.003826"/>
    <trkpt lat="39.640220" lon="3.004443"/>
    <trkpt lat="39.640360" lon="3.004995"/>
    <trkpt lat="39.640743" lon="3.004741"/>
    <trkpt lat="39.641264" lon="3.004380"/>
    <trkpt lat="39.641429" lon="3.004282"/>
    <trkpt lat="39.641542" lon="3.004237"/>
    <trkpt lat="39.641692" lon="3.004210"/>
    <trkpt lat="39.641838" lon="3.004205"/>
    <trkpt lat="39.641970" lon="3.004231"/>
    <trkpt lat="39.642117" lon="3.004285"/>
    <trkpt lat="39.642290" lon="3.004382"/>
    <trkpt lat="39.642371" lon="3.004464"/>
    <trkpt lat="39.642421" lon="3.004541"/>
    <trkpt lat="39.642477" lon="3.004650"/>
    <trkpt lat="39.642484" lon="3.004706"/>
    <trkpt lat="39.642495" lon="3.004780"/>
    <trkpt lat="39.642505" lon="3.004861"/>
    <trkpt lat="39.642534" lon="3.004994"/>
    <trkpt lat="39.642882" lon="3.005916"/>
    <trkpt lat="39.642917" lon="3.005970"/>
    <trkpt lat="39.642958" lon="3.006005"/>
    <trkpt lat="39.643069" lon="3.006029"/>
    <trkpt lat="39.643142" lon="3.006058"/>
    <trkpt lat="39.643214" lon="3.006107"/>
    <trkpt lat="39.643291" lon="3.006172"/>
    <trkpt lat="39.643498" lon="3.006415"/>
    <trkpt lat="39.643590" lon="3.006514"/>
    <trkpt lat="39.643938" lon="3.006905"/>
    <trkpt lat="39.644114" lon="3.007117"/>
    <trkpt lat="39.644444" lon="3.007507"/>
    <trkpt lat="39.644833" lon="3.008008"/>
    <trkpt lat="39.645313" lon="3.008668"/>
    <trkpt lat="39.645940" lon="3.009487"/>
    <trkpt lat="39.646087" lon="3.009686"/>
    <trkpt lat="39.646488" lon="3.010268"/>
    <trkpt lat="39.646729" lon="3.010613"/>
    <trkpt lat="39.646880" lon="3.010836"/>
    <trkpt lat="39.646930" lon="3.010935"/>
    <trkpt lat="39.646970" lon="3.011053"/>
    <trkpt lat="39.646986" lon="3.011171"/>
    <trkpt lat="39.646980" lon="3.011292"/>
    <trkpt lat="39.646967" lon="3.011406"/>
    <trkpt lat="39.646942" lon="3.011491"/>
    <trkpt lat="39.646867" lon="3.011652"/>
    <trkpt lat="39.646665" lon="3.012086"/>
    <trkpt lat="39.646550" lon="3.012300"/>
    <trkpt lat="39.646419" lon="3.012530"/>
    <trkpt lat="39.646298" lon="3.012722"/>
    <trkpt lat="39.646194" lon="3.012874"/>
    <trkpt lat="39.646088" lon="3.013013"/>
    <trkpt lat="39.645946" lon="3.013177"/>
    <trkpt lat="39.645791" lon="3.013340"/>
    <trkpt lat="39.645576" lon="3.013529"/>
    <trkpt lat="39.645563" lon="3.013500"/>
    <trkpt lat="39.645535" lon="3.013439"/>
    <trkpt lat="39.645505" lon="3.013372"/>
    <trkpt lat="39.645483" lon="3.013323"/>
    <trkpt lat="39.645356" lon="3.013208"/>
    <trkpt lat="39.644312" lon="3.012523"/>
    <trkpt lat="39.643967" lon="3.012292"/>
    <trkpt lat="39.643904" lon="3.012273"/>
    <trkpt lat="39.643231" lon="3.012066"/>
    <trkpt lat="39.642945" lon="3.011979"/>
    <trkpt lat="39.642980" lon="3.011889"/>
    <trkpt lat="39.643019" lon="3.011790"/>
    <trkpt lat="39.643110" lon="3.011723"/>
    <trkpt lat="39.643287" lon="3.011709"/>
    <trkpt lat="39.643283" lon="3.011624"/>
    <trkpt lat="39.643223" lon="3.011461"/>
    <trkpt lat="39.643132" lon="3.011303"/>
    <trkpt lat="39.643132" lon="3.011303"/>
    <trkpt lat="39.642837" lon="3.011425"/>
    <trkpt lat="39.642706" lon="3.011625"/>
    <trkpt lat="39.642781" lon="3.011902"/>
    <trkpt lat="39.642660" lon="3.012035"/>
    <trkpt lat="39.642433" lon="3.012290"/>
    <trkpt lat="39.642323" lon="3.012410"/>
    <trkpt lat="39.642024" lon="3.012742"/>
    <trkpt lat="39.641953" lon="3.012822"/>
    <trkpt lat="39.641886" lon="3.012895"/>
    <trkpt lat="39.641390" lon="3.013444"/>
    <trkpt lat="39.641254" lon="3.013336"/>
    <trkpt lat="39.641131" lon="3.013265"/>
    <trkpt lat="39.641461" lon="3.013843"/>
    <trkpt lat="39.641779" lon="3.014399"/>
    <trkpt lat="39.641895" lon="3.014506"/>
    <trkpt lat="39.642036" lon="3.014603"/>
    <trkpt lat="39.642297" lon="3.014763"/>
    <trkpt lat="39.642401" lon="3.014773"/>
    <trkpt lat="39.642498" lon="3.014759"/>
    <trkpt lat="39.642695" lon="3.014676"/>
    <trkpt lat="39.642732" lon="3.014864"/>
    <trkpt lat="39.642749" lon="3.014921"/>
    <trkpt lat="39.642770" lon="3.014970"/>
    <trkpt lat="39.642809" lon="3.015004"/>
    <trkpt lat="39.642850" lon="3.015016"/>
    <trkpt lat="39.642910" lon="3.015007"/>
    <trkpt lat="39.644146" lon="3.014534"/>
    <trkpt lat="39.644537" lon="3.014376"/>
    <trkpt lat="39.644728" lon="3.014285"/>
    <trkpt lat="39.644812" lon="3.014245"/>
    <trkpt lat="39.644929" lon="3.014179"/>
    <trkpt lat="39.645052" lon="3.014099"/>
    <trkpt lat="39.645279" lon="3.013946"/>
    <trkpt lat="39.645576" lon="3.013735"/>
    <trkpt lat="39.645638" lon="3.013690"/>
    <trkpt lat="39.645708" lon="3.013838"/>
    <trkpt lat="39.645894" lon="3.014233"/>
    <trkpt lat="39.646186" lon="3.014775"/>
    <trkpt lat="39.646237" lon="3.014836"/>
    <trkpt lat="39.646272" lon="3.014897"/>
    <trkpt lat="39.646420" lon="3.015160"/>
    <trkpt lat="39.646525" lon="3.015314"/>
    <trkpt lat="39.646660" lon="3.015555"/>
    <trkpt lat="39.646824" lon="3.015849"/>
    <trkpt lat="39.646944" lon="3.016114"/>
    <trkpt lat="39.646974" lon="3.016177"/>
    <trkpt lat="39.647010" lon="3.016254"/>
    <trkpt lat="39.647058" lon="3.016378"/>
    <trkpt lat="39.647020" lon="3.016422"/>
    <trkpt lat="39.646986" lon="3.016499"/>
    <trkpt lat="39.646975" lon="3.016582"/>
    <trkpt lat="39.646911" lon="3.016747"/>
    <trkpt lat="39.646878" lon="3.016821"/>
    <trkpt lat="39.646774" lon="3.016998"/>
    <trkpt lat="39.646721" lon="3.017104"/>
    <trkpt lat="39.646541" lon="3.017433"/>
    <trkpt lat="39.646281" lon="3.017939"/>
    <trkpt lat="39.645960" lon="3.018430"/>
    <trkpt lat="39.645788" lon="3.018683"/>
    <trkpt lat="39.645633" lon="3.018871"/>
    <trkpt lat="39.645452" lon="3.019076"/>
    <trkpt lat="39.645269" lon="3.019256"/>
    <trkpt lat="39.645064" lon="3.019432"/>
    <trkpt lat="39.644876" lon="3.019573"/>
    <trkpt lat="39.644669" lon="3.019699"/>
    <trkpt lat="39.644462" lon="3.019816"/>
    <trkpt lat="39.644252" lon="3.019912"/>
    <trkpt lat="39.643536" lon="3.020179"/>
    <trkpt lat="39.643233" lon="3.020300"/>
    <trkpt lat="39.642960" lon="3.020441"/>
    <trkpt lat="39.642796" lon="3.020546"/>
    <trkpt lat="39.642625" lon="3.020664"/>
    <trkpt lat="39.642453" lon="3.020805"/>
    <trkpt lat="39.642310" lon="3.020939"/>
    <trkpt lat="39.642127" lon="3.021117"/>
    <trkpt lat="39.641976" lon="3.021287"/>
    <trkpt lat="39.641820" lon="3.021494"/>
    <trkpt lat="39.641672" lon="3.021708"/>
    <trkpt lat="39.641529" lon="3.021947"/>
    <trkpt lat="39.641411" lon="3.022178"/>
    <trkpt lat="39.641303" lon="3.022431"/>
    <trkpt lat="39.641196" lon="3.022715"/>
    <trkpt lat="39.641104" lon="3.023015"/>
    <trkpt lat="39.641037" lon="3.023321"/>
    <trkpt lat="39.640973" lon="3.023652"/>
    <trkpt lat="39.640928" lon="3.024057"/>
    <trkpt lat="39.640909" lon="3.024303"/>
    <trkpt lat="39.640902" lon="3.024607"/>
    <trkpt lat="39.640911" lon="3.024864"/>
    <trkpt lat="39.640936" lon="3.025160"/>
    <trkpt lat="39.640970" lon="3.025451"/>
    <trkpt lat="39.641030" lon="3.025800"/>
    <trkpt lat="39.641101" lon="3.026113"/>
    <trkpt lat="39.641178" lon="3.026380"/>
    <trkpt lat="39.641304" lon="3.026769"/>
    <trkpt lat="39.641397" lon="3.026997"/>
    <trkpt lat="39.641458" lon="3.027144"/>
    <trkpt lat="39.642192" lon="3.028484"/>
    <trkpt lat="39.642261" lon="3.028610"/>
    <trkpt lat="39.642347" lon="3.028796"/>
    <trkpt lat="39.642422" lon="3.028996"/>
    <trkpt lat="39.642504" lon="3.029226"/>
    <trkpt lat="39.642577" lon="3.029465"/>
    <trkpt lat="39.642638" lon="3.029723"/>
    <trkpt lat="39.642662" lon="3.029838"/>
    <trkpt lat="39.642714" lon="3.030078"/>
    <trkpt lat="39.642770" lon="3.030368"/>
    <trkpt lat="39.642784" lon="3.030480"/>
    <trkpt lat="39.642977" lon="3.032001"/>
    <trkpt lat="39.643016" lon="3.032268"/>
    <trkpt lat="39.643044" lon="3.032448"/>
    <trkpt lat="39.643112" lon="3.032894"/>
    <trkpt lat="39.643192" lon="3.033322"/>
    <trkpt lat="39.643337" lon="3.034007"/>
    <trkpt lat="39.643432" lon="3.034402"/>
    <trkpt lat="39.643581" lon="3.034970"/>
    <trkpt lat="39.644060" lon="3.036562"/>
    <trkpt lat="39.644278" lon="3.037303"/>
    <trkpt lat="39.644404" lon="3.037726"/>
    <trkpt lat="39.644485" lon="3.038066"/>
    <trkpt lat="39.644532" lon="3.038338"/>
    <trkpt lat="39.644572" lon="3.038607"/>
    <trkpt lat="39.644597" lon="3.038894"/>
    <trkpt lat="39.644606" lon="3.039202"/>
    <trkpt lat="39.644603" lon="3.039546"/>
    <trkpt lat="39.644548" lon="3.040299"/>
    <trkpt lat="39.644435" lon="3.041629"/>
    <trkpt lat="39.644424" lon="3.041757"/>
    <trkpt lat="39.644378" lon="3.042199"/>
    <trkpt lat="39.644323" lon="3.042641"/>
    <trkpt lat="39.644252" lon="3.043108"/>
    <trkpt lat="39.644147" lon="3.043701"/>
    <trkpt lat="39.643943" lon="3.044748"/>
    <trkpt lat="39.643790" lon="3.045537"/>
    <trkpt lat="39.643075" lon="3.049205"/>
    <trkpt lat="39.642866" lon="3.050277"/>
    <trkpt lat="39.642794" lon="3.050687"/>
    <trkpt lat="39.642651" lon="3.051511"/>
    <trkpt lat="39.642623" lon="3.052055"/>
    <trkpt lat="39.642636" lon="3.053244"/>
    <trkpt lat="39.642589" lon="3.053954"/>
    <trkpt lat="39.642565" lon="3.054170"/>
    <trkpt lat="39.642524" lon="3.054424"/>
    <trkpt lat="39.642216" lon="3.056074"/>
    <trkpt lat="39.642178" lon="3.056350"/>
    <trkpt lat="39.642148" lon="3.056639"/>
    <trkpt lat="39.642128" lon="3.056945"/>
    <trkpt lat="39.642126" lon="3.057222"/>
    <trkpt lat="39.642133" lon="3.057516"/>
    <trkpt lat="39.642162" lon="3.057822"/>
    <trkpt lat="39.642209" lon="3.058144"/>
    <trkpt lat="39.642478" lon="3.059608"/>
    <trkpt lat="39.642506" lon="3.059837"/>
    <trkpt lat="39.642531" lon="3.060073"/>
    <trkpt lat="39.642535" lon="3.060288"/>
    <trkpt lat="39.642520" lon="3.060557"/>
    <trkpt lat="39.642488" lon="3.060841"/>
    <trkpt lat="39.642447" lon="3.061088"/>
    <trkpt lat="39.642217" lon="3.062230"/>
    <trkpt lat="39.642200" lon="3.062349"/>
    <trkpt lat="39.642194" lon="3.062392"/>
    <trkpt lat="39.642171" lon="3.062602"/>
    <trkpt lat="39.642151" lon="3.062868"/>
    <trkpt lat="39.642136" lon="3.063086"/>
    <trkpt lat="39.642126" lon="3.063395"/>
    <trkpt lat="39.642107" lon="3.064788"/>
    <trkpt lat="39.642097" lon="3.065481"/>
    <trkpt lat="39.642097" lon="3.065820"/>
    <trkpt lat="39.642107" lon="3.066271"/>
    <trkpt lat="39.642139" lon="3.067022"/>
    <trkpt lat="39.642209" lon="3.068416"/>
    <trkpt lat="39.642250" lon="3.069047"/>
    <trkpt lat="39.642327" lon="3.069842"/>
    <trkpt lat="39.642349" lon="3.070013"/>
    <trkpt lat="39.642438" lon="3.070694"/>
    <trkpt lat="39.642559" lon="3.071383"/>
    <trkpt lat="39.642916" lon="3.073209"/>
    <trkpt lat="39.643160" lon="3.074398"/>
    <trkpt lat="39.643206" lon="3.074618"/>
    <trkpt lat="39.643750" lon="3.077411"/>
    <trkpt lat="39.643855" lon="3.077948"/>
    <trkpt lat="39.644256" lon="3.080052"/>
    <trkpt lat="39.644292" lon="3.080252"/>
    <trkpt lat="39.644548" lon="3.081542"/>
    <trkpt lat="39.644682" lon="3.082225"/>
    <trkpt lat="39.644922" lon="3.083468"/>
    <trkpt lat="39.644935" lon="3.083548"/>
    <trkpt lat="39.645093" lon="3.084352"/>
    <trkpt lat="39.645358" lon="3.085669"/>
    <trkpt lat="39.645375" lon="3.085776"/>
    <trkpt lat="39.645622" lon="3.087073"/>
    <trkpt lat="39.645779" lon="3.088342"/>
    <trkpt lat="39.645886" lon="3.089648"/>
    <trkpt lat="39.645934" lon="3.090971"/>
    <trkpt lat="39.645994" lon="3.092613"/>
    <trkpt lat="39.645985" lon="3.092834"/>
    <trkpt lat="39.645940" lon="3.093979"/>
    <trkpt lat="39.645908" lon="3.094788"/>
    <trkpt lat="39.645841" lon="3.096568"/>
    <trkpt lat="39.645822" lon="3.097100"/>
    <trkpt lat="39.645825" lon="3.097429"/>
    <trkpt lat="39.645829" lon="3.097809"/>
    <trkpt lat="39.645887" lon="3.098917"/>
    <trkpt lat="39.645905" lon="3.099180"/>
    <trkpt lat="39.645929" lon="3.099459"/>
    <trkpt lat="39.645968" lon="3.099794"/>
    <trkpt lat="39.646003" lon="3.100040"/>
    <trkpt lat="39.645962" lon="3.100057"/>
    <trkpt lat="39.645924" lon="3.100084"/>
    <trkpt lat="39.645891" lon="3.100120"/>
    <trkpt lat="39.645864" lon="3.100164"/>
    <trkpt lat="39.645850" lon="3.100196"/>
    <trkpt lat="39.645844" lon="3.100213"/>
    <trkpt lat="39.645634" lon="3.100294"/>
    <trkpt lat="39.645334" lon="3.100259"/>
    <trkpt lat="39.645067" lon="3.100229"/>
    <trkpt lat="39.644874" lon="3.100194"/>
    <trkpt lat="39.643935" lon="3.100025"/>
    <trkpt lat="39.643835" lon="3.100021"/>
    <trkpt lat="39.643721" lon="3.100013"/>
    <trkpt lat="39.643482" lon="3.100007"/>
    <trkpt lat="39.643081" lon="3.100099"/>
    <trkpt lat="39.642766" lon="3.100229"/>
    <trkpt lat="39.642443" lon="3.100427"/>
    <trkpt lat="39.641550" lon="3.101078"/>
    <trkpt lat="39.640670" lon="3.101736"/>
    <trkpt lat="39.639939" lon="3.102165"/>
    <trkpt lat="39.639270" lon="3.102403"/>
    <trkpt lat="39.638867" lon="3.102486"/>
    <trkpt lat="39.637896" lon="3.102640"/>
    <trkpt lat="39.637372" lon="3.102779"/>
    <trkpt lat="39.636483" lon="3.103138"/>
    <trkpt lat="39.635784" lon="3.103516"/>
    <trkpt lat="39.633624" lon="3.105055"/>
    <trkpt lat="39.633382" lon="3.105233"/>
    <trkpt lat="39.633133" lon="3.105402"/>
    <trkpt lat="39.632901" lon="3.105535"/>
    <trkpt lat="39.632627" lon="3.105672"/>
    <trkpt lat="39.632329" lon="3.105789"/>
    <trkpt lat="39.631688" lon="3.105992"/>
    <trkpt lat="39.631240" lon="3.106088"/>
    <trkpt lat="39.631011" lon="3.106162"/>
    <trkpt lat="39.630667" lon="3.106263"/>
    <trkpt lat="39.630323" lon="3.106405"/>
    <trkpt lat="39.629817" lon="3.106716"/>
    <trkpt lat="39.629289" lon="3.107063"/>
    <trkpt lat="39.628853" lon="3.107302"/>
    <trkpt lat="39.628733" lon="3.107368"/>
    <trkpt lat="39.626730" lon="3.108405"/>
    <trkpt lat="39.626708" lon="3.108417"/>
    <trkpt lat="39.626546" lon="3.108492"/>
    <trkpt lat="39.626137" lon="3.108699"/>
    <trkpt lat="39.626014" lon="3.108757"/>
    <trkpt lat="39.625696" lon="3.108906"/>
    <trkpt lat="39.625576" lon="3.108963"/>
    <trkpt lat="39.625237" lon="3.109122"/>
    <trkpt lat="39.624987" lon="3.109243"/>
    <trkpt lat="39.624190" lon="3.109629"/>
    <trkpt lat="39.624061" lon="3.109677"/>
    <trkpt lat="39.623918" lon="3.109732"/>
    <trkpt lat="39.623586" lon="3.109857"/>
    <trkpt lat="39.623239" lon="3.109925"/>
    <trkpt lat="39.623131" lon="3.109946"/>
    <trkpt lat="39.622773" lon="3.110015"/>
    <trkpt lat="39.622201" lon="3.110123"/>
    <trkpt lat="39.621830" lon="3.110214"/>
    <trkpt lat="39.621429" lon="3.110196"/>
    <trkpt lat="39.621368" lon="3.110184"/>
    <trkpt lat="39.621158" lon="3.110118"/>
    <trkpt lat="39.620613" lon="3.109931"/>
    <trkpt lat="39.620450" lon="3.109861"/>
    <trkpt lat="39.620217" lon="3.109591"/>
    <trkpt lat="39.619877" lon="3.109391"/>
    <trkpt lat="39.619769" lon="3.109328"/>
    <trkpt lat="39.619381" lon="3.109169"/>
    <trkpt lat="39.618853" lon="3.109006"/>
    <trkpt lat="39.618468" lon="3.108884"/>
    <trkpt lat="39.617962" lon="3.109514"/>
    <trkpt lat="39.617755" lon="3.109814"/>
    <trkpt lat="39.617708" lon="3.109880"/>
    <trkpt lat="39.617645" lon="3.109950"/>
    <trkpt lat="39.617621" lon="3.109979"/>
    <trkpt lat="39.617383" lon="3.110293"/>
    <trkpt lat="39.617350" lon="3.110332"/>
    <trkpt lat="39.617310" lon="3.110379"/>
    <trkpt lat="39.617205" lon="3.110523"/>
    <trkpt lat="39.617171" lon="3.110565"/>
    <trkpt lat="39.617011" lon="3.110760"/>
    <trkpt lat="39.616863" lon="3.110927"/>
    <trkpt lat="39.616580" lon="3.111247"/>
    <trkpt lat="39.616424" lon="3.111356"/>
    <trkpt lat="39.616192" lon="3.111525"/>
    <trkpt lat="39.615876" lon="3.111748"/>
    <trkpt lat="39.615645" lon="3.111913"/>
    <trkpt lat="39.615581" lon="3.111946"/>
    <trkpt lat="39.615446" lon="3.111669"/>
    <trkpt lat="39.615115" lon="3.111778"/>
    <trkpt lat="39.614919" lon="3.111044"/>
    <trkpt lat="39.614798" lon="3.110565"/>
    <trkpt lat="39.614738" lon="3.110364"/>
    <trkpt lat="39.614150" lon="3.110538"/>
    <trkpt lat="39.613569" lon="3.110712"/>
    <trkpt lat="39.613002" lon="3.110883"/>
    <trkpt lat="39.613216" lon="3.111575"/>
    <trkpt lat="39.613330" lon="3.112274"/>
    <trkpt lat="39.613344" lon="3.112361"/>
    <trkpt lat="39.613516" lon="3.113105"/>
    <trkpt lat="39.613050" lon="3.113247"/>
    <trkpt lat="39.612631" lon="3.113374"/>
    <trkpt lat="39.612620" lon="3.113317"/>
    <trkpt lat="39.612300" lon="3.113521"/>
    <trkpt lat="39.612153" lon="3.113618"/>
    <trkpt lat="39.611704" lon="3.113940"/>
    <trkpt lat="39.611333" lon="3.114207"/>
    <trkpt lat="39.611206" lon="3.114299"/>
    <trkpt lat="39.610846" lon="3.114558"/>
    <trkpt lat="39.610731" lon="3.114300"/>
    <trkpt lat="39.610528" lon="3.113855"/>
    <trkpt lat="39.610291" lon="3.113340"/>
    <trkpt lat="39.609968" lon="3.112636"/>
    <trkpt lat="39.609909" lon="3.112645"/>
    <trkpt lat="39.609847" lon="3.112640"/>
    <trkpt lat="39.609465" lon="3.112441"/>
    <trkpt lat="39.609238" lon="3.112312"/>
    <trkpt lat="39.609103" lon="3.112188"/>
    <trkpt lat="39.609103" lon="3.112138"/>
    <trkpt lat="39.609084" lon="3.112078"/>
    <trkpt lat="39.609045" lon="3.112019"/>
    <trkpt lat="39.609007" lon="3.111992"/>
    <trkpt lat="39.608995" lon="3.111987"/>
    <trkpt lat="39.608878" lon="3.111948"/>
    <trkpt lat="39.608708" lon="3.111862"/>
    <trkpt lat="39.608171" lon="3.111599"/>
    <trkpt lat="39.607538" lon="3.111285"/>
    <trkpt lat="39.607419" lon="3.111225"/>
    <trkpt lat="39.606932" lon="3.110960"/>
    <trkpt lat="39.606532" lon="3.110708"/>
    <trkpt lat="39.606248" lon="3.110643"/>
    <trkpt lat="39.605932" lon="3.110561"/>
    <trkpt lat="39.605012" lon="3.110319"/>
    <trkpt lat="39.604592" lon="3.110181"/>
    <trkpt lat="39.604101" lon="3.110081"/>
    <trkpt lat="39.603706" lon="3.110080"/>
    <trkpt lat="39.603658" lon="3.110090"/>
    <trkpt lat="39.603209" lon="3.110184"/>
    <trkpt lat="39.602856" lon="3.110243"/>
    <trkpt lat="39.602503" lon="3.110265"/>
    <trkpt lat="39.602496" lon="3.110265"/>
    <trkpt lat="39.601741" lon="3.110273"/>
    <trkpt lat="39.601040" lon="3.110285"/>
    <trkpt lat="39.600731" lon="3.110321"/>
    <trkpt lat="39.600691" lon="3.110325"/>
    <trkpt lat="39.600604" lon="3.110335"/>
    <trkpt lat="39.600387" lon="3.110400"/>
    <trkpt lat="39.600293" lon="3.110437"/>
    <trkpt lat="39.599574" lon="3.110743"/>
    <trkpt lat="39.598918" lon="3.111074"/>
    <trkpt lat="39.598798" lon="3.111151"/>
    <trkpt lat="39.598639" lon="3.111290"/>
    <trkpt lat="39.598512" lon="3.111431"/>
    <trkpt lat="39.598237" lon="3.111824"/>
    <trkpt lat="39.597930" lon="3.112280"/>
    <trkpt lat="39.597859" lon="3.112380"/>
    <trkpt lat="39.597745" lon="3.112519"/>
    <trkpt lat="39.597600" lon="3.112653"/>
    <trkpt lat="39.597592" lon="3.112660"/>
    <trkpt lat="39.597369" lon="3.112869"/>
    <trkpt lat="39.596791" lon="3.113355"/>
    <trkpt lat="39.596555" lon="3.113536"/>
    <trkpt lat="39.596233" lon="3.113795"/>
    <trkpt lat="39.595529" lon="3.114297"/>
    <trkpt lat="39.594684" lon="3.114662"/>
    <trkpt lat="39.594263" lon="3.114814"/>
    <trkpt lat="39.594113" lon="3.114875"/>
    <trkpt lat="39.593750" lon="3.115011"/>
    <trkpt lat="39.593496" lon="3.115068"/>
    <trkpt lat="39.593380" lon="3.115092"/>
    <trkpt lat="39.593166" lon="3.115099"/>
    <trkpt lat="39.592948" lon="3.115105"/>
    <trkpt lat="39.592726" lon="3.115075"/>
    <trkpt lat="39.592503" lon="3.115031"/>
    <trkpt lat="39.592202" lon="3.114934"/>
    <trkpt lat="39.591914" lon="3.114839"/>
    <trkpt lat="39.591628" lon="3.114749"/>
    <trkpt lat="39.591341" lon="3.114712"/>
    <trkpt lat="39.591252" lon="3.114600"/>
    <trkpt lat="39.591068" lon="3.114553"/>
    <trkpt lat="39.590868" lon="3.114512"/>
    <trkpt lat="39.590638" lon="3.114479"/>
    <trkpt lat="39.590209" lon="3.114407"/>
    <trkpt lat="39.589915" lon="3.114410"/>
    <trkpt lat="39.589441" lon="3.114430"/>
    <trkpt lat="39.588991" lon="3.114396"/>
    <trkpt lat="39.588840" lon="3.114333"/>
    <trkpt lat="39.588702" lon="3.114239"/>
    <trkpt lat="39.588437" lon="3.114048"/>
    <trkpt lat="39.587862" lon="3.113620"/>
    <trkpt lat="39.587832" lon="3.113599"/>
    <trkpt lat="39.587719" lon="3.113518"/>
    <trkpt lat="39.587603" lon="3.113467"/>
    <trkpt lat="39.587476" lon="3.113422"/>
    <trkpt lat="39.587343" lon="3.113400"/>
    <trkpt lat="39.587084" lon="3.113367"/>
    <trkpt lat="39.586876" lon="3.113303"/>
    <trkpt lat="39.586741" lon="3.113282"/>
    <trkpt lat="39.586642" lon="3.113222"/>
    <trkpt lat="39.586552" lon="3.113125"/>
    <trkpt lat="39.586446" lon="3.113003"/>
    <trkpt lat="39.586293" lon="3.112871"/>
    <trkpt lat="39.585948" lon="3.112714"/>
    <trkpt lat="39.585878" lon="3.112696"/>
    <trkpt lat="39.585554" lon="3.112583"/>
    <trkpt lat="39.585397" lon="3.112567"/>
    <trkpt lat="39.585215" lon="3.112578"/>
    <trkpt lat="39.585056" lon="3.112531"/>
    <trkpt lat="39.584935" lon="3.112459"/>
    <trkpt lat="39.584682" lon="3.112212"/>
    <trkpt lat="39.584422" lon="3.112004"/>
    <trkpt lat="39.583997" lon="3.111722"/>
    <trkpt lat="39.583573" lon="3.111475"/>
    <trkpt lat="39.583080" lon="3.111131"/>
    <trkpt lat="39.582709" lon="3.110855"/>
    <trkpt lat="39.582336" lon="3.110600"/>
    <trkpt lat="39.581988" lon="3.110358"/>
    <trkpt lat="39.581634" lon="3.110164"/>
    <trkpt lat="39.581473" lon="3.110083"/>
    <trkpt lat="39.581312" lon="3.110037"/>
    <trkpt lat="39.581036" lon="3.109994"/>
    <trkpt lat="39.580560" lon="3.109971"/>
    <trkpt lat="39.579574" lon="3.109950"/>
    <trkpt lat="39.579309" lon="3.109929"/>
    <trkpt lat="39.579046" lon="3.109874"/>
    <trkpt lat="39.578552" lon="3.109754"/>
    <trkpt lat="39.578341" lon="3.109715"/>
    <trkpt lat="39.578125" lon="3.109649"/>
    <trkpt lat="39.577936" lon="3.109554"/>
    <trkpt lat="39.577727" lon="3.109412"/>
    <trkpt lat="39.577344" lon="3.109185"/>
    <trkpt lat="39.577247" lon="3.109116"/>
    <trkpt lat="39.577183" lon="3.109014"/>
    <trkpt lat="39.577144" lon="3.108863"/>
    <trkpt lat="39.577122" lon="3.108673"/>
    <trkpt lat="39.576985" lon="3.108353"/>
    <trkpt lat="39.576910" lon="3.108207"/>
    <trkpt lat="39.576650" lon="3.108049"/>
    <trkpt lat="39.576370" lon="3.107797"/>
    <trkpt lat="39.572832" lon="3.106617"/>
    <trkpt lat="39.572756" lon="3.106625"/>
    <trkpt lat="39.572712" lon="3.106629"/>
    <trkpt lat="39.572676" lon="3.106616"/>
    <trkpt lat="39.572684" lon="3.106588"/>
    <trkpt lat="39.572684" lon="3.106510"/>
    <trkpt lat="39.572661" lon="3.106443"/>
    <trkpt lat="39.572632" lon="3.105995"/>
    <trkpt lat="39.572559" lon="3.105008"/>
    <trkpt lat="39.572498" lon="3.104152"/>
    <trkpt lat="39.572466" lon="3.104024"/>
    <trkpt lat="39.572395" lon="3.102942"/>
    <trkpt lat="39.572327" lon="3.101891"/>
    <trkpt lat="39.572238" lon="3.100992"/>
    <trkpt lat="39.572214" lon="3.100813"/>
    <trkpt lat="39.572110" lon="3.100118"/>
    <trkpt lat="39.572009" lon="3.099302"/>
    <trkpt lat="39.571959" lon="3.098982"/>
    <trkpt lat="39.571732" lon="3.097528"/>
    <trkpt lat="39.571637" lon="3.096950"/>
    <trkpt lat="39.571625" lon="3.096869"/>
    <trkpt lat="39.571548" lon="3.096530"/>
    <trkpt lat="39.570895" lon="3.094432"/>
    <trkpt lat="39.570753" lon="3.093968"/>
    <trkpt lat="39.570698" lon="3.093781"/>
    <trkpt lat="39.570539" lon="3.093262"/>
    <trkpt lat="39.570240" lon="3.092281"/>
    <trkpt lat="39.570186" lon="3.092104"/>
    <trkpt lat="39.570172" lon="3.092063"/>
    <trkpt lat="39.569966" lon="3.091263"/>
    <trkpt lat="39.569830" lon="3.090762"/>
    <trkpt lat="39.569637" lon="3.090051"/>
    <trkpt lat="39.569583" lon="3.089854"/>
    <trkpt lat="39.569399" lon="3.089133"/>
    <trkpt lat="39.569376" lon="3.089017"/>
    <trkpt lat="39.569154" lon="3.088130"/>
    <trkpt lat="39.569133" lon="3.088018"/>
    <trkpt lat="39.569117" lon="3.087791"/>
    <trkpt lat="39.569113" lon="3.087693"/>
    <trkpt lat="39.569117" lon="3.087438"/>
    <trkpt lat="39.569146" lon="3.087119"/>
    <trkpt lat="39.569190" lon="3.086731"/>
    <trkpt lat="39.568034" lon="3.087500"/>
    <trkpt lat="39.567868" lon="3.087598"/>
    <trkpt lat="39.567060" lon="3.088136"/>
    <trkpt lat="39.566460" lon="3.088543"/>
    <trkpt lat="39.566017" lon="3.088776"/>
    <trkpt lat="39.565488" lon="3.088879"/>
    <trkpt lat="39.565180" lon="3.088924"/>
    <trkpt lat="39.564836" lon="3.088985"/>
    <trkpt lat="39.564388" lon="3.089067"/>
    <trkpt lat="39.564308" lon="3.089082"/>
    <trkpt lat="39.564140" lon="3.089113"/>
    <trkpt lat="39.562677" lon="3.089334"/>
    <trkpt lat="39.562589" lon="3.089351"/>
    <trkpt lat="39.562024" lon="3.089462"/>
    <trkpt lat="39.561921" lon="3.089480"/>
    <trkpt lat="39.561733" lon="3.089508"/>
    <trkpt lat="39.560910" lon="3.089609"/>
    <trkpt lat="39.559854" lon="3.089788"/>
    <trkpt lat="39.559068" lon="3.089923"/>
    <trkpt lat="39.558802" lon="3.089988"/>
    <trkpt lat="39.558685" lon="3.090016"/>
    <trkpt lat="39.558528" lon="3.090095"/>
    <trkpt lat="39.558426" lon="3.090167"/>
    <trkpt lat="39.558386" lon="3.090161"/>
    <trkpt lat="39.558346" lon="3.090168"/>
    <trkpt lat="39.558213" lon="3.090130"/>
    <trkpt lat="39.557575" lon="3.089569"/>
    <trkpt lat="39.556979" lon="3.088970"/>
    <trkpt lat="39.556688" lon="3.088670"/>
    <trkpt lat="39.555422" lon="3.087346"/>
    <trkpt lat="39.554796" lon="3.086662"/>
    <trkpt lat="39.554391" lon="3.086256"/>
    <trkpt lat="39.554153" lon="3.086017"/>
    <trkpt lat="39.552866" lon="3.084732"/>
    <trkpt lat="39.552346" lon="3.084232"/>
    <trkpt lat="39.551960" lon="3.083860"/>
    <trkpt lat="39.551059" lon="3.083042"/>
    <trkpt lat="39.550067" lon="3.082152"/>
    <trkpt lat="39.549303" lon="3.081383"/>
    <trkpt lat="39.548680" lon="3.080650"/>
    <trkpt lat="39.548046" lon="3.079814"/>
    <trkpt lat="39.547387" lon="3.078986"/>
    <trkpt lat="39.546752" lon="3.078248"/>
    <trkpt lat="39.546662" lon="3.078157"/>
    <trkpt lat="39.546531" lon="3.078024"/>
    <trkpt lat="39.546122" lon="3.077602"/>
    <trkpt lat="39.545340" lon="3.076844"/>
    <trkpt lat="39.544857" lon="3.076315"/>
    <trkpt lat="39.544663" lon="3.076046"/>
    <trkpt lat="39.544465" lon="3.075741"/>
    <trkpt lat="39.544251" lon="3.075310"/>
    <trkpt lat="39.544065" lon="3.074861"/>
    <trkpt lat="39.543425" lon="3.073086"/>
    <trkpt lat="39.543160" lon="3.072399"/>
    <trkpt lat="39.543070" lon="3.072193"/>
    <trkpt lat="39.542798" lon="3.071719"/>
    <trkpt lat="39.542494" lon="3.071250"/>
    <trkpt lat="39.542376" lon="3.071101"/>
    <trkpt lat="39.542042" lon="3.070732"/>
    <trkpt lat="39.541656" lon="3.070414"/>
    <trkpt lat="39.540762" lon="3.069650"/>
    <trkpt lat="39.540624" lon="3.069500"/>
    <trkpt lat="39.540266" lon="3.069108"/>
    <trkpt lat="39.539900" lon="3.068617"/>
    <trkpt lat="39.539617" lon="3.068106"/>
    <trkpt lat="39.539131" lon="3.066759"/>
    <trkpt lat="39.538701" lon="3.065431"/>
    <trkpt lat="39.538546" lon="3.065050"/>
    <trkpt lat="39.538352" lon="3.064822"/>
    <trkpt lat="39.537835" lon="3.064315"/>
    <trkpt lat="39.536939" lon="3.063350"/>
    <trkpt lat="39.536681" lon="3.062848"/>
    <trkpt lat="39.536351" lon="3.062187"/>
    <trkpt lat="39.536263" lon="3.062012"/>
    <trkpt lat="39.535761" lon="3.061411"/>
    <trkpt lat="39.534259" lon="3.059869"/>
    <trkpt lat="39.534131" lon="3.059710"/>
    <trkpt lat="39.533704" lon="3.059180"/>
    <trkpt lat="39.533001" lon="3.057729"/>
    <trkpt lat="39.531854" lon="3.056395"/>
    <trkpt lat="39.531394" lon="3.055684"/>
    <trkpt lat="39.530621" lon="3.054237"/>
    <trkpt lat="39.529613" lon="3.052877"/>
    <trkpt lat="39.529224" lon="3.052462"/>
    <trkpt lat="39.528582" lon="3.051744"/>
    <trkpt lat="39.528275" lon="3.051410"/>
    <trkpt lat="39.527961" lon="3.051056"/>
    <trkpt lat="39.527583" lon="3.050663"/>
    <trkpt lat="39.527281" lon="3.050410"/>
    <trkpt lat="39.526961" lon="3.050177"/>
    <trkpt lat="39.526616" lon="3.049981"/>
    <trkpt lat="39.525927" lon="3.049621"/>
    <trkpt lat="39.525538" lon="3.049417"/>
    <trkpt lat="39.525289" lon="3.049260"/>
    <trkpt lat="39.525094" lon="3.049094"/>
    <trkpt lat="39.524917" lon="3.048909"/>
    <trkpt lat="39.524733" lon="3.048688"/>
    <trkpt lat="39.524493" lon="3.048331"/>
    <trkpt lat="39.524244" lon="3.047985"/>
    <trkpt lat="39.524192" lon="3.047910"/>
    <trkpt lat="39.523774" lon="3.047302"/>
    <trkpt lat="39.523582" lon="3.047060"/>
    <trkpt lat="39.523455" lon="3.046934"/>
    <trkpt lat="39.523294" lon="3.046799"/>
    <trkpt lat="39.523098" lon="3.046661"/>
    <trkpt lat="39.522830" lon="3.046536"/>
    <trkpt lat="39.522408" lon="3.046331"/>
    <trkpt lat="39.522239" lon="3.046208"/>
    <trkpt lat="39.522023" lon="3.046030"/>
    <trkpt lat="39.521857" lon="3.045841"/>
    <trkpt lat="39.521717" lon="3.045632"/>
    <trkpt lat="39.521622" lon="3.045435"/>
    <trkpt lat="39.521538" lon="3.045220"/>
    <trkpt lat="39.521256" lon="3.044059"/>
    <trkpt lat="39.521179" lon="3.043836"/>
    <trkpt lat="39.521067" lon="3.043612"/>
    <trkpt lat="39.520522" lon="3.042709"/>
    <trkpt lat="39.520419" lon="3.042510"/>
    <trkpt lat="39.520276" lon="3.042127"/>
    <trkpt lat="39.520167" lon="3.041716"/>
    <trkpt lat="39.519926" lon="3.040468"/>
    <trkpt lat="39.519858" lon="3.040119"/>
    <trkpt lat="39.519773" lon="3.039675"/>
    <trkpt lat="39.519674" lon="3.039238"/>
    <trkpt lat="39.519572" lon="3.038893"/>
    <trkpt lat="39.519556" lon="3.038841"/>
    <trkpt lat="39.518990" lon="3.037321"/>
    <trkpt lat="39.518856" lon="3.036955"/>
    <trkpt lat="39.518765" lon="3.036578"/>
    <trkpt lat="39.518697" lon="3.036211"/>
    <trkpt lat="39.518650" lon="3.035797"/>
    <trkpt lat="39.518545" lon="3.033008"/>
    <trkpt lat="39.518498" lon="3.032672"/>
    <trkpt lat="39.518405" lon="3.032321"/>
    <trkpt lat="39.518117" lon="3.031325"/>
    <trkpt lat="39.518036" lon="3.030965"/>
    <trkpt lat="39.517657" lon="3.028572"/>
    <trkpt lat="39.517629" lon="3.028358"/>
    <trkpt lat="39.517616" lon="3.028256"/>
    <trkpt lat="39.517507" lon="3.027445"/>
    <trkpt lat="39.517244" lon="3.025599"/>
    <trkpt lat="39.517132" lon="3.024775"/>
    <trkpt lat="39.517099" lon="3.024589"/>
    <trkpt lat="39.517044" lon="3.024729"/>
    <trkpt lat="39.516920" lon="3.025007"/>
    <trkpt lat="39.516442" lon="3.024365"/>
    <trkpt lat="39.516274" lon="3.024136"/>
    <trkpt lat="39.516455" lon="3.023793"/>
    <trkpt lat="39.516680" lon="3.023351"/>
    <trkpt lat="39.516414" lon="3.022995"/>
    <trkpt lat="39.516207" lon="3.022728"/>
    <trkpt lat="39.516080" lon="3.022553"/>
    <trkpt lat="39.515995" lon="3.022445"/>
    <trkpt lat="39.515813" lon="3.022214"/>
    <trkpt lat="39.514991" lon="3.021369"/>
    <trkpt lat="39.514864" lon="3.021572"/>
    <trkpt lat="39.514648" lon="3.021916"/>
    <trkpt lat="39.514626" lon="3.021952"/>
    <trkpt lat="39.514604" lon="3.021989"/>
    <trkpt lat="39.514080" lon="3.021306"/>
    <trkpt lat="39.514604" lon="3.020702"/>
    <trkpt lat="39.514017" lon="3.019907"/>
    <trkpt lat="39.513499" lon="3.020330"/>
    <trkpt lat="39.512957" lon="3.019648"/>
    <trkpt lat="39.512763" lon="3.019413"/>
    <trkpt lat="39.512591" lon="3.019211"/>
    <trkpt lat="39.512283" lon="3.018832"/>
    <trkpt lat="39.512158" lon="3.018672"/>
    <trkpt lat="39.512398" lon="3.018242"/>
    <trkpt lat="39.512616" lon="3.017894"/>
    <trkpt lat="39.512727" lon="3.017734"/>
    <trkpt lat="39.512874" lon="3.017541"/>
    <trkpt lat="39.513066" lon="3.017314"/>
    <trkpt lat="39.512750" lon="3.016837"/>
    <trkpt lat="39.512251" lon="3.016113"/>
    <trkpt lat="39.512242" lon="3.016065"/>
    <trkpt lat="39.512233" lon="3.016001"/>
    <trkpt lat="39.512222" lon="3.015938"/>
    <trkpt lat="39.512233" lon="3.015914"/>
    <trkpt lat="39.512321" lon="3.015872"/>
    <trkpt lat="39.512416" lon="3.015842"/>
    <trkpt lat="39.513698" lon="3.015895"/>
    <trkpt lat="39.513944" lon="3.015902"/>
    <trkpt lat="39.514141" lon="3.015890"/>
    <trkpt lat="39.514399" lon="3.015853"/>
    <trkpt lat="39.514577" lon="3.015815"/>
    <trkpt lat="39.514782" lon="3.015759"/>
    <trkpt lat="39.514992" lon="3.015688"/>
    <trkpt lat="39.515247" lon="3.015603"/>
    <trkpt lat="39.515504" lon="3.015528"/>
    <trkpt lat="39.515766" lon="3.015479"/>
    <trkpt lat="39.516011" lon="3.015449"/>
    <trkpt lat="39.516269" lon="3.015443"/>
    <trkpt lat="39.516495" lon="3.015465"/>
    <trkpt lat="39.516768" lon="3.015489"/>
    <trkpt lat="39.518154" lon="3.015619"/>
    <trkpt lat="39.518586" lon="3.015659"/>
    <trkpt lat="39.518911" lon="3.015652"/>
    <trkpt lat="39.519081" lon="3.015624"/>
    <trkpt lat="39.519230" lon="3.015572"/>
    <trkpt lat="39.521389" lon="3.014816"/>
    <trkpt lat="39.521753" lon="3.014667"/>
    <trkpt lat="39.522080" lon="3.014522"/>
    <trkpt lat="39.522405" lon="3.014337"/>
    <trkpt lat="39.523094" lon="3.013872"/>
    <trkpt lat="39.523463" lon="3.013608"/>
    <trkpt lat="39.523694" lon="3.013450"/>
    <trkpt lat="39.523822" lon="3.013367"/>
    <trkpt lat="39.524122" lon="3.013237"/>
    <trkpt lat="39.524463" lon="3.013154"/>
    <trkpt lat="39.524742" lon="3.013189"/>
    <trkpt lat="39.524906" lon="3.013264"/>
    <trkpt lat="39.524947" lon="3.013320"/>
    <trkpt lat="39.524990" lon="3.013347"/>
    <trkpt lat="39.525035" lon="3.013362"/>
    <trkpt lat="39.525078" lon="3.013360"/>
    <trkpt lat="39.525132" lon="3.013341"/>
    <trkpt lat="39.525167" lon="3.013317"/>
    <trkpt lat="39.525201" lon="3.013282"/>
    <trkpt lat="39.525287" lon="3.013242"/>
    <trkpt lat="39.525363" lon="3.013212"/>
    <trkpt lat="39.525426" lon="3.013197"/>
    <trkpt lat="39.525667" lon="3.013183"/>
    <trkpt lat="39.525919" lon="3.013215"/>
    <trkpt lat="39.526239" lon="3.013233"/>
    <trkpt lat="39.526586" lon="3.013224"/>
    <trkpt lat="39.527392" lon="3.013169"/>
    <trkpt lat="39.527538" lon="3.013160"/>
    <trkpt lat="39.528188" lon="3.013121"/>
    <trkpt lat="39.529091" lon="3.013066"/>
    <trkpt lat="39.530286" lon="3.012992"/>
    <trkpt lat="39.530554" lon="3.012980"/>
    <trkpt lat="39.530759" lon="3.012983"/>
    <trkpt lat="39.530959" lon="3.013005"/>
    <trkpt lat="39.531293" lon="3.013072"/>
    <trkpt lat="39.531469" lon="3.013132"/>
    <trkpt lat="39.531617" lon="3.013182"/>
    <trkpt lat="39.532063" lon="3.013406"/>
    <trkpt lat="39.532311" lon="3.013589"/>
    <trkpt lat="39.532504" lon="3.013747"/>
    <trkpt lat="39.532708" lon="3.013922"/>
    <trkpt lat="39.533278" lon="3.014418"/>
    <trkpt lat="39.533849" lon="3.014896"/>
    <trkpt lat="39.534100" lon="3.015054"/>
    <trkpt lat="39.534421" lon="3.015194"/>
    <trkpt lat="39.534592" lon="3.015255"/>
    <trkpt lat="39.534760" lon="3.015298"/>
    <trkpt lat="39.534989" lon="3.015337"/>
    <trkpt lat="39.535136" lon="3.015354"/>
    <trkpt lat="39.535333" lon="3.015353"/>
    <trkpt lat="39.535539" lon="3.015334"/>
    <trkpt lat="39.535744" lon="3.015300"/>
    <trkpt lat="39.535995" lon="3.015231"/>
    <trkpt lat="39.536237" lon="3.015134"/>
    <trkpt lat="39.536653" lon="3.014896"/>
    <trkpt lat="39.537265" lon="3.014372"/>
    <trkpt lat="39.537777" lon="3.013928"/>
    <trkpt lat="39.537891" lon="3.013830"/>
    <trkpt lat="39.538437" lon="3.013354"/>
    <trkpt lat="39.538898" lon="3.012952"/>
    <trkpt lat="39.539156" lon="3.012754"/>
    <trkpt lat="39.539466" lon="3.012596"/>
    <trkpt lat="39.539840" lon="3.012435"/>
    <trkpt lat="39.540229" lon="3.012349"/>
    <trkpt lat="39.541499" lon="3.012208"/>
    <trkpt lat="39.542015" lon="3.012119"/>
    <trkpt lat="39.542529" lon="3.011990"/>
    <trkpt lat="39.542603" lon="3.011958"/>
    <trkpt lat="39.543009" lon="3.011784"/>
    <trkpt lat="39.543397" lon="3.011568"/>
    <trkpt lat="39.543742" lon="3.011333"/>
    <trkpt lat="39.543938" lon="3.011200"/>
    <trkpt lat="39.544482" lon="3.010745"/>
    <trkpt lat="39.544914" lon="3.010225"/>
    <trkpt lat="39.545250" lon="3.009773"/>
    <trkpt lat="39.545341" lon="3.009652"/>
    <trkpt lat="39.546933" lon="3.007027"/>
    <trkpt lat="39.547148" lon="3.006687"/>
    <trkpt lat="39.547409" lon="3.006327"/>
    <trkpt lat="39.547435" lon="3.006298"/>
    <trkpt lat="39.547597" lon="3.006115"/>
    <trkpt lat="39.547876" lon="3.005817"/>
    <trkpt lat="39.549282" lon="3.004412"/>
    <trkpt lat="39.549772" lon="3.003921"/>
    <trkpt lat="39.551355" lon="3.002339"/>
    <trkpt lat="39.551941" lon="3.001746"/>
    <trkpt lat="39.553075" lon="3.000599"/>
    <trkpt lat="39.553944" lon="2.999740"/>
    <trkpt lat="39.554637" lon="2.999088"/>
    <trkpt lat="39.554836" lon="2.998901"/>
    <trkpt lat="39.555325" lon="2.998471"/>
    <trkpt lat="39.555915" lon="2.997951"/>
    <trkpt lat="39.556056" lon="2.997828"/>
    <trkpt lat="39.557326" lon="2.996778"/>
    <trkpt lat="39.557958" lon="2.996253"/>
    <trkpt lat="39.558085" lon="2.996147"/>
    <trkpt lat="39.558418" lon="2.995870"/>
    <trkpt lat="39.559314" lon="2.995134"/>
    <trkpt lat="39.559485" lon="2.995049"/>
    <trkpt lat="39.559643" lon="2.995028"/>
    <trkpt lat="39.559718" lon="2.995038"/>
    <trkpt lat="39.559777" lon="2.995016"/>
    <trkpt lat="39.559821" lon="2.994976"/>
    <trkpt lat="39.559857" lon="2.994916"/>
    <trkpt lat="39.559876" lon="2.994827"/>
    <trkpt lat="39.559879" lon="2.994802"/>
    <trkpt lat="39.559931" lon="2.994644"/>
    <trkpt lat="39.560015" lon="2.994533"/>
    <trkpt lat="39.560417" lon="2.994203"/>
    <trkpt lat="39.561320" lon="2.993494"/>
    <trkpt lat="39.561596" lon="2.993259"/>
    <trkpt lat="39.561719" lon="2.993200"/>
    <trkpt lat="39.561785" lon="2.993189"/>
    <trkpt lat="39.561842" lon="2.993188"/>
    <trkpt lat="39.561912" lon="2.993229"/>
    <trkpt lat="39.561975" lon="2.993236"/>
    <trkpt lat="39.562023" lon="2.993225"/>
    <trkpt lat="39.562099" lon="2.993170"/>
    <trkpt lat="39.562140" lon="2.993109"/>
    <trkpt lat="39.562156" lon="2.993067"/>
    <trkpt lat="39.562170" lon="2.992931"/>
    <trkpt lat="39.562237" lon="2.992802"/>
    <trkpt lat="39.562342" lon="2.992697"/>
    <trkpt lat="39.562786" lon="2.992435"/>
    <trkpt lat="39.563269" lon="2.992172"/>
    <trkpt lat="39.563772" lon="2.991962"/>
    <trkpt lat="39.564074" lon="2.991859"/>
    <trkpt lat="39.564361" lon="2.991740"/>
    <trkpt lat="39.564685" lon="2.991613"/>
    <trkpt lat="39.564883" lon="2.991505"/>
    <trkpt lat="39.564915" lon="2.991487"/>
    <trkpt lat="39.565599" lon="2.990979"/>
    <trkpt lat="39.566007" lon="2.990685"/>
    <trkpt lat="39.566276" lon="2.990490"/>
    <trkpt lat="39.566579" lon="2.990273"/>
    <trkpt lat="39.567160" lon="2.989808"/>
    <trkpt lat="39.567335" lon="2.989763"/>
    <trkpt lat="39.567391" lon="2.989767"/>
    <trkpt lat="39.567448" lon="2.989744"/>
    <trkpt lat="39.567505" lon="2.989677"/>
    <trkpt lat="39.567524" lon="2.989624"/>
    <trkpt lat="39.567521" lon="2.989491"/>
    <trkpt lat="39.567492" lon="2.989430"/>
    <trkpt lat="39.567565" lon="2.989165"/>
    <trkpt lat="39.568203" lon="2.988149"/>
    <trkpt lat="39.569009" lon="2.986892"/>
    <trkpt lat="39.569295" lon="2.986430"/>
    <trkpt lat="39.569388" lon="2.986282"/>
    <trkpt lat="39.569436" lon="2.986008"/>
    <trkpt lat="39.569476" lon="2.985750"/>
    <trkpt lat="39.568995" lon="2.985270"/>
    <trkpt lat="39.568727" lon="2.985020"/>
    <trkpt lat="39.568374" lon="2.984690"/>
    <trkpt lat="39.567898" lon="2.984278"/>
    <trkpt lat="39.567607" lon="2.984017"/>
    <trkpt lat="39.566853" lon="2.983348"/>
    <trkpt lat="39.566727" lon="2.983245"/>
    <trkpt lat="39.566252" lon="2.982855"/>
    <trkpt lat="39.566118" lon="2.982747"/>
    <trkpt lat="39.566564" lon="2.982211"/>
    <trkpt lat="39.566738" lon="2.981854"/>
    <trkpt lat="39.566917" lon="2.981528"/>
    <trkpt lat="39.567114" lon="2.981236"/>
    <trkpt lat="39.567253" lon="2.981099"/>
    <trkpt lat="39.567399" lon="2.980956"/>
    <trkpt lat="39.567609" lon="2.980466"/>
    <trkpt lat="39.567068" lon="2.980017"/>
    <trkpt lat="39.566612" lon="2.979635"/>
    <trkpt lat="39.566081" lon="2.979176"/>
    <trkpt lat="39.566030" lon="2.979150"/>
    <trkpt lat="39.565902" lon="2.979076"/>
    <trkpt lat="39.565347" lon="2.977952"/>
    <trkpt lat="39.564798" lon="2.976840"/>
    <trkpt lat="39.564241" lon="2.975678"/>
    <trkpt lat="39.564123" lon="2.975426"/>
    <trkpt lat="39.564788" lon="2.974355"/>
    <trkpt lat="39.564964" lon="2.973979"/>
    <trkpt lat="39.565110" lon="2.973751"/>
    <trkpt lat="39.565479" lon="2.973440"/>
    <trkpt lat="39.566051" lon="2.972787"/>
    <trkpt lat="39.566076" lon="2.972759"/>
    <trkpt lat="39.567719" lon="2.971992"/>
    <trkpt lat="39.568066" lon="2.971729"/>
    <trkpt lat="39.569310" lon="2.970788"/>
    <trkpt lat="39.569373" lon="2.970697"/>
    <trkpt lat="39.569676" lon="2.970315"/>
    <trkpt lat="39.570803" lon="2.968744"/>
    <trkpt lat="39.571559" lon="2.967561"/>
    <trkpt lat="39.571681" lon="2.967123"/>
    <trkpt lat="39.571787" lon="2.966720"/>
    <trkpt lat="39.572650" lon="2.964902"/>
    <trkpt lat="39.572707" lon="2.964826"/>
    <trkpt lat="39.573195" lon="2.964175"/>
    <trkpt lat="39.574763" lon="2.962403"/>
    <trkpt lat="39.575854" lon="2.961290"/>
    <trkpt lat="39.575905" lon="2.961241"/>
    <trkpt lat="39.576633" lon="2.960555"/>
    <trkpt lat="39.577117" lon="2.960047"/>
    <trkpt lat="39.577498" lon="2.959356"/>
    <trkpt lat="39.577943" lon="2.958485"/>
    <trkpt lat="39.578413" lon="2.957714"/>
    <trkpt lat="39.579118" lon="2.956896"/>
    <trkpt lat="39.579420" lon="2.956277"/>
    <trkpt lat="39.579955" lon="2.955443"/>
    <trkpt lat="39.580412" lon="2.954635"/>
    <trkpt lat="39.580882" lon="2.953673"/>
    <trkpt lat="39.580912" lon="2.953609"/>
    <trkpt lat="39.581047" lon="2.953450"/>
    <trkpt lat="39.581801" lon="2.952551"/>
    <trkpt lat="39.582135" lon="2.952260"/>
    <trkpt lat="39.582672" lon="2.951663"/>
    <trkpt lat="39.583078" lon="2.951021"/>
    <trkpt lat="39.584386" lon="2.948757"/>
    <trkpt lat="39.584414" lon="2.948197"/>
    <trkpt lat="39.584402" lon="2.947595"/>
    <trkpt lat="39.584450" lon="2.947448"/>
    <trkpt lat="39.584796" lon="2.946843"/>
    <trkpt lat="39.585191" lon="2.946190"/>
    <trkpt lat="39.585922" lon="2.944983"/>
    <trkpt lat="39.586559" lon="2.944108"/>
    <trkpt lat="39.587577" lon="2.943570"/>
    <trkpt lat="39.589162" lon="2.942746"/>
    <trkpt lat="39.589832" lon="2.942398"/>
    <trkpt lat="39.591025" lon="2.941812"/>
    <trkpt lat="39.591330" lon="2.941731"/>
    <trkpt lat="39.592655" lon="2.941483"/>
    <trkpt lat="39.593913" lon="2.941256"/>
    <trkpt lat="39.595731" lon="2.940922"/>
    <trkpt lat="39.596797" lon="2.940746"/>
    <trkpt lat="39.598302" lon="2.940461"/>
    <trkpt lat="39.598825" lon="2.940362"/>
    <trkpt lat="39.598720" lon="2.939255"/>
    <trkpt lat="39.598701" lon="2.939053"/>
    <trkpt lat="39.598641" lon="2.938435"/>
    <trkpt lat="39.598318" lon="2.935348"/>
    <trkpt lat="39.598295" lon="2.935045"/>
    <trkpt lat="39.598230" lon="2.934690"/>
    <trkpt lat="39.597886" lon="2.933444"/>
    <trkpt lat="39.597865" lon="2.933323"/>
    <trkpt lat="39.597864" lon="2.933275"/>
    <trkpt lat="39.597887" lon="2.933172"/>
    <trkpt lat="39.598029" lon="2.932872"/>
    <trkpt lat="39.598330" lon="2.932193"/>
    <trkpt lat="39.598980" lon="2.930789"/>
    <trkpt lat="39.599360" lon="2.930084"/>
    <trkpt lat="39.599861" lon="2.929171"/>
    <trkpt lat="39.599956" lon="2.928964"/>
    <trkpt lat="39.600130" lon="2.928868"/>
    <trkpt lat="39.601088" lon="2.928398"/>
    <trkpt lat="39.601309" lon="2.928312"/>
    <trkpt lat="39.601657" lon="2.928247"/>
    <trkpt lat="39.602017" lon="2.928182"/>
    <trkpt lat="39.602721" lon="2.928048"/>
    <trkpt lat="39.603486" lon="2.927914"/>
    <trkpt lat="39.604383" lon="2.927828"/>
    <trkpt lat="39.604721" lon="2.927793"/>
    <trkpt lat="39.605063" lon="2.927812"/>
    <trkpt lat="39.605475" lon="2.927887"/>
    <trkpt lat="39.605774" lon="2.927880"/>
    <trkpt lat="39.605972" lon="2.927857"/>
    <trkpt lat="39.606318" lon="2.927712"/>
    <trkpt lat="39.606903" lon="2.927391"/>
    <trkpt lat="39.607240" lon="2.927427"/>
    <trkpt lat="39.607564" lon="2.927492"/>
    <trkpt lat="39.607828" lon="2.927535"/>
    <trkpt lat="39.608025" lon="2.927596"/>
    <trkpt lat="39.608166" lon="2.927682"/>
    <trkpt lat="39.608236" lon="2.927724"/>
    <trkpt lat="39.608450" lon="2.927929"/>
    <trkpt lat="39.608613" lon="2.928092"/>
    <trkpt lat="39.608822" lon="2.928239"/>
    <trkpt lat="39.609239" lon="2.928486"/>
    <trkpt lat="39.609445" lon="2.928604"/>
    <trkpt lat="39.609659" lon="2.928674"/>
    <trkpt lat="39.610198" lon="2.928815"/>
    <trkpt lat="39.611003" lon="2.928850"/>
    <trkpt lat="39.611818" lon="2.928851"/>
    <trkpt lat="39.612306" lon="2.928752"/>
    <trkpt lat="39.613027" lon="2.928528"/>
    <trkpt lat="39.613370" lon="2.928505"/>
    <trkpt lat="39.613692" lon="2.928588"/>
    <trkpt lat="39.614110" lon="2.928822"/>
    <trkpt lat="39.614971" lon="2.929487"/>
    <trkpt lat="39.615076" lon="2.929559"/>
    <trkpt lat="39.615658" lon="2.929983"/>
    <trkpt lat="39.616099" lon="2.930123"/>
    <trkpt lat="39.616511" lon="2.930125"/>
    <trkpt lat="39.617550" lon="2.930040"/>
    <trkpt lat="39.617720" lon="2.930026"/>
    <trkpt lat="39.618045" lon="2.930000"/>
    <trkpt lat="39.618860" lon="2.929762"/>
    <trkpt lat="39.619369" lon="2.929625"/>
    <trkpt lat="39.620291" lon="2.929612"/>
    <trkpt lat="39.622420" lon="2.928931"/>
    <trkpt lat="39.622905" lon="2.928755"/>
    <trkpt lat="39.623337" lon="2.928599"/>
    <trkpt lat="39.623528" lon="2.928482"/>
    <trkpt lat="39.623892" lon="2.928347"/>
    <trkpt lat="39.623861" lon="2.928096"/>
    <trkpt lat="39.623822" lon="2.927732"/>
    <trkpt lat="39.623765" lon="2.926932"/>
    <trkpt lat="39.623662" lon="2.925406"/>
    <trkpt lat="39.623592" lon="2.924764"/>
    <trkpt lat="39.623492" lon="2.924130"/>
    <trkpt lat="39.623477" lon="2.924031"/>
    <trkpt lat="39.623443" lon="2.923816"/>
    <trkpt lat="39.622514" lon="2.918753"/>
    <trkpt lat="39.622287" lon="2.917737"/>
    <trkpt lat="39.622178" lon="2.917330"/>
    <trkpt lat="39.621706" lon="2.915569"/>
    <trkpt lat="39.621595" lon="2.915046"/>
    <trkpt lat="39.621570" lon="2.914926"/>
    <trkpt lat="39.621532" lon="2.914577"/>
    <trkpt lat="39.621512" lon="2.914388"/>
    <trkpt lat="39.621512" lon="2.913768"/>
    <trkpt lat="39.621512" lon="2.912825"/>
    <trkpt lat="39.621521" lon="2.912678"/>
    <trkpt lat="39.621541" lon="2.912373"/>
    <trkpt lat="39.621515" lon="2.912060"/>
    <trkpt lat="39.621512" lon="2.911722"/>
    <trkpt lat="39.621471" lon="2.911297"/>
    <trkpt lat="39.621118" lon="2.908575"/>
    <trkpt lat="39.620660" lon="2.905050"/>
    <trkpt lat="39.619672" lon="2.897066"/>
    <trkpt lat="39.619254" lon="2.893693"/>
    <trkpt lat="39.619194" lon="2.893205"/>
    <trkpt lat="39.618760" lon="2.889700"/>
    <trkpt lat="39.618706" lon="2.889373"/>
    <trkpt lat="39.618654" lon="2.889013"/>
    <trkpt lat="39.617978" lon="2.883494"/>
    <trkpt lat="39.617876" lon="2.882686"/>
    <trkpt lat="39.617760" lon="2.881763"/>
    <trkpt lat="39.617315" lon="2.877660"/>
    <trkpt lat="39.617257" lon="2.876993"/>
    <trkpt lat="39.617143" lon="2.875691"/>
    <trkpt lat="39.617068" lon="2.874806"/>
    <trkpt lat="39.617044" lon="2.874556"/>
    <trkpt lat="39.616752" lon="2.871487"/>
    <trkpt lat="39.616546" lon="2.869330"/>
    <trkpt lat="39.616107" lon="2.866342"/>
    <trkpt lat="39.615892" lon="2.865070"/>
    <trkpt lat="39.615612" lon="2.862510"/>
    <trkpt lat="39.615416" lon="2.860664"/>
    <trkpt lat="39.614894" lon="2.856271"/>
    <trkpt lat="39.614889" lon="2.856178"/>
    <trkpt lat="39.614541" lon="2.852858"/>
    <trkpt lat="39.614321" lon="2.850888"/>
    <trkpt lat="39.614143" lon="2.849297"/>
    <trkpt lat="39.613658" lon="2.844960"/>
    <trkpt lat="39.612716" lon="2.837346"/>
    <trkpt lat="39.612574" lon="2.836000"/>
    <trkpt lat="39.612543" lon="2.835645"/>
    <trkpt lat="39.612459" lon="2.834642"/>
    <trkpt lat="39.612384" lon="2.833987"/>
    <trkpt lat="39.612244" lon="2.832945"/>
    <trkpt lat="39.612092" lon="2.831809"/>
    <trkpt lat="39.611999" lon="2.831114"/>
    <trkpt lat="39.611957" lon="2.830740"/>
    <trkpt lat="39.611889" lon="2.830056"/>
    <trkpt lat="39.611776" lon="2.828903"/>
    <trkpt lat="39.611593" lon="2.827222"/>
    <trkpt lat="39.611317" lon="2.826272"/>
    <trkpt lat="39.611194" lon="2.825944"/>
    <trkpt lat="39.611108" lon="2.825714"/>
    <trkpt lat="39.610907" lon="2.825382"/>
    <trkpt lat="39.610703" lon="2.825032"/>
    <trkpt lat="39.610372" lon="2.824461"/>
    <trkpt lat="39.608547" lon="2.821304"/>
    <trkpt lat="39.608412" lon="2.821089"/>
    <trkpt lat="39.607822" lon="2.820149"/>
    <trkpt lat="39.607729" lon="2.820009"/>
    <trkpt lat="39.607629" lon="2.819866"/>
    <trkpt lat="39.607518" lon="2.819722"/>
    <trkpt lat="39.607467" lon="2.819662"/>
    <trkpt lat="39.607418" lon="2.819605"/>
    <trkpt lat="39.607315" lon="2.819501"/>
    <trkpt lat="39.607212" lon="2.819406"/>
    <trkpt lat="39.607091" lon="2.819311"/>
    <trkpt lat="39.606969" lon="2.819224"/>
    <trkpt lat="39.606807" lon="2.819132"/>
    <trkpt lat="39.606656" lon="2.819050"/>
    <trkpt lat="39.606286" lon="2.818873"/>
    <trkpt lat="39.606015" lon="2.818748"/>
    <trkpt lat="39.605718" lon="2.818609"/>
    <trkpt lat="39.605462" lon="2.818487"/>
    <trkpt lat="39.605210" lon="2.818368"/>
    <trkpt lat="39.604569" lon="2.818061"/>
    <trkpt lat="39.604287" lon="2.817945"/>
    <trkpt lat="39.603964" lon="2.817828"/>
    <trkpt lat="39.603585" lon="2.817746"/>
    <trkpt lat="39.603463" lon="2.817723"/>
    <trkpt lat="39.602422" lon="2.817594"/>
    <trkpt lat="39.601777" lon="2.817520"/>
    <trkpt lat="39.601568" lon="2.817488"/>
    <trkpt lat="39.601398" lon="2.817453"/>
    <trkpt lat="39.601220" lon="2.817403"/>
    <trkpt lat="39.601114" lon="2.817362"/>
    <trkpt lat="39.601007" lon="2.817313"/>
    <trkpt lat="39.600832" lon="2.817214"/>
    <trkpt lat="39.600666" lon="2.817101"/>
    <trkpt lat="39.600554" lon="2.817010"/>
    <trkpt lat="39.600448" lon="2.816913"/>
    <trkpt lat="39.600383" lon="2.816848"/>
    <trkpt lat="39.600299" lon="2.816755"/>
    <trkpt lat="39.600227" lon="2.816669"/>
    <trkpt lat="39.600106" lon="2.816502"/>
    <trkpt lat="39.599982" lon="2.816305"/>
    <trkpt lat="39.599915" lon="2.816177"/>
    <trkpt lat="39.599849" lon="2.816036"/>
    <trkpt lat="39.599785" lon="2.815881"/>
    <trkpt lat="39.599722" lon="2.815706"/>
    <trkpt lat="39.599680" lon="2.815562"/>
    <trkpt lat="39.599640" lon="2.815409"/>
    <trkpt lat="39.599611" lon="2.815265"/>
    <trkpt lat="39.599585" lon="2.815108"/>
    <trkpt lat="39.599563" lon="2.814936"/>
    <trkpt lat="39.599537" lon="2.814676"/>
    <trkpt lat="39.599495" lon="2.814234"/>
    <trkpt lat="39.599464" lon="2.813830"/>
    <trkpt lat="39.599423" lon="2.813473"/>
    <trkpt lat="39.599377" lon="2.813191"/>
    <trkpt lat="39.599312" lon="2.812920"/>
    <trkpt lat="39.599233" lon="2.812672"/>
    <trkpt lat="39.599160" lon="2.812487"/>
    <trkpt lat="39.599076" lon="2.812315"/>
    <trkpt lat="39.599014" lon="2.812196"/>
    <trkpt lat="39.598940" lon="2.812073"/>
    <trkpt lat="39.598796" lon="2.811866"/>
    <trkpt lat="39.598662" lon="2.811707"/>
    <trkpt lat="39.598508" lon="2.811541"/>
    <trkpt lat="39.598155" lon="2.811213"/>
    <trkpt lat="39.597832" lon="2.810938"/>
    <trkpt lat="39.597751" lon="2.810876"/>
    <trkpt lat="39.597651" lon="2.810808"/>
    <trkpt lat="39.597561" lon="2.810748"/>
    <trkpt lat="39.597475" lon="2.810706"/>
    <trkpt lat="39.597367" lon="2.810661"/>
    <trkpt lat="39.597267" lon="2.810623"/>
    <trkpt lat="39.597067" lon="2.810575"/>
    <trkpt lat="39.596917" lon="2.810562"/>
    <trkpt lat="39.596801" lon="2.810554"/>
    <trkpt lat="39.596339" lon="2.810570"/>
    <trkpt lat="39.595890" lon="2.810546"/>
    <trkpt lat="39.595582" lon="2.810410"/>
    <trkpt lat="39.595383" lon="2.810264"/>
    <trkpt lat="39.595103" lon="2.809890"/>
    <trkpt lat="39.594968" lon="2.809533"/>
    <trkpt lat="39.594914" lon="2.809332"/>
    <trkpt lat="39.594847" lon="2.809082"/>
    <trkpt lat="39.594803" lon="2.807113"/>
    <trkpt lat="39.594822" lon="2.806830"/>
    <trkpt lat="39.595162" lon="2.805050"/>
    <trkpt lat="39.595312" lon="2.804312"/>
    <trkpt lat="39.595375" lon="2.803846"/>
    <trkpt lat="39.595381" lon="2.803269"/>
    <trkpt lat="39.595321" lon="2.802883"/>
    <trkpt lat="39.595251" lon="2.802581"/>
    <trkpt lat="39.595184" lon="2.802289"/>
    <trkpt lat="39.594942" lon="2.801537"/>
    <trkpt lat="39.594123" lon="2.799137"/>
    <trkpt lat="39.593838" lon="2.798467"/>
    <trkpt lat="39.593203" lon="2.797308"/>
    <trkpt lat="39.592959" lon="2.796802"/>
    <trkpt lat="39.592628" lon="2.795575"/>
    <trkpt lat="39.591656" lon="2.791257"/>
    <trkpt lat="39.591517" lon="2.790597"/>
    <trkpt lat="39.591415" lon="2.790099"/>
    <trkpt lat="39.591368" lon="2.789775"/>
    <trkpt lat="39.591346" lon="2.789467"/>
    <trkpt lat="39.591339" lon="2.789132"/>
    <trkpt lat="39.591382" lon="2.787960"/>
    <trkpt lat="39.591403" lon="2.787414"/>
    <trkpt lat="39.591437" lon="2.786494"/>
    <trkpt lat="39.591426" lon="2.786021"/>
    <trkpt lat="39.591399" lon="2.784848"/>
    <trkpt lat="39.591391" lon="2.784528"/>
    <trkpt lat="39.591132" lon="2.782698"/>
    <trkpt lat="39.591060" lon="2.782211"/>
    <trkpt lat="39.590267" lon="2.779713"/>
    <trkpt lat="39.589155" lon="2.776811"/>
    <trkpt lat="39.588790" lon="2.776002"/>
    <trkpt lat="39.588367" lon="2.775062"/>
    <trkpt lat="39.587942" lon="2.774107"/>
    <trkpt lat="39.587261" lon="2.772617"/>
    <trkpt lat="39.586925" lon="2.771882"/>
    <trkpt lat="39.586838" lon="2.771693"/>
    <trkpt lat="39.586678" lon="2.771304"/>
    <trkpt lat="39.586212" lon="2.770177"/>
    <trkpt lat="39.586096" lon="2.769813"/>
    <trkpt lat="39.586007" lon="2.769535"/>
    <trkpt lat="39.585924" lon="2.769149"/>
    <trkpt lat="39.585868" lon="2.768747"/>
    <trkpt lat="39.585834" lon="2.768445"/>
    <trkpt lat="39.585821" lon="2.768016"/>
    <trkpt lat="39.585832" lon="2.767403"/>
    <trkpt lat="39.585836" lon="2.765994"/>
    <trkpt lat="39.585802" lon="2.765018"/>
    <trkpt lat="39.585717" lon="2.764023"/>
    <trkpt lat="39.585705" lon="2.763878"/>
    <trkpt lat="39.585642" lon="2.763139"/>
    <trkpt lat="39.585518" lon="2.761688"/>
    <trkpt lat="39.585559" lon="2.761293"/>
    <trkpt lat="39.585581" lon="2.761090"/>
    <trkpt lat="39.586480" lon="2.757279"/>
    <trkpt lat="39.586539" lon="2.757025"/>
    <trkpt lat="39.586602" lon="2.756768"/>
    <trkpt lat="39.587046" lon="2.754942"/>
    <trkpt lat="39.587141" lon="2.753779"/>
    <trkpt lat="39.587216" lon="2.752854"/>
    <trkpt lat="39.587397" lon="2.750450"/>
    <trkpt lat="39.587533" lon="2.748956"/>
    <trkpt lat="39.587828" lon="2.744903"/>
    <trkpt lat="39.587941" lon="2.742890"/>
    <trkpt lat="39.587969" lon="2.742642"/>
    <trkpt lat="39.588106" lon="2.740918"/>
    <trkpt lat="39.588214" lon="2.739565"/>
    <trkpt lat="39.588227" lon="2.738950"/>
    <trkpt lat="39.588179" lon="2.738270"/>
    <trkpt lat="39.588090" lon="2.737719"/>
    <trkpt lat="39.587918" lon="2.737118"/>
    <trkpt lat="39.587885" lon="2.737004"/>
    <trkpt lat="39.587471" lon="2.735857"/>
    <trkpt lat="39.587429" lon="2.735751"/>
    <trkpt lat="39.586678" lon="2.733879"/>
    <trkpt lat="39.586216" lon="2.732713"/>
    <trkpt lat="39.586007" lon="2.732190"/>
    <trkpt lat="39.585799" lon="2.731669"/>
    <trkpt lat="39.585628" lon="2.731266"/>
    <trkpt lat="39.585422" lon="2.730749"/>
    <trkpt lat="39.585049" lon="2.729827"/>
    <trkpt lat="39.584642" lon="2.728819"/>
    <trkpt lat="39.584510" lon="2.728494"/>
    <trkpt lat="39.584166" lon="2.727947"/>
    <trkpt lat="39.583929" lon="2.727610"/>
    <trkpt lat="39.583667" lon="2.727238"/>
    <trkpt lat="39.583303" lon="2.726755"/>
    <trkpt lat="39.582955" lon="2.726215"/>
    <trkpt lat="39.582734" lon="2.725811"/>
    <trkpt lat="39.582094" lon="2.724379"/>
    <trkpt lat="39.581506" lon="2.722970"/>
    <trkpt lat="39.580759" lon="2.721086"/>
    <trkpt lat="39.580615" lon="2.720771"/>
    <trkpt lat="39.580198" lon="2.720024"/>
    <trkpt lat="39.579758" lon="2.719331"/>
    <trkpt lat="39.579687" lon="2.719214"/>
    <trkpt lat="39.579232" lon="2.718455"/>
    <trkpt lat="39.579144" lon="2.718298"/>
    <trkpt lat="39.579035" lon="2.718030"/>
    <trkpt lat="39.579019" lon="2.717980"/>
    <trkpt lat="39.578924" lon="2.717614"/>
    <trkpt lat="39.578888" lon="2.717456"/>
    <trkpt lat="39.578863" lon="2.717234"/>
    <trkpt lat="39.578843" lon="2.716990"/>
    <trkpt lat="39.578858" lon="2.716525"/>
    <trkpt lat="39.578862" lon="2.716493"/>
    <trkpt lat="39.578903" lon="2.716091"/>
    <trkpt lat="39.578923" lon="2.715935"/>
    <trkpt lat="39.578926" lon="2.715762"/>
    <trkpt lat="39.578934" lon="2.715438"/>
    <trkpt lat="39.578911" lon="2.714951"/>
    <trkpt lat="39.578889" lon="2.714123"/>
    <trkpt lat="39.578860" lon="2.713268"/>
    <trkpt lat="39.578814" lon="2.712673"/>
    <trkpt lat="39.578766" lon="2.712260"/>
    <trkpt lat="39.578747" lon="2.712009"/>
    <trkpt lat="39.578738" lon="2.711792"/>
    <trkpt lat="39.578732" lon="2.711235"/>
    <trkpt lat="39.578768" lon="2.711005"/>
    <trkpt lat="39.578783" lon="2.710940"/>
    <trkpt lat="39.578793" lon="2.710920"/>
    <trkpt lat="39.578816" lon="2.710876"/>
    <trkpt lat="39.578875" lon="2.710815"/>
    <trkpt lat="39.578924" lon="2.710789"/>
    <trkpt lat="39.578978" lon="2.710745"/>
    <trkpt lat="39.579009" lon="2.710702"/>
    <trkpt lat="39.579048" lon="2.710635"/>
    <trkpt lat="39.579078" lon="2.710549"/>
    <trkpt lat="39.579090" lon="2.710462"/>
    <trkpt lat="39.579095" lon="2.710393"/>
    <trkpt lat="39.579085" lon="2.710287"/>
    <trkpt lat="39.579077" lon="2.710250"/>
    <trkpt lat="39.579052" lon="2.710184"/>
    <trkpt lat="39.579014" lon="2.710120"/>
    <trkpt lat="39.578962" lon="2.710060"/>
    <trkpt lat="39.578912" lon="2.710021"/>
    <trkpt lat="39.578864" lon="2.709933"/>
    <trkpt lat="39.578855" lon="2.709905"/>
    <trkpt lat="39.578844" lon="2.709873"/>
    <trkpt lat="39.578783" lon="2.709596"/>
    <trkpt lat="39.578722" lon="2.709112"/>
    <trkpt lat="39.578687" lon="2.708821"/>
    <trkpt lat="39.578627" lon="2.708374"/>
    <trkpt lat="39.578560" lon="2.707788"/>
    <trkpt lat="39.578492" lon="2.707195"/>
    <trkpt lat="39.578436" lon="2.706831"/>
    <trkpt lat="39.578379" lon="2.706504"/>
    <trkpt lat="39.578309" lon="2.706160"/>
    <trkpt lat="39.578232" lon="2.705822"/>
    <trkpt lat="39.578149" lon="2.705480"/>
    <trkpt lat="39.578105" lon="2.705299"/>
    <trkpt lat="39.577944" lon="2.704659"/>
    <trkpt lat="39.577632" lon="2.703427"/>
    <trkpt lat="39.576983" lon="2.700822"/>
    <trkpt lat="39.576832" lon="2.700213"/>
    <trkpt lat="39.576701" lon="2.699639"/>
    <trkpt lat="39.575913" lon="2.696337"/>
    <trkpt lat="39.575759" lon="2.695728"/>
    <trkpt lat="39.575650" lon="2.695300"/>
    <trkpt lat="39.575496" lon="2.694787"/>
    <trkpt lat="39.575246" lon="2.694111"/>
    <trkpt lat="39.574998" lon="2.693497"/>
    <trkpt lat="39.574912" lon="2.693209"/>
    <trkpt lat="39.574781" lon="2.692646"/>
    <trkpt lat="39.574769" lon="2.692585"/>
    <trkpt lat="39.574763" lon="2.692094"/>
    <trkpt lat="39.574902" lon="2.689206"/>
    <trkpt lat="39.574939" lon="2.688202"/>
    <trkpt lat="39.574926" lon="2.688026"/>
    <trkpt lat="39.574912" lon="2.687841"/>
    <trkpt lat="39.574335" lon="2.685879"/>
    <trkpt lat="39.574297" lon="2.685747"/>
    <trkpt lat="39.574285" lon="2.685651"/>
    <trkpt lat="39.574276" lon="2.685575"/>
    <trkpt lat="39.574278" lon="2.685528"/>
    <trkpt lat="39.574284" lon="2.685480"/>
    <trkpt lat="39.574308" lon="2.685404"/>
    <trkpt lat="39.574333" lon="2.685377"/>
    <trkpt lat="39.574350" lon="2.685340"/>
    <trkpt lat="39.574361" lon="2.685304"/>
    <trkpt lat="39.574368" lon="2.685269"/>
    <trkpt lat="39.574369" lon="2.685231"/>
    <trkpt lat="39.574362" lon="2.685189"/>
    <trkpt lat="39.574349" lon="2.685151"/>
    <trkpt lat="39.574328" lon="2.685116"/>
    <trkpt lat="39.574307" lon="2.685088"/>
    <trkpt lat="39.574274" lon="2.685061"/>
    <trkpt lat="39.574237" lon="2.685045"/>
    <trkpt lat="39.574191" lon="2.685041"/>
    <trkpt lat="39.574161" lon="2.685052"/>
    <trkpt lat="39.574133" lon="2.685067"/>
    <trkpt lat="39.574106" lon="2.685088"/>
    <trkpt lat="39.574083" lon="2.685117"/>
    <trkpt lat="39.574062" lon="2.685161"/>
    <trkpt lat="39.574048" lon="2.685207"/>
    <trkpt lat="39.574014" lon="2.685241"/>
    <trkpt lat="39.573981" lon="2.685273"/>
    <trkpt lat="39.573946" lon="2.685300"/>
    <trkpt lat="39.573886" lon="2.685342"/>
    <trkpt lat="39.573838" lon="2.685353"/>
    <trkpt lat="39.573641" lon="2.685397"/>
    <trkpt lat="39.572960" lon="2.685531"/>
    <trkpt lat="39.572563" lon="2.685615"/>
    <trkpt lat="39.572218" lon="2.685688"/>
    <trkpt lat="39.572061" lon="2.685720"/>
    <trkpt lat="39.571654" lon="2.685773"/>
    <trkpt lat="39.570967" lon="2.685840"/>
    <trkpt lat="39.570828" lon="2.685807"/>
    <trkpt lat="39.570736" lon="2.685775"/>
    <trkpt lat="39.570640" lon="2.685724"/>
    <trkpt lat="39.570607" lon="2.685681"/>
    <trkpt lat="39.570568" lon="2.685647"/>
    <trkpt lat="39.570517" lon="2.685532"/>
    <trkpt lat="39.570488" lon="2.685423"/>
    <trkpt lat="39.570483" lon="2.685277"/>
    <trkpt lat="39.570480" lon="2.685015"/>
    <trkpt lat="39.570458" lon="2.683227"/>
    <trkpt lat="39.570454" lon="2.683014"/>
    <trkpt lat="39.570423" lon="2.680904"/>
    <trkpt lat="39.570416" lon="2.680620"/>
    <trkpt lat="39.570409" lon="2.680321"/>
    <trkpt lat="39.570407" lon="2.680047"/>
    <trkpt lat="39.570404" lon="2.679426"/>
    <trkpt lat="39.570409" lon="2.678929"/>
    <trkpt lat="39.570432" lon="2.678461"/>
    <trkpt lat="39.570460" lon="2.678209"/>
    <trkpt lat="39.570513" lon="2.677834"/>
    <trkpt lat="39.570538" lon="2.677670"/>
    <trkpt lat="39.570579" lon="2.677398"/>
    <trkpt lat="39.570638" lon="2.677031"/>
    <trkpt lat="39.570663" lon="2.676887"/>
    <trkpt lat="39.570676" lon="2.676826"/>
    <trkpt lat="39.570691" lon="2.676774"/>
    <trkpt lat="39.570723" lon="2.676710"/>
    <trkpt lat="39.570758" lon="2.676669"/>
    <trkpt lat="39.570788" lon="2.676653"/>
    <trkpt lat="39.570817" lon="2.676628"/>
    <trkpt lat="39.570841" lon="2.676598"/>
    <trkpt lat="39.570861" lon="2.676563"/>
    <trkpt lat="39.570877" lon="2.676523"/>
    <trkpt lat="39.570886" lon="2.676480"/>
    <trkpt lat="39.570891" lon="2.676436"/>
    <trkpt lat="39.570889" lon="2.676391"/>
    <trkpt lat="39.570883" lon="2.676356"/>
    <trkpt lat="39.570868" lon="2.676243"/>
    <trkpt lat="39.570870" lon="2.676133"/>
    <trkpt lat="39.570873" lon="2.676085"/>
    <trkpt lat="39.570889" lon="2.676016"/>
    <trkpt lat="39.570916" lon="2.675931"/>
    <trkpt lat="39.570946" lon="2.675848"/>
    <trkpt lat="39.571000" lon="2.675732"/>
    <trkpt lat="39.571142" lon="2.675387"/>
    <trkpt lat="39.571175" lon="2.675281"/>
    <trkpt lat="39.571202" lon="2.675187"/>
    <trkpt lat="39.571213" lon="2.675106"/>
    <trkpt lat="39.571222" lon="2.675023"/>
    <trkpt lat="39.571226" lon="2.674935"/>
    <trkpt lat="39.571224" lon="2.674744"/>
    <trkpt lat="39.571220" lon="2.673816"/>
    <trkpt lat="39.571219" lon="2.673530"/>
    <trkpt lat="39.571220" lon="2.673242"/>
    <trkpt lat="39.571223" lon="2.672827"/>
    <trkpt lat="39.571224" lon="2.672659"/>
    <trkpt lat="39.571224" lon="2.672539"/>
    <trkpt lat="39.571229" lon="2.671712"/>
    <trkpt lat="39.571230" lon="2.671502"/>
    <trkpt lat="39.571232" lon="2.671171"/>
    <trkpt lat="39.571260" lon="2.671054"/>
    <trkpt lat="39.571310" lon="2.670730"/>
    <trkpt lat="39.571337" lon="2.670603"/>
    <trkpt lat="39.571346" lon="2.670520"/>
    <trkpt lat="39.571362" lon="2.669458"/>
    <trkpt lat="39.571369" lon="2.668968"/>
    <trkpt lat="39.571392" lon="2.667731"/>
    <trkpt lat="39.571401" lon="2.667213"/>
    <trkpt lat="39.571390" lon="2.666715"/>
    <trkpt lat="39.571393" lon="2.665634"/>
    <trkpt lat="39.571433" lon="2.665383"/>
    <trkpt lat="39.571447" lon="2.665190"/>
    <trkpt lat="39.571503" lon="2.664375"/>
    <trkpt lat="39.571577" lon="2.663328"/>
    <trkpt lat="39.571585" lon="2.663184"/>
    <trkpt lat="39.571558" lon="2.662448"/>
    <trkpt lat="39.571530" lon="2.661575"/>
    <trkpt lat="39.571523" lon="2.661339"/>
    <trkpt lat="39.571516" lon="2.661129"/>
    <trkpt lat="39.571481" lon="2.659872"/>
    <trkpt lat="39.571475" lon="2.659640"/>
    <trkpt lat="39.571460" lon="2.659052"/>
    <trkpt lat="39.571455" lon="2.658957"/>
    <trkpt lat="39.571439" lon="2.658170"/>
    <trkpt lat="39.571437" lon="2.658079"/>
    <trkpt lat="39.571427" lon="2.657155"/>
    <trkpt lat="39.571428" lon="2.657131"/>
    <trkpt lat="39.571427" lon="2.656772"/>
    <trkpt lat="39.571508" lon="2.656769"/>
    <trkpt lat="39.571680" lon="2.656791"/>
    <trkpt lat="39.572038" lon="2.656838"/>
    <trkpt lat="39.572399" lon="2.656889"/>
    <trkpt lat="39.572592" lon="2.656917"/>
    <trkpt lat="39.572646" lon="2.656916"/>
    <trkpt lat="39.572721" lon="2.656896"/>
    <trkpt lat="39.572794" lon="2.656845"/>
    <trkpt lat="39.572882" lon="2.656755"/>
    <trkpt lat="39.572970" lon="2.656642"/>
    <trkpt lat="39.573035" lon="2.656550"/>
    <trkpt lat="39.573231" lon="2.656293"/>
    <trkpt lat="39.573423" lon="2.656038"/>
    <trkpt lat="39.573548" lon="2.655885"/>
    <trkpt lat="39.573576" lon="2.655851"/>
    <trkpt lat="39.573623" lon="2.655808"/>
    <trkpt lat="39.573677" lon="2.655778"/>
    <trkpt lat="39.573784" lon="2.655754"/>
    <trkpt lat="39.573811" lon="2.655750"/>
    <trkpt lat="39.574319" lon="2.655669"/>
    <trkpt lat="39.574809" lon="2.655577"/>
    <trkpt lat="39.574899" lon="2.655556"/>
    <trkpt lat="39.574950" lon="2.655519"/>
    <trkpt lat="39.574980" lon="2.655497"/>
    <trkpt lat="39.575025" lon="2.655431"/>
    <trkpt lat="39.575085" lon="2.655325"/>
    <trkpt lat="39.575137" lon="2.655200"/>
    <trkpt lat="39.575198" lon="2.654879"/>
    <trkpt lat="39.575324" lon="2.654595"/>
    <trkpt lat="39.575341" lon="2.654561"/>
    <trkpt lat="39.575429" lon="2.654423"/>
    <trkpt lat="39.576024" lon="2.655272"/>
  </trkseg></trk>
</gpx>
