<?xml version="1.0" encoding="UTF-8"?>
<gpx version="1.1" creator="top-gas" xmlns="http://www.topografix.com/GPX/1/1" xmlns:xsi="http://www.w3.org/2001/XMLSchema-instance" xsi:schemaLocation="http://www.topografix.com/GPX/1/1 http://www.topografix.com/GPX/1/1/gpx.xsd">
  <metadata><name>04 · Levante: Porto Cristo, Portocolom y Santanyí (Fácil)</name><desc>Recorrido largo pero sencillo por la costa este: calas, puertos pesqueros y carreteras rápidas. Dificultad: Fácil. Distancia aprox.: 155 km.</desc><keywords>moto, mallorca, fácil</keywords></metadata>
  <wpt lat="39.576000" lon="2.655300"><name>Palma (Plaça d'Espanya)</name></wpt>
  <wpt lat="39.570000" lon="3.209400"><name>Manacor</name></wpt>
  <wpt lat="39.540600" lon="3.330800"><name>Porto Cristo</name></wpt>
  <wpt lat="39.416700" lon="3.258300"><name>Portocolom</name></wpt>
  <wpt lat="39.354200" lon="3.128300"><name>Santanyí</name></wpt>
  <wpt lat="39.430600" lon="3.019400"><name>Campos</name></wpt>
  <trk><name>04 · Levante: Porto Cristo, Portocolom y Santanyí (Fácil)</name><desc>Recorrido largo pero sencillo por la costa este: calas, puertos pesqueros y carreteras rápidas. Dificultad: Fácil. Distancia aprox.: 155 km.</desc><type>Moto</type><trkseg>
    <trkpt lat="39.576024" lon="2.655272"/>
    <trkpt lat="39.575429" lon="2.654423"/>
    <trkpt lat="39.575697" lon="2.654084"/>
    <trkpt lat="39.575734" lon="2.654057"/>
    <trkpt lat="39.575901" lon="2.653860"/>
    <trkpt lat="39.575926" lon="2.653835"/>
    <trkpt lat="39.575951" lon="2.653820"/>
    <trkpt lat="39.575996" lon="2.653802"/>
    <trkpt lat="39.576082" lon="2.653788"/>
    <trkpt lat="39.576092" lon="2.653774"/>
    <trkpt lat="39.576237" lon="2.653617"/>
    <trkpt lat="39.576267" lon="2.653590"/>
    <trkpt lat="39.576335" lon="2.653538"/>
    <trkpt lat="39.576487" lon="2.653436"/>
    <trkpt lat="39.576799" lon="2.653225"/>
    <trkpt lat="39.577293" lon="2.652892"/>
    <trkpt lat="39.577401" lon="2.652692"/>
    <trkpt lat="39.577417" lon="2.652645"/>
    <trkpt lat="39.577513" lon="2.652360"/>
    <trkpt lat="39.577363" lon="2.652360"/>
    <trkpt lat="39.577294" lon="2.652559"/>
    <trkpt lat="39.577277" lon="2.652608"/>
    <trkpt lat="39.577238" lon="2.652690"/>
    <trkpt lat="39.577196" lon="2.652758"/>
    <trkpt lat="39.577127" lon="2.652828"/>
    <trkpt lat="39.576432" lon="2.653287"/>
    <trkpt lat="39.576251" lon="2.653404"/>
    <trkpt lat="39.576184" lon="2.653459"/>
    <trkpt lat="39.575991" lon="2.653628"/>
    <trkpt lat="39.575978" lon="2.653644"/>
    <trkpt lat="39.575832" lon="2.653821"/>
    <trkpt lat="39.575552" lon="2.654140"/>
    <trkpt lat="39.575524" lon="2.654170"/>
    <trkpt lat="39.575501" lon="2.654195"/>
    <trkpt lat="39.575371" lon="2.654381"/>
    <trkpt lat="39.575299" lon="2.654524"/>
    <trkpt lat="39.575032" lon="2.655134"/>
    <trkpt lat="39.574982" lon="2.655248"/>
    <trkpt lat="39.574940" lon="2.655317"/>
    <trkpt lat="39.574931" lon="2.655329"/>
    <trkpt lat="39.574855" lon="2.655391"/>
    <trkpt lat="39.574788" lon="2.655423"/>
    <trkpt lat="39.574514" lon="2.655483"/>
    <trkpt lat="39.574348" lon="2.655504"/>
    <trkpt lat="39.573795" lon="2.655575"/>
    <trkpt lat="39.573748" lon="2.655581"/>
    <trkpt lat="39.573621" lon="2.655614"/>
    <trkpt lat="39.573539" lon="2.655654"/>
    <trkpt lat="39.573449" lon="2.655761"/>
    <trkpt lat="39.572953" lon="2.656416"/>
    <trkpt lat="39.572804" lon="2.656594"/>
    <trkpt lat="39.572780" lon="2.656617"/>
    <trkpt lat="39.572713" lon="2.656682"/>
    <trkpt lat="39.572668" lon="2.656715"/>
    <trkpt lat="39.572612" lon="2.656738"/>
    <trkpt lat="39.572569" lon="2.656741"/>
    <trkpt lat="39.572414" lon="2.656730"/>
    <trkpt lat="39.572135" lon="2.656693"/>
    <trkpt lat="39.571694" lon="2.656629"/>
    <trkpt lat="39.571501" lon="2.656600"/>
    <trkpt lat="39.571419" lon="2.656595"/>
    <trkpt lat="39.571370" lon="2.656595"/>
    <trkpt lat="39.571127" lon="2.656729"/>
    <trkpt lat="39.570848" lon="2.656899"/>
    <trkpt lat="39.570360" lon="2.657184"/>
    <trkpt lat="39.570327" lon="2.657204"/>
    <trkpt lat="39.570306" lon="2.657212"/>
    <trkpt lat="39.570212" lon="2.657242"/>
    <trkpt lat="39.570139" lon="2.657268"/>
    <trkpt lat="39.570117" lon="2.657439"/>
    <trkpt lat="39.571024" lon="2.657960"/>
    <trkpt lat="39.571063" lon="2.657981"/>
    <trkpt lat="39.571280" lon="2.658133"/>
    <trkpt lat="39.571353" lon="2.658184"/>
    <trkpt lat="39.571360" lon="2.658568"/>
    <trkpt lat="39.571361" lon="2.658656"/>
    <trkpt lat="39.571365" lon="2.658958"/>
    <trkpt lat="39.571368" lon="2.659059"/>
    <trkpt lat="39.571387" lon="2.659876"/>
    <trkpt lat="39.571418" lon="2.661134"/>
    <trkpt lat="39.571423" lon="2.661351"/>
    <trkpt lat="39.571433" lon="2.661603"/>
    <trkpt lat="39.571444" lon="2.661978"/>
    <trkpt lat="39.571459" lon="2.662452"/>
    <trkpt lat="39.571458" lon="2.663342"/>
    <trkpt lat="39.571402" lon="2.664373"/>
    <trkpt lat="39.571318" lon="2.665288"/>
    <trkpt lat="39.571314" lon="2.665363"/>
    <trkpt lat="39.571292" lon="2.665589"/>
    <trkpt lat="39.571294" lon="2.666343"/>
    <trkpt lat="39.571294" lon="2.666732"/>
    <trkpt lat="39.571294" lon="2.666801"/>
    <trkpt lat="39.571295" lon="2.667207"/>
    <trkpt lat="39.571285" lon="2.668093"/>
    <trkpt lat="39.571275" lon="2.668990"/>
    <trkpt lat="39.571268" lon="2.669622"/>
    <trkpt lat="39.571259" lon="2.670090"/>
    <trkpt lat="39.571245" lon="2.670418"/>
    <trkpt lat="39.571212" lon="2.671072"/>
    <trkpt lat="39.571232" lon="2.671171"/>
    <trkpt lat="39.571230" lon="2.671502"/>
    <trkpt lat="39.571229" lon="2.671713"/>
    <trkpt lat="39.571224" lon="2.672539"/>
    <trkpt lat="39.571224" lon="2.672659"/>
    <trkpt lat="39.571223" lon="2.672827"/>
    <trkpt lat="39.571220" lon="2.673243"/>
    <trkpt lat="39.571219" lon="2.673530"/>
    <trkpt lat="39.571220" lon="2.673816"/>
    <trkpt lat="39.571224" lon="2.674744"/>
    <trkpt lat="39.571202" lon="2.674890"/>
    <trkpt lat="39.571184" lon="2.674985"/>
    <trkpt lat="39.571168" lon="2.675048"/>
    <trkpt lat="39.571149" lon="2.675121"/>
    <trkpt lat="39.571128" lon="2.675200"/>
    <trkpt lat="39.571095" lon="2.675300"/>
    <trkpt lat="39.571055" lon="2.675422"/>
    <trkpt lat="39.571014" lon="2.675533"/>
    <trkpt lat="39.570982" lon="2.675621"/>
    <trkpt lat="39.570931" lon="2.675732"/>
    <trkpt lat="39.570875" lon="2.675838"/>
    <trkpt lat="39.570802" lon="2.675958"/>
    <trkpt lat="39.570755" lon="2.676045"/>
    <trkpt lat="39.570726" lon="2.676096"/>
    <trkpt lat="39.570697" lon="2.676131"/>
    <trkpt lat="39.570634" lon="2.676182"/>
    <trkpt lat="39.570606" lon="2.676198"/>
    <trkpt lat="39.570578" lon="2.676218"/>
    <trkpt lat="39.570554" lon="2.676245"/>
    <trkpt lat="39.570534" lon="2.676275"/>
    <trkpt lat="39.570518" lon="2.676310"/>
    <trkpt lat="39.570504" lon="2.676351"/>
    <trkpt lat="39.570498" lon="2.676386"/>
    <trkpt lat="39.570495" lon="2.676428"/>
    <trkpt lat="39.570497" lon="2.676472"/>
    <trkpt lat="39.570507" lon="2.676515"/>
    <trkpt lat="39.570522" lon="2.676555"/>
    <trkpt lat="39.570540" lon="2.676591"/>
    <trkpt lat="39.570567" lon="2.676646"/>
    <trkpt lat="39.570578" lon="2.676687"/>
    <trkpt lat="39.570587" lon="2.676726"/>
    <trkpt lat="39.570592" lon="2.676768"/>
    <trkpt lat="39.570592" lon="2.676808"/>
    <trkpt lat="39.570589" lon="2.676846"/>
    <trkpt lat="39.570583" lon="2.676880"/>
    <trkpt lat="39.570572" lon="2.676914"/>
    <trkpt lat="39.570562" lon="2.676945"/>
    <trkpt lat="39.570551" lon="2.676989"/>
    <trkpt lat="39.570515" lon="2.677224"/>
    <trkpt lat="39.570444" lon="2.677700"/>
    <trkpt lat="39.570384" lon="2.678096"/>
    <trkpt lat="39.570376" lon="2.678154"/>
    <trkpt lat="39.570344" lon="2.678423"/>
    <trkpt lat="39.570309" lon="2.678936"/>
    <trkpt lat="39.570304" lon="2.679829"/>
    <trkpt lat="39.570307" lon="2.680047"/>
    <trkpt lat="39.570316" lon="2.680912"/>
    <trkpt lat="39.570332" lon="2.681647"/>
    <trkpt lat="39.570342" lon="2.682494"/>
    <trkpt lat="39.570349" lon="2.682994"/>
    <trkpt lat="39.570375" lon="2.685011"/>
    <trkpt lat="39.570378" lon="2.685276"/>
    <trkpt lat="39.570356" lon="2.685551"/>
    <trkpt lat="39.570322" lon="2.685639"/>
    <trkpt lat="39.570275" lon="2.685678"/>
    <trkpt lat="39.570236" lon="2.685729"/>
    <trkpt lat="39.570206" lon="2.685789"/>
    <trkpt lat="39.570186" lon="2.685857"/>
    <trkpt lat="39.570178" lon="2.685928"/>
    <trkpt lat="39.570184" lon="2.686013"/>
    <trkpt lat="39.570205" lon="2.686093"/>
    <trkpt lat="39.570242" lon="2.686164"/>
    <trkpt lat="39.570264" lon="2.686193"/>
    <trkpt lat="39.570289" lon="2.686219"/>
    <trkpt lat="39.570336" lon="2.686308"/>
    <trkpt lat="39.570357" lon="2.686378"/>
    <trkpt lat="39.570365" lon="2.686471"/>
    <trkpt lat="39.570369" lon="2.686510"/>
    <trkpt lat="39.570363" lon="2.686674"/>
    <trkpt lat="39.570348" lon="2.687054"/>
    <trkpt lat="39.570321" lon="2.687580"/>
    <trkpt lat="39.570301" lon="2.687871"/>
    <trkpt lat="39.570293" lon="2.687977"/>
    <trkpt lat="39.570246" lon="2.688503"/>
    <trkpt lat="39.570198" lon="2.688972"/>
    <trkpt lat="39.570091" lon="2.689961"/>
    <trkpt lat="39.570036" lon="2.690506"/>
    <trkpt lat="39.569969" lon="2.691170"/>
    <trkpt lat="39.569853" lon="2.692705"/>
    <trkpt lat="39.569779" lon="2.694140"/>
    <trkpt lat="39.569769" lon="2.694397"/>
    <trkpt lat="39.569765" lon="2.694461"/>
    <trkpt lat="39.569756" lon="2.694635"/>
    <trkpt lat="39.569725" lon="2.695612"/>
    <trkpt lat="39.569723" lon="2.696249"/>
    <trkpt lat="39.569733" lon="2.696814"/>
    <trkpt lat="39.569775" lon="2.697405"/>
    <trkpt lat="39.569834" lon="2.698067"/>
    <trkpt lat="39.569939" lon="2.698942"/>
    <trkpt lat="39.569990" lon="2.699412"/>
    <trkpt lat="39.570019" lon="2.699882"/>
    <trkpt lat="39.570022" lon="2.700343"/>
    <trkpt lat="39.570007" lon="2.700800"/>
    <trkpt lat="39.569979" lon="2.701129"/>
    <trkpt lat="39.569938" lon="2.701443"/>
    <trkpt lat="39.569911" lon="2.701607"/>
    <trkpt lat="39.569817" lon="2.702113"/>
    <trkpt lat="39.569675" lon="2.702680"/>
    <trkpt lat="39.569418" lon="2.703721"/>
    <trkpt lat="39.569252" lon="2.704526"/>
    <trkpt lat="39.569090" lon="2.705477"/>
    <trkpt lat="39.568690" lon="2.707983"/>
    <trkpt lat="39.568551" lon="2.708852"/>
    <trkpt lat="39.568452" lon="2.709458"/>
    <trkpt lat="39.568426" lon="2.709614"/>
    <trkpt lat="39.568398" lon="2.709751"/>
    <trkpt lat="39.568360" lon="2.709852"/>
    <trkpt lat="39.568326" lon="2.709917"/>
    <trkpt lat="39.568284" lon="2.709969"/>
    <trkpt lat="39.568212" lon="2.710033"/>
    <trkpt lat="39.568173" lon="2.710057"/>
    <trkpt lat="39.568109" lon="2.710124"/>
    <trkpt lat="39.568050" lon="2.710226"/>
    <trkpt lat="39.568020" lon="2.710292"/>
    <trkpt lat="39.568000" lon="2.710351"/>
    <trkpt lat="39.567987" lon="2.710412"/>
    <trkpt lat="39.567982" lon="2.710486"/>
    <trkpt lat="39.567979" lon="2.710563"/>
    <trkpt lat="39.567988" lon="2.710639"/>
    <trkpt lat="39.567999" lon="2.710705"/>
    <trkpt lat="39.568017" lon="2.710761"/>
    <trkpt lat="39.568039" lon="2.710823"/>
    <trkpt lat="39.568085" lon="2.710906"/>
    <trkpt lat="39.568101" lon="2.710929"/>
    <trkpt lat="39.568127" lon="2.710992"/>
    <trkpt lat="39.568142" lon="2.711058"/>
    <trkpt lat="39.568148" lon="2.711160"/>
    <trkpt lat="39.568143" lon="2.711281"/>
    <trkpt lat="39.568136" lon="2.711397"/>
    <trkpt lat="39.568120" lon="2.711526"/>
    <trkpt lat="39.567822" lon="2.713369"/>
    <trkpt lat="39.567448" lon="2.715709"/>
    <trkpt lat="39.567425" lon="2.715854"/>
    <trkpt lat="39.567259" lon="2.716956"/>
    <trkpt lat="39.567125" lon="2.718012"/>
    <trkpt lat="39.566997" lon="2.719221"/>
    <trkpt lat="39.566926" lon="2.720395"/>
    <trkpt lat="39.566915" lon="2.720614"/>
    <trkpt lat="39.566899" lon="2.721370"/>
    <trkpt lat="39.566912" lon="2.722175"/>
    <trkpt lat="39.566954" lon="2.722993"/>
    <trkpt lat="39.567035" lon="2.723798"/>
    <trkpt lat="39.567064" lon="2.724014"/>
    <trkpt lat="39.567139" lon="2.724526"/>
    <trkpt lat="39.567224" lon="2.724969"/>
    <trkpt lat="39.567351" lon="2.725537"/>
    <trkpt lat="39.567992" lon="2.727976"/>
    <trkpt lat="39.568730" lon="2.730731"/>
    <trkpt lat="39.569069" lon="2.731995"/>
    <trkpt lat="39.569793" lon="2.734718"/>
    <trkpt lat="39.569824" lon="2.734832"/>
    <trkpt lat="39.570091" lon="2.735852"/>
    <trkpt lat="39.570256" lon="2.736500"/>
    <trkpt lat="39.570411" lon="2.737235"/>
    <trkpt lat="39.570484" lon="2.737622"/>
    <trkpt lat="39.570626" lon="2.738512"/>
    <trkpt lat="39.570716" lon="2.739238"/>
    <trkpt lat="39.570781" lon="2.739912"/>
    <trkpt lat="39.570812" lon="2.740537"/>
    <trkpt lat="39.570827" lon="2.741177"/>
    <trkpt lat="39.570820" lon="2.741733"/>
    <trkpt lat="39.570792" lon="2.742395"/>
    <trkpt lat="39.570759" lon="2.742854"/>
    <trkpt lat="39.570709" lon="2.743387"/>
    <trkpt lat="39.570655" lon="2.743858"/>
    <trkpt lat="39.570575" lon="2.744391"/>
    <trkpt lat="39.570507" lon="2.744784"/>
    <trkpt lat="39.570404" lon="2.745288"/>
    <trkpt lat="39.570240" lon="2.746033"/>
    <trkpt lat="39.570048" lon="2.746744"/>
    <trkpt lat="39.569847" lon="2.747427"/>
    <trkpt lat="39.569651" lon="2.748076"/>
    <trkpt lat="39.569306" lon="2.749207"/>
    <trkpt lat="39.569056" lon="2.750087"/>
    <trkpt lat="39.568881" lon="2.750876"/>
    <trkpt lat="39.568796" lon="2.751391"/>
    <trkpt lat="39.568736" lon="2.751963"/>
    <trkpt lat="39.568701" lon="2.752515"/>
    <trkpt lat="39.568690" lon="2.752977"/>
    <trkpt lat="39.568702" lon="2.753602"/>
    <trkpt lat="39.568721" lon="2.754097"/>
    <trkpt lat="39.568740" lon="2.754732"/>
    <trkpt lat="39.568738" lon="2.755153"/>
    <trkpt lat="39.568723" lon="2.755526"/>
    <trkpt lat="39.568694" lon="2.755905"/>
    <trkpt lat="39.568620" lon="2.756482"/>
    <trkpt lat="39.568588" lon="2.756667"/>
    <trkpt lat="39.568469" lon="2.757237"/>
    <trkpt lat="39.568294" lon="2.757847"/>
    <trkpt lat="39.567892" lon="2.758958"/>
    <trkpt lat="39.567724" lon="2.759556"/>
    <trkpt lat="39.567624" lon="2.760047"/>
    <trkpt lat="39.567573" lon="2.760455"/>
    <trkpt lat="39.567546" lon="2.760841"/>
    <trkpt lat="39.567557" lon="2.761357"/>
    <trkpt lat="39.567636" lon="2.763087"/>
    <trkpt lat="39.567731" lon="2.765139"/>
    <trkpt lat="39.567815" lon="2.766547"/>
    <trkpt lat="39.567900" lon="2.767499"/>
    <trkpt lat="39.568005" lon="2.768282"/>
    <trkpt lat="39.568124" lon="2.769098"/>
    <trkpt lat="39.568355" lon="2.770732"/>
    <trkpt lat="39.568561" lon="2.772528"/>
    <trkpt lat="39.568720" lon="2.774196"/>
    <trkpt lat="39.568862" lon="2.775811"/>
    <trkpt lat="39.568942" lon="2.776709"/>
    <trkpt lat="39.568988" lon="2.777492"/>
    <trkpt lat="39.569013" lon="2.778173"/>
    <trkpt lat="39.569024" lon="2.778827"/>
    <trkpt lat="39.569016" lon="2.779566"/>
    <trkpt lat="39.569020" lon="2.780498"/>
    <trkpt lat="39.569076" lon="2.781887"/>
    <trkpt lat="39.569141" lon="2.782792"/>
    <trkpt lat="39.569216" lon="2.783740"/>
    <trkpt lat="39.569340" lon="2.785324"/>
    <trkpt lat="39.569381" lon="2.785836"/>
    <trkpt lat="39.569466" lon="2.786901"/>
    <trkpt lat="39.569596" lon="2.788572"/>
    <trkpt lat="39.569776" lon="2.790813"/>
    <trkpt lat="39.569872" lon="2.792020"/>
    <trkpt lat="39.569904" lon="2.792697"/>
    <trkpt lat="39.569926" lon="2.793328"/>
    <trkpt lat="39.569970" lon="2.794756"/>
    <trkpt lat="39.570061" lon="2.797682"/>
    <trkpt lat="39.570079" lon="2.798167"/>
    <trkpt lat="39.570109" lon="2.798653"/>
    <trkpt lat="39.570173" lon="2.799160"/>
    <trkpt lat="39.570267" lon="2.799607"/>
    <trkpt lat="39.570389" lon="2.800035"/>
    <trkpt lat="39.570541" lon="2.800491"/>
    <trkpt lat="39.570735" lon="2.801112"/>
    <trkpt lat="39.570819" lon="2.801463"/>
    <trkpt lat="39.570883" lon="2.801821"/>
    <trkpt lat="39.570938" lon="2.802383"/>
    <trkpt lat="39.570950" lon="2.802724"/>
    <trkpt lat="39.570941" lon="2.803092"/>
    <trkpt lat="39.570908" lon="2.803521"/>
    <trkpt lat="39.570818" lon="2.804273"/>
    <trkpt lat="39.570594" lon="2.806100"/>
    <trkpt lat="39.570514" lon="2.806838"/>
    <trkpt lat="39.570439" lon="2.807559"/>
    <trkpt lat="39.570384" lon="2.808408"/>
    <trkpt lat="39.570369" lon="2.808874"/>
    <trkpt lat="39.570364" lon="2.809345"/>
    <trkpt lat="39.570364" lon="2.809516"/>
    <trkpt lat="39.570379" lon="2.811738"/>
    <trkpt lat="39.570400" lon="2.812113"/>
    <trkpt lat="39.570445" lon="2.812562"/>
    <trkpt lat="39.570515" lon="2.812972"/>
    <trkpt lat="39.570614" lon="2.813376"/>
    <trkpt lat="39.570808" lon="2.814016"/>
    <trkpt lat="39.570925" lon="2.814382"/>
    <trkpt lat="39.571027" lon="2.814746"/>
    <trkpt lat="39.571110" lon="2.815112"/>
    <trkpt lat="39.571199" lon="2.815616"/>
    <trkpt lat="39.571291" lon="2.816209"/>
    <trkpt lat="39.571662" lon="2.818596"/>
    <trkpt lat="39.571818" lon="2.819597"/>
    <trkpt lat="39.571928" lon="2.820298"/>
    <trkpt lat="39.572043" lon="2.821039"/>
    <trkpt lat="39.572121" lon="2.821623"/>
    <trkpt lat="39.572161" lon="2.822052"/>
    <trkpt lat="39.572179" lon="2.822518"/>
    <trkpt lat="39.572175" lon="2.823161"/>
    <trkpt lat="39.572142" lon="2.823912"/>
    <trkpt lat="39.572077" lon="2.824525"/>
    <trkpt lat="39.571982" lon="2.825201"/>
    <trkpt lat="39.571867" lon="2.825834"/>
    <trkpt lat="39.571713" lon="2.826474"/>
    <trkpt lat="39.571589" lon="2.826921"/>
    <trkpt lat="39.571435" lon="2.827382"/>
    <trkpt lat="39.571263" lon="2.827775"/>
    <trkpt lat="39.571093" lon="2.828093"/>
    <trkpt lat="39.570898" lon="2.828419"/>
    <trkpt lat="39.570641" lon="2.828771"/>
    <trkpt lat="39.569180" lon="2.830515"/>
    <trkpt lat="39.568987" lon="2.830763"/>
    <trkpt lat="39.568850" lon="2.830955"/>
    <trkpt lat="39.568709" lon="2.831218"/>
    <trkpt lat="39.568549" lon="2.831574"/>
    <trkpt lat="39.568410" lon="2.831973"/>
    <trkpt lat="39.568329" lon="2.832298"/>
    <trkpt lat="39.568270" lon="2.832636"/>
    <trkpt lat="39.568239" lon="2.833051"/>
    <trkpt lat="39.568239" lon="2.833393"/>
    <trkpt lat="39.568249" lon="2.833565"/>
    <trkpt lat="39.568276" lon="2.833839"/>
    <trkpt lat="39.568333" lon="2.834160"/>
    <trkpt lat="39.568426" lon="2.834534"/>
    <trkpt lat="39.568556" lon="2.834928"/>
    <trkpt lat="39.568812" lon="2.835632"/>
    <trkpt lat="39.569434" lon="2.837315"/>
    <trkpt lat="39.569617" lon="2.837836"/>
    <trkpt lat="39.569751" lon="2.838271"/>
    <trkpt lat="39.569843" lon="2.838678"/>
    <trkpt lat="39.569917" lon="2.839152"/>
    <trkpt lat="39.569950" lon="2.839622"/>
    <trkpt lat="39.570000" lon="2.840368"/>
    <trkpt lat="39.570012" lon="2.840914"/>
    <trkpt lat="39.569990" lon="2.841754"/>
    <trkpt lat="39.569853" lon="2.844239"/>
    <trkpt lat="39.569682" lon="2.847320"/>
    <trkpt lat="39.569658" lon="2.847975"/>
    <trkpt lat="39.569579" lon="2.851584"/>
    <trkpt lat="39.569552" lon="2.852824"/>
    <trkpt lat="39.569528" lon="2.854008"/>
    <trkpt lat="39.569538" lon="2.854925"/>
    <trkpt lat="39.569559" lon="2.855774"/>
    <trkpt lat="39.569659" lon="2.857512"/>
    <trkpt lat="39.570090" lon="2.864104"/>
    <trkpt lat="39.570150" lon="2.865133"/>
    <trkpt lat="39.570163" lon="2.865615"/>
    <trkpt lat="39.570159" lon="2.866173"/>
    <trkpt lat="39.570090" lon="2.867807"/>
    <trkpt lat="39.570005" lon="2.869554"/>
    <trkpt lat="39.569831" lon="2.873133"/>
    <trkpt lat="39.569711" lon="2.875472"/>
    <trkpt lat="39.569671" lon="2.876142"/>
    <trkpt lat="39.569627" lon="2.876737"/>
    <trkpt lat="39.569564" lon="2.877268"/>
    <trkpt lat="39.569501" lon="2.877691"/>
    <trkpt lat="39.569376" lon="2.878399"/>
    <trkpt lat="39.569211" lon="2.879227"/>
    <trkpt lat="39.568853" lon="2.881001"/>
    <trkpt lat="39.568754" lon="2.881519"/>
    <trkpt lat="39.568654" lon="2.882027"/>
    <trkpt lat="39.568530" lon="2.882710"/>
    <trkpt lat="39.568412" lon="2.883589"/>
    <trkpt lat="39.568347" lon="2.884236"/>
    <trkpt lat="39.568319" lon="2.884663"/>
    <trkpt lat="39.568296" lon="2.885179"/>
    <trkpt lat="39.568284" lon="2.885682"/>
    <trkpt lat="39.568286" lon="2.886146"/>
    <trkpt lat="39.568300" lon="2.886622"/>
    <trkpt lat="39.568352" lon="2.887458"/>
    <trkpt lat="39.568423" lon="2.888166"/>
    <trkpt lat="39.568478" lon="2.888571"/>
    <trkpt lat="39.568632" lon="2.889489"/>
    <trkpt lat="39.568833" lon="2.890481"/>
    <trkpt lat="39.569094" lon="2.891726"/>
    <trkpt lat="39.569195" lon="2.892260"/>
    <trkpt lat="39.569267" lon="2.892699"/>
    <trkpt lat="39.569368" lon="2.893396"/>
    <trkpt lat="39.569435" lon="2.893973"/>
    <trkpt lat="39.569490" lon="2.894534"/>
    <trkpt lat="39.569531" lon="2.895099"/>
    <trkpt lat="39.569563" lon="2.895666"/>
    <trkpt lat="39.569582" lon="2.896282"/>
    <trkpt lat="39.569589" lon="2.896806"/>
    <trkpt lat="39.569585" lon="2.897381"/>
    <trkpt lat="39.569558" lon="2.898062"/>
    <trkpt lat="39.569532" lon="2.898614"/>
    <trkpt lat="39.569500" lon="2.899085"/>
    <trkpt lat="39.569447" lon="2.899666"/>
    <trkpt lat="39.569382" lon="2.900225"/>
    <trkpt lat="39.569305" lon="2.900789"/>
    <trkpt lat="39.569216" lon="2.901370"/>
    <trkpt lat="39.569090" lon="2.902050"/>
    <trkpt lat="39.568817" lon="2.903274"/>
    <trkpt lat="39.568574" lon="2.904168"/>
    <trkpt lat="39.568350" lon="2.904905"/>
    <trkpt lat="39.568087" lon="2.905682"/>
    <trkpt lat="39.567789" lon="2.906459"/>
    <trkpt lat="39.567639" lon="2.906820"/>
    <trkpt lat="39.567126" lon="2.908010"/>
    <trkpt lat="39.566955" lon="2.908407"/>
    <trkpt lat="39.566797" lon="2.908829"/>
    <trkpt lat="39.566695" lon="2.909129"/>
    <trkpt lat="39.566608" lon="2.909454"/>
    <trkpt lat="39.566539" lon="2.909774"/>
    <trkpt lat="39.566498" lon="2.909983"/>
    <trkpt lat="39.566464" lon="2.910189"/>
    <trkpt lat="39.566425" lon="2.910453"/>
    <trkpt lat="39.566406" lon="2.910597"/>
    <trkpt lat="39.566380" lon="2.910696"/>
    <trkpt lat="39.566323" lon="2.910786"/>
    <trkpt lat="39.566272" lon="2.910833"/>
    <trkpt lat="39.566230" lon="2.910894"/>
    <trkpt lat="39.566202" lon="2.910966"/>
    <trkpt lat="39.566188" lon="2.911036"/>
    <trkpt lat="39.566185" lon="2.911108"/>
    <trkpt lat="39.566194" lon="2.911179"/>
    <trkpt lat="39.566215" lon="2.911246"/>
    <trkpt lat="39.566246" lon="2.911306"/>
    <trkpt lat="39.566265" lon="2.911332"/>
    <trkpt lat="39.566286" lon="2.911356"/>
    <trkpt lat="39.566309" lon="2.911377"/>
    <trkpt lat="39.566352" lon="2.911514"/>
    <trkpt lat="39.566367" lon="2.911617"/>
    <trkpt lat="39.566389" lon="2.911929"/>
    <trkpt lat="39.566428" lon="2.912494"/>
    <trkpt lat="39.566562" lon="2.913185"/>
    <trkpt lat="39.566713" lon="2.913844"/>
    <trkpt lat="39.566959" lon="2.914830"/>
    <trkpt lat="39.567138" lon="2.915799"/>
    <trkpt lat="39.567234" lon="2.916413"/>
    <trkpt lat="39.567328" lon="2.917264"/>
    <trkpt lat="39.567375" lon="2.918023"/>
    <trkpt lat="39.567392" lon="2.918634"/>
    <trkpt lat="39.567384" lon="2.919385"/>
    <trkpt lat="39.567349" lon="2.920080"/>
    <trkpt lat="39.567301" lon="2.920602"/>
    <trkpt lat="39.567229" lon="2.921258"/>
    <trkpt lat="39.567142" lon="2.921894"/>
    <trkpt lat="39.567076" lon="2.922456"/>
    <trkpt lat="39.567028" lon="2.923206"/>
    <trkpt lat="39.566880" lon="2.926715"/>
    <trkpt lat="39.566780" lon="2.929076"/>
    <trkpt lat="39.566647" lon="2.930714"/>
    <trkpt lat="39.566606" lon="2.931204"/>
    <trkpt lat="39.566379" lon="2.933825"/>
    <trkpt lat="39.566350" lon="2.934413"/>
    <trkpt lat="39.566343" lon="2.935308"/>
    <trkpt lat="39.566387" lon="2.936260"/>
    <trkpt lat="39.566494" lon="2.938218"/>
    <trkpt lat="39.566512" lon="2.938669"/>
    <trkpt lat="39.566521" lon="2.939245"/>
    <trkpt lat="39.566528" lon="2.940157"/>
    <trkpt lat="39.566533" lon="2.941168"/>
    <trkpt lat="39.566536" lon="2.942147"/>
    <trkpt lat="39.566515" lon="2.943086"/>
    <trkpt lat="39.566429" lon="2.945005"/>
    <trkpt lat="39.566349" lon="2.946866"/>
    <trkpt lat="39.566312" lon="2.947611"/>
    <trkpt lat="39.566260" lon="2.948098"/>
    <trkpt lat="39.566195" lon="2.948508"/>
    <trkpt lat="39.566109" lon="2.948932"/>
    <trkpt lat="39.566016" lon="2.949265"/>
    <trkpt lat="39.565901" lon="2.949636"/>
    <trkpt lat="39.565736" lon="2.950064"/>
    <trkpt lat="39.565498" lon="2.950620"/>
    <trkpt lat="39.565204" lon="2.951302"/>
    <trkpt lat="39.564412" lon="2.953144"/>
    <trkpt lat="39.563627" lon="2.954967"/>
    <trkpt lat="39.563430" lon="2.955441"/>
    <trkpt lat="39.563261" lon="2.955914"/>
    <trkpt lat="39.563145" lon="2.956365"/>
    <trkpt lat="39.563034" lon="2.956941"/>
    <trkpt lat="39.562914" lon="2.957676"/>
    <trkpt lat="39.562900" lon="2.957766"/>
    <trkpt lat="39.562368" lon="2.961038"/>
    <trkpt lat="39.562255" lon="2.961772"/>
    <trkpt lat="39.562177" lon="2.962481"/>
    <trkpt lat="39.562138" lon="2.963041"/>
    <trkpt lat="39.562124" lon="2.963578"/>
    <trkpt lat="39.562128" lon="2.964244"/>
    <trkpt lat="39.562180" lon="2.966653"/>
    <trkpt lat="39.562196" lon="2.967832"/>
    <trkpt lat="39.562181" lon="2.968585"/>
    <trkpt lat="39.562131" lon="2.969503"/>
    <trkpt lat="39.562056" lon="2.970299"/>
    <trkpt lat="39.561999" lon="2.970728"/>
    <trkpt lat="39.561973" lon="2.970926"/>
    <trkpt lat="39.561946" lon="2.971036"/>
    <trkpt lat="39.561891" lon="2.971162"/>
    <trkpt lat="39.561858" lon="2.971171"/>
    <trkpt lat="39.561810" lon="2.971194"/>
    <trkpt lat="39.561756" lon="2.971242"/>
    <trkpt lat="39.561700" lon="2.971332"/>
    <trkpt lat="39.561682" lon="2.971385"/>
    <trkpt lat="39.561671" lon="2.971444"/>
    <trkpt lat="39.561669" lon="2.971510"/>
    <trkpt lat="39.561683" lon="2.971606"/>
    <trkpt lat="39.561711" lon="2.971679"/>
    <trkpt lat="39.561766" lon="2.971757"/>
    <trkpt lat="39.561797" lon="2.971926"/>
    <trkpt lat="39.561779" lon="2.972066"/>
    <trkpt lat="39.561747" lon="2.972260"/>
    <trkpt lat="39.561509" lon="2.973250"/>
    <trkpt lat="39.561191" lon="2.974464"/>
    <trkpt lat="39.560810" lon="2.975892"/>
    <trkpt lat="39.560626" lon="2.976645"/>
    <trkpt lat="39.560555" lon="2.976976"/>
    <trkpt lat="39.560494" lon="2.977339"/>
    <trkpt lat="39.560421" lon="2.977911"/>
    <trkpt lat="39.560379" lon="2.978445"/>
    <trkpt lat="39.560361" lon="2.979085"/>
    <trkpt lat="39.560366" lon="2.979546"/>
    <trkpt lat="39.560438" lon="2.981508"/>
    <trkpt lat="39.560448" lon="2.982638"/>
    <trkpt lat="39.560439" lon="2.983925"/>
    <trkpt lat="39.560518" lon="2.987980"/>
    <trkpt lat="39.560551" lon="2.989666"/>
    <trkpt lat="39.560577" lon="2.990868"/>
    <trkpt lat="39.560610" lon="2.991869"/>
    <trkpt lat="39.560660" lon="2.993125"/>
    <trkpt lat="39.560671" lon="2.993873"/>
    <trkpt lat="39.560681" lon="2.994146"/>
    <trkpt lat="39.560692" lon="2.995031"/>
    <trkpt lat="39.560708" lon="2.995716"/>
    <trkpt lat="39.560726" lon="2.996559"/>
    <trkpt lat="39.560821" lon="3.001292"/>
    <trkpt lat="39.560821" lon="3.001811"/>
    <trkpt lat="39.560805" lon="3.002205"/>
    <trkpt lat="39.560767" lon="3.002528"/>
    <trkpt lat="39.560699" lon="3.002850"/>
    <trkpt lat="39.560612" lon="3.003176"/>
    <trkpt lat="39.560512" lon="3.003464"/>
    <trkpt lat="39.560267" lon="3.004083"/>
    <trkpt lat="39.560212" lon="3.004231"/>
    <trkpt lat="39.560101" lon="3.004573"/>
    <trkpt lat="39.560020" lon="3.004857"/>
    <trkpt lat="39.559957" lon="3.005174"/>
    <trkpt lat="39.559911" lon="3.005552"/>
    <trkpt lat="39.559885" lon="3.006029"/>
    <trkpt lat="39.559875" lon="3.007090"/>
    <trkpt lat="39.559876" lon="3.007971"/>
    <trkpt lat="39.559868" lon="3.008553"/>
    <trkpt lat="39.559867" lon="3.008861"/>
    <trkpt lat="39.559869" lon="3.009362"/>
    <trkpt lat="39.559885" lon="3.009809"/>
    <trkpt lat="39.559895" lon="3.009965"/>
    <trkpt lat="39.559953" lon="3.010437"/>
    <trkpt lat="39.560062" lon="3.011065"/>
    <trkpt lat="39.560287" lon="3.012302"/>
    <trkpt lat="39.560456" lon="3.013211"/>
    <trkpt lat="39.560615" lon="3.014081"/>
    <trkpt lat="39.561305" lon="3.017805"/>
    <trkpt lat="39.561748" lon="3.020285"/>
    <trkpt lat="39.562150" lon="3.022517"/>
    <trkpt lat="39.562790" lon="3.026073"/>
    <trkpt lat="39.562897" lon="3.026673"/>
    <trkpt lat="39.562961" lon="3.027171"/>
    <trkpt lat="39.563003" lon="3.027794"/>
    <trkpt lat="39.563047" lon="3.028524"/>
    <trkpt lat="39.563133" lon="3.029940"/>
    <trkpt lat="39.563389" lon="3.034104"/>
    <trkpt lat="39.563466" lon="3.035472"/>
    <trkpt lat="39.563492" lon="3.035884"/>
    <trkpt lat="39.563540" lon="3.036235"/>
    <trkpt lat="39.563631" lon="3.036665"/>
    <trkpt lat="39.563716" lon="3.036926"/>
    <trkpt lat="39.563828" lon="3.037217"/>
    <trkpt lat="39.563914" lon="3.037414"/>
    <trkpt lat="39.564070" lon="3.037759"/>
    <trkpt lat="39.564164" lon="3.037964"/>
    <trkpt lat="39.564628" lon="3.038972"/>
    <trkpt lat="39.564977" lon="3.039734"/>
    <trkpt lat="39.565130" lon="3.040091"/>
    <trkpt lat="39.565174" lon="3.040245"/>
    <trkpt lat="39.565241" lon="3.040455"/>
    <trkpt lat="39.565289" lon="3.040657"/>
    <trkpt lat="39.565352" lon="3.041021"/>
    <trkpt lat="39.565440" lon="3.041976"/>
    <trkpt lat="39.565523" lon="3.042930"/>
    <trkpt lat="39.565541" lon="3.043307"/>
    <trkpt lat="39.565530" lon="3.043672"/>
    <trkpt lat="39.565493" lon="3.044018"/>
    <trkpt lat="39.565443" lon="3.044296"/>
    <trkpt lat="39.565352" lon="3.044633"/>
    <trkpt lat="39.565227" lon="3.044977"/>
    <trkpt lat="39.565017" lon="3.045435"/>
    <trkpt lat="39.564777" lon="3.045987"/>
    <trkpt lat="39.564669" lon="3.046300"/>
    <trkpt lat="39.564558" lon="3.046743"/>
    <trkpt lat="39.564504" lon="3.047155"/>
    <trkpt lat="39.564469" lon="3.047621"/>
    <trkpt lat="39.564341" lon="3.050457"/>
    <trkpt lat="39.564274" lon="3.052006"/>
    <trkpt lat="39.564202" lon="3.053412"/>
    <trkpt lat="39.564189" lon="3.053982"/>
    <trkpt lat="39.564202" lon="3.054312"/>
    <trkpt lat="39.564230" lon="3.054646"/>
    <trkpt lat="39.564288" lon="3.054990"/>
    <trkpt lat="39.564373" lon="3.055348"/>
    <trkpt lat="39.564983" lon="3.057261"/>
    <trkpt lat="39.565164" lon="3.057826"/>
    <trkpt lat="39.565784" lon="3.059770"/>
    <trkpt lat="39.566694" lon="3.062595"/>
    <trkpt lat="39.566869" lon="3.063135"/>
    <trkpt lat="39.567059" lon="3.063625"/>
    <trkpt lat="39.567158" lon="3.063825"/>
    <trkpt lat="39.567290" lon="3.064056"/>
    <trkpt lat="39.567481" lon="3.064355"/>
    <trkpt lat="39.567700" lon="3.064669"/>
    <trkpt lat="39.568402" lon="3.065684"/>
    <trkpt lat="39.568782" lon="3.066234"/>
    <trkpt lat="39.569140" lon="3.066772"/>
    <trkpt lat="39.569215" lon="3.066875"/>
    <trkpt lat="39.569551" lon="3.067336"/>
    <trkpt lat="39.569977" lon="3.067957"/>
    <trkpt lat="39.570181" lon="3.068260"/>
    <trkpt lat="39.570219" lon="3.068329"/>
    <trkpt lat="39.570278" lon="3.068436"/>
    <trkpt lat="39.570326" lon="3.068524"/>
    <trkpt lat="39.570347" lon="3.068561"/>
    <trkpt lat="39.570381" lon="3.068650"/>
    <trkpt lat="39.570399" lon="3.068752"/>
    <trkpt lat="39.570407" lon="3.068878"/>
    <trkpt lat="39.570358" lon="3.069007"/>
    <trkpt lat="39.570343" lon="3.069169"/>
    <trkpt lat="39.570347" lon="3.069223"/>
    <trkpt lat="39.570362" lon="3.069296"/>
    <trkpt lat="39.570404" lon="3.069402"/>
    <trkpt lat="39.570457" lon="3.069482"/>
    <trkpt lat="39.570526" lon="3.069546"/>
    <trkpt lat="39.570581" lon="3.069577"/>
    <trkpt lat="39.570634" lon="3.069595"/>
    <trkpt lat="39.570707" lon="3.069601"/>
    <trkpt lat="39.570820" lon="3.069722"/>
    <trkpt lat="39.570884" lon="3.069861"/>
    <trkpt lat="39.570932" lon="3.070026"/>
    <trkpt lat="39.571000" lon="3.070302"/>
    <trkpt lat="39.571047" lon="3.070574"/>
    <trkpt lat="39.571091" lon="3.070876"/>
    <trkpt lat="39.571124" lon="3.071207"/>
    <trkpt lat="39.571148" lon="3.071671"/>
    <trkpt lat="39.571143" lon="3.072113"/>
    <trkpt lat="39.571111" lon="3.072534"/>
    <trkpt lat="39.571063" lon="3.072892"/>
    <trkpt lat="39.571003" lon="3.073237"/>
    <trkpt lat="39.570940" lon="3.073504"/>
    <trkpt lat="39.570825" lon="3.073906"/>
    <trkpt lat="39.570637" lon="3.074427"/>
    <trkpt lat="39.570469" lon="3.074793"/>
    <trkpt lat="39.570313" lon="3.075086"/>
    <trkpt lat="39.570146" lon="3.075364"/>
    <trkpt lat="39.569985" lon="3.075601"/>
    <trkpt lat="39.569787" lon="3.075853"/>
    <trkpt lat="39.569507" lon="3.076167"/>
    <trkpt lat="39.569227" lon="3.076442"/>
    <trkpt lat="39.568636" lon="3.076999"/>
    <trkpt lat="39.568198" lon="3.077427"/>
    <trkpt lat="39.567654" lon="3.077923"/>
    <trkpt lat="39.566486" lon="3.079018"/>
    <trkpt lat="39.565574" lon="3.079881"/>
    <trkpt lat="39.564874" lon="3.080532"/>
    <trkpt lat="39.564221" lon="3.081158"/>
    <trkpt lat="39.563920" lon="3.081487"/>
    <trkpt lat="39.563531" lon="3.081962"/>
    <trkpt lat="39.563198" lon="3.082494"/>
    <trkpt lat="39.562911" lon="3.083072"/>
    <trkpt lat="39.562675" lon="3.083667"/>
    <trkpt lat="39.562506" lon="3.084237"/>
    <trkpt lat="39.562366" lon="3.084862"/>
    <trkpt lat="39.562284" lon="3.085514"/>
    <trkpt lat="39.562255" lon="3.086094"/>
    <trkpt lat="39.562240" lon="3.087129"/>
    <trkpt lat="39.562238" lon="3.088607"/>
    <trkpt lat="39.562230" lon="3.090345"/>
    <trkpt lat="39.562232" lon="3.092623"/>
    <trkpt lat="39.562249" lon="3.093242"/>
    <trkpt lat="39.562302" lon="3.093904"/>
    <trkpt lat="39.562391" lon="3.094545"/>
    <trkpt lat="39.562480" lon="3.095005"/>
    <trkpt lat="39.562579" lon="3.095419"/>
    <trkpt lat="39.562731" lon="3.095960"/>
    <trkpt lat="39.562867" lon="3.096357"/>
    <trkpt lat="39.563033" lon="3.096793"/>
    <trkpt lat="39.563225" lon="3.097229"/>
    <trkpt lat="39.563467" lon="3.097705"/>
    <trkpt lat="39.563715" lon="3.098118"/>
    <trkpt lat="39.563999" lon="3.098549"/>
    <trkpt lat="39.564305" lon="3.098957"/>
    <trkpt lat="39.564686" lon="3.099380"/>
    <trkpt lat="39.565037" lon="3.099739"/>
    <trkpt lat="39.566223" lon="3.100818"/>
    <trkpt lat="39.567529" lon="3.102002"/>
    <trkpt lat="39.569224" lon="3.103557"/>
    <trkpt lat="39.570099" lon="3.104331"/>
    <trkpt lat="39.570920" lon="3.105067"/>
    <trkpt lat="39.571183" lon="3.105325"/>
    <trkpt lat="39.571410" lon="3.105572"/>
    <trkpt lat="39.571723" lon="3.105966"/>
    <trkpt lat="39.571960" lon="3.106321"/>
    <trkpt lat="39.572162" lon="3.106682"/>
    <trkpt lat="39.572383" lon="3.107156"/>
    <trkpt lat="39.572526" lon="3.107537"/>
    <trkpt lat="39.572669" lon="3.107984"/>
    <trkpt lat="39.573033" lon="3.109357"/>
    <trkpt lat="39.573916" lon="3.112833"/>
    <trkpt lat="39.574394" lon="3.114713"/>
    <trkpt lat="39.574655" lon="3.115760"/>
    <trkpt lat="39.574827" lon="3.116572"/>
    <trkpt lat="39.574988" lon="3.117481"/>
    <trkpt lat="39.575072" lon="3.118116"/>
    <trkpt lat="39.575098" lon="3.118315"/>
    <trkpt lat="39.575168" lon="3.119016"/>
    <trkpt lat="39.575230" lon="3.119988"/>
    <trkpt lat="39.575230" lon="3.120247"/>
    <trkpt lat="39.575218" lon="3.120354"/>
    <trkpt lat="39.575197" lon="3.120447"/>
    <trkpt lat="39.575121" lon="3.120503"/>
    <trkpt lat="39.575068" lon="3.120570"/>
    <trkpt lat="39.575028" lon="3.120656"/>
    <trkpt lat="39.575013" lon="3.120706"/>
    <trkpt lat="39.575001" lon="3.120793"/>
    <trkpt lat="39.575012" lon="3.120925"/>
    <trkpt lat="39.575047" lon="3.121031"/>
    <trkpt lat="39.575094" lon="3.121107"/>
    <trkpt lat="39.575195" lon="3.121192"/>
    <trkpt lat="39.575269" lon="3.121351"/>
    <trkpt lat="39.575286" lon="3.121526"/>
    <trkpt lat="39.575293" lon="3.121684"/>
    <trkpt lat="39.575777" lon="3.132744"/>
    <trkpt lat="39.575831" lon="3.133895"/>
    <trkpt lat="39.575902" lon="3.135512"/>
    <trkpt lat="39.575962" lon="3.136813"/>
    <trkpt lat="39.576055" lon="3.138830"/>
    <trkpt lat="39.576137" lon="3.140863"/>
    <trkpt lat="39.576219" lon="3.142503"/>
    <trkpt lat="39.576310" lon="3.144639"/>
    <trkpt lat="39.576277" lon="3.145380"/>
    <trkpt lat="39.576101" lon="3.147699"/>
    <trkpt lat="39.575797" lon="3.151317"/>
    <trkpt lat="39.575659" lon="3.152761"/>
    <trkpt lat="39.575596" lon="3.153479"/>
    <trkpt lat="39.575545" lon="3.153953"/>
    <trkpt lat="39.575298" lon="3.155817"/>
    <trkpt lat="39.575260" lon="3.156199"/>
    <trkpt lat="39.575132" lon="3.157762"/>
    <trkpt lat="39.574980" lon="3.159503"/>
    <trkpt lat="39.574311" lon="3.167598"/>
    <trkpt lat="39.574062" lon="3.170650"/>
    <trkpt lat="39.573816" lon="3.173578"/>
    <trkpt lat="39.573758" lon="3.174293"/>
    <trkpt lat="39.573666" lon="3.175404"/>
    <trkpt lat="39.573411" lon="3.178430"/>
    <trkpt lat="39.573214" lon="3.181390"/>
    <trkpt lat="39.573081" lon="3.184254"/>
    <trkpt lat="39.573069" lon="3.184610"/>
    <trkpt lat="39.573061" lon="3.184930"/>
    <trkpt lat="39.573053" lon="3.185207"/>
    <trkpt lat="39.573046" lon="3.185473"/>
    <trkpt lat="39.573039" lon="3.185699"/>
    <trkpt lat="39.573034" lon="3.185887"/>
    <trkpt lat="39.573031" lon="3.186040"/>
    <trkpt lat="39.573015" lon="3.186187"/>
    <trkpt lat="39.572986" lon="3.186284"/>
    <trkpt lat="39.572926" lon="3.186440"/>
    <trkpt lat="39.572895" lon="3.186518"/>
    <trkpt lat="39.572866" lon="3.186534"/>
    <trkpt lat="39.572854" lon="3.186541"/>
    <trkpt lat="39.572816" lon="3.186572"/>
    <trkpt lat="39.572783" lon="3.186610"/>
    <trkpt lat="39.572753" lon="3.186653"/>
    <trkpt lat="39.572729" lon="3.186702"/>
    <trkpt lat="39.572708" lon="3.186766"/>
    <trkpt lat="39.572695" lon="3.186833"/>
    <trkpt lat="39.572691" lon="3.186903"/>
    <trkpt lat="39.572697" lon="3.186972"/>
    <trkpt lat="39.572712" lon="3.187039"/>
    <trkpt lat="39.572736" lon="3.187102"/>
    <trkpt lat="39.572767" lon="3.187158"/>
    <trkpt lat="39.572806" lon="3.187206"/>
    <trkpt lat="39.572850" lon="3.187245"/>
    <trkpt lat="39.572934" lon="3.187382"/>
    <trkpt lat="39.572984" lon="3.187518"/>
    <trkpt lat="39.573004" lon="3.187665"/>
    <trkpt lat="39.572989" lon="3.187833"/>
    <trkpt lat="39.572720" lon="3.190022"/>
    <trkpt lat="39.572601" lon="3.190975"/>
    <trkpt lat="39.572577" lon="3.191174"/>
    <trkpt lat="39.572569" lon="3.191353"/>
    <trkpt lat="39.572533" lon="3.192129"/>
    <trkpt lat="39.572516" lon="3.192462"/>
    <trkpt lat="39.572431" lon="3.194129"/>
    <trkpt lat="39.572430" lon="3.194208"/>
    <trkpt lat="39.572393" lon="3.194290"/>
    <trkpt lat="39.572347" lon="3.194403"/>
    <trkpt lat="39.572315" lon="3.194488"/>
    <trkpt lat="39.572279" lon="3.194529"/>
    <trkpt lat="39.572254" lon="3.194580"/>
    <trkpt lat="39.572240" lon="3.194638"/>
    <trkpt lat="39.572240" lon="3.194699"/>
    <trkpt lat="39.572211" lon="3.194821"/>
    <trkpt lat="39.572155" lon="3.195077"/>
    <trkpt lat="39.571931" lon="3.196129"/>
    <trkpt lat="39.571892" lon="3.196308"/>
    <trkpt lat="39.571881" lon="3.196348"/>
    <trkpt lat="39.571871" lon="3.196377"/>
    <trkpt lat="39.571846" lon="3.196384"/>
    <trkpt lat="39.571824" lon="3.196400"/>
    <trkpt lat="39.571806" lon="3.196424"/>
    <trkpt lat="39.571794" lon="3.196453"/>
    <trkpt lat="39.571790" lon="3.196485"/>
    <trkpt lat="39.571792" lon="3.196518"/>
    <trkpt lat="39.571805" lon="3.196553"/>
    <trkpt lat="39.571826" lon="3.196580"/>
    <trkpt lat="39.571853" lon="3.196597"/>
    <trkpt lat="39.571882" lon="3.196600"/>
    <trkpt lat="39.571911" lon="3.196591"/>
    <trkpt lat="39.571924" lon="3.196606"/>
    <trkpt lat="39.571936" lon="3.196628"/>
    <trkpt lat="39.571936" lon="3.196667"/>
    <trkpt lat="39.571927" lon="3.196715"/>
    <trkpt lat="39.571910" lon="3.196798"/>
    <trkpt lat="39.571883" lon="3.196918"/>
    <trkpt lat="39.571858" lon="3.197028"/>
    <trkpt lat="39.571815" lon="3.197223"/>
    <trkpt lat="39.571797" lon="3.197299"/>
    <trkpt lat="39.571555" lon="3.198344"/>
    <trkpt lat="39.571402" lon="3.199045"/>
    <trkpt lat="39.571351" lon="3.199300"/>
    <trkpt lat="39.571226" lon="3.200051"/>
    <trkpt lat="39.571211" lon="3.200157"/>
    <trkpt lat="39.571210" lon="3.200483"/>
    <trkpt lat="39.571210" lon="3.200675"/>
    <trkpt lat="39.571209" lon="3.201016"/>
    <trkpt lat="39.571277" lon="3.201441"/>
    <trkpt lat="39.571300" lon="3.201581"/>
    <trkpt lat="39.571355" lon="3.201924"/>
    <trkpt lat="39.571421" lon="3.202330"/>
    <trkpt lat="39.571451" lon="3.202517"/>
    <trkpt lat="39.571455" lon="3.203033"/>
    <trkpt lat="39.571027" lon="3.203278"/>
    <trkpt lat="39.570957" lon="3.203319"/>
    <trkpt lat="39.570653" lon="3.203497"/>
    <trkpt lat="39.570398" lon="3.203645"/>
    <trkpt lat="39.570330" lon="3.203684"/>
    <trkpt lat="39.570165" lon="3.203773"/>
    <trkpt lat="39.569800" lon="3.203973"/>
    <trkpt lat="39.569763" lon="3.203995"/>
    <trkpt lat="39.569502" lon="3.204159"/>
    <trkpt lat="39.569135" lon="3.204368"/>
    <trkpt lat="39.568752" lon="3.204587"/>
    <trkpt lat="39.568387" lon="3.204797"/>
    <trkpt lat="39.568366" lon="3.204809"/>
    <trkpt lat="39.567908" lon="3.205077"/>
    <trkpt lat="39.567946" lon="3.205153"/>
    <trkpt lat="39.568088" lon="3.205402"/>
    <trkpt lat="39.568282" lon="3.205755"/>
    <trkpt lat="39.568332" lon="3.205896"/>
    <trkpt lat="39.568365" lon="3.206003"/>
    <trkpt lat="39.568344" lon="3.206103"/>
    <trkpt lat="39.568827" lon="3.207201"/>
    <trkpt lat="39.568605" lon="3.207396"/>
    <trkpt lat="39.568817" lon="3.207805"/>
    <trkpt lat="39.568848" lon="3.207863"/>
    <trkpt lat="39.568947" lon="3.208053"/>
    <trkpt lat="39.569046" lon="3.208243"/>
    <trkpt lat="39.569221" lon="3.208578"/>
    <trkpt lat="39.569358" lon="3.208833"/>
    <trkpt lat="39.569640" lon="3.209381"/>
    <trkpt lat="39.569654" lon="3.209409"/>
    <trkpt lat="39.569733" lon="3.209554"/>
    <trkpt lat="39.569822" lon="3.209538"/>
    <trkpt lat="39.570011" lon="3.209503"/>
    <trkpt lat="39.570166" lon="3.209475"/>
    <trkpt lat="39.570835" lon="3.209422"/>
    <trkpt lat="39.571243" lon="3.210865"/>
    <trkpt lat="39.571356" lon="3.211333"/>
    <trkpt lat="39.571072" lon="3.211364"/>
    <trkpt lat="39.571229" lon="3.211868"/>
    <trkpt lat="39.571368" lon="3.212044"/>
    <trkpt lat="39.571451" lon="3.212146"/>
    <trkpt lat="39.571632" lon="3.212367"/>
    <trkpt lat="39.571918" lon="3.212655"/>
    <trkpt lat="39.572201" lon="3.212918"/>
    <trkpt lat="39.572497" lon="3.213167"/>
    <trkpt lat="39.572766" lon="3.213405"/>
    <trkpt lat="39.573055" lon="3.213643"/>
    <trkpt lat="39.573338" lon="3.213896"/>
    <trkpt lat="39.574077" lon="3.214548"/>
    <trkpt lat="39.573888" lon="3.215562"/>
    <trkpt lat="39.573874" lon="3.215643"/>
    <trkpt lat="39.573695" lon="3.216661"/>
    <trkpt lat="39.573640" lon="3.216746"/>
    <trkpt lat="39.573522" lon="3.216848"/>
    <trkpt lat="39.573081" lon="3.217096"/>
    <trkpt lat="39.572974" lon="3.217155"/>
    <trkpt lat="39.572828" lon="3.217236"/>
    <trkpt lat="39.572632" lon="3.217523"/>
    <trkpt lat="39.572558" lon="3.217571"/>
    <trkpt lat="39.572513" lon="3.217532"/>
    <trkpt lat="39.572463" lon="3.217508"/>
    <trkpt lat="39.572395" lon="3.217502"/>
    <trkpt lat="39.572329" lon="3.217521"/>
    <trkpt lat="39.572266" lon="3.217569"/>
    <trkpt lat="39.572218" lon="3.217641"/>
    <trkpt lat="39.572190" lon="3.217731"/>
    <trkpt lat="39.572186" lon="3.217829"/>
    <trkpt lat="39.571370" lon="3.218263"/>
    <trkpt lat="39.570543" lon="3.218700"/>
    <trkpt lat="39.570074" lon="3.218947"/>
    <trkpt lat="39.570000" lon="3.218875"/>
    <trkpt lat="39.569964" lon="3.218858"/>
    <trkpt lat="39.569889" lon="3.218851"/>
    <trkpt lat="39.569848" lon="3.218862"/>
    <trkpt lat="39.569765" lon="3.218926"/>
    <trkpt lat="39.569716" lon="3.219018"/>
    <trkpt lat="39.569701" lon="3.219155"/>
    <trkpt lat="39.569305" lon="3.219350"/>
    <trkpt lat="39.568679" lon="3.219672"/>
    <trkpt lat="39.568136" lon="3.219990"/>
    <trkpt lat="39.568069" lon="3.220022"/>
    <trkpt lat="39.567173" lon="3.220508"/>
    <trkpt lat="39.566924" lon="3.220647"/>
    <trkpt lat="39.566591" lon="3.220828"/>
    <trkpt lat="39.566165" lon="3.221068"/>
    <trkpt lat="39.566089" lon="3.221138"/>
    <trkpt lat="39.566026" lon="3.221193"/>
    <trkpt lat="39.565987" lon="3.221207"/>
    <trkpt lat="39.565950" lon="3.221228"/>
    <trkpt lat="39.565917" lon="3.221255"/>
    <trkpt lat="39.565875" lon="3.221305"/>
    <trkpt lat="39.565844" lon="3.221365"/>
    <trkpt lat="39.565822" lon="3.221433"/>
    <trkpt lat="39.565813" lon="3.221505"/>
    <trkpt lat="39.565816" lon="3.221578"/>
    <trkpt lat="39.565825" lon="3.221629"/>
    <trkpt lat="39.565841" lon="3.221678"/>
    <trkpt lat="39.565863" lon="3.221827"/>
    <trkpt lat="39.565973" lon="3.222158"/>
    <trkpt lat="39.566012" lon="3.222292"/>
    <trkpt lat="39.566051" lon="3.222468"/>
    <trkpt lat="39.566066" lon="3.222865"/>
    <trkpt lat="39.566126" lon="3.224488"/>
    <trkpt lat="39.566139" lon="3.225212"/>
    <trkpt lat="39.566126" lon="3.225494"/>
    <trkpt lat="39.566101" lon="3.225771"/>
    <trkpt lat="39.566087" lon="3.225849"/>
    <trkpt lat="39.566054" lon="3.226027"/>
    <trkpt lat="39.565997" lon="3.226268"/>
    <trkpt lat="39.565856" lon="3.226738"/>
    <trkpt lat="39.565705" lon="3.227228"/>
    <trkpt lat="39.565634" lon="3.227508"/>
    <trkpt lat="39.565582" lon="3.227778"/>
    <trkpt lat="39.565557" lon="3.227995"/>
    <trkpt lat="39.565540" lon="3.228239"/>
    <trkpt lat="39.565538" lon="3.228626"/>
    <trkpt lat="39.565552" lon="3.228969"/>
    <trkpt lat="39.565569" lon="3.229427"/>
    <trkpt lat="39.565557" lon="3.229799"/>
    <trkpt lat="39.565526" lon="3.230135"/>
    <trkpt lat="39.565477" lon="3.230371"/>
    <trkpt lat="39.565437" lon="3.230554"/>
    <trkpt lat="39.565348" lon="3.230824"/>
    <trkpt lat="39.565214" lon="3.231143"/>
    <trkpt lat="39.564815" lon="3.231979"/>
    <trkpt lat="39.564487" lon="3.232673"/>
    <trkpt lat="39.564273" lon="3.233147"/>
    <trkpt lat="39.564116" lon="3.233605"/>
    <trkpt lat="39.563946" lon="3.234178"/>
    <trkpt lat="39.563492" lon="3.235712"/>
    <trkpt lat="39.563283" lon="3.236334"/>
    <trkpt lat="39.562835" lon="3.237615"/>
    <trkpt lat="39.562563" lon="3.238391"/>
    <trkpt lat="39.562219" lon="3.239348"/>
    <trkpt lat="39.562190" lon="3.239430"/>
    <trkpt lat="39.561395" lon="3.241659"/>
    <trkpt lat="39.561148" lon="3.242290"/>
    <trkpt lat="39.560874" lon="3.242916"/>
    <trkpt lat="39.560490" lon="3.243798"/>
    <trkpt lat="39.560423" lon="3.243957"/>
    <trkpt lat="39.560361" lon="3.244105"/>
    <trkpt lat="39.560077" lon="3.244770"/>
    <trkpt lat="39.559959" lon="3.245057"/>
    <trkpt lat="39.559860" lon="3.245393"/>
    <trkpt lat="39.559802" lon="3.245635"/>
    <trkpt lat="39.559764" lon="3.245906"/>
    <trkpt lat="39.559751" lon="3.246376"/>
    <trkpt lat="39.559763" lon="3.246616"/>
    <trkpt lat="39.559788" lon="3.246856"/>
    <trkpt lat="39.559860" lon="3.247171"/>
    <trkpt lat="39.559944" lon="3.247451"/>
    <trkpt lat="39.560045" lon="3.247710"/>
    <trkpt lat="39.560162" lon="3.247965"/>
    <trkpt lat="39.560424" lon="3.248482"/>
    <trkpt lat="39.560701" lon="3.248994"/>
    <trkpt lat="39.560892" lon="3.249359"/>
    <trkpt lat="39.560945" lon="3.249464"/>
    <trkpt lat="39.561063" lon="3.249699"/>
    <trkpt lat="39.561214" lon="3.250062"/>
    <trkpt lat="39.561299" lon="3.250345"/>
    <trkpt lat="39.561368" lon="3.250638"/>
    <trkpt lat="39.561395" lon="3.250823"/>
    <trkpt lat="39.561410" lon="3.251010"/>
    <trkpt lat="39.561418" lon="3.251220"/>
    <trkpt lat="39.561431" lon="3.251906"/>
    <trkpt lat="39.561417" lon="3.253369"/>
    <trkpt lat="39.561402" lon="3.254833"/>
    <trkpt lat="39.561392" lon="3.255865"/>
    <trkpt lat="39.561368" lon="3.258749"/>
    <trkpt lat="39.561357" lon="3.259612"/>
    <trkpt lat="39.561354" lon="3.259846"/>
    <trkpt lat="39.561339" lon="3.261935"/>
    <trkpt lat="39.561326" lon="3.264283"/>
    <trkpt lat="39.561310" lon="3.267170"/>
    <trkpt lat="39.561359" lon="3.268597"/>
    <trkpt lat="39.561376" lon="3.268886"/>
    <trkpt lat="39.561600" lon="3.272593"/>
    <trkpt lat="39.561746" lon="3.274973"/>
    <trkpt lat="39.561845" lon="3.276604"/>
    <trkpt lat="39.561892" lon="3.277350"/>
    <trkpt lat="39.561945" lon="3.277960"/>
    <trkpt lat="39.562030" lon="3.278639"/>
    <trkpt lat="39.562110" lon="3.279202"/>
    <trkpt lat="39.562319" lon="3.280251"/>
    <trkpt lat="39.562508" lon="3.281272"/>
    <trkpt lat="39.562590" lon="3.281811"/>
    <trkpt lat="39.562661" lon="3.282368"/>
    <trkpt lat="39.562679" lon="3.282514"/>
    <trkpt lat="39.562861" lon="3.284012"/>
    <trkpt lat="39.563022" lon="3.285349"/>
    <trkpt lat="39.563071" lon="3.285870"/>
    <trkpt lat="39.563093" lon="3.286371"/>
    <trkpt lat="39.563059" lon="3.286847"/>
    <trkpt lat="39.562933" lon="3.287431"/>
    <trkpt lat="39.562286" lon="3.289565"/>
    <trkpt lat="39.562006" lon="3.290488"/>
    <trkpt lat="39.561913" lon="3.290792"/>
    <trkpt lat="39.561537" lon="3.292021"/>
    <trkpt lat="39.561259" lon="3.292832"/>
    <trkpt lat="39.561065" lon="3.293345"/>
    <trkpt lat="39.560840" lon="3.293894"/>
    <trkpt lat="39.560597" lon="3.294436"/>
    <trkpt lat="39.560263" lon="3.295094"/>
    <trkpt lat="39.559813" lon="3.295929"/>
    <trkpt lat="39.559471" lon="3.296540"/>
    <trkpt lat="39.559117" lon="3.297172"/>
    <trkpt lat="39.558987" lon="3.297421"/>
    <trkpt lat="39.558847" lon="3.297692"/>
    <trkpt lat="39.558529" lon="3.298357"/>
    <trkpt lat="39.558325" lon="3.298814"/>
    <trkpt lat="39.557870" lon="3.299883"/>
    <trkpt lat="39.557152" lon="3.301600"/>
    <trkpt lat="39.557001" lon="3.301962"/>
    <trkpt lat="39.556374" lon="3.303434"/>
    <trkpt lat="39.555498" lon="3.305489"/>
    <trkpt lat="39.554344" lon="3.308198"/>
    <trkpt lat="39.553400" lon="3.310408"/>
    <trkpt lat="39.553333" lon="3.310569"/>
    <trkpt lat="39.553080" lon="3.311163"/>
    <trkpt lat="39.552128" lon="3.313397"/>
    <trkpt lat="39.551808" lon="3.314146"/>
    <trkpt lat="39.551669" lon="3.314474"/>
    <trkpt lat="39.551614" lon="3.314601"/>
    <trkpt lat="39.551382" lon="3.315147"/>
    <trkpt lat="39.551028" lon="3.315964"/>
    <trkpt lat="39.550953" lon="3.316136"/>
    <trkpt lat="39.550467" lon="3.317258"/>
    <trkpt lat="39.550439" lon="3.317323"/>
    <trkpt lat="39.550418" lon="3.317372"/>
    <trkpt lat="39.550151" lon="3.317990"/>
    <trkpt lat="39.549939" lon="3.318483"/>
    <trkpt lat="39.548661" lon="3.321449"/>
    <trkpt lat="39.548567" lon="3.321709"/>
    <trkpt lat="39.548466" lon="3.322074"/>
    <trkpt lat="39.548413" lon="3.322454"/>
    <trkpt lat="39.548384" lon="3.322832"/>
    <trkpt lat="39.548370" lon="3.323235"/>
    <trkpt lat="39.548336" lon="3.324027"/>
    <trkpt lat="39.548300" lon="3.324137"/>
    <trkpt lat="39.548250" lon="3.324316"/>
    <trkpt lat="39.548190" lon="3.324424"/>
    <trkpt lat="39.548173" lon="3.324439"/>
    <trkpt lat="39.548151" lon="3.324469"/>
    <trkpt lat="39.548116" lon="3.324533"/>
    <trkpt lat="39.548091" lon="3.324628"/>
    <trkpt lat="39.548092" lon="3.324728"/>
    <trkpt lat="39.548111" lon="3.324803"/>
    <trkpt lat="39.548144" lon="3.324868"/>
    <trkpt lat="39.548190" lon="3.324919"/>
    <trkpt lat="39.548265" lon="3.325120"/>
    <trkpt lat="39.548289" lon="3.325295"/>
    <trkpt lat="39.548277" lon="3.326096"/>
    <trkpt lat="39.548270" lon="3.326520"/>
    <trkpt lat="39.548264" lon="3.326909"/>
    <trkpt lat="39.548257" lon="3.327478"/>
    <trkpt lat="39.548229" lon="3.327739"/>
    <trkpt lat="39.548164" lon="3.328041"/>
    <trkpt lat="39.548072" lon="3.328276"/>
    <trkpt lat="39.547970" lon="3.328471"/>
    <trkpt lat="39.547829" lon="3.328672"/>
    <trkpt lat="39.547620" lon="3.328900"/>
    <trkpt lat="39.547115" lon="3.329417"/>
    <trkpt lat="39.546936" lon="3.329589"/>
    <trkpt lat="39.546896" lon="3.329628"/>
    <trkpt lat="39.546595" lon="3.329934"/>
    <trkpt lat="39.546502" lon="3.329988"/>
    <trkpt lat="39.546447" lon="3.330006"/>
    <trkpt lat="39.546407" lon="3.329974"/>
    <trkpt lat="39.546362" lon="3.329957"/>
    <trkpt lat="39.546315" lon="3.329958"/>
    <trkpt lat="39.546259" lon="3.329982"/>
    <trkpt lat="39.546212" lon="3.330030"/>
    <trkpt lat="39.546182" lon="3.330096"/>
    <trkpt lat="39.546172" lon="3.330172"/>
    <trkpt lat="39.546182" lon="3.330248"/>
    <trkpt lat="39.546212" lon="3.330314"/>
    <trkpt lat="39.545809" lon="3.330724"/>
    <trkpt lat="39.545678" lon="3.330856"/>
    <trkpt lat="39.545321" lon="3.331220"/>
    <trkpt lat="39.544912" lon="3.331574"/>
    <trkpt lat="39.544865" lon="3.331630"/>
    <trkpt lat="39.544389" lon="3.331933"/>
    <trkpt lat="39.544036" lon="3.332171"/>
    <trkpt lat="39.543664" lon="3.332417"/>
    <trkpt lat="39.543346" lon="3.332624"/>
    <trkpt lat="39.543049" lon="3.332818"/>
    <trkpt lat="39.542754" lon="3.333014"/>
    <trkpt lat="39.542454" lon="3.333206"/>
    <trkpt lat="39.542157" lon="3.333399"/>
    <trkpt lat="39.541869" lon="3.333585"/>
    <trkpt lat="39.541566" lon="3.333791"/>
    <trkpt lat="39.541259" lon="3.333993"/>
    <trkpt lat="39.540982" lon="3.334178"/>
    <trkpt lat="39.540949" lon="3.334200"/>
    <trkpt lat="39.540895" lon="3.334237"/>
    <trkpt lat="39.540659" lon="3.334407"/>
    <trkpt lat="39.540628" lon="3.334429"/>
    <trkpt lat="39.540548" lon="3.334486"/>
    <trkpt lat="39.540481" lon="3.334512"/>
    <trkpt lat="39.540434" lon="3.334509"/>
    <trkpt lat="39.540390" lon="3.334494"/>
    <trkpt lat="39.540341" lon="3.334442"/>
    <trkpt lat="39.540183" lon="3.334083"/>
    <trkpt lat="39.540060" lon="3.333754"/>
    <trkpt lat="39.540036" lon="3.333679"/>
    <trkpt lat="39.540056" lon="3.333664"/>
    <trkpt lat="39.540072" lon="3.333642"/>
    <trkpt lat="39.540083" lon="3.333615"/>
    <trkpt lat="39.540089" lon="3.333585"/>
    <trkpt lat="39.540088" lon="3.333554"/>
    <trkpt lat="39.540081" lon="3.333525"/>
    <trkpt lat="39.540078" lon="3.333510"/>
    <trkpt lat="39.540063" lon="3.333493"/>
    <trkpt lat="39.540040" lon="3.333470"/>
    <trkpt lat="39.540011" lon="3.333459"/>
    <trkpt lat="39.539981" lon="3.333461"/>
    <trkpt lat="39.539947" lon="3.333484"/>
    <trkpt lat="39.539694" lon="3.332838"/>
    <trkpt lat="39.539717" lon="3.332782"/>
    <trkpt lat="39.539948" lon="3.332561"/>
    <trkpt lat="39.540307" lon="3.332426"/>
    <trkpt lat="39.540405" lon="3.332375"/>
    <trkpt lat="39.540450" lon="3.332325"/>
    <trkpt lat="39.540467" lon="3.332249"/>
    <trkpt lat="39.540474" lon="3.332197"/>
    <trkpt lat="39.540494" lon="3.331966"/>
    <trkpt lat="39.540504" lon="3.331858"/>
    <trkpt lat="39.540508" lon="3.331815"/>
    <trkpt lat="39.540529" lon="3.331583"/>
    <trkpt lat="39.540520" lon="3.331397"/>
    <trkpt lat="39.540480" lon="3.331304"/>
    <trkpt lat="39.540726" lon="3.331160"/>
    <trkpt lat="39.540480" lon="3.331304"/>
    <trkpt lat="39.540412" lon="3.331215"/>
    <trkpt lat="39.540184" lon="3.331048"/>
    <trkpt lat="39.540050" lon="3.330956"/>
    <trkpt lat="39.539728" lon="3.330809"/>
    <trkpt lat="39.539637" lon="3.330769"/>
    <trkpt lat="39.539554" lon="3.330747"/>
    <trkpt lat="39.539423" lon="3.330711"/>
    <trkpt lat="39.539203" lon="3.330700"/>
    <trkpt lat="39.538933" lon="3.330761"/>
    <trkpt lat="39.538574" lon="3.330944"/>
    <trkpt lat="39.538342" lon="3.330972"/>
    <trkpt lat="39.538163" lon="3.330908"/>
    <trkpt lat="39.538016" lon="3.330763"/>
    <trkpt lat="39.537557" lon="3.330166"/>
    <trkpt lat="39.537521" lon="3.330097"/>
    <trkpt lat="39.537411" lon="3.329952"/>
    <trkpt lat="39.537267" lon="3.329820"/>
    <trkpt lat="39.537190" lon="3.329748"/>
    <trkpt lat="39.537039" lon="3.329661"/>
    <trkpt lat="39.536687" lon="3.329467"/>
    <trkpt lat="39.536511" lon="3.329308"/>
    <trkpt lat="39.536385" lon="3.329160"/>
    <trkpt lat="39.536202" lon="3.328761"/>
    <trkpt lat="39.536037" lon="3.328399"/>
    <trkpt lat="39.535809" lon="3.327896"/>
    <trkpt lat="39.535219" lon="3.326614"/>
    <trkpt lat="39.534846" lon="3.325803"/>
    <trkpt lat="39.534736" lon="3.325589"/>
    <trkpt lat="39.534533" lon="3.325193"/>
    <trkpt lat="39.534269" lon="3.324676"/>
    <trkpt lat="39.534005" lon="3.324139"/>
    <trkpt lat="39.533739" lon="3.323574"/>
    <trkpt lat="39.533316" lon="3.322640"/>
    <trkpt lat="39.533140" lon="3.322238"/>
    <trkpt lat="39.532986" lon="3.321838"/>
    <trkpt lat="39.532459" lon="3.320171"/>
    <trkpt lat="39.532335" lon="3.319778"/>
    <trkpt lat="39.531828" lon="3.318129"/>
    <trkpt lat="39.531815" lon="3.318054"/>
    <trkpt lat="39.531796" lon="3.317976"/>
    <trkpt lat="39.531785" lon="3.317898"/>
    <trkpt lat="39.531782" lon="3.317786"/>
    <trkpt lat="39.531778" lon="3.317677"/>
    <trkpt lat="39.531788" lon="3.317654"/>
    <trkpt lat="39.531797" lon="3.317619"/>
    <trkpt lat="39.531802" lon="3.317556"/>
    <trkpt lat="39.531792" lon="3.317495"/>
    <trkpt lat="39.531768" lon="3.317441"/>
    <trkpt lat="39.531743" lon="3.317410"/>
    <trkpt lat="39.531715" lon="3.317387"/>
    <trkpt lat="39.531644" lon="3.317314"/>
    <trkpt lat="39.531567" lon="3.317199"/>
    <trkpt lat="39.531516" lon="3.317083"/>
    <trkpt lat="39.531479" lon="3.317028"/>
    <trkpt lat="39.530905" lon="3.315192"/>
    <trkpt lat="39.530857" lon="3.315040"/>
    <trkpt lat="39.530314" lon="3.313315"/>
    <trkpt lat="39.530289" lon="3.313168"/>
    <trkpt lat="39.530128" lon="3.312506"/>
    <trkpt lat="39.529988" lon="3.311993"/>
    <trkpt lat="39.529871" lon="3.311598"/>
    <trkpt lat="39.529618" lon="3.310748"/>
    <trkpt lat="39.529563" lon="3.310545"/>
    <trkpt lat="39.529501" lon="3.310248"/>
    <trkpt lat="39.529487" lon="3.310136"/>
    <trkpt lat="39.529451" lon="3.309816"/>
    <trkpt lat="39.529377" lon="3.309006"/>
    <trkpt lat="39.529364" lon="3.308860"/>
    <trkpt lat="39.529349" lon="3.308681"/>
    <trkpt lat="39.529287" lon="3.308048"/>
    <trkpt lat="39.529206" lon="3.307428"/>
    <trkpt lat="39.529165" lon="3.307172"/>
    <trkpt lat="39.529053" lon="3.305772"/>
    <trkpt lat="39.529046" lon="3.305684"/>
    <trkpt lat="39.528984" lon="3.304895"/>
    <trkpt lat="39.528970" lon="3.304718"/>
    <trkpt lat="39.528671" lon="3.301015"/>
    <trkpt lat="39.528525" lon="3.299120"/>
    <trkpt lat="39.528358" lon="3.297061"/>
    <trkpt lat="39.528225" lon="3.295489"/>
    <trkpt lat="39.528069" lon="3.293685"/>
    <trkpt lat="39.528052" lon="3.293550"/>
    <trkpt lat="39.528030" lon="3.293431"/>
    <trkpt lat="39.527997" lon="3.293295"/>
    <trkpt lat="39.527934" lon="3.293110"/>
    <trkpt lat="39.527831" lon="3.292902"/>
    <trkpt lat="39.527751" lon="3.292781"/>
    <trkpt lat="39.527652" lon="3.292669"/>
    <trkpt lat="39.527558" lon="3.292587"/>
    <trkpt lat="39.527449" lon="3.292516"/>
    <trkpt lat="39.527338" lon="3.292459"/>
    <trkpt lat="39.527218" lon="3.292415"/>
    <trkpt lat="39.527063" lon="3.292373"/>
    <trkpt lat="39.526775" lon="3.292334"/>
    <trkpt lat="39.525997" lon="3.292267"/>
    <trkpt lat="39.525602" lon="3.292191"/>
    <trkpt lat="39.525514" lon="3.292173"/>
    <trkpt lat="39.525372" lon="3.292131"/>
    <trkpt lat="39.525242" lon="3.292064"/>
    <trkpt lat="39.525098" lon="3.291962"/>
    <trkpt lat="39.524960" lon="3.291827"/>
    <trkpt lat="39.524811" lon="3.291633"/>
    <trkpt lat="39.524053" lon="3.290464"/>
    <trkpt lat="39.523848" lon="3.290164"/>
    <trkpt lat="39.523654" lon="3.289912"/>
    <trkpt lat="39.523431" lon="3.289670"/>
    <trkpt lat="39.523202" lon="3.289476"/>
    <trkpt lat="39.522982" lon="3.289315"/>
    <trkpt lat="39.522780" lon="3.289183"/>
    <trkpt lat="39.521915" lon="3.288677"/>
    <trkpt lat="39.521483" lon="3.288437"/>
    <trkpt lat="39.519280" lon="3.287212"/>
    <trkpt lat="39.518904" lon="3.287040"/>
    <trkpt lat="39.518728" lon="3.286955"/>
    <trkpt lat="39.518506" lon="3.286826"/>
    <trkpt lat="39.517871" lon="3.286426"/>
    <trkpt lat="39.517656" lon="3.286287"/>
    <trkpt lat="39.517286" lon="3.286036"/>
    <trkpt lat="39.516502" lon="3.285448"/>
    <trkpt lat="39.516453" lon="3.285411"/>
    <trkpt lat="39.515317" lon="3.284559"/>
    <trkpt lat="39.515099" lon="3.284389"/>
    <trkpt lat="39.514988" lon="3.284291"/>
    <trkpt lat="39.514879" lon="3.284176"/>
    <trkpt lat="39.513711" lon="3.282835"/>
    <trkpt lat="39.513158" lon="3.282236"/>
    <trkpt lat="39.513095" lon="3.282168"/>
    <trkpt lat="39.512597" lon="3.281628"/>
    <trkpt lat="39.512472" lon="3.281469"/>
    <trkpt lat="39.512402" lon="3.281302"/>
    <trkpt lat="39.512374" lon="3.281162"/>
    <trkpt lat="39.512348" lon="3.281011"/>
    <trkpt lat="39.512315" lon="3.280719"/>
    <trkpt lat="39.512313" lon="3.280450"/>
    <trkpt lat="39.512329" lon="3.280199"/>
    <trkpt lat="39.512427" lon="3.279655"/>
    <trkpt lat="39.512538" lon="3.279088"/>
    <trkpt lat="39.512575" lon="3.278771"/>
    <trkpt lat="39.512570" lon="3.278506"/>
    <trkpt lat="39.512529" lon="3.278314"/>
    <trkpt lat="39.512418" lon="3.278025"/>
    <trkpt lat="39.512282" lon="3.277739"/>
    <trkpt lat="39.512153" lon="3.277618"/>
    <trkpt lat="39.511923" lon="3.277413"/>
    <trkpt lat="39.510652" lon="3.276275"/>
    <trkpt lat="39.510505" lon="3.276137"/>
    <trkpt lat="39.510391" lon="3.276018"/>
    <trkpt lat="39.510031" lon="3.275538"/>
    <trkpt lat="39.509684" lon="3.275063"/>
    <trkpt lat="39.509375" lon="3.274641"/>
    <trkpt lat="39.508865" lon="3.274014"/>
    <trkpt lat="39.508298" lon="3.273364"/>
    <trkpt lat="39.507597" lon="3.272630"/>
    <trkpt lat="39.506865" lon="3.271928"/>
    <trkpt lat="39.505473" lon="3.270595"/>
    <trkpt lat="39.504652" lon="3.269812"/>
    <trkpt lat="39.504511" lon="3.269688"/>
    <trkpt lat="39.504427" lon="3.269642"/>
    <trkpt lat="39.504304" lon="3.269603"/>
    <trkpt lat="39.504118" lon="3.269613"/>
    <trkpt lat="39.503193" lon="3.269765"/>
    <trkpt lat="39.502299" lon="3.269947"/>
    <trkpt lat="39.501826" lon="3.270019"/>
    <trkpt lat="39.501683" lon="3.270039"/>
    <trkpt lat="39.501439" lon="3.270071"/>
    <trkpt lat="39.501058" lon="3.270047"/>
    <trkpt lat="39.500677" lon="3.269989"/>
    <trkpt lat="39.500377" lon="3.269938"/>
    <trkpt lat="39.500171" lon="3.269872"/>
    <trkpt lat="39.499931" lon="3.269778"/>
    <trkpt lat="39.499814" lon="3.269736"/>
    <trkpt lat="39.499700" lon="3.269724"/>
    <trkpt lat="39.499466" lon="3.269742"/>
    <trkpt lat="39.498947" lon="3.269823"/>
    <trkpt lat="39.498759" lon="3.269857"/>
    <trkpt lat="39.498603" lon="3.269921"/>
    <trkpt lat="39.498087" lon="3.270214"/>
    <trkpt lat="39.497967" lon="3.270272"/>
    <trkpt lat="39.497857" lon="3.270287"/>
    <trkpt lat="39.497734" lon="3.270270"/>
    <trkpt lat="39.497278" lon="3.270119"/>
    <trkpt lat="39.497182" lon="3.270075"/>
    <trkpt lat="39.497096" lon="3.270018"/>
    <trkpt lat="39.497037" lon="3.269956"/>
    <trkpt lat="39.496754" lon="3.269533"/>
    <trkpt lat="39.496449" lon="3.269011"/>
    <trkpt lat="39.496082" lon="3.268319"/>
    <trkpt lat="39.495835" lon="3.267841"/>
    <trkpt lat="39.495794" lon="3.267754"/>
    <trkpt lat="39.495670" lon="3.267506"/>
    <trkpt lat="39.495535" lon="3.267192"/>
    <trkpt lat="39.495352" lon="3.266600"/>
    <trkpt lat="39.495286" lon="3.266398"/>
    <trkpt lat="39.495192" lon="3.266107"/>
    <trkpt lat="39.495115" lon="3.265909"/>
    <trkpt lat="39.495053" lon="3.265792"/>
    <trkpt lat="39.494899" lon="3.265547"/>
    <trkpt lat="39.494785" lon="3.265416"/>
    <trkpt lat="39.494689" lon="3.265326"/>
    <trkpt lat="39.494597" lon="3.265262"/>
    <trkpt lat="39.494486" lon="3.265214"/>
    <trkpt lat="39.493713" lon="3.265055"/>
    <trkpt lat="39.493568" lon="3.265015"/>
    <trkpt lat="39.493412" lon="3.264964"/>
    <trkpt lat="39.493293" lon="3.264908"/>
    <trkpt lat="39.493177" lon="3.264838"/>
    <trkpt lat="39.493096" lon="3.264772"/>
    <trkpt lat="39.493013" lon="3.264683"/>
    <trkpt lat="39.492870" lon="3.264508"/>
    <trkpt lat="39.492756" lon="3.264352"/>
    <trkpt lat="39.492584" lon="3.264043"/>
    <trkpt lat="39.492471" lon="3.263823"/>
    <trkpt lat="39.492387" lon="3.263599"/>
    <trkpt lat="39.492094" lon="3.262609"/>
    <trkpt lat="39.492009" lon="3.262331"/>
    <trkpt lat="39.491941" lon="3.262139"/>
    <trkpt lat="39.491828" lon="3.261948"/>
    <trkpt lat="39.491694" lon="3.261792"/>
    <trkpt lat="39.491381" lon="3.261514"/>
    <trkpt lat="39.491201" lon="3.261321"/>
    <trkpt lat="39.491076" lon="3.261159"/>
    <trkpt lat="39.490979" lon="3.260994"/>
    <trkpt lat="39.490909" lon="3.260845"/>
    <trkpt lat="39.490856" lon="3.260664"/>
    <trkpt lat="39.490822" lon="3.260442"/>
    <trkpt lat="39.490821" lon="3.260166"/>
    <trkpt lat="39.490863" lon="3.259889"/>
    <trkpt lat="39.490940" lon="3.259622"/>
    <trkpt lat="39.491118" lon="3.259198"/>
    <trkpt lat="39.491424" lon="3.258542"/>
    <trkpt lat="39.491524" lon="3.258303"/>
    <trkpt lat="39.491586" lon="3.258071"/>
    <trkpt lat="39.491624" lon="3.257810"/>
    <trkpt lat="39.491638" lon="3.257558"/>
    <trkpt lat="39.491629" lon="3.257333"/>
    <trkpt lat="39.491605" lon="3.257147"/>
    <trkpt lat="39.491558" lon="3.256965"/>
    <trkpt lat="39.491506" lon="3.256812"/>
    <trkpt lat="39.491391" lon="3.256576"/>
    <trkpt lat="39.491181" lon="3.256177"/>
    <trkpt lat="39.490887" lon="3.255649"/>
    <trkpt lat="39.489980" lon="3.254056"/>
    <trkpt lat="39.489165" lon="3.252395"/>
    <trkpt lat="39.489093" lon="3.252237"/>
    <trkpt lat="39.489063" lon="3.252185"/>
    <trkpt lat="39.489033" lon="3.252133"/>
    <trkpt lat="39.488936" lon="3.252005"/>
    <trkpt lat="39.488744" lon="3.251805"/>
    <trkpt lat="39.488122" lon="3.251180"/>
    <trkpt lat="39.487687" lon="3.250705"/>
    <trkpt lat="39.487570" lon="3.250575"/>
    <trkpt lat="39.487488" lon="3.250520"/>
    <trkpt lat="39.487409" lon="3.250504"/>
    <trkpt lat="39.487330" lon="3.250513"/>
    <trkpt lat="39.487216" lon="3.250584"/>
    <trkpt lat="39.487087" lon="3.250686"/>
    <trkpt lat="39.486722" lon="3.251005"/>
    <trkpt lat="39.486636" lon="3.251064"/>
    <trkpt lat="39.486571" lon="3.251094"/>
    <trkpt lat="39.486463" lon="3.251134"/>
    <trkpt lat="39.486308" lon="3.251156"/>
    <trkpt lat="39.486019" lon="3.251189"/>
    <trkpt lat="39.485873" lon="3.251203"/>
    <trkpt lat="39.485173" lon="3.251200"/>
    <trkpt lat="39.484983" lon="3.251211"/>
    <trkpt lat="39.484909" lon="3.251228"/>
    <trkpt lat="39.484814" lon="3.251271"/>
    <trkpt lat="39.484752" lon="3.251336"/>
    <trkpt lat="39.484672" lon="3.251449"/>
    <trkpt lat="39.484361" lon="3.251947"/>
    <trkpt lat="39.484215" lon="3.252144"/>
    <trkpt lat="39.484138" lon="3.252220"/>
    <trkpt lat="39.484049" lon="3.252271"/>
    <trkpt lat="39.483969" lon="3.252302"/>
    <trkpt lat="39.483790" lon="3.252353"/>
    <trkpt lat="39.483603" lon="3.252369"/>
    <trkpt lat="39.483492" lon="3.252347"/>
    <trkpt lat="39.483378" lon="3.252292"/>
    <trkpt lat="39.483245" lon="3.252180"/>
    <trkpt lat="39.483074" lon="3.251987"/>
    <trkpt lat="39.482943" lon="3.251820"/>
    <trkpt lat="39.482814" lon="3.251676"/>
    <trkpt lat="39.482681" lon="3.251583"/>
    <trkpt lat="39.482469" lon="3.251470"/>
    <trkpt lat="39.482384" lon="3.251435"/>
    <trkpt lat="39.482105" lon="3.251312"/>
    <trkpt lat="39.481984" lon="3.251254"/>
    <trkpt lat="39.481884" lon="3.251192"/>
    <trkpt lat="39.481681" lon="3.251012"/>
    <trkpt lat="39.481540" lon="3.250835"/>
    <trkpt lat="39.481337" lon="3.250536"/>
    <trkpt lat="39.481246" lon="3.250406"/>
    <trkpt lat="39.481106" lon="3.250226"/>
    <trkpt lat="39.480994" lon="3.250099"/>
    <trkpt lat="39.480903" lon="3.250019"/>
    <trkpt lat="39.480786" lon="3.249933"/>
    <trkpt lat="39.480605" lon="3.249850"/>
    <trkpt lat="39.480472" lon="3.249806"/>
    <trkpt lat="39.480279" lon="3.249762"/>
    <trkpt lat="39.478899" lon="3.249620"/>
    <trkpt lat="39.478424" lon="3.249571"/>
    <trkpt lat="39.478106" lon="3.249548"/>
    <trkpt lat="39.477815" lon="3.249516"/>
    <trkpt lat="39.477704" lon="3.249492"/>
    <trkpt lat="39.477536" lon="3.249425"/>
    <trkpt lat="39.477083" lon="3.249164"/>
    <trkpt lat="39.476268" lon="3.248731"/>
    <trkpt lat="39.474597" lon="3.247790"/>
    <trkpt lat="39.474479" lon="3.247709"/>
    <trkpt lat="39.474399" lon="3.247623"/>
    <trkpt lat="39.474317" lon="3.247474"/>
    <trkpt lat="39.473827" lon="3.246418"/>
    <trkpt lat="39.473782" lon="3.246311"/>
    <trkpt lat="39.473723" lon="3.246232"/>
    <trkpt lat="39.473676" lon="3.246168"/>
    <trkpt lat="39.473606" lon="3.246111"/>
    <trkpt lat="39.473482" lon="3.246047"/>
    <trkpt lat="39.473235" lon="3.246012"/>
    <trkpt lat="39.472932" lon="3.245988"/>
    <trkpt lat="39.472863" lon="3.245987"/>
    <trkpt lat="39.470886" lon="3.245826"/>
    <trkpt lat="39.467937" lon="3.245563"/>
    <trkpt lat="39.465914" lon="3.245378"/>
    <trkpt lat="39.465553" lon="3.245345"/>
    <trkpt lat="39.465237" lon="3.245288"/>
    <trkpt lat="39.464979" lon="3.245217"/>
    <trkpt lat="39.464603" lon="3.245056"/>
    <trkpt lat="39.464495" lon="3.245009"/>
    <trkpt lat="39.464308" lon="3.244913"/>
    <trkpt lat="39.463387" lon="3.244482"/>
    <trkpt lat="39.463164" lon="3.244396"/>
    <trkpt lat="39.462529" lon="3.244083"/>
    <trkpt lat="39.462279" lon="3.243968"/>
    <trkpt lat="39.462056" lon="3.243851"/>
    <trkpt lat="39.461748" lon="3.243664"/>
    <trkpt lat="39.461406" lon="3.243424"/>
    <trkpt lat="39.458141" lon="3.241027"/>
    <trkpt lat="39.457469" lon="3.240544"/>
    <trkpt lat="39.457232" lon="3.240381"/>
    <trkpt lat="39.457093" lon="3.240316"/>
    <trkpt lat="39.456903" lon="3.240269"/>
    <trkpt lat="39.456737" lon="3.240240"/>
    <trkpt lat="39.455947" lon="3.240096"/>
    <trkpt lat="39.455525" lon="3.240017"/>
    <trkpt lat="39.454998" lon="3.239939"/>
    <trkpt lat="39.454640" lon="3.239851"/>
    <trkpt lat="39.452956" lon="3.239594"/>
    <trkpt lat="39.451282" lon="3.239304"/>
    <trkpt lat="39.450903" lon="3.239217"/>
    <trkpt lat="39.450764" lon="3.239163"/>
    <trkpt lat="39.450614" lon="3.239068"/>
    <trkpt lat="39.450393" lon="3.238900"/>
    <trkpt lat="39.450118" lon="3.238663"/>
    <trkpt lat="39.449642" lon="3.238248"/>
    <trkpt lat="39.449459" lon="3.238083"/>
    <trkpt lat="39.449283" lon="3.237960"/>
    <trkpt lat="39.449187" lon="3.237919"/>
    <trkpt lat="39.448886" lon="3.237828"/>
    <trkpt lat="39.448432" lon="3.237742"/>
    <trkpt lat="39.447751" lon="3.237679"/>
    <trkpt lat="39.447610" lon="3.237640"/>
    <trkpt lat="39.447505" lon="3.237584"/>
    <trkpt lat="39.447364" lon="3.237460"/>
    <trkpt lat="39.447244" lon="3.237337"/>
    <trkpt lat="39.446782" lon="3.236841"/>
    <trkpt lat="39.446366" lon="3.236402"/>
    <trkpt lat="39.446036" lon="3.235973"/>
    <trkpt lat="39.445875" lon="3.235694"/>
    <trkpt lat="39.445811" lon="3.235495"/>
    <trkpt lat="39.445791" lon="3.235301"/>
    <trkpt lat="39.445813" lon="3.235251"/>
    <trkpt lat="39.445825" lon="3.235195"/>
    <trkpt lat="39.445826" lon="3.235137"/>
    <trkpt lat="39.445816" lon="3.235081"/>
    <trkpt lat="39.445792" lon="3.235025"/>
    <trkpt lat="39.445757" lon="3.234979"/>
    <trkpt lat="39.445713" lon="3.234948"/>
    <trkpt lat="39.445647" lon="3.234933"/>
    <trkpt lat="39.445581" lon="3.234951"/>
    <trkpt lat="39.445525" lon="3.234999"/>
    <trkpt lat="39.445488" lon="3.235072"/>
    <trkpt lat="39.445244" lon="3.235201"/>
    <trkpt lat="39.445204" lon="3.235204"/>
    <trkpt lat="39.445138" lon="3.235208"/>
    <trkpt lat="39.444920" lon="3.235234"/>
    <trkpt lat="39.444672" lon="3.235299"/>
    <trkpt lat="39.444391" lon="3.235321"/>
    <trkpt lat="39.444053" lon="3.235291"/>
    <trkpt lat="39.443978" lon="3.235287"/>
    <trkpt lat="39.443469" lon="3.235198"/>
    <trkpt lat="39.442949" lon="3.235118"/>
    <trkpt lat="39.442386" lon="3.235014"/>
    <trkpt lat="39.442009" lon="3.234955"/>
    <trkpt lat="39.441932" lon="3.234943"/>
    <trkpt lat="39.441368" lon="3.234927"/>
    <trkpt lat="39.440847" lon="3.234972"/>
    <trkpt lat="39.440379" lon="3.235063"/>
    <trkpt lat="39.439917" lon="3.235206"/>
    <trkpt lat="39.439445" lon="3.235388"/>
    <trkpt lat="39.439296" lon="3.235463"/>
    <trkpt lat="39.438882" lon="3.235673"/>
    <trkpt lat="39.438777" lon="3.235713"/>
    <trkpt lat="39.438664" lon="3.235781"/>
    <trkpt lat="39.438536" lon="3.235833"/>
    <trkpt lat="39.438423" lon="3.235866"/>
    <trkpt lat="39.438385" lon="3.235856"/>
    <trkpt lat="39.438346" lon="3.235860"/>
    <trkpt lat="39.438306" lon="3.235880"/>
    <trkpt lat="39.438272" lon="3.235915"/>
    <trkpt lat="39.438248" lon="3.235963"/>
    <trkpt lat="39.438236" lon="3.236017"/>
    <trkpt lat="39.438240" lon="3.236081"/>
    <trkpt lat="39.438220" lon="3.236180"/>
    <trkpt lat="39.438160" lon="3.236387"/>
    <trkpt lat="39.438104" lon="3.236565"/>
    <trkpt lat="39.437979" lon="3.236796"/>
    <trkpt lat="39.437747" lon="3.237241"/>
    <trkpt lat="39.437595" lon="3.237541"/>
    <trkpt lat="39.437405" lon="3.238005"/>
    <trkpt lat="39.437224" lon="3.238425"/>
    <trkpt lat="39.437047" lon="3.238764"/>
    <trkpt lat="39.436883" lon="3.239056"/>
    <trkpt lat="39.436668" lon="3.239389"/>
    <trkpt lat="39.436226" lon="3.239993"/>
    <trkpt lat="39.435863" lon="3.240504"/>
    <trkpt lat="39.435713" lon="3.240688"/>
    <trkpt lat="39.435526" lon="3.240850"/>
    <trkpt lat="39.435057" lon="3.241264"/>
    <trkpt lat="39.434814" lon="3.241535"/>
    <trkpt lat="39.434625" lon="3.241766"/>
    <trkpt lat="39.434346" lon="3.242138"/>
    <trkpt lat="39.434088" lon="3.242572"/>
    <trkpt lat="39.433820" lon="3.243063"/>
    <trkpt lat="39.433557" lon="3.243544"/>
    <trkpt lat="39.433496" lon="3.243654"/>
    <trkpt lat="39.433287" lon="3.244001"/>
    <trkpt lat="39.433049" lon="3.244311"/>
    <trkpt lat="39.432761" lon="3.244610"/>
    <trkpt lat="39.432489" lon="3.244882"/>
    <trkpt lat="39.432201" lon="3.245156"/>
    <trkpt lat="39.431958" lon="3.245443"/>
    <trkpt lat="39.431855" lon="3.245566"/>
    <trkpt lat="39.431442" lon="3.246218"/>
    <trkpt lat="39.430753" lon="3.247439"/>
    <trkpt lat="39.430218" lon="3.248382"/>
    <trkpt lat="39.428397" lon="3.251430"/>
    <trkpt lat="39.428063" lon="3.252061"/>
    <trkpt lat="39.427898" lon="3.252567"/>
    <trkpt lat="39.427690" lon="3.253518"/>
    <trkpt lat="39.427260" lon="3.255531"/>
    <trkpt lat="39.427078" lon="3.256461"/>
    <trkpt lat="39.427005" lon="3.256830"/>
    <trkpt lat="39.426901" lon="3.257301"/>
    <trkpt lat="39.426807" lon="3.257597"/>
    <trkpt lat="39.426697" lon="3.257785"/>
    <trkpt lat="39.426525" lon="3.257996"/>
    <trkpt lat="39.425569" lon="3.258843"/>
    <trkpt lat="39.425456" lon="3.258942"/>
    <trkpt lat="39.425292" lon="3.259096"/>
    <trkpt lat="39.425110" lon="3.259265"/>
    <trkpt lat="39.424567" lon="3.259753"/>
    <trkpt lat="39.424342" lon="3.259954"/>
    <trkpt lat="39.424260" lon="3.260026"/>
    <trkpt lat="39.424194" lon="3.260037"/>
    <trkpt lat="39.424075" lon="3.260057"/>
    <trkpt lat="39.424024" lon="3.260012"/>
    <trkpt lat="39.423949" lon="3.259996"/>
    <trkpt lat="39.423909" lon="3.260012"/>
    <trkpt lat="39.423869" lon="3.260049"/>
    <trkpt lat="39.423812" lon="3.259958"/>
    <trkpt lat="39.423697" lon="3.259776"/>
    <trkpt lat="39.423387" lon="3.259259"/>
    <trkpt lat="39.423238" lon="3.259010"/>
    <trkpt lat="39.423176" lon="3.258907"/>
    <trkpt lat="39.423047" lon="3.258734"/>
    <trkpt lat="39.422853" lon="3.258531"/>
    <trkpt lat="39.422668" lon="3.258406"/>
    <trkpt lat="39.422603" lon="3.258389"/>
    <trkpt lat="39.422456" lon="3.258352"/>
    <trkpt lat="39.422245" lon="3.258338"/>
    <trkpt lat="39.421934" lon="3.258345"/>
    <trkpt lat="39.421482" lon="3.258378"/>
    <trkpt lat="39.421310" lon="3.258354"/>
    <trkpt lat="39.421144" lon="3.258292"/>
    <trkpt lat="39.420865" lon="3.258048"/>
    <trkpt lat="39.420716" lon="3.257854"/>
    <trkpt lat="39.420573" lon="3.257645"/>
    <trkpt lat="39.420410" lon="3.257320"/>
    <trkpt lat="39.420300" lon="3.256995"/>
    <trkpt lat="39.420137" lon="3.256475"/>
    <trkpt lat="39.420004" lon="3.256149"/>
    <trkpt lat="39.419893" lon="3.255972"/>
    <trkpt lat="39.419704" lon="3.255782"/>
    <trkpt lat="39.419450" lon="3.255575"/>
    <trkpt lat="39.419145" lon="3.255422"/>
    <trkpt lat="39.418868" lon="3.255371"/>
    <trkpt lat="39.418546" lon="3.255334"/>
    <trkpt lat="39.418403" lon="3.255304"/>
    <trkpt lat="39.418324" lon="3.255288"/>
    <trkpt lat="39.418320" lon="3.255242"/>
    <trkpt lat="39.418306" lon="3.255199"/>
    <trkpt lat="39.418284" lon="3.255162"/>
    <trkpt lat="39.418256" lon="3.255134"/>
    <trkpt lat="39.418222" lon="3.255116"/>
    <trkpt lat="39.418187" lon="3.255110"/>
    <trkpt lat="39.418151" lon="3.255116"/>
    <trkpt lat="39.418140" lon="3.255122"/>
    <trkpt lat="39.418118" lon="3.255134"/>
    <trkpt lat="39.418090" lon="3.255162"/>
    <trkpt lat="39.418068" lon="3.255199"/>
    <trkpt lat="39.418054" lon="3.255242"/>
    <trkpt lat="39.418049" lon="3.255288"/>
    <trkpt lat="39.417967" lon="3.255280"/>
    <trkpt lat="39.417603" lon="3.255244"/>
    <trkpt lat="39.417093" lon="3.255238"/>
    <trkpt lat="39.416636" lon="3.255185"/>
    <trkpt lat="39.416323" lon="3.255153"/>
    <trkpt lat="39.416184" lon="3.255139"/>
    <trkpt lat="39.416069" lon="3.256880"/>
    <trkpt lat="39.416026" lon="3.257526"/>
    <trkpt lat="39.415988" lon="3.258104"/>
    <trkpt lat="39.416706" lon="3.258156"/>
    <trkpt lat="39.416953" lon="3.258174"/>
    <trkpt lat="39.416927" lon="3.258730"/>
    <trkpt lat="39.416924" lon="3.258804"/>
    <trkpt lat="39.415946" lon="3.258739"/>
    <trkpt lat="39.415954" lon="3.258612"/>
    <trkpt lat="39.415988" lon="3.258104"/>
    <trkpt lat="39.416026" lon="3.257526"/>
    <trkpt lat="39.416069" lon="3.256880"/>
    <trkpt lat="39.416184" lon="3.255139"/>
    <trkpt lat="39.416323" lon="3.255153"/>
    <trkpt lat="39.416636" lon="3.255185"/>
    <trkpt lat="39.417093" lon="3.255238"/>
    <trkpt lat="39.417603" lon="3.255244"/>
    <trkpt lat="39.417967" lon="3.255280"/>
    <trkpt lat="39.418049" lon="3.255288"/>
    <trkpt lat="39.418054" lon="3.255334"/>
    <trkpt lat="39.418068" lon="3.255377"/>
    <trkpt lat="39.418090" lon="3.255414"/>
    <trkpt lat="39.418118" lon="3.255443"/>
    <trkpt lat="39.418151" lon="3.255460"/>
    <trkpt lat="39.418187" lon="3.255466"/>
    <trkpt lat="39.418222" lon="3.255460"/>
    <trkpt lat="39.418256" lon="3.255443"/>
    <trkpt lat="39.418284" lon="3.255414"/>
    <trkpt lat="39.418306" lon="3.255377"/>
    <trkpt lat="39.418320" lon="3.255334"/>
    <trkpt lat="39.418324" lon="3.255288"/>
    <trkpt lat="39.418320" lon="3.255242"/>
    <trkpt lat="39.418306" lon="3.255199"/>
    <trkpt lat="39.418284" lon="3.255162"/>
    <trkpt lat="39.418256" lon="3.255134"/>
    <trkpt lat="39.418222" lon="3.255116"/>
    <trkpt lat="39.418213" lon="3.254994"/>
    <trkpt lat="39.418076" lon="3.253491"/>
    <trkpt lat="39.418053" lon="3.253254"/>
    <trkpt lat="39.418021" lon="3.252887"/>
    <trkpt lat="39.417789" lon="3.250128"/>
    <trkpt lat="39.417765" lon="3.249843"/>
    <trkpt lat="39.417748" lon="3.249650"/>
    <trkpt lat="39.417695" lon="3.249028"/>
    <trkpt lat="39.417661" lon="3.248630"/>
    <trkpt lat="39.417602" lon="3.247968"/>
    <trkpt lat="39.417589" lon="3.247748"/>
    <trkpt lat="39.417590" lon="3.247445"/>
    <trkpt lat="39.417624" lon="3.247190"/>
    <trkpt lat="39.417752" lon="3.246751"/>
    <trkpt lat="39.418033" lon="3.246089"/>
    <trkpt lat="39.418020" lon="3.245990"/>
    <trkpt lat="39.418051" lon="3.245923"/>
    <trkpt lat="39.418362" lon="3.245169"/>
    <trkpt lat="39.418425" lon="3.245012"/>
    <trkpt lat="39.418449" lon="3.244957"/>
    <trkpt lat="39.418562" lon="3.244683"/>
    <trkpt lat="39.419371" lon="3.242717"/>
    <trkpt lat="39.420107" lon="3.240930"/>
    <trkpt lat="39.420555" lon="3.239843"/>
    <trkpt lat="39.420888" lon="3.239038"/>
    <trkpt lat="39.421007" lon="3.238723"/>
    <trkpt lat="39.421193" lon="3.238243"/>
    <trkpt lat="39.421232" lon="3.238119"/>
    <trkpt lat="39.421259" lon="3.237961"/>
    <trkpt lat="39.421257" lon="3.237284"/>
    <trkpt lat="39.421262" lon="3.237106"/>
    <trkpt lat="39.421300" lon="3.236951"/>
    <trkpt lat="39.421359" lon="3.236781"/>
    <trkpt lat="39.421722" lon="3.235952"/>
    <trkpt lat="39.422211" lon="3.234800"/>
    <trkpt lat="39.422327" lon="3.234493"/>
    <trkpt lat="39.422373" lon="3.234154"/>
    <trkpt lat="39.422586" lon="3.231065"/>
    <trkpt lat="39.422614" lon="3.230896"/>
    <trkpt lat="39.423225" lon="3.229097"/>
    <trkpt lat="39.424172" lon="3.226226"/>
    <trkpt lat="39.425156" lon="3.223256"/>
    <trkpt lat="39.425205" lon="3.223154"/>
    <trkpt lat="39.425263" lon="3.223007"/>
    <trkpt lat="39.425310" lon="3.222943"/>
    <trkpt lat="39.425338" lon="3.222907"/>
    <trkpt lat="39.425376" lon="3.222845"/>
    <trkpt lat="39.425386" lon="3.222781"/>
    <trkpt lat="39.425382" lon="3.222734"/>
    <trkpt lat="39.425363" lon="3.222675"/>
    <trkpt lat="39.425176" lon="3.222490"/>
    <trkpt lat="39.425090" lon="3.222356"/>
    <trkpt lat="39.425005" lon="3.222275"/>
    <trkpt lat="39.424639" lon="3.221882"/>
    <trkpt lat="39.424421" lon="3.221652"/>
    <trkpt lat="39.423042" lon="3.219973"/>
    <trkpt lat="39.422074" lon="3.218811"/>
    <trkpt lat="39.421496" lon="3.218203"/>
    <trkpt lat="39.421295" lon="3.218023"/>
    <trkpt lat="39.420843" lon="3.217644"/>
    <trkpt lat="39.420504" lon="3.217360"/>
    <trkpt lat="39.419777" lon="3.216868"/>
    <trkpt lat="39.419688" lon="3.216815"/>
    <trkpt lat="39.419214" lon="3.216533"/>
    <trkpt lat="39.418472" lon="3.216125"/>
    <trkpt lat="39.417708" lon="3.215704"/>
    <trkpt lat="39.417345" lon="3.215490"/>
    <trkpt lat="39.417125" lon="3.215349"/>
    <trkpt lat="39.416739" lon="3.215023"/>
    <trkpt lat="39.415729" lon="3.213994"/>
    <trkpt lat="39.415500" lon="3.213764"/>
    <trkpt lat="39.415178" lon="3.213507"/>
    <trkpt lat="39.414322" lon="3.213058"/>
    <trkpt lat="39.414130" lon="3.212970"/>
    <trkpt lat="39.413536" lon="3.212730"/>
    <trkpt lat="39.412956" lon="3.212574"/>
    <trkpt lat="39.412726" lon="3.212516"/>
    <trkpt lat="39.412412" lon="3.212429"/>
    <trkpt lat="39.412287" lon="3.212382"/>
    <trkpt lat="39.411930" lon="3.212238"/>
    <trkpt lat="39.411835" lon="3.212203"/>
    <trkpt lat="39.411632" lon="3.212092"/>
    <trkpt lat="39.411424" lon="3.211945"/>
    <trkpt lat="39.411143" lon="3.211728"/>
    <trkpt lat="39.410899" lon="3.211515"/>
    <trkpt lat="39.410722" lon="3.211360"/>
    <trkpt lat="39.410561" lon="3.211233"/>
    <trkpt lat="39.410444" lon="3.211131"/>
    <trkpt lat="39.410396" lon="3.211089"/>
    <trkpt lat="39.410248" lon="3.210952"/>
    <trkpt lat="39.409806" lon="3.210493"/>
    <trkpt lat="39.409694" lon="3.210384"/>
    <trkpt lat="39.409660" lon="3.210351"/>
    <trkpt lat="39.409494" lon="3.210245"/>
    <trkpt lat="39.409292" lon="3.210176"/>
    <trkpt lat="39.409227" lon="3.210151"/>
    <trkpt lat="39.409164" lon="3.210121"/>
    <trkpt lat="39.409086" lon="3.210097"/>
    <trkpt lat="39.408592" lon="3.209906"/>
    <trkpt lat="39.408525" lon="3.209864"/>
    <trkpt lat="39.408437" lon="3.209818"/>
    <trkpt lat="39.408067" lon="3.209606"/>
    <trkpt lat="39.407821" lon="3.209437"/>
    <trkpt lat="39.407791" lon="3.209417"/>
    <trkpt lat="39.407492" lon="3.209170"/>
    <trkpt lat="39.407385" lon="3.209038"/>
    <trkpt lat="39.407342" lon="3.208982"/>
    <trkpt lat="39.407326" lon="3.208962"/>
    <trkpt lat="39.407268" lon="3.208861"/>
    <trkpt lat="39.407167" lon="3.208647"/>
    <trkpt lat="39.407078" lon="3.208458"/>
    <trkpt lat="39.406913" lon="3.208006"/>
    <trkpt lat="39.406793" lon="3.207663"/>
    <trkpt lat="39.406622" lon="3.207082"/>
    <trkpt lat="39.406537" lon="3.206792"/>
    <trkpt lat="39.406453" lon="3.206516"/>
    <trkpt lat="39.406174" lon="3.205559"/>
    <trkpt lat="39.405978" lon="3.204889"/>
    <trkpt lat="39.405966" lon="3.204859"/>
    <trkpt lat="39.405954" lon="3.204837"/>
    <trkpt lat="39.405912" lon="3.204766"/>
    <trkpt lat="39.405644" lon="3.204333"/>
    <trkpt lat="39.405460" lon="3.204046"/>
    <trkpt lat="39.404328" lon="3.202458"/>
    <trkpt lat="39.404221" lon="3.202322"/>
    <trkpt lat="39.404125" lon="3.202222"/>
    <trkpt lat="39.404078" lon="3.202167"/>
    <trkpt lat="39.403963" lon="3.202068"/>
    <trkpt lat="39.403912" lon="3.202001"/>
    <trkpt lat="39.403897" lon="3.201946"/>
    <trkpt lat="39.403870" lon="3.201899"/>
    <trkpt lat="39.403819" lon="3.201856"/>
    <trkpt lat="39.403759" lon="3.201842"/>
    <trkpt lat="39.403700" lon="3.201862"/>
    <trkpt lat="39.403667" lon="3.201890"/>
    <trkpt lat="39.403641" lon="3.201929"/>
    <trkpt lat="39.403556" lon="3.201989"/>
    <trkpt lat="39.403502" lon="3.202016"/>
    <trkpt lat="39.403411" lon="3.202041"/>
    <trkpt lat="39.403350" lon="3.202075"/>
    <trkpt lat="39.403297" lon="3.202097"/>
    <trkpt lat="39.403169" lon="3.202176"/>
    <trkpt lat="39.402714" lon="3.202528"/>
    <trkpt lat="39.402292" lon="3.202834"/>
    <trkpt lat="39.401910" lon="3.203112"/>
    <trkpt lat="39.401454" lon="3.203445"/>
    <trkpt lat="39.401229" lon="3.203616"/>
    <trkpt lat="39.401047" lon="3.203701"/>
    <trkpt lat="39.400987" lon="3.203723"/>
    <trkpt lat="39.400586" lon="3.203908"/>
    <trkpt lat="39.400503" lon="3.203946"/>
    <trkpt lat="39.400359" lon="3.203461"/>
    <trkpt lat="39.400329" lon="3.203359"/>
    <trkpt lat="39.400248" lon="3.203086"/>
    <trkpt lat="39.400242" lon="3.203067"/>
    <trkpt lat="39.400205" lon="3.202941"/>
    <trkpt lat="39.400058" lon="3.202447"/>
    <trkpt lat="39.399933" lon="3.202025"/>
    <trkpt lat="39.399903" lon="3.201927"/>
    <trkpt lat="39.399881" lon="3.201846"/>
    <trkpt lat="39.399697" lon="3.201175"/>
    <trkpt lat="39.399513" lon="3.200507"/>
    <trkpt lat="39.399455" lon="3.200255"/>
    <trkpt lat="39.399392" lon="3.199746"/>
    <trkpt lat="39.399378" lon="3.199609"/>
    <trkpt lat="39.399323" lon="3.199136"/>
    <trkpt lat="39.399284" lon="3.198917"/>
    <trkpt lat="39.399256" lon="3.198800"/>
    <trkpt lat="39.399146" lon="3.198519"/>
    <trkpt lat="39.399024" lon="3.198251"/>
    <trkpt lat="39.398685" lon="3.197579"/>
    <trkpt lat="39.398559" lon="3.197329"/>
    <trkpt lat="39.398483" lon="3.197177"/>
    <trkpt lat="39.398396" lon="3.196977"/>
    <trkpt lat="39.398326" lon="3.196792"/>
    <trkpt lat="39.398261" lon="3.196548"/>
    <trkpt lat="39.398228" lon="3.196423"/>
    <trkpt lat="39.398113" lon="3.195986"/>
    <trkpt lat="39.398024" lon="3.195720"/>
    <trkpt lat="39.397903" lon="3.195494"/>
    <trkpt lat="39.397809" lon="3.195379"/>
    <trkpt lat="39.397712" lon="3.195292"/>
    <trkpt lat="39.397642" lon="3.195239"/>
    <trkpt lat="39.397399" lon="3.195056"/>
    <trkpt lat="39.397075" lon="3.194812"/>
    <trkpt lat="39.395849" lon="3.193967"/>
    <trkpt lat="39.395526" lon="3.193742"/>
    <trkpt lat="39.395334" lon="3.193604"/>
    <trkpt lat="39.395249" lon="3.193551"/>
    <trkpt lat="39.394893" lon="3.193308"/>
    <trkpt lat="39.394745" lon="3.193190"/>
    <trkpt lat="39.394620" lon="3.193062"/>
    <trkpt lat="39.394506" lon="3.192913"/>
    <trkpt lat="39.394385" lon="3.192668"/>
    <trkpt lat="39.394249" lon="3.192386"/>
    <trkpt lat="39.393974" lon="3.191801"/>
    <trkpt lat="39.393826" lon="3.191528"/>
    <trkpt lat="39.393717" lon="3.191356"/>
    <trkpt lat="39.393486" lon="3.191085"/>
    <trkpt lat="39.393291" lon="3.190897"/>
    <trkpt lat="39.393075" lon="3.190724"/>
    <trkpt lat="39.392807" lon="3.190593"/>
    <trkpt lat="39.392418" lon="3.190445"/>
    <trkpt lat="39.392228" lon="3.190347"/>
    <trkpt lat="39.392070" lon="3.190237"/>
    <trkpt lat="39.391914" lon="3.190090"/>
    <trkpt lat="39.391852" lon="3.189991"/>
    <trkpt lat="39.391754" lon="3.189815"/>
    <trkpt lat="39.391616" lon="3.189503"/>
    <trkpt lat="39.391301" lon="3.188747"/>
    <trkpt lat="39.391052" lon="3.188146"/>
    <trkpt lat="39.391045" lon="3.188131"/>
    <trkpt lat="39.390791" lon="3.187563"/>
    <trkpt lat="39.390278" lon="3.186539"/>
    <trkpt lat="39.390100" lon="3.186167"/>
    <trkpt lat="39.389957" lon="3.185730"/>
    <trkpt lat="39.389791" lon="3.185148"/>
    <trkpt lat="39.389601" lon="3.184453"/>
    <trkpt lat="39.389582" lon="3.184345"/>
    <trkpt lat="39.389545" lon="3.184094"/>
    <trkpt lat="39.389481" lon="3.183498"/>
    <trkpt lat="39.389431" lon="3.183141"/>
    <trkpt lat="39.389390" lon="3.182996"/>
    <trkpt lat="39.389271" lon="3.182670"/>
    <trkpt lat="39.388944" lon="3.181922"/>
    <trkpt lat="39.388819" lon="3.181627"/>
    <trkpt lat="39.388713" lon="3.181323"/>
    <trkpt lat="39.388672" lon="3.181180"/>
    <trkpt lat="39.388635" lon="3.181062"/>
    <trkpt lat="39.388566" lon="3.180777"/>
    <trkpt lat="39.388562" lon="3.180662"/>
    <trkpt lat="39.388549" lon="3.180549"/>
    <trkpt lat="39.388567" lon="3.180404"/>
    <trkpt lat="39.388606" lon="3.180321"/>
    <trkpt lat="39.388618" lon="3.180304"/>
    <trkpt lat="39.388628" lon="3.180285"/>
    <trkpt lat="39.388636" lon="3.180264"/>
    <trkpt lat="39.388642" lon="3.180243"/>
    <trkpt lat="39.388646" lon="3.180220"/>
    <trkpt lat="39.388648" lon="3.180197"/>
    <trkpt lat="39.388648" lon="3.180174"/>
    <trkpt lat="39.388644" lon="3.180139"/>
    <trkpt lat="39.388634" lon="3.180106"/>
    <trkpt lat="39.388619" lon="3.180075"/>
    <trkpt lat="39.388601" lon="3.180049"/>
    <trkpt lat="39.388578" lon="3.180028"/>
    <trkpt lat="39.388564" lon="3.180018"/>
    <trkpt lat="39.388553" lon="3.180012"/>
    <trkpt lat="39.388507" lon="3.179934"/>
    <trkpt lat="39.388481" lon="3.179879"/>
    <trkpt lat="39.388461" lon="3.179818"/>
    <trkpt lat="39.388439" lon="3.179722"/>
    <trkpt lat="39.388436" lon="3.179563"/>
    <trkpt lat="39.388445" lon="3.179109"/>
    <trkpt lat="39.388495" lon="3.178669"/>
    <trkpt lat="39.388564" lon="3.178280"/>
    <trkpt lat="39.388645" lon="3.177960"/>
    <trkpt lat="39.388713" lon="3.177724"/>
    <trkpt lat="39.388819" lon="3.177434"/>
    <trkpt lat="39.388942" lon="3.177161"/>
    <trkpt lat="39.389031" lon="3.176990"/>
    <trkpt lat="39.389280" lon="3.176516"/>
    <trkpt lat="39.389389" lon="3.176271"/>
    <trkpt lat="39.389432" lon="3.176134"/>
    <trkpt lat="39.389469" lon="3.175980"/>
    <trkpt lat="39.389481" lon="3.175837"/>
    <trkpt lat="39.389479" lon="3.175388"/>
    <trkpt lat="39.389497" lon="3.175179"/>
    <trkpt lat="39.389528" lon="3.175004"/>
    <trkpt lat="39.389744" lon="3.174231"/>
    <trkpt lat="39.389780" lon="3.174013"/>
    <trkpt lat="39.389791" lon="3.173841"/>
    <trkpt lat="39.389772" lon="3.173673"/>
    <trkpt lat="39.389695" lon="3.173327"/>
    <trkpt lat="39.389602" lon="3.172725"/>
    <trkpt lat="39.389423" lon="3.171522"/>
    <trkpt lat="39.389411" lon="3.171359"/>
    <trkpt lat="39.389423" lon="3.170931"/>
    <trkpt lat="39.389419" lon="3.170731"/>
    <trkpt lat="39.389396" lon="3.170589"/>
    <trkpt lat="39.389332" lon="3.170390"/>
    <trkpt lat="39.389174" lon="3.169999"/>
    <trkpt lat="39.388983" lon="3.169549"/>
    <trkpt lat="39.388874" lon="3.169320"/>
    <trkpt lat="39.388828" lon="3.169221"/>
    <trkpt lat="39.388709" lon="3.168983"/>
    <trkpt lat="39.388636" lon="3.168839"/>
    <trkpt lat="39.388475" lon="3.168623"/>
    <trkpt lat="39.387797" lon="3.167774"/>
    <trkpt lat="39.387617" lon="3.167572"/>
    <trkpt lat="39.387414" lon="3.167387"/>
    <trkpt lat="39.387085" lon="3.167105"/>
    <trkpt lat="39.387095" lon="3.167044"/>
    <trkpt lat="39.387157" lon="3.166711"/>
    <trkpt lat="39.387188" lon="3.166549"/>
    <trkpt lat="39.387315" lon="3.166031"/>
    <trkpt lat="39.387402" lon="3.165726"/>
    <trkpt lat="39.387425" lon="3.165568"/>
    <trkpt lat="39.387454" lon="3.165165"/>
    <trkpt lat="39.387458" lon="3.165116"/>
    <trkpt lat="39.387477" lon="3.164722"/>
    <trkpt lat="39.387484" lon="3.164550"/>
    <trkpt lat="39.387488" lon="3.164465"/>
    <trkpt lat="39.387495" lon="3.164385"/>
    <trkpt lat="39.387506" lon="3.164276"/>
    <trkpt lat="39.387531" lon="3.164166"/>
    <trkpt lat="39.387568" lon="3.164042"/>
    <trkpt lat="39.387589" lon="3.163880"/>
    <trkpt lat="39.387577" lon="3.163792"/>
    <trkpt lat="39.387529" lon="3.163428"/>
    <trkpt lat="39.387519" lon="3.163333"/>
    <trkpt lat="39.387453" lon="3.162928"/>
    <trkpt lat="39.387436" lon="3.162850"/>
    <trkpt lat="39.387391" lon="3.162735"/>
    <trkpt lat="39.387371" lon="3.162687"/>
    <trkpt lat="39.387198" lon="3.162274"/>
    <trkpt lat="39.386883" lon="3.161844"/>
    <trkpt lat="39.386535" lon="3.161375"/>
    <trkpt lat="39.386230" lon="3.160975"/>
    <trkpt lat="39.386144" lon="3.160884"/>
    <trkpt lat="39.386045" lon="3.160800"/>
    <trkpt lat="39.385887" lon="3.160705"/>
    <trkpt lat="39.385778" lon="3.160651"/>
    <trkpt lat="39.385639" lon="3.160606"/>
    <trkpt lat="39.385444" lon="3.160541"/>
    <trkpt lat="39.385338" lon="3.160513"/>
    <trkpt lat="39.385157" lon="3.160471"/>
    <trkpt lat="39.385027" lon="3.160447"/>
    <trkpt lat="39.384870" lon="3.160412"/>
    <trkpt lat="39.384666" lon="3.160374"/>
    <trkpt lat="39.384409" lon="3.160323"/>
    <trkpt lat="39.384105" lon="3.160246"/>
    <trkpt lat="39.383895" lon="3.160177"/>
    <trkpt lat="39.383721" lon="3.160093"/>
    <trkpt lat="39.383520" lon="3.159978"/>
    <trkpt lat="39.383369" lon="3.159881"/>
    <trkpt lat="39.382993" lon="3.159608"/>
    <trkpt lat="39.382949" lon="3.159578"/>
    <trkpt lat="39.382818" lon="3.159481"/>
    <trkpt lat="39.382639" lon="3.159350"/>
    <trkpt lat="39.382140" lon="3.158990"/>
    <trkpt lat="39.381897" lon="3.158793"/>
    <trkpt lat="39.381691" lon="3.158603"/>
    <trkpt lat="39.381395" lon="3.158296"/>
    <trkpt lat="39.380924" lon="3.157754"/>
    <trkpt lat="39.380800" lon="3.157624"/>
    <trkpt lat="39.380829" lon="3.157559"/>
    <trkpt lat="39.380846" lon="3.157461"/>
    <trkpt lat="39.380830" lon="3.157364"/>
    <trkpt lat="39.380784" lon="3.157283"/>
    <trkpt lat="39.380709" lon="3.157232"/>
    <trkpt lat="39.380624" lon="3.157229"/>
    <trkpt lat="39.380548" lon="3.157277"/>
    <trkpt lat="39.380517" lon="3.157174"/>
    <trkpt lat="39.380456" lon="3.157051"/>
    <trkpt lat="39.380313" lon="3.156812"/>
    <trkpt lat="39.380155" lon="3.156582"/>
    <trkpt lat="39.379989" lon="3.156377"/>
    <trkpt lat="39.379843" lon="3.156214"/>
    <trkpt lat="39.379663" lon="3.156049"/>
    <trkpt lat="39.379470" lon="3.155889"/>
    <trkpt lat="39.379179" lon="3.155684"/>
    <trkpt lat="39.379021" lon="3.155568"/>
    <trkpt lat="39.378923" lon="3.155488"/>
    <trkpt lat="39.378722" lon="3.155295"/>
    <trkpt lat="39.378591" lon="3.155163"/>
    <trkpt lat="39.378406" lon="3.154939"/>
    <trkpt lat="39.378167" lon="3.154626"/>
    <trkpt lat="39.378073" lon="3.154497"/>
    <trkpt lat="39.377459" lon="3.153650"/>
    <trkpt lat="39.376873" lon="3.152845"/>
    <trkpt lat="39.376550" lon="3.152488"/>
    <trkpt lat="39.376412" lon="3.152330"/>
    <trkpt lat="39.375859" lon="3.151696"/>
    <trkpt lat="39.375519" lon="3.151310"/>
    <trkpt lat="39.375027" lon="3.150747"/>
    <trkpt lat="39.374528" lon="3.150179"/>
    <trkpt lat="39.374297" lon="3.149916"/>
    <trkpt lat="39.373613" lon="3.149130"/>
    <trkpt lat="39.373478" lon="3.148974"/>
    <trkpt lat="39.373337" lon="3.148823"/>
    <trkpt lat="39.373127" lon="3.148641"/>
    <trkpt lat="39.372926" lon="3.148483"/>
    <trkpt lat="39.372618" lon="3.148247"/>
    <trkpt lat="39.372378" lon="3.148063"/>
    <trkpt lat="39.372169" lon="3.147901"/>
    <trkpt lat="39.372003" lon="3.147773"/>
    <trkpt lat="39.371916" lon="3.147707"/>
    <trkpt lat="39.371674" lon="3.147524"/>
    <trkpt lat="39.371570" lon="3.147439"/>
    <trkpt lat="39.370903" lon="3.146925"/>
    <trkpt lat="39.370512" lon="3.146624"/>
    <trkpt lat="39.370357" lon="3.146504"/>
    <trkpt lat="39.370145" lon="3.146340"/>
    <trkpt lat="39.369765" lon="3.146047"/>
    <trkpt lat="39.368734" lon="3.145253"/>
    <trkpt lat="39.368648" lon="3.145175"/>
    <trkpt lat="39.368349" lon="3.144905"/>
    <trkpt lat="39.368305" lon="3.144863"/>
    <trkpt lat="39.368126" lon="3.144688"/>
    <trkpt lat="39.367944" lon="3.144485"/>
    <trkpt lat="39.367784" lon="3.144275"/>
    <trkpt lat="39.367652" lon="3.144071"/>
    <trkpt lat="39.367303" lon="3.143497"/>
    <trkpt lat="39.366503" lon="3.142145"/>
    <trkpt lat="39.366094" lon="3.141440"/>
    <trkpt lat="39.365905" lon="3.141121"/>
    <trkpt lat="39.365680" lon="3.140765"/>
    <trkpt lat="39.365182" lon="3.140093"/>
    <trkpt lat="39.364389" lon="3.139086"/>
    <trkpt lat="39.364239" lon="3.138901"/>
    <trkpt lat="39.364142" lon="3.138788"/>
    <trkpt lat="39.364032" lon="3.138675"/>
    <trkpt lat="39.363998" lon="3.138647"/>
    <trkpt lat="39.363925" lon="3.138588"/>
    <trkpt lat="39.363768" lon="3.138468"/>
    <trkpt lat="39.363752" lon="3.138458"/>
    <trkpt lat="39.363614" lon="3.138372"/>
    <trkpt lat="39.363113" lon="3.138124"/>
    <trkpt lat="39.362830" lon="3.137966"/>
    <trkpt lat="39.362646" lon="3.137809"/>
    <trkpt lat="39.362588" lon="3.137759"/>
    <trkpt lat="39.361828" lon="3.137079"/>
    <trkpt lat="39.361602" lon="3.136881"/>
    <trkpt lat="39.361413" lon="3.136722"/>
    <trkpt lat="39.361252" lon="3.136584"/>
    <trkpt lat="39.360969" lon="3.136337"/>
    <trkpt lat="39.360461" lon="3.135893"/>
    <trkpt lat="39.360312" lon="3.135759"/>
    <trkpt lat="39.360131" lon="3.135576"/>
    <trkpt lat="39.359730" lon="3.135048"/>
    <trkpt lat="39.359681" lon="3.134929"/>
    <trkpt lat="39.359655" lon="3.134847"/>
    <trkpt lat="39.359639" lon="3.134753"/>
    <trkpt lat="39.359641" lon="3.134723"/>
    <trkpt lat="39.359639" lon="3.134694"/>
    <trkpt lat="39.359634" lon="3.134665"/>
    <trkpt lat="39.359625" lon="3.134637"/>
    <trkpt lat="39.359613" lon="3.134612"/>
    <trkpt lat="39.359598" lon="3.134589"/>
    <trkpt lat="39.359574" lon="3.134564"/>
    <trkpt lat="39.359546" lon="3.134545"/>
    <trkpt lat="39.359515" lon="3.134535"/>
    <trkpt lat="39.359484" lon="3.134533"/>
    <trkpt lat="39.359453" lon="3.134540"/>
    <trkpt lat="39.359439" lon="3.134546"/>
    <trkpt lat="39.359379" lon="3.134510"/>
    <trkpt lat="39.359332" lon="3.134476"/>
    <trkpt lat="39.359236" lon="3.134398"/>
    <trkpt lat="39.359077" lon="3.134209"/>
    <trkpt lat="39.359004" lon="3.134139"/>
    <trkpt lat="39.358675" lon="3.133756"/>
    <trkpt lat="39.358202" lon="3.133191"/>
    <trkpt lat="39.357937" lon="3.132870"/>
    <trkpt lat="39.357793" lon="3.132753"/>
    <trkpt lat="39.357465" lon="3.132531"/>
    <trkpt lat="39.357347" lon="3.132429"/>
    <trkpt lat="39.357274" lon="3.132349"/>
    <trkpt lat="39.357089" lon="3.132062"/>
    <trkpt lat="39.356841" lon="3.131689"/>
    <trkpt lat="39.356773" lon="3.131592"/>
    <trkpt lat="39.356670" lon="3.131432"/>
    <trkpt lat="39.356561" lon="3.131422"/>
    <trkpt lat="39.356359" lon="3.131438"/>
    <trkpt lat="39.356246" lon="3.131712"/>
    <trkpt lat="39.356107" lon="3.131942"/>
    <trkpt lat="39.355969" lon="3.131770"/>
    <trkpt lat="39.355534" lon="3.131488"/>
    <trkpt lat="39.355657" lon="3.131267"/>
    <trkpt lat="39.355319" lon="3.130775"/>
    <trkpt lat="39.355148" lon="3.130512"/>
    <trkpt lat="39.354926" lon="3.130221"/>
    <trkpt lat="39.354885" lon="3.130194"/>
    <trkpt lat="39.354755" lon="3.130214"/>
    <trkpt lat="39.354580" lon="3.129766"/>
    <trkpt lat="39.354507" lon="3.129531"/>
    <trkpt lat="39.354574" lon="3.129504"/>
    <trkpt lat="39.354589" lon="3.129482"/>
    <trkpt lat="39.354590" lon="3.129447"/>
    <trkpt lat="39.354574" lon="3.129405"/>
    <trkpt lat="39.354560" lon="3.129358"/>
    <trkpt lat="39.354553" lon="3.129313"/>
    <trkpt lat="39.354557" lon="3.129266"/>
    <trkpt lat="39.354567" lon="3.129228"/>
    <trkpt lat="39.354496" lon="3.129083"/>
    <trkpt lat="39.354401" lon="3.129059"/>
    <trkpt lat="39.354130" lon="3.128947"/>
    <trkpt lat="39.354072" lon="3.128897"/>
    <trkpt lat="39.353897" lon="3.128699"/>
    <trkpt lat="39.353859" lon="3.128772"/>
    <trkpt lat="39.353718" lon="3.128949"/>
    <trkpt lat="39.353450" lon="3.129229"/>
    <trkpt lat="39.353166" lon="3.128548"/>
    <trkpt lat="39.353128" lon="3.128450"/>
    <trkpt lat="39.353071" lon="3.128306"/>
    <trkpt lat="39.353017" lon="3.128306"/>
    <trkpt lat="39.353075" lon="3.128051"/>
    <trkpt lat="39.353368" lon="3.127626"/>
    <trkpt lat="39.353413" lon="3.127569"/>
    <trkpt lat="39.353602" lon="3.127386"/>
    <trkpt lat="39.353857" lon="3.127760"/>
    <trkpt lat="39.353964" lon="3.127929"/>
    <trkpt lat="39.354027" lon="3.128039"/>
    <trkpt lat="39.354094" lon="3.128166"/>
    <trkpt lat="39.354114" lon="3.128220"/>
    <trkpt lat="39.354154" lon="3.128316"/>
    <trkpt lat="39.354154" lon="3.128316"/>
    <trkpt lat="39.354174" lon="3.128409"/>
    <trkpt lat="39.354197" lon="3.128498"/>
    <trkpt lat="39.354398" lon="3.128902"/>
    <trkpt lat="39.354496" lon="3.129083"/>
    <trkpt lat="39.354567" lon="3.129228"/>
    <trkpt lat="39.354592" lon="3.129201"/>
    <trkpt lat="39.354634" lon="3.129179"/>
    <trkpt lat="39.354656" lon="3.129167"/>
    <trkpt lat="39.354715" lon="3.129158"/>
    <trkpt lat="39.354891" lon="3.129181"/>
    <trkpt lat="39.355145" lon="3.129226"/>
    <trkpt lat="39.355216" lon="3.129189"/>
    <trkpt lat="39.355287" lon="3.129127"/>
    <trkpt lat="39.355419" lon="3.129022"/>
    <trkpt lat="39.355531" lon="3.128942"/>
    <trkpt lat="39.356558" lon="3.128182"/>
    <trkpt lat="39.356691" lon="3.128052"/>
    <trkpt lat="39.356659" lon="3.127926"/>
    <trkpt lat="39.357077" lon="3.126859"/>
    <trkpt lat="39.357229" lon="3.126475"/>
    <trkpt lat="39.357409" lon="3.126165"/>
    <trkpt lat="39.357851" lon="3.125519"/>
    <trkpt lat="39.357904" lon="3.125413"/>
    <trkpt lat="39.358001" lon="3.125344"/>
    <trkpt lat="39.358395" lon="3.125001"/>
    <trkpt lat="39.358535" lon="3.124890"/>
    <trkpt lat="39.358547" lon="3.124934"/>
    <trkpt lat="39.358567" lon="3.124972"/>
    <trkpt lat="39.358602" lon="3.125007"/>
    <trkpt lat="39.358645" lon="3.125024"/>
    <trkpt lat="39.358689" lon="3.125022"/>
    <trkpt lat="39.358727" lon="3.125003"/>
    <trkpt lat="39.358759" lon="3.124969"/>
    <trkpt lat="39.358781" lon="3.124925"/>
    <trkpt lat="39.358791" lon="3.124873"/>
    <trkpt lat="39.358788" lon="3.124820"/>
    <trkpt lat="39.358835" lon="3.124710"/>
    <trkpt lat="39.358903" lon="3.124606"/>
    <trkpt lat="39.359077" lon="3.124438"/>
    <trkpt lat="39.359256" lon="3.124273"/>
    <trkpt lat="39.359379" lon="3.124161"/>
    <trkpt lat="39.359488" lon="3.124049"/>
    <trkpt lat="39.359628" lon="3.123918"/>
    <trkpt lat="39.359762" lon="3.123777"/>
    <trkpt lat="39.359899" lon="3.123621"/>
    <trkpt lat="39.360032" lon="3.123450"/>
    <trkpt lat="39.360169" lon="3.123268"/>
    <trkpt lat="39.360426" lon="3.122897"/>
    <trkpt lat="39.360532" lon="3.122734"/>
    <trkpt lat="39.360669" lon="3.122518"/>
    <trkpt lat="39.360694" lon="3.122479"/>
    <trkpt lat="39.360947" lon="3.122096"/>
    <trkpt lat="39.361180" lon="3.121741"/>
    <trkpt lat="39.361372" lon="3.121449"/>
    <trkpt lat="39.361419" lon="3.121377"/>
    <trkpt lat="39.361686" lon="3.120969"/>
    <trkpt lat="39.362102" lon="3.120322"/>
    <trkpt lat="39.362321" lon="3.120004"/>
    <trkpt lat="39.362635" lon="3.119546"/>
    <trkpt lat="39.362898" lon="3.119183"/>
    <trkpt lat="39.363171" lon="3.118828"/>
    <trkpt lat="39.363363" lon="3.118598"/>
    <trkpt lat="39.363682" lon="3.118216"/>
    <trkpt lat="39.363927" lon="3.117934"/>
    <trkpt lat="39.364954" lon="3.116736"/>
    <trkpt lat="39.365132" lon="3.116536"/>
    <trkpt lat="39.366114" lon="3.115383"/>
    <trkpt lat="39.366573" lon="3.114850"/>
    <trkpt lat="39.367416" lon="3.113866"/>
    <trkpt lat="39.368004" lon="3.113180"/>
    <trkpt lat="39.368723" lon="3.112343"/>
    <trkpt lat="39.369291" lon="3.111679"/>
    <trkpt lat="39.369684" lon="3.111218"/>
    <trkpt lat="39.369956" lon="3.110900"/>
    <trkpt lat="39.370581" lon="3.110176"/>
    <trkpt lat="39.371171" lon="3.109485"/>
    <trkpt lat="39.371558" lon="3.109029"/>
    <trkpt lat="39.372119" lon="3.108378"/>
    <trkpt lat="39.373669" lon="3.106576"/>
    <trkpt lat="39.374467" lon="3.105638"/>
    <trkpt lat="39.374613" lon="3.105467"/>
    <trkpt lat="39.374875" lon="3.105105"/>
    <trkpt lat="39.375094" lon="3.104756"/>
    <trkpt lat="39.375279" lon="3.104424"/>
    <trkpt lat="39.375538" lon="3.103935"/>
    <trkpt lat="39.376115" lon="3.102814"/>
    <trkpt lat="39.376201" lon="3.102657"/>
    <trkpt lat="39.376605" lon="3.101922"/>
    <trkpt lat="39.376863" lon="3.101538"/>
    <trkpt lat="39.377166" lon="3.101184"/>
    <trkpt lat="39.377501" lon="3.100842"/>
    <trkpt lat="39.377718" lon="3.100657"/>
    <trkpt lat="39.378288" lon="3.100226"/>
    <trkpt lat="39.378960" lon="3.099760"/>
    <trkpt lat="39.379975" lon="3.099037"/>
    <trkpt lat="39.380186" lon="3.098882"/>
    <trkpt lat="39.380388" lon="3.098721"/>
    <trkpt lat="39.380703" lon="3.098441"/>
    <trkpt lat="39.380962" lon="3.098162"/>
    <trkpt lat="39.381124" lon="3.097950"/>
    <trkpt lat="39.381286" lon="3.097716"/>
    <trkpt lat="39.381427" lon="3.097469"/>
    <trkpt lat="39.381565" lon="3.097196"/>
    <trkpt lat="39.381744" lon="3.096778"/>
    <trkpt lat="39.381859" lon="3.096435"/>
    <trkpt lat="39.381925" lon="3.096162"/>
    <trkpt lat="39.381996" lon="3.095864"/>
    <trkpt lat="39.382048" lon="3.095533"/>
    <trkpt lat="39.382096" lon="3.095048"/>
    <trkpt lat="39.382117" lon="3.094683"/>
    <trkpt lat="39.382142" lon="3.094265"/>
    <trkpt lat="39.382179" lon="3.093487"/>
    <trkpt lat="39.382218" lon="3.092797"/>
    <trkpt lat="39.382273" lon="3.091798"/>
    <trkpt lat="39.382369" lon="3.091140"/>
    <trkpt lat="39.382518" lon="3.090520"/>
    <trkpt lat="39.382728" lon="3.089962"/>
    <trkpt lat="39.382966" lon="3.089440"/>
    <trkpt lat="39.383603" lon="3.088249"/>
    <trkpt lat="39.384834" lon="3.085949"/>
    <trkpt lat="39.385644" lon="3.084456"/>
    <trkpt lat="39.386699" lon="3.082491"/>
    <trkpt lat="39.387145" lon="3.081668"/>
    <trkpt lat="39.387682" lon="3.080745"/>
    <trkpt lat="39.387734" lon="3.080662"/>
    <trkpt lat="39.388354" lon="3.079752"/>
    <trkpt lat="39.389043" lon="3.078767"/>
    <trkpt lat="39.389513" lon="3.078089"/>
    <trkpt lat="39.389935" lon="3.077481"/>
    <trkpt lat="39.390350" lon="3.076903"/>
    <trkpt lat="39.391339" lon="3.075564"/>
    <trkpt lat="39.391666" lon="3.075118"/>
    <trkpt lat="39.392433" lon="3.074081"/>
    <trkpt lat="39.392617" lon="3.073831"/>
    <trkpt lat="39.393008" lon="3.073298"/>
    <trkpt lat="39.393543" lon="3.072570"/>
    <trkpt lat="39.393796" lon="3.072221"/>
    <trkpt lat="39.394311" lon="3.071518"/>
    <trkpt lat="39.395314" lon="3.070147"/>
    <trkpt lat="39.396953" lon="3.067909"/>
    <trkpt lat="39.397453" lon="3.067219"/>
    <trkpt lat="39.397469" lon="3.067196"/>
    <trkpt lat="39.397672" lon="3.066915"/>
    <trkpt lat="39.398884" lon="3.065239"/>
    <trkpt lat="39.399897" lon="3.063820"/>
    <trkpt lat="39.400125" lon="3.063502"/>
    <trkpt lat="39.401012" lon="3.062260"/>
    <trkpt lat="39.401378" lon="3.061749"/>
    <trkpt lat="39.401457" lon="3.061637"/>
    <trkpt lat="39.402606" lon="3.060029"/>
    <trkpt lat="39.403147" lon="3.059273"/>
    <trkpt lat="39.403555" lon="3.058713"/>
    <trkpt lat="39.403681" lon="3.058540"/>
    <trkpt lat="39.403755" lon="3.058438"/>
    <trkpt lat="39.404269" lon="3.057723"/>
    <trkpt lat="39.406788" lon="3.054221"/>
    <trkpt lat="39.407636" lon="3.053043"/>
    <trkpt lat="39.407905" lon="3.052669"/>
    <trkpt lat="39.408178" lon="3.052335"/>
    <trkpt lat="39.408684" lon="3.051720"/>
    <trkpt lat="39.408890" lon="3.051468"/>
    <trkpt lat="39.409020" lon="3.051332"/>
    <trkpt lat="39.409514" lon="3.050813"/>
    <trkpt lat="39.409910" lon="3.050397"/>
    <trkpt lat="39.410058" lon="3.050241"/>
    <trkpt lat="39.410486" lon="3.049905"/>
    <trkpt lat="39.410859" lon="3.049601"/>
    <trkpt lat="39.411229" lon="3.049319"/>
    <trkpt lat="39.411396" lon="3.049155"/>
    <trkpt lat="39.411600" lon="3.048930"/>
    <trkpt lat="39.411823" lon="3.048683"/>
    <trkpt lat="39.411976" lon="3.048463"/>
    <trkpt lat="39.412308" lon="3.047986"/>
    <trkpt lat="39.412642" lon="3.047505"/>
    <trkpt lat="39.412762" lon="3.047321"/>
    <trkpt lat="39.413468" lon="3.046240"/>
    <trkpt lat="39.414064" lon="3.045327"/>
    <trkpt lat="39.414464" lon="3.044615"/>
    <trkpt lat="39.414660" lon="3.044251"/>
    <trkpt lat="39.415025" lon="3.043486"/>
    <trkpt lat="39.415301" lon="3.042934"/>
    <trkpt lat="39.415639" lon="3.042243"/>
    <trkpt lat="39.415775" lon="3.041977"/>
    <trkpt lat="39.415831" lon="3.041864"/>
    <trkpt lat="39.415976" lon="3.041575"/>
    <trkpt lat="39.416118" lon="3.041286"/>
    <trkpt lat="39.416383" lon="3.040738"/>
    <trkpt lat="39.416477" lon="3.040543"/>
    <trkpt lat="39.416763" lon="3.039965"/>
    <trkpt lat="39.417279" lon="3.038951"/>
    <trkpt lat="39.417368" lon="3.038790"/>
    <trkpt lat="39.417842" lon="3.037972"/>
    <trkpt lat="39.418348" lon="3.037181"/>
    <trkpt lat="39.418564" lon="3.036887"/>
    <trkpt lat="39.418904" lon="3.036425"/>
    <trkpt lat="39.419905" lon="3.035144"/>
    <trkpt lat="39.420059" lon="3.034944"/>
    <trkpt lat="39.420101" lon="3.034888"/>
    <trkpt lat="39.420128" lon="3.034852"/>
    <trkpt lat="39.420267" lon="3.034675"/>
    <trkpt lat="39.420714" lon="3.034103"/>
    <trkpt lat="39.421018" lon="3.033716"/>
    <trkpt lat="39.421240" lon="3.033426"/>
    <trkpt lat="39.421371" lon="3.033255"/>
    <trkpt lat="39.421519" lon="3.033062"/>
    <trkpt lat="39.421576" lon="3.032986"/>
    <trkpt lat="39.422144" lon="3.032180"/>
    <trkpt lat="39.422275" lon="3.031995"/>
    <trkpt lat="39.422348" lon="3.031891"/>
    <trkpt lat="39.423041" lon="3.030670"/>
    <trkpt lat="39.423139" lon="3.030496"/>
    <trkpt lat="39.423187" lon="3.030412"/>
    <trkpt lat="39.423699" lon="3.029407"/>
    <trkpt lat="39.423947" lon="3.028920"/>
    <trkpt lat="39.424136" lon="3.028514"/>
    <trkpt lat="39.424318" lon="3.028120"/>
    <trkpt lat="39.424768" lon="3.027154"/>
    <trkpt lat="39.425014" lon="3.026651"/>
    <trkpt lat="39.425196" lon="3.026270"/>
    <trkpt lat="39.425330" lon="3.026001"/>
    <trkpt lat="39.425517" lon="3.025629"/>
    <trkpt lat="39.425560" lon="3.025595"/>
    <trkpt lat="39.425605" lon="3.025565"/>
    <trkpt lat="39.425644" lon="3.025547"/>
    <trkpt lat="39.425685" lon="3.025545"/>
    <trkpt lat="39.425724" lon="3.025559"/>
    <trkpt lat="39.425763" lon="3.025580"/>
    <trkpt lat="39.425806" lon="3.025628"/>
    <trkpt lat="39.425854" lon="3.025685"/>
    <trkpt lat="39.425932" lon="3.025819"/>
    <trkpt lat="39.426205" lon="3.026265"/>
    <trkpt lat="39.426834" lon="3.025691"/>
    <trkpt lat="39.427254" lon="3.025310"/>
    <trkpt lat="39.427677" lon="3.024926"/>
    <trkpt lat="39.428088" lon="3.024553"/>
    <trkpt lat="39.428514" lon="3.024167"/>
    <trkpt lat="39.428915" lon="3.023799"/>
    <trkpt lat="39.429296" lon="3.023456"/>
    <trkpt lat="39.429802" lon="3.022997"/>
    <trkpt lat="39.430432" lon="3.022428"/>
    <trkpt lat="39.431067" lon="3.021849"/>
    <trkpt lat="39.431424" lon="3.021526"/>
    <trkpt lat="39.432513" lon="3.020585"/>
    <trkpt lat="39.432773" lon="3.020390"/>
    <trkpt lat="39.432459" lon="3.019024"/>
    <trkpt lat="39.432444" lon="3.018958"/>
    <trkpt lat="39.432432" lon="3.018874"/>
    <trkpt lat="39.432413" lon="3.018876"/>
    <trkpt lat="39.432357" lon="3.018884"/>
    <trkpt lat="39.431858" lon="3.018996"/>
    <trkpt lat="39.431818" lon="3.019006"/>
    <trkpt lat="39.431250" lon="3.019255"/>
    <trkpt lat="39.431199" lon="3.019277"/>
    <trkpt lat="39.431175" lon="3.019288"/>
    <trkpt lat="39.431101" lon="3.019332"/>
    <trkpt lat="39.430894" lon="3.019447"/>
    <trkpt lat="39.430715" lon="3.019539"/>
    <trkpt lat="39.430654" lon="3.019571"/>
    <trkpt lat="39.430125" lon="3.019850"/>
    <trkpt lat="39.430064" lon="3.019883"/>
    <trkpt lat="39.430441" lon="3.020694"/>
    <trkpt lat="39.430461" lon="3.020729"/>
    <trkpt lat="39.430483" lon="3.020764"/>
    <trkpt lat="39.430486" lon="3.020776"/>
    <trkpt lat="39.430490" lon="3.020784"/>
    <trkpt lat="39.430493" lon="3.020792"/>
    <trkpt lat="39.430612" lon="3.021006"/>
    <trkpt lat="39.430819" lon="3.021375"/>
    <trkpt lat="39.431067" lon="3.021849"/>
    <trkpt lat="39.431424" lon="3.021526"/>
    <trkpt lat="39.432513" lon="3.020585"/>
    <trkpt lat="39.432773" lon="3.020390"/>
    <trkpt lat="39.433961" lon="3.019460"/>
    <trkpt lat="39.434198" lon="3.019270"/>
    <trkpt lat="39.434630" lon="3.019422"/>
    <trkpt lat="39.435014" lon="3.019565"/>
    <trkpt lat="39.435101" lon="3.019607"/>
    <trkpt lat="39.435134" lon="3.019639"/>
    <trkpt lat="39.435154" lon="3.019661"/>
    <trkpt lat="39.435179" lon="3.019704"/>
    <trkpt lat="39.435193" lon="3.019769"/>
    <trkpt lat="39.435224" lon="3.019818"/>
    <trkpt lat="39.435268" lon="3.019841"/>
    <trkpt lat="39.435316" lon="3.019846"/>
    <trkpt lat="39.435349" lon="3.019838"/>
    <trkpt lat="39.435389" lon="3.019809"/>
    <trkpt lat="39.435409" lon="3.019763"/>
    <trkpt lat="39.435422" lon="3.019716"/>
    <trkpt lat="39.435427" lon="3.019668"/>
    <trkpt lat="39.435406" lon="3.019608"/>
    <trkpt lat="39.435385" lon="3.019571"/>
    <trkpt lat="39.435355" lon="3.019545"/>
    <trkpt lat="39.435486" lon="3.018982"/>
    <trkpt lat="39.435657" lon="3.018292"/>
    <trkpt lat="39.435827" lon="3.017543"/>
    <trkpt lat="39.436074" lon="3.016429"/>
    <trkpt lat="39.436114" lon="3.016340"/>
    <trkpt lat="39.436142" lon="3.016296"/>
    <trkpt lat="39.436157" lon="3.016279"/>
    <trkpt lat="39.436180" lon="3.016264"/>
    <trkpt lat="39.436207" lon="3.016273"/>
    <trkpt lat="39.436234" lon="3.016274"/>
    <trkpt lat="39.436261" lon="3.016268"/>
    <trkpt lat="39.436286" lon="3.016254"/>
    <trkpt lat="39.436308" lon="3.016234"/>
    <trkpt lat="39.436330" lon="3.016201"/>
    <trkpt lat="39.436342" lon="3.016171"/>
    <trkpt lat="39.436349" lon="3.016138"/>
    <trkpt lat="39.436350" lon="3.016104"/>
    <trkpt lat="39.436346" lon="3.016071"/>
    <trkpt lat="39.436337" lon="3.016039"/>
    <trkpt lat="39.436322" lon="3.016010"/>
    <trkpt lat="39.436341" lon="3.015954"/>
    <trkpt lat="39.436374" lon="3.015887"/>
    <trkpt lat="39.436410" lon="3.015829"/>
    <trkpt lat="39.436527" lon="3.015661"/>
    <trkpt lat="39.436584" lon="3.015573"/>
    <trkpt lat="39.436661" lon="3.015422"/>
    <trkpt lat="39.436696" lon="3.015347"/>
    <trkpt lat="39.436724" lon="3.015279"/>
    <trkpt lat="39.436738" lon="3.015235"/>
    <trkpt lat="39.436756" lon="3.015167"/>
    <trkpt lat="39.436775" lon="3.015068"/>
    <trkpt lat="39.436802" lon="3.014901"/>
    <trkpt lat="39.436906" lon="3.014112"/>
    <trkpt lat="39.437051" lon="3.012951"/>
    <trkpt lat="39.437091" lon="3.012633"/>
    <trkpt lat="39.437101" lon="3.012550"/>
    <trkpt lat="39.437136" lon="3.012275"/>
    <trkpt lat="39.437265" lon="3.011364"/>
    <trkpt lat="39.437333" lon="3.010881"/>
    <trkpt lat="39.437375" lon="3.010554"/>
    <trkpt lat="39.437426" lon="3.010110"/>
    <trkpt lat="39.437451" lon="3.009899"/>
    <trkpt lat="39.437536" lon="3.009112"/>
    <trkpt lat="39.437608" lon="3.008386"/>
    <trkpt lat="39.437631" lon="3.008229"/>
    <trkpt lat="39.437653" lon="3.008139"/>
    <trkpt lat="39.437681" lon="3.008077"/>
    <trkpt lat="39.437699" lon="3.008053"/>
    <trkpt lat="39.437718" lon="3.008030"/>
    <trkpt lat="39.437758" lon="3.008015"/>
    <trkpt lat="39.437792" lon="3.007984"/>
    <trkpt lat="39.437816" lon="3.007940"/>
    <trkpt lat="39.437828" lon="3.007889"/>
    <trkpt lat="39.437827" lon="3.007836"/>
    <trkpt lat="39.437813" lon="3.007786"/>
    <trkpt lat="39.437787" lon="3.007744"/>
    <trkpt lat="39.437752" lon="3.007716"/>
    <trkpt lat="39.437722" lon="3.007604"/>
    <trkpt lat="39.437718" lon="3.007518"/>
    <trkpt lat="39.437718" lon="3.007378"/>
    <trkpt lat="39.437725" lon="3.007257"/>
    <trkpt lat="39.437740" lon="3.007089"/>
    <trkpt lat="39.437935" lon="3.004988"/>
    <trkpt lat="39.437961" lon="3.004731"/>
    <trkpt lat="39.438021" lon="3.004073"/>
    <trkpt lat="39.438067" lon="3.003560"/>
    <trkpt lat="39.438099" lon="3.003177"/>
    <trkpt lat="39.438165" lon="3.002830"/>
    <trkpt lat="39.438193" lon="3.002692"/>
    <trkpt lat="39.438226" lon="3.002528"/>
    <trkpt lat="39.438247" lon="3.002437"/>
    <trkpt lat="39.438272" lon="3.002356"/>
    <trkpt lat="39.438300" lon="3.002287"/>
    <trkpt lat="39.438325" lon="3.002245"/>
    <trkpt lat="39.438355" lon="3.002228"/>
    <trkpt lat="39.438382" lon="3.002203"/>
    <trkpt lat="39.438404" lon="3.002172"/>
    <trkpt lat="39.438421" lon="3.002136"/>
    <trkpt lat="39.438427" lon="3.002114"/>
    <trkpt lat="39.438435" lon="3.002083"/>
    <trkpt lat="39.438436" lon="3.002056"/>
    <trkpt lat="39.438435" lon="3.002017"/>
    <trkpt lat="39.438427" lon="3.001978"/>
    <trkpt lat="39.438414" lon="3.001942"/>
    <trkpt lat="39.438392" lon="3.001903"/>
    <trkpt lat="39.438363" lon="3.001872"/>
    <trkpt lat="39.438335" lon="3.001779"/>
    <trkpt lat="39.438316" lon="3.001697"/>
    <trkpt lat="39.438302" lon="3.001605"/>
    <trkpt lat="39.438295" lon="3.001487"/>
    <trkpt lat="39.438300" lon="3.001294"/>
    <trkpt lat="39.438316" lon="3.001024"/>
    <trkpt lat="39.438356" lon="3.000505"/>
    <trkpt lat="39.438444" lon="2.999524"/>
    <trkpt lat="39.438564" lon="2.998504"/>
    <trkpt lat="39.438659" lon="2.997713"/>
    <trkpt lat="39.438753" lon="2.997092"/>
    <trkpt lat="39.438852" lon="2.996445"/>
    <trkpt lat="39.438971" lon="2.995754"/>
    <trkpt lat="39.439141" lon="2.994914"/>
    <trkpt lat="39.439391" lon="2.993758"/>
    <trkpt lat="39.439630" lon="2.992788"/>
    <trkpt lat="39.439809" lon="2.992111"/>
    <trkpt lat="39.440100" lon="2.991095"/>
    <trkpt lat="39.440231" lon="2.990648"/>
    <trkpt lat="39.440767" lon="2.988889"/>
    <trkpt lat="39.441152" lon="2.987681"/>
    <trkpt lat="39.441663" lon="2.986076"/>
    <trkpt lat="39.441876" lon="2.985395"/>
    <trkpt lat="39.442268" lon="2.984230"/>
    <trkpt lat="39.442755" lon="2.982831"/>
    <trkpt lat="39.443043" lon="2.982031"/>
    <trkpt lat="39.443375" lon="2.981202"/>
    <trkpt lat="39.443689" lon="2.980470"/>
    <trkpt lat="39.444026" lon="2.979750"/>
    <trkpt lat="39.444417" lon="2.978967"/>
    <trkpt lat="39.444789" lon="2.978288"/>
    <trkpt lat="39.445224" lon="2.977528"/>
    <trkpt lat="39.445675" lon="2.976792"/>
    <trkpt lat="39.446390" lon="2.975607"/>
    <trkpt lat="39.446976" lon="2.974580"/>
    <trkpt lat="39.447184" lon="2.974227"/>
    <trkpt lat="39.447616" lon="2.973378"/>
    <trkpt lat="39.447829" lon="2.972944"/>
    <trkpt lat="39.448332" lon="2.971792"/>
    <trkpt lat="39.448570" lon="2.971177"/>
    <trkpt lat="39.448808" lon="2.970512"/>
    <trkpt lat="39.449023" lon="2.969825"/>
    <trkpt lat="39.449204" lon="2.969185"/>
    <trkpt lat="39.449671" lon="2.967387"/>
    <trkpt lat="39.450298" lon="2.964944"/>
    <trkpt lat="39.450574" lon="2.963913"/>
    <trkpt lat="39.450856" lon="2.962885"/>
    <trkpt lat="39.451379" lon="2.961027"/>
    <trkpt lat="39.451845" lon="2.959485"/>
    <trkpt lat="39.452025" lon="2.958882"/>
    <trkpt lat="39.452157" lon="2.958432"/>
    <trkpt lat="39.452405" lon="2.957599"/>
    <trkpt lat="39.452666" lon="2.956757"/>
    <trkpt lat="39.453146" lon="2.955234"/>
    <trkpt lat="39.453308" lon="2.954730"/>
    <trkpt lat="39.453827" lon="2.953155"/>
    <trkpt lat="39.454276" lon="2.951778"/>
    <trkpt lat="39.454547" lon="2.950953"/>
    <trkpt lat="39.454753" lon="2.950315"/>
    <trkpt lat="39.455076" lon="2.949283"/>
    <trkpt lat="39.456117" lon="2.946085"/>
    <trkpt lat="39.456339" lon="2.945419"/>
    <trkpt lat="39.456611" lon="2.944600"/>
    <trkpt lat="39.456841" lon="2.943944"/>
    <trkpt lat="39.457085" lon="2.943332"/>
    <trkpt lat="39.457334" lon="2.942765"/>
    <trkpt lat="39.457526" lon="2.942346"/>
    <trkpt lat="39.457766" lon="2.941881"/>
    <trkpt lat="39.458040" lon="2.941389"/>
    <trkpt lat="39.458531" lon="2.940591"/>
    <trkpt lat="39.459012" lon="2.939894"/>
    <trkpt lat="39.459570" lon="2.939132"/>
    <trkpt lat="39.460062" lon="2.938488"/>
    <trkpt lat="39.460882" lon="2.937456"/>
    <trkpt lat="39.461692" lon="2.936474"/>
    <trkpt lat="39.462127" lon="2.935978"/>
    <trkpt lat="39.462684" lon="2.935350"/>
    <trkpt lat="39.463507" lon="2.934451"/>
    <trkpt lat="39.464221" lon="2.933715"/>
    <trkpt lat="39.464524" lon="2.933409"/>
    <trkpt lat="39.465194" lon="2.932742"/>
    <trkpt lat="39.465574" lon="2.932376"/>
    <trkpt lat="39.465949" lon="2.932027"/>
    <trkpt lat="39.466695" lon="2.931343"/>
    <trkpt lat="39.467055" lon="2.931003"/>
    <trkpt lat="39.467882" lon="2.930314"/>
    <trkpt lat="39.468418" lon="2.929867"/>
    <trkpt lat="39.468905" lon="2.929440"/>
    <trkpt lat="39.469611" lon="2.928777"/>
    <trkpt lat="39.469904" lon="2.928461"/>
    <trkpt lat="39.470141" lon="2.928204"/>
    <trkpt lat="39.470629" lon="2.927606"/>
    <trkpt lat="39.471108" lon="2.926955"/>
    <trkpt lat="39.471529" lon="2.926304"/>
    <trkpt lat="39.472078" lon="2.925343"/>
    <trkpt lat="39.472362" lon="2.924829"/>
    <trkpt lat="39.472511" lon="2.924558"/>
    <trkpt lat="39.472714" lon="2.924189"/>
    <trkpt lat="39.473010" lon="2.923657"/>
    <trkpt lat="39.473732" lon="2.922344"/>
    <trkpt lat="39.473943" lon="2.921980"/>
    <trkpt lat="39.474152" lon="2.921642"/>
    <trkpt lat="39.474353" lon="2.921342"/>
    <trkpt lat="39.474502" lon="2.921132"/>
    <trkpt lat="39.474709" lon="2.920865"/>
    <trkpt lat="39.474956" lon="2.920570"/>
    <trkpt lat="39.475411" lon="2.920055"/>
    <trkpt lat="39.475868" lon="2.919547"/>
    <trkpt lat="39.476140" lon="2.919224"/>
    <trkpt lat="39.476577" lon="2.918681"/>
    <trkpt lat="39.476730" lon="2.918477"/>
    <trkpt lat="39.476870" lon="2.918279"/>
    <trkpt lat="39.477074" lon="2.917985"/>
    <trkpt lat="39.477191" lon="2.917817"/>
    <trkpt lat="39.477512" lon="2.917283"/>
    <trkpt lat="39.477783" lon="2.916788"/>
    <trkpt lat="39.477942" lon="2.916507"/>
    <trkpt lat="39.477998" lon="2.916434"/>
    <trkpt lat="39.478035" lon="2.916392"/>
    <trkpt lat="39.478066" lon="2.916372"/>
    <trkpt lat="39.478100" lon="2.916359"/>
    <trkpt lat="39.478170" lon="2.916359"/>
    <trkpt lat="39.478215" lon="2.916359"/>
    <trkpt lat="39.478259" lon="2.916349"/>
    <trkpt lat="39.478297" lon="2.916333"/>
    <trkpt lat="39.478324" lon="2.916316"/>
    <trkpt lat="39.478346" lon="2.916296"/>
    <trkpt lat="39.478370" lon="2.916272"/>
    <trkpt lat="39.478393" lon="2.916241"/>
    <trkpt lat="39.478417" lon="2.916199"/>
    <trkpt lat="39.478436" lon="2.916153"/>
    <trkpt lat="39.478449" lon="2.916103"/>
    <trkpt lat="39.478456" lon="2.916052"/>
    <trkpt lat="39.478457" lon="2.916000"/>
    <trkpt lat="39.478452" lon="2.915948"/>
    <trkpt lat="39.478440" lon="2.915898"/>
    <trkpt lat="39.478422" lon="2.915848"/>
    <trkpt lat="39.478399" lon="2.915803"/>
    <trkpt lat="39.478370" lon="2.915763"/>
    <trkpt lat="39.478336" lon="2.915730"/>
    <trkpt lat="39.478299" lon="2.915704"/>
    <trkpt lat="39.478260" lon="2.915686"/>
    <trkpt lat="39.478240" lon="2.915670"/>
    <trkpt lat="39.478227" lon="2.915653"/>
    <trkpt lat="39.478214" lon="2.915634"/>
    <trkpt lat="39.478200" lon="2.915608"/>
    <trkpt lat="39.478187" lon="2.915572"/>
    <trkpt lat="39.478178" lon="2.915526"/>
    <trkpt lat="39.478172" lon="2.915480"/>
    <trkpt lat="39.478168" lon="2.915424"/>
    <trkpt lat="39.478074" lon="2.914071"/>
    <trkpt lat="39.478039" lon="2.913434"/>
    <trkpt lat="39.478023" lon="2.913039"/>
    <trkpt lat="39.477959" lon="2.911300"/>
    <trkpt lat="39.477859" lon="2.908906"/>
    <trkpt lat="39.477802" lon="2.907754"/>
    <trkpt lat="39.477779" lon="2.907413"/>
    <trkpt lat="39.477748" lon="2.906964"/>
    <trkpt lat="39.477719" lon="2.906561"/>
    <trkpt lat="39.477713" lon="2.906470"/>
    <trkpt lat="39.477674" lon="2.905908"/>
    <trkpt lat="39.477658" lon="2.905669"/>
    <trkpt lat="39.477629" lon="2.905270"/>
    <trkpt lat="39.477599" lon="2.904841"/>
    <trkpt lat="39.477569" lon="2.904407"/>
    <trkpt lat="39.477540" lon="2.903983"/>
    <trkpt lat="39.477510" lon="2.903556"/>
    <trkpt lat="39.477480" lon="2.903128"/>
    <trkpt lat="39.477450" lon="2.902693"/>
    <trkpt lat="39.477419" lon="2.902257"/>
    <trkpt lat="39.477389" lon="2.901833"/>
    <trkpt lat="39.477359" lon="2.901403"/>
    <trkpt lat="39.477330" lon="2.900977"/>
    <trkpt lat="39.477300" lon="2.900550"/>
    <trkpt lat="39.477268" lon="2.900121"/>
    <trkpt lat="39.477115" lon="2.897870"/>
    <trkpt lat="39.477044" lon="2.896902"/>
    <trkpt lat="39.477013" lon="2.896474"/>
    <trkpt lat="39.476980" lon="2.896043"/>
    <trkpt lat="39.476946" lon="2.895567"/>
    <trkpt lat="39.476918" lon="2.895163"/>
    <trkpt lat="39.476894" lon="2.894760"/>
    <trkpt lat="39.476871" lon="2.894324"/>
    <trkpt lat="39.476845" lon="2.893891"/>
    <trkpt lat="39.476827" lon="2.893562"/>
    <trkpt lat="39.476782" lon="2.892512"/>
    <trkpt lat="39.476720" lon="2.890235"/>
    <trkpt lat="39.476719" lon="2.889802"/>
    <trkpt lat="39.476722" lon="2.889367"/>
    <trkpt lat="39.476724" lon="2.889153"/>
    <trkpt lat="39.476728" lon="2.888938"/>
    <trkpt lat="39.476736" lon="2.888515"/>
    <trkpt lat="39.476747" lon="2.888074"/>
    <trkpt lat="39.476763" lon="2.887635"/>
    <trkpt lat="39.476781" lon="2.887203"/>
    <trkpt lat="39.476792" lon="2.886988"/>
    <trkpt lat="39.476803" lon="2.886778"/>
    <trkpt lat="39.476815" lon="2.886551"/>
    <trkpt lat="39.476828" lon="2.886338"/>
    <trkpt lat="39.476841" lon="2.886121"/>
    <trkpt lat="39.476855" lon="2.885905"/>
    <trkpt lat="39.476870" lon="2.885692"/>
    <trkpt lat="39.476887" lon="2.885453"/>
    <trkpt lat="39.476917" lon="2.885044"/>
    <trkpt lat="39.476955" lon="2.884609"/>
    <trkpt lat="39.476995" lon="2.884172"/>
    <trkpt lat="39.477034" lon="2.883748"/>
    <trkpt lat="39.477058" lon="2.883507"/>
    <trkpt lat="39.477076" lon="2.883316"/>
    <trkpt lat="39.477120" lon="2.882895"/>
    <trkpt lat="39.477163" lon="2.882487"/>
    <trkpt lat="39.477208" lon="2.882075"/>
    <trkpt lat="39.477253" lon="2.881658"/>
    <trkpt lat="39.477304" lon="2.881215"/>
    <trkpt lat="39.477355" lon="2.880757"/>
    <trkpt lat="39.477402" lon="2.880346"/>
    <trkpt lat="39.477448" lon="2.879933"/>
    <trkpt lat="39.477494" lon="2.879528"/>
    <trkpt lat="39.477586" lon="2.878705"/>
    <trkpt lat="39.477631" lon="2.878299"/>
    <trkpt lat="39.477678" lon="2.877876"/>
    <trkpt lat="39.477725" lon="2.877469"/>
    <trkpt lat="39.477818" lon="2.876643"/>
    <trkpt lat="39.477865" lon="2.876231"/>
    <trkpt lat="39.477935" lon="2.875608"/>
    <trkpt lat="39.478003" lon="2.874999"/>
    <trkpt lat="39.478050" lon="2.874581"/>
    <trkpt lat="39.478073" lon="2.874368"/>
    <trkpt lat="39.478119" lon="2.873944"/>
    <trkpt lat="39.478163" lon="2.873518"/>
    <trkpt lat="39.478204" lon="2.873094"/>
    <trkpt lat="39.478241" lon="2.872673"/>
    <trkpt lat="39.478257" lon="2.872457"/>
    <trkpt lat="39.478272" lon="2.872239"/>
    <trkpt lat="39.478285" lon="2.872021"/>
    <trkpt lat="39.478289" lon="2.871943"/>
    <trkpt lat="39.478297" lon="2.871810"/>
    <trkpt lat="39.478329" lon="2.870949"/>
    <trkpt lat="39.478335" lon="2.870727"/>
    <trkpt lat="39.478337" lon="2.870295"/>
    <trkpt lat="39.478337" lon="2.870079"/>
    <trkpt lat="39.478336" lon="2.869864"/>
    <trkpt lat="39.478332" lon="2.869648"/>
    <trkpt lat="39.478326" lon="2.869430"/>
    <trkpt lat="39.478320" lon="2.869212"/>
    <trkpt lat="39.478311" lon="2.868996"/>
    <trkpt lat="39.478302" lon="2.868785"/>
    <trkpt lat="39.478291" lon="2.868568"/>
    <trkpt lat="39.478278" lon="2.868351"/>
    <trkpt lat="39.478263" lon="2.868136"/>
    <trkpt lat="39.478247" lon="2.867921"/>
    <trkpt lat="39.478231" lon="2.867708"/>
    <trkpt lat="39.478212" lon="2.867492"/>
    <trkpt lat="39.478191" lon="2.867277"/>
    <trkpt lat="39.478168" lon="2.867060"/>
    <trkpt lat="39.478144" lon="2.866844"/>
    <trkpt lat="39.478120" lon="2.866638"/>
    <trkpt lat="39.478094" lon="2.866421"/>
    <trkpt lat="39.478065" lon="2.866205"/>
    <trkpt lat="39.478036" lon="2.865996"/>
    <trkpt lat="39.478006" lon="2.865782"/>
    <trkpt lat="39.477975" lon="2.865566"/>
    <trkpt lat="39.477944" lon="2.865360"/>
    <trkpt lat="39.477911" lon="2.865144"/>
    <trkpt lat="39.477879" lon="2.864932"/>
    <trkpt lat="39.477846" lon="2.864724"/>
    <trkpt lat="39.477608" lon="2.863232"/>
    <trkpt lat="39.477542" lon="2.862814"/>
    <trkpt lat="39.477474" lon="2.862386"/>
    <trkpt lat="39.477408" lon="2.861968"/>
    <trkpt lat="39.477340" lon="2.861544"/>
    <trkpt lat="39.477307" lon="2.861328"/>
    <trkpt lat="39.477274" lon="2.861116"/>
    <trkpt lat="39.477246" lon="2.860900"/>
    <trkpt lat="39.477221" lon="2.860690"/>
    <trkpt lat="39.477197" lon="2.860472"/>
    <trkpt lat="39.477178" lon="2.860254"/>
    <trkpt lat="39.477163" lon="2.860034"/>
    <trkpt lat="39.477153" lon="2.859815"/>
    <trkpt lat="39.477146" lon="2.859599"/>
    <trkpt lat="39.477144" lon="2.859376"/>
    <trkpt lat="39.477146" lon="2.859155"/>
    <trkpt lat="39.477151" lon="2.858938"/>
    <trkpt lat="39.477161" lon="2.858714"/>
    <trkpt lat="39.477175" lon="2.858503"/>
    <trkpt lat="39.477194" lon="2.858283"/>
    <trkpt lat="39.477216" lon="2.858066"/>
    <trkpt lat="39.477242" lon="2.857844"/>
    <trkpt lat="39.477268" lon="2.857639"/>
    <trkpt lat="39.477304" lon="2.857423"/>
    <trkpt lat="39.477342" lon="2.857210"/>
    <trkpt lat="39.477381" lon="2.856997"/>
    <trkpt lat="39.477431" lon="2.856778"/>
    <trkpt lat="39.477479" lon="2.856576"/>
    <trkpt lat="39.477530" lon="2.856370"/>
    <trkpt lat="39.477589" lon="2.856164"/>
    <trkpt lat="39.477651" lon="2.855954"/>
    <trkpt lat="39.477711" lon="2.855768"/>
    <trkpt lat="39.477792" lon="2.855534"/>
    <trkpt lat="39.477934" lon="2.855161"/>
    <trkpt lat="39.478096" lon="2.854772"/>
    <trkpt lat="39.478270" lon="2.854402"/>
    <trkpt lat="39.478452" lon="2.854051"/>
    <trkpt lat="39.478599" lon="2.853780"/>
    <trkpt lat="39.478770" lon="2.853497"/>
    <trkpt lat="39.479387" lon="2.852501"/>
    <trkpt lat="39.479490" lon="2.852343"/>
    <trkpt lat="39.479604" lon="2.852162"/>
    <trkpt lat="39.479699" lon="2.852013"/>
    <trkpt lat="39.479805" lon="2.851841"/>
    <trkpt lat="39.479906" lon="2.851673"/>
    <trkpt lat="39.480004" lon="2.851505"/>
    <trkpt lat="39.480102" lon="2.851326"/>
    <trkpt lat="39.480197" lon="2.851144"/>
    <trkpt lat="39.480286" lon="2.850966"/>
    <trkpt lat="39.480373" lon="2.850783"/>
    <trkpt lat="39.480456" lon="2.850598"/>
    <trkpt lat="39.480536" lon="2.850410"/>
    <trkpt lat="39.480616" lon="2.850212"/>
    <trkpt lat="39.480756" lon="2.849835"/>
    <trkpt lat="39.480823" lon="2.849637"/>
    <trkpt lat="39.480887" lon="2.849436"/>
    <trkpt lat="39.480947" lon="2.849232"/>
    <trkpt lat="39.481005" lon="2.849028"/>
    <trkpt lat="39.481057" lon="2.848820"/>
    <trkpt lat="39.481103" lon="2.848629"/>
    <trkpt lat="39.481148" lon="2.848429"/>
    <trkpt lat="39.481191" lon="2.848211"/>
    <trkpt lat="39.481244" lon="2.847919"/>
    <trkpt lat="39.481323" lon="2.847438"/>
    <trkpt lat="39.481349" lon="2.847222"/>
    <trkpt lat="39.481398" lon="2.846825"/>
    <trkpt lat="39.481442" lon="2.846425"/>
    <trkpt lat="39.481577" lon="2.845032"/>
    <trkpt lat="39.481620" lon="2.844637"/>
    <trkpt lat="39.481661" lon="2.844243"/>
    <trkpt lat="39.481711" lon="2.843830"/>
    <trkpt lat="39.481754" lon="2.843445"/>
    <trkpt lat="39.481804" lon="2.843049"/>
    <trkpt lat="39.481857" lon="2.842651"/>
    <trkpt lat="39.481884" lon="2.842445"/>
    <trkpt lat="39.481938" lon="2.842056"/>
    <trkpt lat="39.482025" lon="2.841467"/>
    <trkpt lat="39.482085" lon="2.841073"/>
    <trkpt lat="39.482147" lon="2.840677"/>
    <trkpt lat="39.482211" lon="2.840285"/>
    <trkpt lat="39.482277" lon="2.839895"/>
    <trkpt lat="39.482380" lon="2.839305"/>
    <trkpt lat="39.482442" lon="2.838967"/>
    <trkpt lat="39.482488" lon="2.838714"/>
    <trkpt lat="39.482562" lon="2.838325"/>
    <trkpt lat="39.482676" lon="2.837750"/>
    <trkpt lat="39.482756" lon="2.837356"/>
    <trkpt lat="39.482838" lon="2.836964"/>
    <trkpt lat="39.482962" lon="2.836382"/>
    <trkpt lat="39.483088" lon="2.835805"/>
    <trkpt lat="39.483219" lon="2.835223"/>
    <trkpt lat="39.483308" lon="2.834835"/>
    <trkpt lat="39.483696" lon="2.833361"/>
    <trkpt lat="39.483817" lon="2.832937"/>
    <trkpt lat="39.483935" lon="2.832563"/>
    <trkpt lat="39.484059" lon="2.832195"/>
    <trkpt lat="39.484192" lon="2.831829"/>
    <trkpt lat="39.484326" lon="2.831486"/>
    <trkpt lat="39.484402" lon="2.831298"/>
    <trkpt lat="39.484481" lon="2.831114"/>
    <trkpt lat="39.484558" lon="2.830939"/>
    <trkpt lat="39.484804" lon="2.830425"/>
    <trkpt lat="39.484977" lon="2.830094"/>
    <trkpt lat="39.485157" lon="2.829764"/>
    <trkpt lat="39.485342" lon="2.829437"/>
    <trkpt lat="39.485425" lon="2.829282"/>
    <trkpt lat="39.485748" lon="2.828719"/>
    <trkpt lat="39.485893" lon="2.828465"/>
    <trkpt lat="39.486076" lon="2.828140"/>
    <trkpt lat="39.486261" lon="2.827811"/>
    <trkpt lat="39.486354" lon="2.827651"/>
    <trkpt lat="39.486444" lon="2.827490"/>
    <trkpt lat="39.486536" lon="2.827327"/>
    <trkpt lat="39.486718" lon="2.826998"/>
    <trkpt lat="39.486808" lon="2.826831"/>
    <trkpt lat="39.486892" lon="2.826673"/>
    <trkpt lat="39.486980" lon="2.826502"/>
    <trkpt lat="39.487061" lon="2.826335"/>
    <trkpt lat="39.487143" lon="2.826160"/>
    <trkpt lat="39.487217" lon="2.825994"/>
    <trkpt lat="39.487297" lon="2.825806"/>
    <trkpt lat="39.487507" lon="2.825266"/>
    <trkpt lat="39.487627" lon="2.824910"/>
    <trkpt lat="39.487740" lon="2.824535"/>
    <trkpt lat="39.487842" lon="2.824154"/>
    <trkpt lat="39.487931" lon="2.823772"/>
    <trkpt lat="39.488008" lon="2.823386"/>
    <trkpt lat="39.488042" lon="2.823190"/>
    <trkpt lat="39.488073" lon="2.822994"/>
    <trkpt lat="39.488101" lon="2.822797"/>
    <trkpt lat="39.488127" lon="2.822602"/>
    <trkpt lat="39.488148" lon="2.822402"/>
    <trkpt lat="39.488167" lon="2.822214"/>
    <trkpt lat="39.488183" lon="2.822003"/>
    <trkpt lat="39.488197" lon="2.821806"/>
    <trkpt lat="39.488208" lon="2.821603"/>
    <trkpt lat="39.488218" lon="2.821404"/>
    <trkpt lat="39.488234" lon="2.821000"/>
    <trkpt lat="39.488250" lon="2.820602"/>
    <trkpt lat="39.488266" lon="2.820199"/>
    <trkpt lat="39.488281" lon="2.819805"/>
    <trkpt lat="39.488297" lon="2.819401"/>
    <trkpt lat="39.488312" lon="2.819002"/>
    <trkpt lat="39.488328" lon="2.818601"/>
    <trkpt lat="39.488343" lon="2.818207"/>
    <trkpt lat="39.488360" lon="2.817796"/>
    <trkpt lat="39.488375" lon="2.817397"/>
    <trkpt lat="39.488393" lon="2.817002"/>
    <trkpt lat="39.488414" lon="2.816395"/>
    <trkpt lat="39.488446" lon="2.815599"/>
    <trkpt lat="39.488509" lon="2.813993"/>
    <trkpt lat="39.488563" lon="2.812593"/>
    <trkpt lat="39.488579" lon="2.812192"/>
    <trkpt lat="39.488595" lon="2.811791"/>
    <trkpt lat="39.488611" lon="2.811392"/>
    <trkpt lat="39.488625" lon="2.810989"/>
    <trkpt lat="39.488642" lon="2.810589"/>
    <trkpt lat="39.488652" lon="2.810389"/>
    <trkpt lat="39.488662" lon="2.810186"/>
    <trkpt lat="39.488688" lon="2.809783"/>
    <trkpt lat="39.488726" lon="2.809367"/>
    <trkpt lat="39.488773" lon="2.808968"/>
    <trkpt lat="39.488828" lon="2.808569"/>
    <trkpt lat="39.489013" lon="2.807608"/>
    <trkpt lat="39.489147" lon="2.807048"/>
    <trkpt lat="39.489253" lon="2.806670"/>
    <trkpt lat="39.489367" lon="2.806298"/>
    <trkpt lat="39.489492" lon="2.805929"/>
    <trkpt lat="39.489625" lon="2.805571"/>
    <trkpt lat="39.489768" lon="2.805213"/>
    <trkpt lat="39.489842" lon="2.805038"/>
    <trkpt lat="39.490074" lon="2.804515"/>
    <trkpt lat="39.490231" lon="2.804170"/>
    <trkpt lat="39.490480" lon="2.803629"/>
    <trkpt lat="39.490794" lon="2.802928"/>
    <trkpt lat="39.490928" lon="2.802614"/>
    <trkpt lat="39.491079" lon="2.802250"/>
    <trkpt lat="39.491224" lon="2.801886"/>
    <trkpt lat="39.491356" lon="2.801531"/>
    <trkpt lat="39.491488" lon="2.801160"/>
    <trkpt lat="39.491607" lon="2.800811"/>
    <trkpt lat="39.491729" lon="2.800426"/>
    <trkpt lat="39.491831" lon="2.800088"/>
    <trkpt lat="39.491953" lon="2.799660"/>
    <trkpt lat="39.492052" lon="2.799290"/>
    <trkpt lat="39.492145" lon="2.798924"/>
    <trkpt lat="39.492285" lon="2.798343"/>
    <trkpt lat="39.492416" lon="2.797763"/>
    <trkpt lat="39.492596" lon="2.797003"/>
    <trkpt lat="39.492731" lon="2.796429"/>
    <trkpt lat="39.492910" lon="2.795653"/>
    <trkpt lat="39.493041" lon="2.795082"/>
    <trkpt lat="39.493174" lon="2.794510"/>
    <trkpt lat="39.493309" lon="2.793930"/>
    <trkpt lat="39.493443" lon="2.793352"/>
    <trkpt lat="39.493575" lon="2.792779"/>
    <trkpt lat="39.493664" lon="2.792396"/>
    <trkpt lat="39.493709" lon="2.792204"/>
    <trkpt lat="39.493798" lon="2.791821"/>
    <trkpt lat="39.493934" lon="2.791237"/>
    <trkpt lat="39.494111" lon="2.790475"/>
    <trkpt lat="39.494199" lon="2.790093"/>
    <trkpt lat="39.494823" lon="2.787397"/>
    <trkpt lat="39.495089" lon="2.786251"/>
    <trkpt lat="39.495446" lon="2.784713"/>
    <trkpt lat="39.495481" lon="2.784563"/>
    <trkpt lat="39.495580" lon="2.784133"/>
    <trkpt lat="39.495668" lon="2.783751"/>
    <trkpt lat="39.495758" lon="2.783370"/>
    <trkpt lat="39.495851" lon="2.782986"/>
    <trkpt lat="39.495947" lon="2.782599"/>
    <trkpt lat="39.496053" lon="2.782226"/>
    <trkpt lat="39.496170" lon="2.781853"/>
    <trkpt lat="39.496300" lon="2.781473"/>
    <trkpt lat="39.496442" lon="2.781074"/>
    <trkpt lat="39.496647" lon="2.780591"/>
    <trkpt lat="39.496725" lon="2.780412"/>
    <trkpt lat="39.496804" lon="2.780240"/>
    <trkpt lat="39.496885" lon="2.780070"/>
    <trkpt lat="39.496967" lon="2.779901"/>
    <trkpt lat="39.497054" lon="2.779733"/>
    <trkpt lat="39.497142" lon="2.779568"/>
    <trkpt lat="39.497230" lon="2.779406"/>
    <trkpt lat="39.497323" lon="2.779242"/>
    <trkpt lat="39.497400" lon="2.779111"/>
    <trkpt lat="39.497498" lon="2.778949"/>
    <trkpt lat="39.497595" lon="2.778792"/>
    <trkpt lat="39.497796" lon="2.778485"/>
    <trkpt lat="39.497894" lon="2.778343"/>
    <trkpt lat="39.498003" lon="2.778188"/>
    <trkpt lat="39.498105" lon="2.778050"/>
    <trkpt lat="39.498211" lon="2.777910"/>
    <trkpt lat="39.498326" lon="2.777763"/>
    <trkpt lat="39.498438" lon="2.777626"/>
    <trkpt lat="39.498551" lon="2.777486"/>
    <trkpt lat="39.498670" lon="2.777349"/>
    <trkpt lat="39.498781" lon="2.777225"/>
    <trkpt lat="39.498901" lon="2.777094"/>
    <trkpt lat="39.499023" lon="2.776966"/>
    <trkpt lat="39.499145" lon="2.776842"/>
    <trkpt lat="39.499273" lon="2.776717"/>
    <trkpt lat="39.499785" lon="2.776242"/>
    <trkpt lat="39.499914" lon="2.776141"/>
    <trkpt lat="39.500174" lon="2.775938"/>
    <trkpt lat="39.500446" lon="2.775738"/>
    <trkpt lat="39.500501" lon="2.775701"/>
    <trkpt lat="39.500723" lon="2.775552"/>
    <trkpt lat="39.500999" lon="2.775380"/>
    <trkpt lat="39.501140" lon="2.775297"/>
    <trkpt lat="39.501278" lon="2.775220"/>
    <trkpt lat="39.501422" lon="2.775144"/>
    <trkpt lat="39.501570" lon="2.775068"/>
    <trkpt lat="39.501715" lon="2.774998"/>
    <trkpt lat="39.501857" lon="2.774932"/>
    <trkpt lat="39.502006" lon="2.774865"/>
    <trkpt lat="39.502158" lon="2.774800"/>
    <trkpt lat="39.502306" lon="2.774741"/>
    <trkpt lat="39.502454" lon="2.774682"/>
    <trkpt lat="39.502760" lon="2.774567"/>
    <trkpt lat="39.502901" lon="2.774515"/>
    <trkpt lat="39.503048" lon="2.774464"/>
    <trkpt lat="39.503196" lon="2.774411"/>
    <trkpt lat="39.503357" lon="2.774356"/>
    <trkpt lat="39.503660" lon="2.774252"/>
    <trkpt lat="39.503804" lon="2.774203"/>
    <trkpt lat="39.503954" lon="2.774149"/>
    <trkpt lat="39.504100" lon="2.774097"/>
    <trkpt lat="39.504254" lon="2.774040"/>
    <trkpt lat="39.504399" lon="2.773985"/>
    <trkpt lat="39.504550" lon="2.773925"/>
    <trkpt lat="39.504695" lon="2.773866"/>
    <trkpt lat="39.504846" lon="2.773802"/>
    <trkpt lat="39.504985" lon="2.773738"/>
    <trkpt lat="39.505138" lon="2.773665"/>
    <trkpt lat="39.505277" lon="2.773597"/>
    <trkpt lat="39.505424" lon="2.773523"/>
    <trkpt lat="39.505569" lon="2.773448"/>
    <trkpt lat="39.505710" lon="2.773370"/>
    <trkpt lat="39.505851" lon="2.773287"/>
    <trkpt lat="39.505993" lon="2.773200"/>
    <trkpt lat="39.506127" lon="2.773116"/>
    <trkpt lat="39.506273" lon="2.773022"/>
    <trkpt lat="39.506546" lon="2.772835"/>
    <trkpt lat="39.506814" lon="2.772640"/>
    <trkpt lat="39.506947" lon="2.772538"/>
    <trkpt lat="39.507082" lon="2.772432"/>
    <trkpt lat="39.507211" lon="2.772326"/>
    <trkpt lat="39.507343" lon="2.772215"/>
    <trkpt lat="39.507601" lon="2.771987"/>
    <trkpt lat="39.507727" lon="2.771871"/>
    <trkpt lat="39.507853" lon="2.771752"/>
    <trkpt lat="39.507975" lon="2.771633"/>
    <trkpt lat="39.508103" lon="2.771505"/>
    <trkpt lat="39.508340" lon="2.771261"/>
    <trkpt lat="39.508573" lon="2.771013"/>
    <trkpt lat="39.508814" lon="2.770752"/>
    <trkpt lat="39.509055" lon="2.770494"/>
    <trkpt lat="39.509294" lon="2.770237"/>
    <trkpt lat="39.509531" lon="2.769981"/>
    <trkpt lat="39.509771" lon="2.769723"/>
    <trkpt lat="39.510010" lon="2.769465"/>
    <trkpt lat="39.510250" lon="2.769206"/>
    <trkpt lat="39.510486" lon="2.768951"/>
    <trkpt lat="39.510722" lon="2.768697"/>
    <trkpt lat="39.510964" lon="2.768438"/>
    <trkpt lat="39.511200" lon="2.768183"/>
    <trkpt lat="39.511436" lon="2.767927"/>
    <trkpt lat="39.511676" lon="2.767668"/>
    <trkpt lat="39.511915" lon="2.767412"/>
    <trkpt lat="39.512154" lon="2.767156"/>
    <trkpt lat="39.513819" lon="2.765360"/>
    <trkpt lat="39.514765" lon="2.764342"/>
    <trkpt lat="39.515134" lon="2.763950"/>
    <trkpt lat="39.515246" lon="2.763839"/>
    <trkpt lat="39.515371" lon="2.763715"/>
    <trkpt lat="39.515500" lon="2.763596"/>
    <trkpt lat="39.515620" lon="2.763489"/>
    <trkpt lat="39.515762" lon="2.763370"/>
    <trkpt lat="39.515889" lon="2.763273"/>
    <trkpt lat="39.516023" lon="2.763177"/>
    <trkpt lat="39.516160" lon="2.763081"/>
    <trkpt lat="39.516300" lon="2.762987"/>
    <trkpt lat="39.516573" lon="2.762811"/>
    <trkpt lat="39.516718" lon="2.762718"/>
    <trkpt lat="39.516856" lon="2.762628"/>
    <trkpt lat="39.516999" lon="2.762536"/>
    <trkpt lat="39.517137" lon="2.762444"/>
    <trkpt lat="39.517303" lon="2.762326"/>
    <trkpt lat="39.517402" lon="2.762251"/>
    <trkpt lat="39.517534" lon="2.762147"/>
    <trkpt lat="39.517664" lon="2.762038"/>
    <trkpt lat="39.517794" lon="2.761924"/>
    <trkpt lat="39.517919" lon="2.761808"/>
    <trkpt lat="39.518042" lon="2.761688"/>
    <trkpt lat="39.518166" lon="2.761561"/>
    <trkpt lat="39.518284" lon="2.761435"/>
    <trkpt lat="39.518403" lon="2.761301"/>
    <trkpt lat="39.518736" lon="2.760909"/>
    <trkpt lat="39.519215" lon="2.760333"/>
    <trkpt lat="39.519547" lon="2.759939"/>
    <trkpt lat="39.519805" lon="2.759635"/>
    <trkpt lat="39.520034" lon="2.759367"/>
    <trkpt lat="39.520269" lon="2.759097"/>
    <trkpt lat="39.520735" lon="2.758583"/>
    <trkpt lat="39.520951" lon="2.758347"/>
    <trkpt lat="39.522194" lon="2.757074"/>
    <trkpt lat="39.522536" lon="2.756709"/>
    <trkpt lat="39.522667" lon="2.756576"/>
    <trkpt lat="39.522908" lon="2.756324"/>
    <trkpt lat="39.523147" lon="2.756072"/>
    <trkpt lat="39.523265" lon="2.755947"/>
    <trkpt lat="39.523381" lon="2.755823"/>
    <trkpt lat="39.523503" lon="2.755693"/>
    <trkpt lat="39.523621" lon="2.755565"/>
    <trkpt lat="39.523738" lon="2.755436"/>
    <trkpt lat="39.523853" lon="2.755308"/>
    <trkpt lat="39.523970" lon="2.755178"/>
    <trkpt lat="39.524087" lon="2.755044"/>
    <trkpt lat="39.524207" lon="2.754908"/>
    <trkpt lat="39.524326" lon="2.754774"/>
    <trkpt lat="39.524437" lon="2.754642"/>
    <trkpt lat="39.524569" lon="2.754483"/>
    <trkpt lat="39.524775" lon="2.754228"/>
    <trkpt lat="39.524996" lon="2.753949"/>
    <trkpt lat="39.525106" lon="2.753805"/>
    <trkpt lat="39.525213" lon="2.753661"/>
    <trkpt lat="39.525319" lon="2.753518"/>
    <trkpt lat="39.525429" lon="2.753368"/>
    <trkpt lat="39.525638" lon="2.753074"/>
    <trkpt lat="39.525839" lon="2.752781"/>
    <trkpt lat="39.526040" lon="2.752481"/>
    <trkpt lat="39.526300" lon="2.752072"/>
    <trkpt lat="39.527355" lon="2.750196"/>
    <trkpt lat="39.527507" lon="2.749883"/>
    <trkpt lat="39.527685" lon="2.749515"/>
    <trkpt lat="39.527829" lon="2.749188"/>
    <trkpt lat="39.527979" lon="2.748857"/>
    <trkpt lat="39.528130" lon="2.748503"/>
    <trkpt lat="39.528271" lon="2.748154"/>
    <trkpt lat="39.528376" lon="2.747885"/>
    <trkpt lat="39.528411" lon="2.747796"/>
    <trkpt lat="39.528546" lon="2.747439"/>
    <trkpt lat="39.528676" lon="2.747075"/>
    <trkpt lat="39.528740" lon="2.746891"/>
    <trkpt lat="39.528870" lon="2.746505"/>
    <trkpt lat="39.528932" lon="2.746320"/>
    <trkpt lat="39.529054" lon="2.745940"/>
    <trkpt lat="39.529167" lon="2.745578"/>
    <trkpt lat="39.529283" lon="2.745205"/>
    <trkpt lat="39.529391" lon="2.744852"/>
    <trkpt lat="39.529501" lon="2.744485"/>
    <trkpt lat="39.529614" lon="2.744111"/>
    <trkpt lat="39.529726" lon="2.743742"/>
    <trkpt lat="39.529851" lon="2.743336"/>
    <trkpt lat="39.530032" lon="2.742755"/>
    <trkpt lat="39.530152" lon="2.742387"/>
    <trkpt lat="39.530279" lon="2.742013"/>
    <trkpt lat="39.530403" lon="2.741653"/>
    <trkpt lat="39.530541" lon="2.741275"/>
    <trkpt lat="39.530613" lon="2.741084"/>
    <trkpt lat="39.530685" lon="2.740894"/>
    <trkpt lat="39.530838" lon="2.740516"/>
    <trkpt lat="39.530994" lon="2.740144"/>
    <trkpt lat="39.531158" lon="2.739782"/>
    <trkpt lat="39.531244" lon="2.739597"/>
    <trkpt lat="39.531332" lon="2.739420"/>
    <trkpt lat="39.531421" lon="2.739239"/>
    <trkpt lat="39.531510" lon="2.739064"/>
    <trkpt lat="39.531601" lon="2.738889"/>
    <trkpt lat="39.531693" lon="2.738715"/>
    <trkpt lat="39.531788" lon="2.738542"/>
    <trkpt lat="39.531884" lon="2.738375"/>
    <trkpt lat="39.531985" lon="2.738200"/>
    <trkpt lat="39.532082" lon="2.738036"/>
    <trkpt lat="39.532185" lon="2.737866"/>
    <trkpt lat="39.532287" lon="2.737698"/>
    <trkpt lat="39.532390" lon="2.737534"/>
    <trkpt lat="39.532596" lon="2.737206"/>
    <trkpt lat="39.532801" lon="2.736882"/>
    <trkpt lat="39.533009" lon="2.736556"/>
    <trkpt lat="39.533237" lon="2.736190"/>
    <trkpt lat="39.533442" lon="2.735856"/>
    <trkpt lat="39.533572" lon="2.735641"/>
    <trkpt lat="39.534101" lon="2.734689"/>
    <trkpt lat="39.534193" lon="2.734514"/>
    <trkpt lat="39.534286" lon="2.734338"/>
    <trkpt lat="39.534463" lon="2.733985"/>
    <trkpt lat="39.534640" lon="2.733624"/>
    <trkpt lat="39.534811" lon="2.733261"/>
    <trkpt lat="39.535587" lon="2.731606"/>
    <trkpt lat="39.535761" lon="2.731215"/>
    <trkpt lat="39.535921" lon="2.730868"/>
    <trkpt lat="39.536005" lon="2.730687"/>
    <trkpt lat="39.536091" lon="2.730504"/>
    <trkpt lat="39.536176" lon="2.730319"/>
    <trkpt lat="39.536346" lon="2.729952"/>
    <trkpt lat="39.536515" lon="2.729588"/>
    <trkpt lat="39.536684" lon="2.729221"/>
    <trkpt lat="39.536853" lon="2.728856"/>
    <trkpt lat="39.537022" lon="2.728491"/>
    <trkpt lat="39.537106" lon="2.728308"/>
    <trkpt lat="39.537278" lon="2.727940"/>
    <trkpt lat="39.537437" lon="2.727596"/>
    <trkpt lat="39.537615" lon="2.727215"/>
    <trkpt lat="39.537779" lon="2.726858"/>
    <trkpt lat="39.537950" lon="2.726489"/>
    <trkpt lat="39.538122" lon="2.726117"/>
    <trkpt lat="39.538293" lon="2.725750"/>
    <trkpt lat="39.538378" lon="2.725564"/>
    <trkpt lat="39.538547" lon="2.725198"/>
    <trkpt lat="39.538720" lon="2.724824"/>
    <trkpt lat="39.538805" lon="2.724643"/>
    <trkpt lat="39.538888" lon="2.724457"/>
    <trkpt lat="39.538973" lon="2.724263"/>
    <trkpt lat="39.539048" lon="2.724088"/>
    <trkpt lat="39.539126" lon="2.723900"/>
    <trkpt lat="39.539197" lon="2.723726"/>
    <trkpt lat="39.539347" lon="2.723342"/>
    <trkpt lat="39.539490" lon="2.722958"/>
    <trkpt lat="39.539628" lon="2.722564"/>
    <trkpt lat="39.539759" lon="2.722166"/>
    <trkpt lat="39.539881" lon="2.721771"/>
    <trkpt lat="39.539993" lon="2.721360"/>
    <trkpt lat="39.540061" lon="2.721122"/>
    <trkpt lat="39.540354" lon="2.720001"/>
    <trkpt lat="39.540433" lon="2.719683"/>
    <trkpt lat="39.540535" lon="2.719284"/>
    <trkpt lat="39.540635" lon="2.718890"/>
    <trkpt lat="39.540735" lon="2.718497"/>
    <trkpt lat="39.540836" lon="2.718102"/>
    <trkpt lat="39.540939" lon="2.717704"/>
    <trkpt lat="39.541039" lon="2.717311"/>
    <trkpt lat="39.541141" lon="2.716912"/>
    <trkpt lat="39.541242" lon="2.716518"/>
    <trkpt lat="39.541399" lon="2.715906"/>
    <trkpt lat="39.541553" lon="2.715305"/>
    <trkpt lat="39.541684" lon="2.714794"/>
    <trkpt lat="39.541794" lon="2.714356"/>
    <trkpt lat="39.541911" lon="2.713915"/>
    <trkpt lat="39.542056" lon="2.713349"/>
    <trkpt lat="39.542158" lon="2.712955"/>
    <trkpt lat="39.542258" lon="2.712562"/>
    <trkpt lat="39.542362" lon="2.712162"/>
    <trkpt lat="39.542463" lon="2.711770"/>
    <trkpt lat="39.542566" lon="2.711373"/>
    <trkpt lat="39.542842" lon="2.710280"/>
    <trkpt lat="39.543015" lon="2.709621"/>
    <trkpt lat="39.543128" lon="2.709214"/>
    <trkpt lat="39.543187" lon="2.709014"/>
    <trkpt lat="39.543253" lon="2.708810"/>
    <trkpt lat="39.543322" lon="2.708618"/>
    <trkpt lat="39.543390" lon="2.708437"/>
    <trkpt lat="39.543473" lon="2.708236"/>
    <trkpt lat="39.543554" lon="2.708054"/>
    <trkpt lat="39.543641" lon="2.707871"/>
    <trkpt lat="39.543733" lon="2.707689"/>
    <trkpt lat="39.543824" lon="2.707520"/>
    <trkpt lat="39.543929" lon="2.707342"/>
    <trkpt lat="39.544030" lon="2.707180"/>
    <trkpt lat="39.544136" lon="2.707018"/>
    <trkpt lat="39.544200" lon="2.706927"/>
    <trkpt lat="39.544249" lon="2.706857"/>
    <trkpt lat="39.544362" lon="2.706705"/>
    <trkpt lat="39.544484" lon="2.706551"/>
    <trkpt lat="39.544603" lon="2.706407"/>
    <trkpt lat="39.544725" lon="2.706272"/>
    <trkpt lat="39.544841" lon="2.706148"/>
    <trkpt lat="39.544982" lon="2.706006"/>
    <trkpt lat="39.545114" lon="2.705877"/>
    <trkpt lat="39.545378" lon="2.705622"/>
    <trkpt lat="39.545642" lon="2.705371"/>
    <trkpt lat="39.545907" lon="2.705120"/>
    <trkpt lat="39.546153" lon="2.704886"/>
    <trkpt lat="39.546414" lon="2.704637"/>
    <trkpt lat="39.546672" lon="2.704404"/>
    <trkpt lat="39.546779" lon="2.704314"/>
    <trkpt lat="39.546900" lon="2.704218"/>
    <trkpt lat="39.547040" lon="2.704114"/>
    <trkpt lat="39.547162" lon="2.704029"/>
    <trkpt lat="39.547290" lon="2.703947"/>
    <trkpt lat="39.547439" lon="2.703862"/>
    <trkpt lat="39.547571" lon="2.703792"/>
    <trkpt lat="39.547727" lon="2.703718"/>
    <trkpt lat="39.547882" lon="2.703650"/>
    <trkpt lat="39.548048" lon="2.703587"/>
    <trkpt lat="39.548218" lon="2.703531"/>
    <trkpt lat="39.548374" lon="2.703489"/>
    <trkpt lat="39.548535" lon="2.703455"/>
    <trkpt lat="39.548704" lon="2.703424"/>
    <trkpt lat="39.548868" lon="2.703404"/>
    <trkpt lat="39.549030" lon="2.703392"/>
    <trkpt lat="39.549193" lon="2.703385"/>
    <trkpt lat="39.549354" lon="2.703388"/>
    <trkpt lat="39.549507" lon="2.703396"/>
    <trkpt lat="39.549669" lon="2.703415"/>
    <trkpt lat="39.550758" lon="2.703622"/>
    <trkpt lat="39.551346" lon="2.703692"/>
    <trkpt lat="39.551592" lon="2.703713"/>
    <trkpt lat="39.551780" lon="2.703741"/>
    <trkpt lat="39.551941" lon="2.703764"/>
    <trkpt lat="39.552105" lon="2.703784"/>
    <trkpt lat="39.552269" lon="2.703797"/>
    <trkpt lat="39.552429" lon="2.703805"/>
    <trkpt lat="39.552593" lon="2.703805"/>
    <trkpt lat="39.552753" lon="2.703799"/>
    <trkpt lat="39.552999" lon="2.703774"/>
    <trkpt lat="39.553163" lon="2.703749"/>
    <trkpt lat="39.553315" lon="2.703718"/>
    <trkpt lat="39.553469" lon="2.703681"/>
    <trkpt lat="39.553573" lon="2.703654"/>
    <trkpt lat="39.553823" lon="2.703568"/>
    <trkpt lat="39.554075" lon="2.703455"/>
    <trkpt lat="39.554143" lon="2.703431"/>
    <trkpt lat="39.554627" lon="2.703144"/>
    <trkpt lat="39.554842" lon="2.702984"/>
    <trkpt lat="39.554979" lon="2.702872"/>
    <trkpt lat="39.555115" lon="2.702753"/>
    <trkpt lat="39.555340" lon="2.702544"/>
    <trkpt lat="39.555497" lon="2.702369"/>
    <trkpt lat="39.555622" lon="2.702223"/>
    <trkpt lat="39.555738" lon="2.702077"/>
    <trkpt lat="39.555859" lon="2.701919"/>
    <trkpt lat="39.556290" lon="2.701326"/>
    <trkpt lat="39.556521" lon="2.701007"/>
    <trkpt lat="39.556852" lon="2.700546"/>
    <trkpt lat="39.557511" lon="2.699633"/>
    <trkpt lat="39.557753" lon="2.699297"/>
    <trkpt lat="39.557957" lon="2.699012"/>
    <trkpt lat="39.558172" lon="2.698707"/>
    <trkpt lat="39.558276" lon="2.698554"/>
    <trkpt lat="39.558385" lon="2.698390"/>
    <trkpt lat="39.558490" lon="2.698225"/>
    <trkpt lat="39.558585" lon="2.698072"/>
    <trkpt lat="39.558689" lon="2.697909"/>
    <trkpt lat="39.558794" lon="2.697729"/>
    <trkpt lat="39.558890" lon="2.697566"/>
    <trkpt lat="39.558987" lon="2.697398"/>
    <trkpt lat="39.559181" lon="2.697054"/>
    <trkpt lat="39.559369" lon="2.696716"/>
    <trkpt lat="39.559560" lon="2.696377"/>
    <trkpt lat="39.559751" lon="2.696039"/>
    <trkpt lat="39.559942" lon="2.695697"/>
    <trkpt lat="39.560134" lon="2.695354"/>
    <trkpt lat="39.560243" lon="2.695160"/>
    <trkpt lat="39.560420" lon="2.694845"/>
    <trkpt lat="39.560611" lon="2.694506"/>
    <trkpt lat="39.560801" lon="2.694168"/>
    <trkpt lat="39.560995" lon="2.693826"/>
    <trkpt lat="39.561186" lon="2.693481"/>
    <trkpt lat="39.561325" lon="2.693237"/>
    <trkpt lat="39.561398" lon="2.693102"/>
    <trkpt lat="39.562671" lon="2.690838"/>
    <trkpt lat="39.562829" lon="2.690524"/>
    <trkpt lat="39.562978" lon="2.690201"/>
    <trkpt lat="39.563050" lon="2.690025"/>
    <trkpt lat="39.563115" lon="2.689853"/>
    <trkpt lat="39.563179" lon="2.689671"/>
    <trkpt lat="39.563235" lon="2.689487"/>
    <trkpt lat="39.563290" lon="2.689297"/>
    <trkpt lat="39.563337" lon="2.689108"/>
    <trkpt lat="39.563381" lon="2.688921"/>
    <trkpt lat="39.563417" lon="2.688741"/>
    <trkpt lat="39.563435" lon="2.688639"/>
    <trkpt lat="39.563454" lon="2.688538"/>
    <trkpt lat="39.563482" lon="2.688350"/>
    <trkpt lat="39.563512" lon="2.688154"/>
    <trkpt lat="39.563539" lon="2.687959"/>
    <trkpt lat="39.563566" lon="2.687764"/>
    <trkpt lat="39.563619" lon="2.687391"/>
    <trkpt lat="39.563759" lon="2.686397"/>
    <trkpt lat="39.563921" lon="2.685246"/>
    <trkpt lat="39.564030" lon="2.684469"/>
    <trkpt lat="39.564090" lon="2.684052"/>
    <trkpt lat="39.564264" lon="2.682743"/>
    <trkpt lat="39.564808" lon="2.678698"/>
    <trkpt lat="39.564849" lon="2.678325"/>
    <trkpt lat="39.564885" lon="2.677909"/>
    <trkpt lat="39.564922" lon="2.677282"/>
    <trkpt lat="39.564931" lon="2.677059"/>
    <trkpt lat="39.564932" lon="2.676983"/>
    <trkpt lat="39.564935" lon="2.676855"/>
    <trkpt lat="39.564939" lon="2.676631"/>
    <trkpt lat="39.564939" lon="2.676395"/>
    <trkpt lat="39.564932" lon="2.675954"/>
    <trkpt lat="39.564925" lon="2.675764"/>
    <trkpt lat="39.564915" lon="2.675557"/>
    <trkpt lat="39.564903" lon="2.675335"/>
    <trkpt lat="39.564889" lon="2.675116"/>
    <trkpt lat="39.564880" lon="2.674982"/>
    <trkpt lat="39.564861" lon="2.674779"/>
    <trkpt lat="39.564843" lon="2.674596"/>
    <trkpt lat="39.564769" lon="2.674041"/>
    <trkpt lat="39.564703" lon="2.673630"/>
    <trkpt lat="39.564636" lon="2.673249"/>
    <trkpt lat="39.564562" lon="2.672862"/>
    <trkpt lat="39.564493" lon="2.672541"/>
    <trkpt lat="39.564393" lon="2.672148"/>
    <trkpt lat="39.564297" lon="2.671812"/>
    <trkpt lat="39.564200" lon="2.671471"/>
    <trkpt lat="39.564098" lon="2.671133"/>
    <trkpt lat="39.563981" lon="2.670786"/>
    <trkpt lat="39.563865" lon="2.670454"/>
    <trkpt lat="39.563743" lon="2.670111"/>
    <trkpt lat="39.563618" lon="2.669775"/>
    <trkpt lat="39.563398" lon="2.669172"/>
    <trkpt lat="39.563311" lon="2.668939"/>
    <trkpt lat="39.563072" lon="2.668153"/>
    <trkpt lat="39.563042" lon="2.668022"/>
    <trkpt lat="39.563011" lon="2.667870"/>
    <trkpt lat="39.563004" lon="2.667832"/>
    <trkpt lat="39.562976" lon="2.667670"/>
    <trkpt lat="39.562950" lon="2.667476"/>
    <trkpt lat="39.562929" lon="2.667291"/>
    <trkpt lat="39.562912" lon="2.667103"/>
    <trkpt lat="39.562896" lon="2.666910"/>
    <trkpt lat="39.562885" lon="2.666724"/>
    <trkpt lat="39.562878" lon="2.666532"/>
    <trkpt lat="39.562875" lon="2.666338"/>
    <trkpt lat="39.562874" lon="2.666277"/>
    <trkpt lat="39.562873" lon="2.666143"/>
    <trkpt lat="39.562871" lon="2.665958"/>
    <trkpt lat="39.562869" lon="2.665769"/>
    <trkpt lat="39.562868" lon="2.665578"/>
    <trkpt lat="39.562866" lon="2.665392"/>
    <trkpt lat="39.562861" lon="2.664822"/>
    <trkpt lat="39.562861" lon="2.664637"/>
    <trkpt lat="39.562859" lon="2.664443"/>
    <trkpt lat="39.562858" lon="2.664255"/>
    <trkpt lat="39.562857" lon="2.664065"/>
    <trkpt lat="39.562856" lon="2.663880"/>
    <trkpt lat="39.562860" lon="2.663491"/>
    <trkpt lat="39.562860" lon="2.663481"/>
    <trkpt lat="39.562861" lon="2.663425"/>
    <trkpt lat="39.562866" lon="2.663307"/>
    <trkpt lat="39.562877" lon="2.663090"/>
    <trkpt lat="39.562900" lon="2.662816"/>
    <trkpt lat="39.562938" lon="2.662538"/>
    <trkpt lat="39.563000" lon="2.662206"/>
    <trkpt lat="39.563065" lon="2.661948"/>
    <trkpt lat="39.563124" lon="2.661741"/>
    <trkpt lat="39.563132" lon="2.661708"/>
    <trkpt lat="39.563150" lon="2.661647"/>
    <trkpt lat="39.563228" lon="2.661384"/>
    <trkpt lat="39.563307" lon="2.661139"/>
    <trkpt lat="39.563400" lon="2.660870"/>
    <trkpt lat="39.563492" lon="2.660607"/>
    <trkpt lat="39.563584" lon="2.660346"/>
    <trkpt lat="39.563677" lon="2.660085"/>
    <trkpt lat="39.563721" lon="2.659958"/>
    <trkpt lat="39.563766" lon="2.659831"/>
    <trkpt lat="39.563812" lon="2.659700"/>
    <trkpt lat="39.563858" lon="2.659570"/>
    <trkpt lat="39.563904" lon="2.659439"/>
    <trkpt lat="39.563948" lon="2.659315"/>
    <trkpt lat="39.563995" lon="2.659183"/>
    <trkpt lat="39.564041" lon="2.659051"/>
    <trkpt lat="39.564085" lon="2.658925"/>
    <trkpt lat="39.564132" lon="2.658793"/>
    <trkpt lat="39.564179" lon="2.658663"/>
    <trkpt lat="39.564223" lon="2.658535"/>
    <trkpt lat="39.564269" lon="2.658406"/>
    <trkpt lat="39.564314" lon="2.658273"/>
    <trkpt lat="39.564357" lon="2.658146"/>
    <trkpt lat="39.564399" lon="2.658013"/>
    <trkpt lat="39.564438" lon="2.657879"/>
    <trkpt lat="39.564473" lon="2.657741"/>
    <trkpt lat="39.564502" lon="2.657600"/>
    <trkpt lat="39.564524" lon="2.657454"/>
    <trkpt lat="39.564536" lon="2.657317"/>
    <trkpt lat="39.564604" lon="2.657077"/>
    <trkpt lat="39.564637" lon="2.656986"/>
    <trkpt lat="39.564666" lon="2.656921"/>
    <trkpt lat="39.564689" lon="2.656876"/>
    <trkpt lat="39.564714" lon="2.656833"/>
    <trkpt lat="39.564729" lon="2.656815"/>
    <trkpt lat="39.564750" lon="2.656789"/>
    <trkpt lat="39.564811" lon="2.656749"/>
    <trkpt lat="39.564854" lon="2.656724"/>
    <trkpt lat="39.564922" lon="2.656701"/>
    <trkpt lat="39.565092" lon="2.656681"/>
    <trkpt lat="39.565832" lon="2.656772"/>
    <trkpt lat="39.565978" lon="2.656790"/>
    <trkpt lat="39.566077" lon="2.656800"/>
    <trkpt lat="39.566375" lon="2.656838"/>
    <trkpt lat="39.566639" lon="2.656870"/>
    <trkpt lat="39.566692" lon="2.656887"/>
    <trkpt lat="39.566757" lon="2.656923"/>
    <trkpt lat="39.566821" lon="2.656974"/>
    <trkpt lat="39.566903" lon="2.657054"/>
    <trkpt lat="39.567308" lon="2.657468"/>
    <trkpt lat="39.567356" lon="2.657501"/>
    <trkpt lat="39.567407" lon="2.657527"/>
    <trkpt lat="39.567448" lon="2.657541"/>
    <trkpt lat="39.567530" lon="2.657536"/>
    <trkpt lat="39.567630" lon="2.657513"/>
    <trkpt lat="39.567661" lon="2.657497"/>
    <trkpt lat="39.567670" lon="2.657494"/>
    <trkpt lat="39.567837" lon="2.657435"/>
    <trkpt lat="39.568003" lon="2.657368"/>
    <trkpt lat="39.568352" lon="2.657213"/>
    <trkpt lat="39.568768" lon="2.657043"/>
    <trkpt lat="39.568948" lon="2.656982"/>
    <trkpt lat="39.569086" lon="2.657016"/>
    <trkpt lat="39.569503" lon="2.657232"/>
    <trkpt lat="39.569905" lon="2.657435"/>
    <trkpt lat="39.569917" lon="2.657442"/>
    <trkpt lat="39.569924" lon="2.657446"/>
    <trkpt lat="39.570039" lon="2.657461"/>
    <trkpt lat="39.570117" lon="2.657439"/>
    <trkpt lat="39.570357" lon="2.657341"/>
    <trkpt lat="39.570930" lon="2.657001"/>
    <trkpt lat="39.571141" lon="2.656876"/>
    <trkpt lat="39.571235" lon="2.656830"/>
    <trkpt lat="39.571340" lon="2.656789"/>
    <trkpt lat="39.571380" lon="2.656778"/>
    <trkpt lat="39.571427" lon="2.656772"/>
    <trkpt lat="39.571508" lon="2.656769"/>
    <trkpt lat="39.571680" lon="2.656791"/>
    <trkpt lat="39.572038" lon="2.656838"/>
    <trkpt lat="39.572399" lon="2.656889"/>
    <trkpt lat="39.572592" lon="2.656917"/>
    <trkpt lat="39.572646" lon="2.656916"/>
    <trkpt lat="39.572721" lon="2.656896"/>
    <trkpt lat="39.572794" lon="2.656845"/>
    <trkpt lat="39.572882" lon="2.656755"/>
    <trkpt lat="39.572970" lon="2.656642"/>
    <trkpt lat="39.573035" lon="2.656550"/>
    <trkpt lat="39.573232" lon="2.656293"/>
    <trkpt lat="39.573423" lon="2.656038"/>
    <trkpt lat="39.573548" lon="2.655885"/>
    <trkpt lat="39.573576" lon="2.655851"/>
    <trkpt lat="39.573623" lon="2.655808"/>
    <trkpt lat="39.573677" lon="2.655778"/>
    <trkpt lat="39.573784" lon="2.655754"/>
    <trkpt lat="39.573811" lon="2.655750"/>
    <trkpt lat="39.574319" lon="2.655670"/>
    <trkpt lat="39.574809" lon="2.655577"/>
    <trkpt lat="39.574899" lon="2.655556"/>
    <trkpt lat="39.574950" lon="2.655519"/>
    <trkpt lat="39.574980" lon="2.655498"/>
    <trkpt lat="39.575025" lon="2.655431"/>
    <trkpt lat="39.575085" lon="2.655325"/>
    <trkpt lat="39.575137" lon="2.655200"/>
    <trkpt lat="39.575389" lon="2.654644"/>
    <trkpt lat="39.575408" lon="2.654604"/>
    <trkpt lat="39.575513" lon="2.654744"/>
    <trkpt lat="39.576042" lon="2.655451"/>
    <trkpt lat="39.576404" lon="2.655945"/>
    <trkpt lat="39.576372" lon="2.655770"/>
    <trkpt lat="39.576140" lon="2.655437"/>
    <trkpt lat="39.576024" lon="2.655272"/>
  </trkseg></trk>
</gpx>
