<?xml version="1.0" encoding="UTF-8"?>
<gpx version="1.1" creator="top-gas" xmlns="http://www.topografix.com/GPX/1/1" xmlns:xsi="http://www.w3.org/2001/XMLSchema-instance" xsi:schemaLocation="http://www.topografix.com/GPX/1/1 http://www.topografix.com/GPX/1/1/gpx.xsd">
  <metadata><name>05 · Valldemossa, Deià y Sóller (Media)</name><desc>El tramo más famoso de la Ma-10 con curvas enlazadas y miradores al mar. Vuelta por el Coll de Sóller (carretera vieja, 58 curvas). Dificultad: Media. Distancia aprox.: 76 km.</desc><keywords>moto, mallorca, media</keywords></metadata>
  <wpt lat="39.576000" lon="2.655300"><name>Palma (Plaça d'Espanya)</name></wpt>
  <wpt lat="39.710800" lon="2.622500"><name>Valldemossa</name></wpt>
  <wpt lat="39.748100" lon="2.649200"><name>Deià</name></wpt>
  <wpt lat="39.766700" lon="2.715000"><name>Sóller</name></wpt>
  <wpt lat="39.735800" lon="2.690200"><name>Coll de Sóller</name></wpt>
  <wpt lat="39.696100" lon="2.699700"><name>Bunyola</name></wpt>
  <trk><name>05 · Valldemossa, Deià y Sóller (Media)</name><desc>El tramo más famoso de la Ma-10 con curvas enlazadas y miradores al mar. Vuelta por el Coll de Sóller (carretera vieja, 58 curvas). Dificultad: Media. Distancia aprox.: 76 km.</desc><type>Moto</type><trkseg>
    <trkpt lat="39.576024" lon="2.655272"/>
    <trkpt lat="39.575429" lon="2.654423"/>
    <trkpt lat="39.575697" lon="2.654084"/>
    <trkpt lat="39.575734" lon="2.654057"/>
    <trkpt lat="39.575901" lon="2.653860"/>
    <trkpt lat="39.575926" lon="2.653835"/>
    <trkpt lat="39.575951" lon="2.653820"/>
    <trkpt lat="39.575996" lon="2.653802"/>
    <trkpt lat="39.576082" lon="2.653788"/>
    <trkpt lat="39.576092" lon="2.653774"/>
    <trkpt lat="39.576237" lon="2.653617"/>
    <trkpt lat="39.576267" lon="2.653590"/>
    <trkpt lat="39.576335" lon="2.653538"/>
    <trkpt lat="39.576487" lon="2.653436"/>
    <trkpt lat="39.576799" lon="2.653225"/>
    <trkpt lat="39.577293" lon="2.652892"/>
    <trkpt lat="39.577401" lon="2.652692"/>
    <trkpt lat="39.577417" lon="2.652645"/>
    <trkpt lat="39.577513" lon="2.652360"/>
    <trkpt lat="39.577600" lon="2.652104"/>
    <trkpt lat="39.577833" lon="2.651427"/>
    <trkpt lat="39.577850" lon="2.651385"/>
    <trkpt lat="39.577993" lon="2.650945"/>
    <trkpt lat="39.578045" lon="2.650789"/>
    <trkpt lat="39.578317" lon="2.649982"/>
    <trkpt lat="39.578527" lon="2.649336"/>
    <trkpt lat="39.578585" lon="2.649171"/>
    <trkpt lat="39.578607" lon="2.649105"/>
    <trkpt lat="39.578613" lon="2.649049"/>
    <trkpt lat="39.578642" lon="2.648951"/>
    <trkpt lat="39.578676" lon="2.648888"/>
    <trkpt lat="39.578768" lon="2.648811"/>
    <trkpt lat="39.578920" lon="2.648689"/>
    <trkpt lat="39.579276" lon="2.648432"/>
    <trkpt lat="39.579630" lon="2.648138"/>
    <trkpt lat="39.579743" lon="2.648012"/>
    <trkpt lat="39.579776" lon="2.647988"/>
    <trkpt lat="39.580148" lon="2.647713"/>
    <trkpt lat="39.580278" lon="2.647640"/>
    <trkpt lat="39.580295" lon="2.647630"/>
    <trkpt lat="39.580454" lon="2.647573"/>
    <trkpt lat="39.581058" lon="2.647334"/>
    <trkpt lat="39.581182" lon="2.647292"/>
    <trkpt lat="39.581832" lon="2.647097"/>
    <trkpt lat="39.582014" lon="2.647042"/>
    <trkpt lat="39.582137" lon="2.647005"/>
    <trkpt lat="39.582507" lon="2.646892"/>
    <trkpt lat="39.582900" lon="2.646780"/>
    <trkpt lat="39.583228" lon="2.646689"/>
    <trkpt lat="39.583375" lon="2.646648"/>
    <trkpt lat="39.583953" lon="2.646485"/>
    <trkpt lat="39.584395" lon="2.646342"/>
    <trkpt lat="39.584541" lon="2.646302"/>
    <trkpt lat="39.584839" lon="2.646222"/>
    <trkpt lat="39.584964" lon="2.646201"/>
    <trkpt lat="39.585102" lon="2.646192"/>
    <trkpt lat="39.585130" lon="2.646189"/>
    <trkpt lat="39.585514" lon="2.646178"/>
    <trkpt lat="39.585954" lon="2.646167"/>
    <trkpt lat="39.586071" lon="2.646155"/>
    <trkpt lat="39.586670" lon="2.646012"/>
    <trkpt lat="39.586976" lon="2.645947"/>
    <trkpt lat="39.587011" lon="2.645941"/>
    <trkpt lat="39.587151" lon="2.645914"/>
    <trkpt lat="39.588046" lon="2.645829"/>
    <trkpt lat="39.588651" lon="2.645804"/>
    <trkpt lat="39.588766" lon="2.645799"/>
    <trkpt lat="39.588845" lon="2.645796"/>
    <trkpt lat="39.589043" lon="2.645788"/>
    <trkpt lat="39.589350" lon="2.645774"/>
    <trkpt lat="39.589612" lon="2.645747"/>
    <trkpt lat="39.589948" lon="2.645678"/>
    <trkpt lat="39.590506" lon="2.645457"/>
    <trkpt lat="39.590603" lon="2.645381"/>
    <trkpt lat="39.591291" lon="2.644883"/>
    <trkpt lat="39.591881" lon="2.644503"/>
    <trkpt lat="39.592376" lon="2.644275"/>
    <trkpt lat="39.592532" lon="2.644203"/>
    <trkpt lat="39.592947" lon="2.643921"/>
    <trkpt lat="39.593356" lon="2.643657"/>
    <trkpt lat="39.593878" lon="2.645403"/>
    <trkpt lat="39.593972" lon="2.645716"/>
    <trkpt lat="39.594071" lon="2.646056"/>
    <trkpt lat="39.594111" lon="2.646178"/>
    <trkpt lat="39.594125" lon="2.646224"/>
    <trkpt lat="39.594143" lon="2.646361"/>
    <trkpt lat="39.594196" lon="2.646511"/>
    <trkpt lat="39.594208" lon="2.646551"/>
    <trkpt lat="39.594216" lon="2.646588"/>
    <trkpt lat="39.594223" lon="2.646618"/>
    <trkpt lat="39.594229" lon="2.646658"/>
    <trkpt lat="39.594234" lon="2.646704"/>
    <trkpt lat="39.594238" lon="2.646755"/>
    <trkpt lat="39.594245" lon="2.646801"/>
    <trkpt lat="39.594249" lon="2.646824"/>
    <trkpt lat="39.594258" lon="2.646851"/>
    <trkpt lat="39.594269" lon="2.646875"/>
    <trkpt lat="39.594289" lon="2.646903"/>
    <trkpt lat="39.594299" lon="2.646920"/>
    <trkpt lat="39.594310" lon="2.646941"/>
    <trkpt lat="39.594342" lon="2.647024"/>
    <trkpt lat="39.594355" lon="2.647059"/>
    <trkpt lat="39.594365" lon="2.647089"/>
    <trkpt lat="39.594378" lon="2.647128"/>
    <trkpt lat="39.594385" lon="2.647177"/>
    <trkpt lat="39.594383" lon="2.647211"/>
    <trkpt lat="39.594376" lon="2.647249"/>
    <trkpt lat="39.594366" lon="2.647281"/>
    <trkpt lat="39.594352" lon="2.647316"/>
    <trkpt lat="39.594335" lon="2.647348"/>
    <trkpt lat="39.594322" lon="2.647383"/>
    <trkpt lat="39.594314" lon="2.647419"/>
    <trkpt lat="39.594310" lon="2.647456"/>
    <trkpt lat="39.594312" lon="2.647494"/>
    <trkpt lat="39.594318" lon="2.647531"/>
    <trkpt lat="39.594329" lon="2.647566"/>
    <trkpt lat="39.594344" lon="2.647598"/>
    <trkpt lat="39.594363" lon="2.647625"/>
    <trkpt lat="39.594384" lon="2.647648"/>
    <trkpt lat="39.594408" lon="2.647667"/>
    <trkpt lat="39.594434" lon="2.647680"/>
    <trkpt lat="39.594461" lon="2.647688"/>
    <trkpt lat="39.594488" lon="2.647690"/>
    <trkpt lat="39.594516" lon="2.647687"/>
    <trkpt lat="39.594543" lon="2.647678"/>
    <trkpt lat="39.594568" lon="2.647663"/>
    <trkpt lat="39.594591" lon="2.647644"/>
    <trkpt lat="39.594612" lon="2.647620"/>
    <trkpt lat="39.594629" lon="2.647592"/>
    <trkpt lat="39.594643" lon="2.647561"/>
    <trkpt lat="39.594652" lon="2.647533"/>
    <trkpt lat="39.594670" lon="2.647501"/>
    <trkpt lat="39.594686" lon="2.647481"/>
    <trkpt lat="39.594702" lon="2.647466"/>
    <trkpt lat="39.594724" lon="2.647451"/>
    <trkpt lat="39.594747" lon="2.647439"/>
    <trkpt lat="39.594786" lon="2.647428"/>
    <trkpt lat="39.594936" lon="2.647410"/>
    <trkpt lat="39.595104" lon="2.647399"/>
    <trkpt lat="39.595261" lon="2.647399"/>
    <trkpt lat="39.595711" lon="2.647406"/>
    <trkpt lat="39.595741" lon="2.647411"/>
    <trkpt lat="39.595770" lon="2.647419"/>
    <trkpt lat="39.595797" lon="2.647431"/>
    <trkpt lat="39.595830" lon="2.647450"/>
    <trkpt lat="39.595851" lon="2.647470"/>
    <trkpt lat="39.595877" lon="2.647501"/>
    <trkpt lat="39.595891" lon="2.647526"/>
    <trkpt lat="39.595909" lon="2.647548"/>
    <trkpt lat="39.595929" lon="2.647568"/>
    <trkpt lat="39.595948" lon="2.647584"/>
    <trkpt lat="39.595971" lon="2.647596"/>
    <trkpt lat="39.595994" lon="2.647605"/>
    <trkpt lat="39.596023" lon="2.647611"/>
    <trkpt lat="39.596052" lon="2.647611"/>
    <trkpt lat="39.596081" lon="2.647605"/>
    <trkpt lat="39.596108" lon="2.647594"/>
    <trkpt lat="39.596134" lon="2.647578"/>
    <trkpt lat="39.596159" lon="2.647556"/>
    <trkpt lat="39.596181" lon="2.647530"/>
    <trkpt lat="39.596199" lon="2.647503"/>
    <trkpt lat="39.596212" lon="2.647474"/>
    <trkpt lat="39.596252" lon="2.647440"/>
    <trkpt lat="39.596273" lon="2.647431"/>
    <trkpt lat="39.596325" lon="2.647428"/>
    <trkpt lat="39.596946" lon="2.647433"/>
    <trkpt lat="39.597029" lon="2.647431"/>
    <trkpt lat="39.597056" lon="2.647435"/>
    <trkpt lat="39.597076" lon="2.647442"/>
    <trkpt lat="39.597096" lon="2.647452"/>
    <trkpt lat="39.597114" lon="2.647464"/>
    <trkpt lat="39.597147" lon="2.647501"/>
    <trkpt lat="39.597178" lon="2.647550"/>
    <trkpt lat="39.597201" lon="2.647583"/>
    <trkpt lat="39.597228" lon="2.647612"/>
    <trkpt lat="39.597257" lon="2.647635"/>
    <trkpt lat="39.597290" lon="2.647652"/>
    <trkpt lat="39.597323" lon="2.647661"/>
    <trkpt lat="39.597358" lon="2.647665"/>
    <trkpt lat="39.597391" lon="2.647661"/>
    <trkpt lat="39.597426" lon="2.647649"/>
    <trkpt lat="39.597458" lon="2.647630"/>
    <trkpt lat="39.597487" lon="2.647607"/>
    <trkpt lat="39.597512" lon="2.647578"/>
    <trkpt lat="39.597534" lon="2.647543"/>
    <trkpt lat="39.597579" lon="2.647483"/>
    <trkpt lat="39.597597" lon="2.647465"/>
    <trkpt lat="39.597617" lon="2.647451"/>
    <trkpt lat="39.597640" lon="2.647441"/>
    <trkpt lat="39.597746" lon="2.647416"/>
    <trkpt lat="39.598099" lon="2.647404"/>
    <trkpt lat="39.598267" lon="2.647417"/>
    <trkpt lat="39.599846" lon="2.647311"/>
    <trkpt lat="39.600571" lon="2.647288"/>
    <trkpt lat="39.601155" lon="2.647298"/>
    <trkpt lat="39.601212" lon="2.647284"/>
    <trkpt lat="39.601476" lon="2.647310"/>
    <trkpt lat="39.601840" lon="2.647371"/>
    <trkpt lat="39.601925" lon="2.647389"/>
    <trkpt lat="39.602113" lon="2.647429"/>
    <trkpt lat="39.602252" lon="2.647437"/>
    <trkpt lat="39.602408" lon="2.647473"/>
    <trkpt lat="39.602825" lon="2.647573"/>
    <trkpt lat="39.603401" lon="2.647702"/>
    <trkpt lat="39.603754" lon="2.647770"/>
    <trkpt lat="39.604310" lon="2.647860"/>
    <trkpt lat="39.604867" lon="2.647941"/>
    <trkpt lat="39.605371" lon="2.648012"/>
    <trkpt lat="39.605591" lon="2.648038"/>
    <trkpt lat="39.605764" lon="2.648053"/>
    <trkpt lat="39.606000" lon="2.648058"/>
    <trkpt lat="39.606215" lon="2.648047"/>
    <trkpt lat="39.606488" lon="2.648006"/>
    <trkpt lat="39.606686" lon="2.647966"/>
    <trkpt lat="39.607424" lon="2.647782"/>
    <trkpt lat="39.608204" lon="2.647614"/>
    <trkpt lat="39.608525" lon="2.647571"/>
    <trkpt lat="39.608717" lon="2.647524"/>
    <trkpt lat="39.608890" lon="2.647495"/>
    <trkpt lat="39.609831" lon="2.647305"/>
    <trkpt lat="39.610226" lon="2.647137"/>
    <trkpt lat="39.610782" lon="2.646814"/>
    <trkpt lat="39.611168" lon="2.646552"/>
    <trkpt lat="39.611544" lon="2.646343"/>
    <trkpt lat="39.611700" lon="2.646275"/>
    <trkpt lat="39.611995" lon="2.646150"/>
    <trkpt lat="39.612282" lon="2.646063"/>
    <trkpt lat="39.612329" lon="2.646049"/>
    <trkpt lat="39.612745" lon="2.645975"/>
    <trkpt lat="39.613097" lon="2.645947"/>
    <trkpt lat="39.613275" lon="2.645954"/>
    <trkpt lat="39.614971" lon="2.646023"/>
    <trkpt lat="39.615218" lon="2.646034"/>
    <trkpt lat="39.615556" lon="2.646048"/>
    <trkpt lat="39.615642" lon="2.646056"/>
    <trkpt lat="39.615721" lon="2.646079"/>
    <trkpt lat="39.615804" lon="2.646128"/>
    <trkpt lat="39.615860" lon="2.646194"/>
    <trkpt lat="39.615909" lon="2.646258"/>
    <trkpt lat="39.615955" lon="2.646294"/>
    <trkpt lat="39.616021" lon="2.646319"/>
    <trkpt lat="39.616090" lon="2.646317"/>
    <trkpt lat="39.616156" lon="2.646289"/>
    <trkpt lat="39.616198" lon="2.646254"/>
    <trkpt lat="39.616234" lon="2.646207"/>
    <trkpt lat="39.616316" lon="2.646161"/>
    <trkpt lat="39.616368" lon="2.646146"/>
    <trkpt lat="39.616413" lon="2.646142"/>
    <trkpt lat="39.616461" lon="2.646142"/>
    <trkpt lat="39.616600" lon="2.646140"/>
    <trkpt lat="39.616718" lon="2.646143"/>
    <trkpt lat="39.617103" lon="2.646156"/>
    <trkpt lat="39.617660" lon="2.646173"/>
    <trkpt lat="39.618603" lon="2.646232"/>
    <trkpt lat="39.619436" lon="2.646329"/>
    <trkpt lat="39.620333" lon="2.646436"/>
    <trkpt lat="39.620835" lon="2.646519"/>
    <trkpt lat="39.621086" lon="2.646593"/>
    <trkpt lat="39.621175" lon="2.646627"/>
    <trkpt lat="39.621341" lon="2.646690"/>
    <trkpt lat="39.621521" lon="2.646777"/>
    <trkpt lat="39.622106" lon="2.647097"/>
    <trkpt lat="39.622695" lon="2.647413"/>
    <trkpt lat="39.622885" lon="2.647512"/>
    <trkpt lat="39.622990" lon="2.647582"/>
    <trkpt lat="39.623040" lon="2.647647"/>
    <trkpt lat="39.623089" lon="2.647743"/>
    <trkpt lat="39.623131" lon="2.647869"/>
    <trkpt lat="39.623174" lon="2.648089"/>
    <trkpt lat="39.623267" lon="2.648280"/>
    <trkpt lat="39.623403" lon="2.648424"/>
    <trkpt lat="39.623566" lon="2.648504"/>
    <trkpt lat="39.623741" lon="2.648513"/>
    <trkpt lat="39.623909" lon="2.648449"/>
    <trkpt lat="39.624014" lon="2.648364"/>
    <trkpt lat="39.624102" lon="2.648250"/>
    <trkpt lat="39.624168" lon="2.648112"/>
    <trkpt lat="39.624254" lon="2.647977"/>
    <trkpt lat="39.624331" lon="2.647918"/>
    <trkpt lat="39.624399" lon="2.647885"/>
    <trkpt lat="39.624482" lon="2.647871"/>
    <trkpt lat="39.624570" lon="2.647877"/>
    <trkpt lat="39.624667" lon="2.647890"/>
    <trkpt lat="39.624878" lon="2.647932"/>
    <trkpt lat="39.625023" lon="2.647963"/>
    <trkpt lat="39.625240" lon="2.648026"/>
    <trkpt lat="39.625461" lon="2.648109"/>
    <trkpt lat="39.626268" lon="2.648464"/>
    <trkpt lat="39.626406" lon="2.648512"/>
    <trkpt lat="39.626580" lon="2.648559"/>
    <trkpt lat="39.628446" lon="2.648979"/>
    <trkpt lat="39.629080" lon="2.649130"/>
    <trkpt lat="39.629613" lon="2.649271"/>
    <trkpt lat="39.629877" lon="2.649355"/>
    <trkpt lat="39.630358" lon="2.649508"/>
    <trkpt lat="39.630499" lon="2.649556"/>
    <trkpt lat="39.630731" lon="2.649631"/>
    <trkpt lat="39.631193" lon="2.649814"/>
    <trkpt lat="39.631383" lon="2.649900"/>
    <trkpt lat="39.631493" lon="2.649949"/>
    <trkpt lat="39.632735" lon="2.650519"/>
    <trkpt lat="39.633056" lon="2.650658"/>
    <trkpt lat="39.633131" lon="2.650700"/>
    <trkpt lat="39.633224" lon="2.650794"/>
    <trkpt lat="39.633296" lon="2.650920"/>
    <trkpt lat="39.633331" lon="2.650997"/>
    <trkpt lat="39.633378" lon="2.651062"/>
    <trkpt lat="39.633435" lon="2.651113"/>
    <trkpt lat="39.633499" lon="2.651146"/>
    <trkpt lat="39.633568" lon="2.651160"/>
    <trkpt lat="39.633636" lon="2.651155"/>
    <trkpt lat="39.633702" lon="2.651131"/>
    <trkpt lat="39.633761" lon="2.651090"/>
    <trkpt lat="39.633813" lon="2.651033"/>
    <trkpt lat="39.633854" lon="2.650963"/>
    <trkpt lat="39.633951" lon="2.650902"/>
    <trkpt lat="39.634042" lon="2.650843"/>
    <trkpt lat="39.634188" lon="2.650780"/>
    <trkpt lat="39.635055" lon="2.650794"/>
    <trkpt lat="39.635571" lon="2.650801"/>
    <trkpt lat="39.635732" lon="2.650799"/>
    <trkpt lat="39.635991" lon="2.650792"/>
    <trkpt lat="39.636098" lon="2.650785"/>
    <trkpt lat="39.636239" lon="2.650769"/>
    <trkpt lat="39.636352" lon="2.650752"/>
    <trkpt lat="39.636503" lon="2.650721"/>
    <trkpt lat="39.636697" lon="2.650669"/>
    <trkpt lat="39.636910" lon="2.650604"/>
    <trkpt lat="39.637121" lon="2.650522"/>
    <trkpt lat="39.637324" lon="2.650444"/>
    <trkpt lat="39.637524" lon="2.650350"/>
    <trkpt lat="39.637606" lon="2.650311"/>
    <trkpt lat="39.637671" lon="2.650279"/>
    <trkpt lat="39.637757" lon="2.650236"/>
    <trkpt lat="39.637915" lon="2.650156"/>
    <trkpt lat="39.638081" lon="2.650071"/>
    <trkpt lat="39.638188" lon="2.650017"/>
    <trkpt lat="39.638345" lon="2.649938"/>
    <trkpt lat="39.638584" lon="2.649819"/>
    <trkpt lat="39.638983" lon="2.649620"/>
    <trkpt lat="39.639258" lon="2.649476"/>
    <trkpt lat="39.639376" lon="2.649421"/>
    <trkpt lat="39.639811" lon="2.649211"/>
    <trkpt lat="39.640497" lon="2.648915"/>
    <trkpt lat="39.640788" lon="2.648785"/>
    <trkpt lat="39.641143" lon="2.648635"/>
    <trkpt lat="39.641577" lon="2.648452"/>
    <trkpt lat="39.641962" lon="2.648301"/>
    <trkpt lat="39.642433" lon="2.648126"/>
    <trkpt lat="39.642949" lon="2.647943"/>
    <trkpt lat="39.643451" lon="2.647761"/>
    <trkpt lat="39.643564" lon="2.647717"/>
    <trkpt lat="39.643656" lon="2.647678"/>
    <trkpt lat="39.643871" lon="2.647583"/>
    <trkpt lat="39.644143" lon="2.647456"/>
    <trkpt lat="39.644298" lon="2.647386"/>
    <trkpt lat="39.644855" lon="2.647122"/>
    <trkpt lat="39.644878" lon="2.647111"/>
    <trkpt lat="39.644999" lon="2.647053"/>
    <trkpt lat="39.645075" lon="2.647016"/>
    <trkpt lat="39.645368" lon="2.646876"/>
    <trkpt lat="39.645523" lon="2.646803"/>
    <trkpt lat="39.645787" lon="2.646686"/>
    <trkpt lat="39.645956" lon="2.646611"/>
    <trkpt lat="39.645988" lon="2.646597"/>
    <trkpt lat="39.646593" lon="2.646304"/>
    <trkpt lat="39.647273" lon="2.645976"/>
    <trkpt lat="39.647676" lon="2.645765"/>
    <trkpt lat="39.648112" lon="2.645496"/>
    <trkpt lat="39.648561" lon="2.645187"/>
    <trkpt lat="39.648872" lon="2.644965"/>
    <trkpt lat="39.649153" lon="2.644756"/>
    <trkpt lat="39.649719" lon="2.644404"/>
    <trkpt lat="39.650026" lon="2.644244"/>
    <trkpt lat="39.650088" lon="2.644211"/>
    <trkpt lat="39.650328" lon="2.644099"/>
    <trkpt lat="39.650729" lon="2.643913"/>
    <trkpt lat="39.651321" lon="2.643612"/>
    <trkpt lat="39.651772" lon="2.643330"/>
    <trkpt lat="39.652098" lon="2.643089"/>
    <trkpt lat="39.652407" lon="2.642835"/>
    <trkpt lat="39.652862" lon="2.642439"/>
    <trkpt lat="39.653863" lon="2.641565"/>
    <trkpt lat="39.654396" lon="2.641099"/>
    <trkpt lat="39.654450" lon="2.641051"/>
    <trkpt lat="39.654801" lon="2.640740"/>
    <trkpt lat="39.654911" lon="2.640691"/>
    <trkpt lat="39.654976" lon="2.640676"/>
    <trkpt lat="39.655022" lon="2.640673"/>
    <trkpt lat="39.655072" lon="2.640678"/>
    <trkpt lat="39.655102" lon="2.640711"/>
    <trkpt lat="39.655137" lon="2.640733"/>
    <trkpt lat="39.655175" lon="2.640744"/>
    <trkpt lat="39.655221" lon="2.640740"/>
    <trkpt lat="39.655265" lon="2.640719"/>
    <trkpt lat="39.655302" lon="2.640683"/>
    <trkpt lat="39.655464" lon="2.640655"/>
    <trkpt lat="39.655581" lon="2.640656"/>
    <trkpt lat="39.655861" lon="2.640771"/>
    <trkpt lat="39.655979" lon="2.640817"/>
    <trkpt lat="39.656643" lon="2.641087"/>
    <trkpt lat="39.657554" lon="2.641457"/>
    <trkpt lat="39.657651" lon="2.641490"/>
    <trkpt lat="39.657753" lon="2.641515"/>
    <trkpt lat="39.657912" lon="2.641547"/>
    <trkpt lat="39.658163" lon="2.641560"/>
    <trkpt lat="39.658286" lon="2.641562"/>
    <trkpt lat="39.658407" lon="2.641556"/>
    <trkpt lat="39.658999" lon="2.641505"/>
    <trkpt lat="39.659303" lon="2.641479"/>
    <trkpt lat="39.659508" lon="2.641538"/>
    <trkpt lat="39.659572" lon="2.641551"/>
    <trkpt lat="39.659614" lon="2.641567"/>
    <trkpt lat="39.659658" lon="2.641602"/>
    <trkpt lat="39.659698" lon="2.641657"/>
    <trkpt lat="39.659719" lon="2.641684"/>
    <trkpt lat="39.659717" lon="2.641731"/>
    <trkpt lat="39.659727" lon="2.641775"/>
    <trkpt lat="39.659748" lon="2.641812"/>
    <trkpt lat="39.659777" lon="2.641838"/>
    <trkpt lat="39.659811" lon="2.641851"/>
    <trkpt lat="39.659846" lon="2.641848"/>
    <trkpt lat="39.659875" lon="2.641833"/>
    <trkpt lat="39.659903" lon="2.641803"/>
    <trkpt lat="39.659920" lon="2.641768"/>
    <trkpt lat="39.659986" lon="2.641697"/>
    <trkpt lat="39.660095" lon="2.641602"/>
    <trkpt lat="39.660202" lon="2.641534"/>
    <trkpt lat="39.660311" lon="2.641489"/>
    <trkpt lat="39.660429" lon="2.641456"/>
    <trkpt lat="39.660676" lon="2.641390"/>
    <trkpt lat="39.660897" lon="2.641374"/>
    <trkpt lat="39.661103" lon="2.641365"/>
    <trkpt lat="39.661255" lon="2.641352"/>
    <trkpt lat="39.661393" lon="2.641335"/>
    <trkpt lat="39.661558" lon="2.641303"/>
    <trkpt lat="39.661713" lon="2.641258"/>
    <trkpt lat="39.662244" lon="2.641080"/>
    <trkpt lat="39.662389" lon="2.641040"/>
    <trkpt lat="39.662516" lon="2.641009"/>
    <trkpt lat="39.662763" lon="2.640985"/>
    <trkpt lat="39.662959" lon="2.640977"/>
    <trkpt lat="39.663192" lon="2.640980"/>
    <trkpt lat="39.663389" lon="2.640992"/>
    <trkpt lat="39.663447" lon="2.640995"/>
    <trkpt lat="39.665164" lon="2.641142"/>
    <trkpt lat="39.665375" lon="2.641153"/>
    <trkpt lat="39.665573" lon="2.641159"/>
    <trkpt lat="39.666236" lon="2.641156"/>
    <trkpt lat="39.666836" lon="2.641164"/>
    <trkpt lat="39.667317" lon="2.641184"/>
    <trkpt lat="39.667656" lon="2.641204"/>
    <trkpt lat="39.667945" lon="2.641234"/>
    <trkpt lat="39.668765" lon="2.641333"/>
    <trkpt lat="39.669444" lon="2.641507"/>
    <trkpt lat="39.669907" lon="2.641611"/>
    <trkpt lat="39.670071" lon="2.641617"/>
    <trkpt lat="39.670324" lon="2.641598"/>
    <trkpt lat="39.671305" lon="2.641466"/>
    <trkpt lat="39.671550" lon="2.641403"/>
    <trkpt lat="39.672329" lon="2.641100"/>
    <trkpt lat="39.672960" lon="2.640855"/>
    <trkpt lat="39.673083" lon="2.640820"/>
    <trkpt lat="39.673250" lon="2.640822"/>
    <trkpt lat="39.673848" lon="2.640902"/>
    <trkpt lat="39.674179" lon="2.640917"/>
    <trkpt lat="39.674711" lon="2.640905"/>
    <trkpt lat="39.674912" lon="2.640862"/>
    <trkpt lat="39.675303" lon="2.640714"/>
    <trkpt lat="39.676073" lon="2.640398"/>
    <trkpt lat="39.676390" lon="2.640317"/>
    <trkpt lat="39.676729" lon="2.640247"/>
    <trkpt lat="39.677415" lon="2.640114"/>
    <trkpt lat="39.677939" lon="2.640022"/>
    <trkpt lat="39.679275" lon="2.639853"/>
    <trkpt lat="39.679452" lon="2.639812"/>
    <trkpt lat="39.679821" lon="2.639703"/>
    <trkpt lat="39.680028" lon="2.639626"/>
    <trkpt lat="39.680151" lon="2.639569"/>
    <trkpt lat="39.680257" lon="2.639501"/>
    <trkpt lat="39.680417" lon="2.639378"/>
    <trkpt lat="39.681114" lon="2.638762"/>
    <trkpt lat="39.681196" lon="2.638691"/>
    <trkpt lat="39.681375" lon="2.638538"/>
    <trkpt lat="39.681722" lon="2.638354"/>
    <trkpt lat="39.681954" lon="2.638259"/>
    <trkpt lat="39.682101" lon="2.638208"/>
    <trkpt lat="39.682299" lon="2.638184"/>
    <trkpt lat="39.682919" lon="2.638156"/>
    <trkpt lat="39.683228" lon="2.638097"/>
    <trkpt lat="39.685302" lon="2.637433"/>
    <trkpt lat="39.685447" lon="2.637390"/>
    <trkpt lat="39.685622" lon="2.637360"/>
    <trkpt lat="39.685891" lon="2.637342"/>
    <trkpt lat="39.686067" lon="2.637341"/>
    <trkpt lat="39.686240" lon="2.637349"/>
    <trkpt lat="39.686385" lon="2.637405"/>
    <trkpt lat="39.687034" lon="2.637733"/>
    <trkpt lat="39.687239" lon="2.637787"/>
    <trkpt lat="39.687456" lon="2.637802"/>
    <trkpt lat="39.687680" lon="2.637784"/>
    <trkpt lat="39.687962" lon="2.637721"/>
    <trkpt lat="39.688144" lon="2.637628"/>
    <trkpt lat="39.688423" lon="2.637400"/>
    <trkpt lat="39.688943" lon="2.637005"/>
    <trkpt lat="39.689242" lon="2.636807"/>
    <trkpt lat="39.689602" lon="2.636605"/>
    <trkpt lat="39.689643" lon="2.636582"/>
    <trkpt lat="39.690500" lon="2.636113"/>
    <trkpt lat="39.690844" lon="2.635938"/>
    <trkpt lat="39.691089" lon="2.635850"/>
    <trkpt lat="39.691371" lon="2.635786"/>
    <trkpt lat="39.691578" lon="2.635765"/>
    <trkpt lat="39.691742" lon="2.635735"/>
    <trkpt lat="39.691902" lon="2.635678"/>
    <trkpt lat="39.692088" lon="2.635575"/>
    <trkpt lat="39.692561" lon="2.635249"/>
    <trkpt lat="39.692813" lon="2.635032"/>
    <trkpt lat="39.693058" lon="2.634788"/>
    <trkpt lat="39.693112" lon="2.634705"/>
    <trkpt lat="39.693171" lon="2.634591"/>
    <trkpt lat="39.693287" lon="2.634369"/>
    <trkpt lat="39.693347" lon="2.634245"/>
    <trkpt lat="39.693526" lon="2.633882"/>
    <trkpt lat="39.693912" lon="2.633083"/>
    <trkpt lat="39.694296" lon="2.632308"/>
    <trkpt lat="39.694332" lon="2.632193"/>
    <trkpt lat="39.694351" lon="2.632062"/>
    <trkpt lat="39.694365" lon="2.631340"/>
    <trkpt lat="39.694381" lon="2.631207"/>
    <trkpt lat="39.694416" lon="2.631122"/>
    <trkpt lat="39.694476" lon="2.631043"/>
    <trkpt lat="39.695100" lon="2.630576"/>
    <trkpt lat="39.695213" lon="2.630460"/>
    <trkpt lat="39.695629" lon="2.629972"/>
    <trkpt lat="39.695890" lon="2.629680"/>
    <trkpt lat="39.696082" lon="2.629504"/>
    <trkpt lat="39.696226" lon="2.629384"/>
    <trkpt lat="39.696308" lon="2.629326"/>
    <trkpt lat="39.696385" lon="2.629295"/>
    <trkpt lat="39.696477" lon="2.629287"/>
    <trkpt lat="39.696778" lon="2.629350"/>
    <trkpt lat="39.696931" lon="2.629374"/>
    <trkpt lat="39.697042" lon="2.629363"/>
    <trkpt lat="39.697933" lon="2.628999"/>
    <trkpt lat="39.698078" lon="2.628970"/>
    <trkpt lat="39.699087" lon="2.629007"/>
    <trkpt lat="39.699192" lon="2.629042"/>
    <trkpt lat="39.699284" lon="2.629101"/>
    <trkpt lat="39.699591" lon="2.629404"/>
    <trkpt lat="39.699700" lon="2.629466"/>
    <trkpt lat="39.699793" lon="2.629475"/>
    <trkpt lat="39.699886" lon="2.629459"/>
    <trkpt lat="39.700349" lon="2.629315"/>
    <trkpt lat="39.700483" lon="2.629304"/>
    <trkpt lat="39.700903" lon="2.629339"/>
    <trkpt lat="39.701098" lon="2.629355"/>
    <trkpt lat="39.701253" lon="2.629310"/>
    <trkpt lat="39.701450" lon="2.629188"/>
    <trkpt lat="39.701668" lon="2.629076"/>
    <trkpt lat="39.703551" lon="2.628067"/>
    <trkpt lat="39.704103" lon="2.627777"/>
    <trkpt lat="39.704314" lon="2.627649"/>
    <trkpt lat="39.705221" lon="2.626711"/>
    <trkpt lat="39.705602" lon="2.626316"/>
    <trkpt lat="39.705739" lon="2.626243"/>
    <trkpt lat="39.705844" lon="2.626239"/>
    <trkpt lat="39.706618" lon="2.626425"/>
    <trkpt lat="39.706753" lon="2.626481"/>
    <trkpt lat="39.706847" lon="2.626561"/>
    <trkpt lat="39.707519" lon="2.627355"/>
    <trkpt lat="39.707624" lon="2.627552"/>
    <trkpt lat="39.707782" lon="2.627901"/>
    <trkpt lat="39.707837" lon="2.628028"/>
    <trkpt lat="39.707955" lon="2.628266"/>
    <trkpt lat="39.708054" lon="2.628404"/>
    <trkpt lat="39.708178" lon="2.628480"/>
    <trkpt lat="39.708284" lon="2.628493"/>
    <trkpt lat="39.708888" lon="2.628498"/>
    <trkpt lat="39.708979" lon="2.628459"/>
    <trkpt lat="39.709046" lon="2.628398"/>
    <trkpt lat="39.709311" lon="2.628119"/>
    <trkpt lat="39.709408" lon="2.628061"/>
    <trkpt lat="39.709513" lon="2.628049"/>
    <trkpt lat="39.709624" lon="2.628077"/>
    <trkpt lat="39.709952" lon="2.628223"/>
    <trkpt lat="39.710022" lon="2.628259"/>
    <trkpt lat="39.710081" lon="2.628298"/>
    <trkpt lat="39.710276" lon="2.628451"/>
    <trkpt lat="39.710360" lon="2.628498"/>
    <trkpt lat="39.710427" lon="2.628519"/>
    <trkpt lat="39.710534" lon="2.628511"/>
    <trkpt lat="39.710839" lon="2.628406"/>
    <trkpt lat="39.710898" lon="2.628386"/>
    <trkpt lat="39.711024" lon="2.628372"/>
    <trkpt lat="39.711098" lon="2.628391"/>
    <trkpt lat="39.711171" lon="2.628433"/>
    <trkpt lat="39.711248" lon="2.628513"/>
    <trkpt lat="39.711305" lon="2.628634"/>
    <trkpt lat="39.711473" lon="2.629664"/>
    <trkpt lat="39.711496" lon="2.629749"/>
    <trkpt lat="39.711520" lon="2.629812"/>
    <trkpt lat="39.711571" lon="2.629882"/>
    <trkpt lat="39.711638" lon="2.629954"/>
    <trkpt lat="39.711729" lon="2.630024"/>
    <trkpt lat="39.711781" lon="2.630049"/>
    <trkpt lat="39.711842" lon="2.630055"/>
    <trkpt lat="39.711919" lon="2.630035"/>
    <trkpt lat="39.711994" lon="2.629986"/>
    <trkpt lat="39.712061" lon="2.629918"/>
    <trkpt lat="39.712122" lon="2.629829"/>
    <trkpt lat="39.712135" lon="2.629801"/>
    <trkpt lat="39.712158" lon="2.629752"/>
    <trkpt lat="39.712303" lon="2.628694"/>
    <trkpt lat="39.712325" lon="2.628523"/>
    <trkpt lat="39.712428" lon="2.627752"/>
    <trkpt lat="39.712484" lon="2.627274"/>
    <trkpt lat="39.712488" lon="2.627121"/>
    <trkpt lat="39.712460" lon="2.626968"/>
    <trkpt lat="39.712393" lon="2.626822"/>
    <trkpt lat="39.712038" lon="2.626330"/>
    <trkpt lat="39.711988" lon="2.626238"/>
    <trkpt lat="39.711964" lon="2.626138"/>
    <trkpt lat="39.711953" lon="2.625999"/>
    <trkpt lat="39.711915" lon="2.624583"/>
    <trkpt lat="39.711888" lon="2.623582"/>
    <trkpt lat="39.711747" lon="2.623586"/>
    <trkpt lat="39.711516" lon="2.623228"/>
    <trkpt lat="39.711454" lon="2.623132"/>
    <trkpt lat="39.711381" lon="2.623027"/>
    <trkpt lat="39.711232" lon="2.622907"/>
    <trkpt lat="39.710932" lon="2.622639"/>
    <trkpt lat="39.710801" lon="2.622641"/>
    <trkpt lat="39.710688" lon="2.622642"/>
    <trkpt lat="39.710618" lon="2.622611"/>
    <trkpt lat="39.710437" lon="2.622499"/>
    <trkpt lat="39.710393" lon="2.622438"/>
    <trkpt lat="39.710313" lon="2.622386"/>
    <trkpt lat="39.710263" lon="2.622388"/>
    <trkpt lat="39.710258" lon="2.622161"/>
    <trkpt lat="39.710248" lon="2.622009"/>
    <trkpt lat="39.710120" lon="2.621769"/>
    <trkpt lat="39.709993" lon="2.621532"/>
    <trkpt lat="39.710398" lon="2.621505"/>
    <trkpt lat="39.710500" lon="2.621318"/>
    <trkpt lat="39.710528" lon="2.621266"/>
    <trkpt lat="39.710506" lon="2.621246"/>
    <trkpt lat="39.710425" lon="2.621127"/>
    <trkpt lat="39.710175" lon="2.620888"/>
    <trkpt lat="39.710103" lon="2.620799"/>
    <trkpt lat="39.710017" lon="2.620752"/>
    <trkpt lat="39.709948" lon="2.620619"/>
    <trkpt lat="39.709892" lon="2.620438"/>
    <trkpt lat="39.709880" lon="2.620342"/>
    <trkpt lat="39.709865" lon="2.620118"/>
    <trkpt lat="39.709857" lon="2.619692"/>
    <trkpt lat="39.709855" lon="2.619472"/>
    <trkpt lat="39.709872" lon="2.618750"/>
    <trkpt lat="39.709888" lon="2.618380"/>
    <trkpt lat="39.709930" lon="2.618102"/>
    <trkpt lat="39.709955" lon="2.617956"/>
    <trkpt lat="39.710105" lon="2.616979"/>
    <trkpt lat="39.710097" lon="2.615689"/>
    <trkpt lat="39.710109" lon="2.615377"/>
    <trkpt lat="39.710144" lon="2.615082"/>
    <trkpt lat="39.710192" lon="2.614863"/>
    <trkpt lat="39.710471" lon="2.613931"/>
    <trkpt lat="39.710755" lon="2.612655"/>
    <trkpt lat="39.710991" lon="2.610539"/>
    <trkpt lat="39.711049" lon="2.610524"/>
    <trkpt lat="39.711151" lon="2.610475"/>
    <trkpt lat="39.711480" lon="2.610263"/>
    <trkpt lat="39.712312" lon="2.609769"/>
    <trkpt lat="39.712586" lon="2.609584"/>
    <trkpt lat="39.712887" lon="2.609381"/>
    <trkpt lat="39.712959" lon="2.609332"/>
    <trkpt lat="39.713011" lon="2.609299"/>
    <trkpt lat="39.713921" lon="2.608731"/>
    <trkpt lat="39.714029" lon="2.608670"/>
    <trkpt lat="39.714394" lon="2.608494"/>
    <trkpt lat="39.714475" lon="2.608455"/>
    <trkpt lat="39.715927" lon="2.607735"/>
    <trkpt lat="39.716214" lon="2.607574"/>
    <trkpt lat="39.716345" lon="2.607491"/>
    <trkpt lat="39.717067" lon="2.607028"/>
    <trkpt lat="39.717239" lon="2.606978"/>
    <trkpt lat="39.717778" lon="2.606897"/>
    <trkpt lat="39.719513" lon="2.606636"/>
    <trkpt lat="39.720134" lon="2.606554"/>
    <trkpt lat="39.720284" lon="2.606531"/>
    <trkpt lat="39.721745" lon="2.606419"/>
    <trkpt lat="39.721878" lon="2.606385"/>
    <trkpt lat="39.721977" lon="2.606341"/>
    <trkpt lat="39.722102" lon="2.606262"/>
    <trkpt lat="39.722213" lon="2.606151"/>
    <trkpt lat="39.722326" lon="2.606024"/>
    <trkpt lat="39.722490" lon="2.605879"/>
    <trkpt lat="39.722571" lon="2.605828"/>
    <trkpt lat="39.722664" lon="2.605796"/>
    <trkpt lat="39.722764" lon="2.605792"/>
    <trkpt lat="39.722884" lon="2.605798"/>
    <trkpt lat="39.722982" lon="2.605810"/>
    <trkpt lat="39.723092" lon="2.605830"/>
    <trkpt lat="39.723124" lon="2.605835"/>
    <trkpt lat="39.723236" lon="2.605866"/>
    <trkpt lat="39.723640" lon="2.605979"/>
    <trkpt lat="39.723697" lon="2.605993"/>
    <trkpt lat="39.724127" lon="2.606095"/>
    <trkpt lat="39.724891" lon="2.606153"/>
    <trkpt lat="39.725058" lon="2.606218"/>
    <trkpt lat="39.725543" lon="2.606535"/>
    <trkpt lat="39.725644" lon="2.606587"/>
    <trkpt lat="39.725750" lon="2.606598"/>
    <trkpt lat="39.725838" lon="2.606570"/>
    <trkpt lat="39.726149" lon="2.606422"/>
    <trkpt lat="39.726256" lon="2.606396"/>
    <trkpt lat="39.726321" lon="2.606393"/>
    <trkpt lat="39.726436" lon="2.606419"/>
    <trkpt lat="39.726547" lon="2.606459"/>
    <trkpt lat="39.726736" lon="2.606557"/>
    <trkpt lat="39.726921" lon="2.606718"/>
    <trkpt lat="39.727217" lon="2.607044"/>
    <trkpt lat="39.727396" lon="2.607163"/>
    <trkpt lat="39.727526" lon="2.607232"/>
    <trkpt lat="39.727733" lon="2.607314"/>
    <trkpt lat="39.727998" lon="2.607412"/>
    <trkpt lat="39.728195" lon="2.607504"/>
    <trkpt lat="39.728508" lon="2.607668"/>
    <trkpt lat="39.728649" lon="2.607705"/>
    <trkpt lat="39.728810" lon="2.607713"/>
    <trkpt lat="39.728928" lon="2.607706"/>
    <trkpt lat="39.729070" lon="2.607661"/>
    <trkpt lat="39.729183" lon="2.607588"/>
    <trkpt lat="39.729284" lon="2.607553"/>
    <trkpt lat="39.729693" lon="2.607577"/>
    <trkpt lat="39.729814" lon="2.607595"/>
    <trkpt lat="39.729916" lon="2.607664"/>
    <trkpt lat="39.730974" lon="2.608783"/>
    <trkpt lat="39.731387" lon="2.609115"/>
    <trkpt lat="39.731754" lon="2.609338"/>
    <trkpt lat="39.732026" lon="2.609438"/>
    <trkpt lat="39.732243" lon="2.609458"/>
    <trkpt lat="39.732327" lon="2.609454"/>
    <trkpt lat="39.732495" lon="2.609463"/>
    <trkpt lat="39.732643" lon="2.609473"/>
    <trkpt lat="39.732728" lon="2.609529"/>
    <trkpt lat="39.732806" lon="2.609622"/>
    <trkpt lat="39.733222" lon="2.610245"/>
    <trkpt lat="39.733716" lon="2.611484"/>
    <trkpt lat="39.733806" lon="2.611614"/>
    <trkpt lat="39.733945" lon="2.611692"/>
    <trkpt lat="39.734155" lon="2.611781"/>
    <trkpt lat="39.734292" lon="2.611852"/>
    <trkpt lat="39.734329" lon="2.611880"/>
    <trkpt lat="39.734386" lon="2.611929"/>
    <trkpt lat="39.734686" lon="2.612262"/>
    <trkpt lat="39.734755" lon="2.612338"/>
    <trkpt lat="39.734916" lon="2.612509"/>
    <trkpt lat="39.734971" lon="2.612588"/>
    <trkpt lat="39.735016" lon="2.612667"/>
    <trkpt lat="39.735083" lon="2.612785"/>
    <trkpt lat="39.735190" lon="2.613018"/>
    <trkpt lat="39.735348" lon="2.613307"/>
    <trkpt lat="39.735587" lon="2.613625"/>
    <trkpt lat="39.735627" lon="2.613693"/>
    <trkpt lat="39.735733" lon="2.613971"/>
    <trkpt lat="39.735854" lon="2.614219"/>
    <trkpt lat="39.735950" lon="2.614383"/>
    <trkpt lat="39.736068" lon="2.614515"/>
    <trkpt lat="39.736088" lon="2.614531"/>
    <trkpt lat="39.736144" lon="2.614577"/>
    <trkpt lat="39.736261" lon="2.614639"/>
    <trkpt lat="39.736333" lon="2.614679"/>
    <trkpt lat="39.736391" lon="2.614731"/>
    <trkpt lat="39.736447" lon="2.614817"/>
    <trkpt lat="39.736485" lon="2.614911"/>
    <trkpt lat="39.736535" lon="2.615074"/>
    <trkpt lat="39.736622" lon="2.615368"/>
    <trkpt lat="39.736660" lon="2.615557"/>
    <trkpt lat="39.736685" lon="2.615753"/>
    <trkpt lat="39.736699" lon="2.615920"/>
    <trkpt lat="39.736698" lon="2.616103"/>
    <trkpt lat="39.736684" lon="2.616382"/>
    <trkpt lat="39.736674" lon="2.616701"/>
    <trkpt lat="39.736687" lon="2.616883"/>
    <trkpt lat="39.736728" lon="2.617021"/>
    <trkpt lat="39.736808" lon="2.617137"/>
    <trkpt lat="39.736899" lon="2.617230"/>
    <trkpt lat="39.737744" lon="2.617680"/>
    <trkpt lat="39.737860" lon="2.617752"/>
    <trkpt lat="39.737972" lon="2.617822"/>
    <trkpt lat="39.738036" lon="2.617872"/>
    <trkpt lat="39.738074" lon="2.617922"/>
    <trkpt lat="39.738101" lon="2.617978"/>
    <trkpt lat="39.738123" lon="2.618054"/>
    <trkpt lat="39.738134" lon="2.618128"/>
    <trkpt lat="39.738125" lon="2.618251"/>
    <trkpt lat="39.738107" lon="2.618532"/>
    <trkpt lat="39.738097" lon="2.618715"/>
    <trkpt lat="39.738093" lon="2.618781"/>
    <trkpt lat="39.738093" lon="2.618837"/>
    <trkpt lat="39.738091" lon="2.619268"/>
    <trkpt lat="39.738069" lon="2.619471"/>
    <trkpt lat="39.738037" lon="2.619578"/>
    <trkpt lat="39.738000" lon="2.619713"/>
    <trkpt lat="39.737976" lon="2.619819"/>
    <trkpt lat="39.737961" lon="2.619897"/>
    <trkpt lat="39.737957" lon="2.619963"/>
    <trkpt lat="39.737961" lon="2.620024"/>
    <trkpt lat="39.737968" lon="2.620094"/>
    <trkpt lat="39.738003" lon="2.620225"/>
    <trkpt lat="39.738044" lon="2.620340"/>
    <trkpt lat="39.738134" lon="2.620541"/>
    <trkpt lat="39.738254" lon="2.620748"/>
    <trkpt lat="39.738521" lon="2.621174"/>
    <trkpt lat="39.738685" lon="2.621395"/>
    <trkpt lat="39.738783" lon="2.621505"/>
    <trkpt lat="39.738921" lon="2.621640"/>
    <trkpt lat="39.739062" lon="2.621746"/>
    <trkpt lat="39.739503" lon="2.622044"/>
    <trkpt lat="39.739965" lon="2.622364"/>
    <trkpt lat="39.740840" lon="2.622949"/>
    <trkpt lat="39.740976" lon="2.623054"/>
    <trkpt lat="39.741091" lon="2.623160"/>
    <trkpt lat="39.741204" lon="2.623285"/>
    <trkpt lat="39.741321" lon="2.623454"/>
    <trkpt lat="39.741486" lon="2.623761"/>
    <trkpt lat="39.741757" lon="2.624265"/>
    <trkpt lat="39.742351" lon="2.625427"/>
    <trkpt lat="39.742695" lon="2.626257"/>
    <trkpt lat="39.742846" lon="2.626606"/>
    <trkpt lat="39.743045" lon="2.626967"/>
    <trkpt lat="39.743333" lon="2.627402"/>
    <trkpt lat="39.743424" lon="2.627521"/>
    <trkpt lat="39.743601" lon="2.627686"/>
    <trkpt lat="39.743837" lon="2.627866"/>
    <trkpt lat="39.744623" lon="2.628415"/>
    <trkpt lat="39.744841" lon="2.628593"/>
    <trkpt lat="39.745048" lon="2.628725"/>
    <trkpt lat="39.745372" lon="2.628787"/>
    <trkpt lat="39.746391" lon="2.629022"/>
    <trkpt lat="39.746510" lon="2.629093"/>
    <trkpt lat="39.746652" lon="2.629225"/>
    <trkpt lat="39.747825" lon="2.630547"/>
    <trkpt lat="39.747959" lon="2.630649"/>
    <trkpt lat="39.749090" lon="2.631130"/>
    <trkpt lat="39.749164" lon="2.631150"/>
    <trkpt lat="39.749234" lon="2.631147"/>
    <trkpt lat="39.749326" lon="2.631122"/>
    <trkpt lat="39.749422" lon="2.631059"/>
    <trkpt lat="39.749511" lon="2.630979"/>
    <trkpt lat="39.749778" lon="2.630741"/>
    <trkpt lat="39.749879" lon="2.630664"/>
    <trkpt lat="39.749982" lon="2.630612"/>
    <trkpt lat="39.750279" lon="2.630499"/>
    <trkpt lat="39.750814" lon="2.630326"/>
    <trkpt lat="39.751111" lon="2.630165"/>
    <trkpt lat="39.751442" lon="2.629968"/>
    <trkpt lat="39.751693" lon="2.629834"/>
    <trkpt lat="39.751920" lon="2.629742"/>
    <trkpt lat="39.752031" lon="2.629732"/>
    <trkpt lat="39.752153" lon="2.629739"/>
    <trkpt lat="39.752269" lon="2.629765"/>
    <trkpt lat="39.752367" lon="2.629820"/>
    <trkpt lat="39.752478" lon="2.629896"/>
    <trkpt lat="39.752587" lon="2.630017"/>
    <trkpt lat="39.752702" lon="2.630239"/>
    <trkpt lat="39.752765" lon="2.630445"/>
    <trkpt lat="39.752804" lon="2.630700"/>
    <trkpt lat="39.752858" lon="2.631124"/>
    <trkpt lat="39.752907" lon="2.631294"/>
    <trkpt lat="39.752997" lon="2.631502"/>
    <trkpt lat="39.753114" lon="2.631692"/>
    <trkpt lat="39.753268" lon="2.631920"/>
    <trkpt lat="39.753464" lon="2.632146"/>
    <trkpt lat="39.753646" lon="2.632281"/>
    <trkpt lat="39.754151" lon="2.632548"/>
    <trkpt lat="39.754356" lon="2.632622"/>
    <trkpt lat="39.754797" lon="2.632712"/>
    <trkpt lat="39.755238" lon="2.632800"/>
    <trkpt lat="39.755919" lon="2.632934"/>
    <trkpt lat="39.756106" lon="2.633034"/>
    <trkpt lat="39.756229" lon="2.633131"/>
    <trkpt lat="39.756400" lon="2.633323"/>
    <trkpt lat="39.756495" lon="2.633465"/>
    <trkpt lat="39.756567" lon="2.633613"/>
    <trkpt lat="39.756629" lon="2.633816"/>
    <trkpt lat="39.756658" lon="2.634034"/>
    <trkpt lat="39.756675" lon="2.634743"/>
    <trkpt lat="39.756661" lon="2.634910"/>
    <trkpt lat="39.756611" lon="2.635107"/>
    <trkpt lat="39.756548" lon="2.635284"/>
    <trkpt lat="39.756510" lon="2.635362"/>
    <trkpt lat="39.756448" lon="2.635490"/>
    <trkpt lat="39.756332" lon="2.635688"/>
    <trkpt lat="39.756200" lon="2.635819"/>
    <trkpt lat="39.756035" lon="2.635909"/>
    <trkpt lat="39.755856" lon="2.635951"/>
    <trkpt lat="39.755558" lon="2.635977"/>
    <trkpt lat="39.755261" lon="2.636001"/>
    <trkpt lat="39.754941" lon="2.635980"/>
    <trkpt lat="39.754819" lon="2.635988"/>
    <trkpt lat="39.754753" lon="2.636016"/>
    <trkpt lat="39.754701" lon="2.636076"/>
    <trkpt lat="39.754656" lon="2.636205"/>
    <trkpt lat="39.754621" lon="2.636546"/>
    <trkpt lat="39.754580" lon="2.636837"/>
    <trkpt lat="39.754536" lon="2.636967"/>
    <trkpt lat="39.754472" lon="2.637071"/>
    <trkpt lat="39.754422" lon="2.637136"/>
    <trkpt lat="39.754260" lon="2.637267"/>
    <trkpt lat="39.753621" lon="2.637540"/>
    <trkpt lat="39.753483" lon="2.637633"/>
    <trkpt lat="39.753338" lon="2.637789"/>
    <trkpt lat="39.753240" lon="2.637878"/>
    <trkpt lat="39.753094" lon="2.637940"/>
    <trkpt lat="39.752442" lon="2.638126"/>
    <trkpt lat="39.752326" lon="2.638128"/>
    <trkpt lat="39.752247" lon="2.638113"/>
    <trkpt lat="39.752122" lon="2.638055"/>
    <trkpt lat="39.751667" lon="2.637809"/>
    <trkpt lat="39.751554" lon="2.637784"/>
    <trkpt lat="39.751456" lon="2.637793"/>
    <trkpt lat="39.751351" lon="2.637836"/>
    <trkpt lat="39.751221" lon="2.637916"/>
    <trkpt lat="39.751039" lon="2.638015"/>
    <trkpt lat="39.750644" lon="2.638111"/>
    <trkpt lat="39.750602" lon="2.638130"/>
    <trkpt lat="39.750522" lon="2.638173"/>
    <trkpt lat="39.750446" lon="2.638248"/>
    <trkpt lat="39.750444" lon="2.638253"/>
    <trkpt lat="39.750417" lon="2.638330"/>
    <trkpt lat="39.750413" lon="2.638340"/>
    <trkpt lat="39.750399" lon="2.638455"/>
    <trkpt lat="39.750424" lon="2.638607"/>
    <trkpt lat="39.750684" lon="2.639079"/>
    <trkpt lat="39.750775" lon="2.639252"/>
    <trkpt lat="39.751014" lon="2.639709"/>
    <trkpt lat="39.751063" lon="2.639858"/>
    <trkpt lat="39.751086" lon="2.639974"/>
    <trkpt lat="39.751101" lon="2.640110"/>
    <trkpt lat="39.751104" lon="2.640240"/>
    <trkpt lat="39.751083" lon="2.640480"/>
    <trkpt lat="39.751053" lon="2.640689"/>
    <trkpt lat="39.751035" lon="2.640866"/>
    <trkpt lat="39.750997" lon="2.641078"/>
    <trkpt lat="39.750912" lon="2.641277"/>
    <trkpt lat="39.750798" lon="2.641462"/>
    <trkpt lat="39.750651" lon="2.641617"/>
    <trkpt lat="39.750524" lon="2.641718"/>
    <trkpt lat="39.750414" lon="2.641764"/>
    <trkpt lat="39.750344" lon="2.641764"/>
    <trkpt lat="39.750216" lon="2.641722"/>
    <trkpt lat="39.750018" lon="2.641608"/>
    <trkpt lat="39.749848" lon="2.641500"/>
    <trkpt lat="39.749766" lon="2.641453"/>
    <trkpt lat="39.749647" lon="2.641416"/>
    <trkpt lat="39.749530" lon="2.641409"/>
    <trkpt lat="39.749365" lon="2.641463"/>
    <trkpt lat="39.749268" lon="2.641548"/>
    <trkpt lat="39.749186" lon="2.641638"/>
    <trkpt lat="39.748931" lon="2.642006"/>
    <trkpt lat="39.748687" lon="2.642357"/>
    <trkpt lat="39.748622" lon="2.642433"/>
    <trkpt lat="39.748563" lon="2.642480"/>
    <trkpt lat="39.748435" lon="2.642537"/>
    <trkpt lat="39.748315" lon="2.642531"/>
    <trkpt lat="39.748201" lon="2.642493"/>
    <trkpt lat="39.748091" lon="2.642392"/>
    <trkpt lat="39.747986" lon="2.642274"/>
    <trkpt lat="39.747791" lon="2.641962"/>
    <trkpt lat="39.747725" lon="2.641850"/>
    <trkpt lat="39.747676" lon="2.641807"/>
    <trkpt lat="39.747606" lon="2.641787"/>
    <trkpt lat="39.747536" lon="2.641795"/>
    <trkpt lat="39.747455" lon="2.641844"/>
    <trkpt lat="39.747422" lon="2.641876"/>
    <trkpt lat="39.747378" lon="2.641978"/>
    <trkpt lat="39.747327" lon="2.642147"/>
    <trkpt lat="39.747316" lon="2.642216"/>
    <trkpt lat="39.747296" lon="2.642329"/>
    <trkpt lat="39.747298" lon="2.642473"/>
    <trkpt lat="39.747302" lon="2.642579"/>
    <trkpt lat="39.747309" lon="2.643199"/>
    <trkpt lat="39.747294" lon="2.643362"/>
    <trkpt lat="39.747264" lon="2.643467"/>
    <trkpt lat="39.747204" lon="2.643595"/>
    <trkpt lat="39.747124" lon="2.643690"/>
    <trkpt lat="39.746966" lon="2.643797"/>
    <trkpt lat="39.746793" lon="2.643921"/>
    <trkpt lat="39.746636" lon="2.644095"/>
    <trkpt lat="39.746382" lon="2.644430"/>
    <trkpt lat="39.746252" lon="2.644591"/>
    <trkpt lat="39.746127" lon="2.644710"/>
    <trkpt lat="39.746016" lon="2.644784"/>
    <trkpt lat="39.745772" lon="2.644887"/>
    <trkpt lat="39.744881" lon="2.645191"/>
    <trkpt lat="39.744803" lon="2.645248"/>
    <trkpt lat="39.744765" lon="2.645313"/>
    <trkpt lat="39.744741" lon="2.645386"/>
    <trkpt lat="39.744737" lon="2.645504"/>
    <trkpt lat="39.744759" lon="2.645581"/>
    <trkpt lat="39.744797" lon="2.645648"/>
    <trkpt lat="39.745116" lon="2.645908"/>
    <trkpt lat="39.745458" lon="2.646281"/>
    <trkpt lat="39.745712" lon="2.646583"/>
    <trkpt lat="39.745717" lon="2.646589"/>
    <trkpt lat="39.745813" lon="2.646702"/>
    <trkpt lat="39.745865" lon="2.646783"/>
    <trkpt lat="39.745903" lon="2.646860"/>
    <trkpt lat="39.745931" lon="2.646961"/>
    <trkpt lat="39.746058" lon="2.647513"/>
    <trkpt lat="39.746093" lon="2.647665"/>
    <trkpt lat="39.746108" lon="2.647731"/>
    <trkpt lat="39.746195" lon="2.648094"/>
    <trkpt lat="39.746203" lon="2.648126"/>
    <trkpt lat="39.746366" lon="2.649021"/>
    <trkpt lat="39.746370" lon="2.649113"/>
    <trkpt lat="39.746365" lon="2.649188"/>
    <trkpt lat="39.746343" lon="2.649321"/>
    <trkpt lat="39.746305" lon="2.649430"/>
    <trkpt lat="39.746292" lon="2.649514"/>
    <trkpt lat="39.746295" lon="2.649546"/>
    <trkpt lat="39.746313" lon="2.649593"/>
    <trkpt lat="39.746361" lon="2.649641"/>
    <trkpt lat="39.746420" lon="2.649652"/>
    <trkpt lat="39.746518" lon="2.649654"/>
    <trkpt lat="39.746601" lon="2.649640"/>
    <trkpt lat="39.746662" lon="2.649596"/>
    <trkpt lat="39.746708" lon="2.649537"/>
    <trkpt lat="39.746737" lon="2.649484"/>
    <trkpt lat="39.746803" lon="2.649369"/>
    <trkpt lat="39.747075" lon="2.648893"/>
    <trkpt lat="39.747093" lon="2.648862"/>
    <trkpt lat="39.747184" lon="2.648732"/>
    <trkpt lat="39.747248" lon="2.648673"/>
    <trkpt lat="39.747316" lon="2.648624"/>
    <trkpt lat="39.747389" lon="2.648585"/>
    <trkpt lat="39.747486" lon="2.648564"/>
    <trkpt lat="39.747581" lon="2.648567"/>
    <trkpt lat="39.747658" lon="2.648588"/>
    <trkpt lat="39.747823" lon="2.648690"/>
    <trkpt lat="39.747923" lon="2.648764"/>
    <trkpt lat="39.748200" lon="2.648956"/>
    <trkpt lat="39.748293" lon="2.649021"/>
    <trkpt lat="39.748351" lon="2.649041"/>
    <trkpt lat="39.748374" lon="2.649046"/>
    <trkpt lat="39.748398" lon="2.649047"/>
    <trkpt lat="39.748476" lon="2.649029"/>
    <trkpt lat="39.748541" lon="2.648985"/>
    <trkpt lat="39.748616" lon="2.648911"/>
    <trkpt lat="39.748633" lon="2.648896"/>
    <trkpt lat="39.748678" lon="2.648845"/>
    <trkpt lat="39.748802" lon="2.648688"/>
    <trkpt lat="39.748932" lon="2.648526"/>
    <trkpt lat="39.749002" lon="2.648443"/>
    <trkpt lat="39.749085" lon="2.648411"/>
    <trkpt lat="39.749140" lon="2.648409"/>
    <trkpt lat="39.749238" lon="2.648418"/>
    <trkpt lat="39.749445" lon="2.648433"/>
    <trkpt lat="39.749687" lon="2.648442"/>
    <trkpt lat="39.749806" lon="2.648440"/>
    <trkpt lat="39.749876" lon="2.648416"/>
    <trkpt lat="39.749957" lon="2.648334"/>
    <trkpt lat="39.750037" lon="2.648232"/>
    <trkpt lat="39.750178" lon="2.648055"/>
    <trkpt lat="39.750680" lon="2.647428"/>
    <trkpt lat="39.750750" lon="2.647366"/>
    <trkpt lat="39.750814" lon="2.647327"/>
    <trkpt lat="39.750876" lon="2.647299"/>
    <trkpt lat="39.750939" lon="2.647288"/>
    <trkpt lat="39.750996" lon="2.647282"/>
    <trkpt lat="39.751095" lon="2.647272"/>
    <trkpt lat="39.751287" lon="2.647261"/>
    <trkpt lat="39.751362" lon="2.647250"/>
    <trkpt lat="39.751409" lon="2.647243"/>
    <trkpt lat="39.751491" lon="2.647225"/>
    <trkpt lat="39.751658" lon="2.647137"/>
    <trkpt lat="39.751787" lon="2.647018"/>
    <trkpt lat="39.751937" lon="2.646880"/>
    <trkpt lat="39.752160" lon="2.646657"/>
    <trkpt lat="39.752219" lon="2.646632"/>
    <trkpt lat="39.752278" lon="2.646641"/>
    <trkpt lat="39.752322" lon="2.646672"/>
    <trkpt lat="39.752520" lon="2.646906"/>
    <trkpt lat="39.752769" lon="2.647186"/>
    <trkpt lat="39.752839" lon="2.647232"/>
    <trkpt lat="39.752913" lon="2.647231"/>
    <trkpt lat="39.752972" lon="2.647220"/>
    <trkpt lat="39.753457" lon="2.647132"/>
    <trkpt lat="39.753602" lon="2.647136"/>
    <trkpt lat="39.753722" lon="2.647179"/>
    <trkpt lat="39.753819" lon="2.647241"/>
    <trkpt lat="39.754399" lon="2.647682"/>
    <trkpt lat="39.754648" lon="2.647877"/>
    <trkpt lat="39.754727" lon="2.647893"/>
    <trkpt lat="39.754800" lon="2.647858"/>
    <trkpt lat="39.754864" lon="2.647769"/>
    <trkpt lat="39.754924" lon="2.647689"/>
    <trkpt lat="39.755233" lon="2.647260"/>
    <trkpt lat="39.755292" lon="2.647215"/>
    <trkpt lat="39.755363" lon="2.647185"/>
    <trkpt lat="39.755467" lon="2.647157"/>
    <trkpt lat="39.755653" lon="2.647119"/>
    <trkpt lat="39.755763" lon="2.647084"/>
    <trkpt lat="39.755820" lon="2.647046"/>
    <trkpt lat="39.756121" lon="2.646809"/>
    <trkpt lat="39.756224" lon="2.646766"/>
    <trkpt lat="39.756292" lon="2.646764"/>
    <trkpt lat="39.756369" lon="2.646776"/>
    <trkpt lat="39.756591" lon="2.646857"/>
    <trkpt lat="39.757706" lon="2.647274"/>
    <trkpt lat="39.757790" lon="2.647321"/>
    <trkpt lat="39.757870" lon="2.647404"/>
    <trkpt lat="39.757932" lon="2.647528"/>
    <trkpt lat="39.757954" lon="2.647623"/>
    <trkpt lat="39.757961" lon="2.647743"/>
    <trkpt lat="39.757945" lon="2.647831"/>
    <trkpt lat="39.757902" lon="2.647956"/>
    <trkpt lat="39.757637" lon="2.648304"/>
    <trkpt lat="39.757586" lon="2.648405"/>
    <trkpt lat="39.757577" lon="2.648523"/>
    <trkpt lat="39.757695" lon="2.648919"/>
    <trkpt lat="39.757817" lon="2.649330"/>
    <trkpt lat="39.757892" lon="2.649562"/>
    <trkpt lat="39.757897" lon="2.649604"/>
    <trkpt lat="39.757924" lon="2.649802"/>
    <trkpt lat="39.757918" lon="2.649974"/>
    <trkpt lat="39.757887" lon="2.650184"/>
    <trkpt lat="39.757883" lon="2.650264"/>
    <trkpt lat="39.757899" lon="2.650327"/>
    <trkpt lat="39.757934" lon="2.650376"/>
    <trkpt lat="39.757974" lon="2.650417"/>
    <trkpt lat="39.758024" lon="2.650437"/>
    <trkpt lat="39.758143" lon="2.650428"/>
    <trkpt lat="39.758243" lon="2.650397"/>
    <trkpt lat="39.758362" lon="2.650344"/>
    <trkpt lat="39.758417" lon="2.650298"/>
    <trkpt lat="39.758593" lon="2.650127"/>
    <trkpt lat="39.758663" lon="2.650070"/>
    <trkpt lat="39.758727" lon="2.650042"/>
    <trkpt lat="39.758765" lon="2.650037"/>
    <trkpt lat="39.758797" lon="2.650052"/>
    <trkpt lat="39.758867" lon="2.650123"/>
    <trkpt lat="39.758927" lon="2.650202"/>
    <trkpt lat="39.758989" lon="2.650287"/>
    <trkpt lat="39.759080" lon="2.650370"/>
    <trkpt lat="39.759172" lon="2.650406"/>
    <trkpt lat="39.759253" lon="2.650440"/>
    <trkpt lat="39.759327" lon="2.650450"/>
    <trkpt lat="39.759439" lon="2.650433"/>
    <trkpt lat="39.759599" lon="2.650422"/>
    <trkpt lat="39.759692" lon="2.650430"/>
    <trkpt lat="39.759983" lon="2.650555"/>
    <trkpt lat="39.760146" lon="2.650607"/>
    <trkpt lat="39.760273" lon="2.650651"/>
    <trkpt lat="39.760375" lon="2.650685"/>
    <trkpt lat="39.760477" lon="2.650732"/>
    <trkpt lat="39.760530" lon="2.650739"/>
    <trkpt lat="39.760600" lon="2.650714"/>
    <trkpt lat="39.760675" lon="2.650640"/>
    <trkpt lat="39.760770" lon="2.650519"/>
    <trkpt lat="39.760839" lon="2.650436"/>
    <trkpt lat="39.760912" lon="2.650390"/>
    <trkpt lat="39.760975" lon="2.650385"/>
    <trkpt lat="39.761028" lon="2.650406"/>
    <trkpt lat="39.761105" lon="2.650491"/>
    <trkpt lat="39.761175" lon="2.650677"/>
    <trkpt lat="39.761218" lon="2.650793"/>
    <trkpt lat="39.761449" lon="2.651440"/>
    <trkpt lat="39.761509" lon="2.651557"/>
    <trkpt lat="39.761579" lon="2.651632"/>
    <trkpt lat="39.761669" lon="2.651708"/>
    <trkpt lat="39.761856" lon="2.651868"/>
    <trkpt lat="39.761922" lon="2.651938"/>
    <trkpt lat="39.761960" lon="2.652009"/>
    <trkpt lat="39.762033" lon="2.652183"/>
    <trkpt lat="39.762077" lon="2.652245"/>
    <trkpt lat="39.762148" lon="2.652298"/>
    <trkpt lat="39.762296" lon="2.652353"/>
    <trkpt lat="39.762380" lon="2.652427"/>
    <trkpt lat="39.762508" lon="2.652580"/>
    <trkpt lat="39.762569" lon="2.652639"/>
    <trkpt lat="39.762667" lon="2.652694"/>
    <trkpt lat="39.762734" lon="2.652715"/>
    <trkpt lat="39.762825" lon="2.652729"/>
    <trkpt lat="39.762904" lon="2.652768"/>
    <trkpt lat="39.762995" lon="2.652839"/>
    <trkpt lat="39.763464" lon="2.653300"/>
    <trkpt lat="39.763560" lon="2.653448"/>
    <trkpt lat="39.763619" lon="2.653575"/>
    <trkpt lat="39.763671" lon="2.653772"/>
    <trkpt lat="39.763700" lon="2.653983"/>
    <trkpt lat="39.763755" lon="2.654228"/>
    <trkpt lat="39.763817" lon="2.654370"/>
    <trkpt lat="39.763871" lon="2.654460"/>
    <trkpt lat="39.763938" lon="2.654542"/>
    <trkpt lat="39.764306" lon="2.654786"/>
    <trkpt lat="39.764656" lon="2.655117"/>
    <trkpt lat="39.764937" lon="2.655283"/>
    <trkpt lat="39.765039" lon="2.655361"/>
    <trkpt lat="39.765137" lon="2.655457"/>
    <trkpt lat="39.765284" lon="2.655648"/>
    <trkpt lat="39.765564" lon="2.655890"/>
    <trkpt lat="39.765641" lon="2.656030"/>
    <trkpt lat="39.765697" lon="2.656208"/>
    <trkpt lat="39.765742" lon="2.656326"/>
    <trkpt lat="39.765780" lon="2.656365"/>
    <trkpt lat="39.765849" lon="2.656466"/>
    <trkpt lat="39.765913" lon="2.656582"/>
    <trkpt lat="39.765952" lon="2.656735"/>
    <trkpt lat="39.765977" lon="2.656890"/>
    <trkpt lat="39.766052" lon="2.657046"/>
    <trkpt lat="39.766164" lon="2.657158"/>
    <trkpt lat="39.766299" lon="2.657334"/>
    <trkpt lat="39.766369" lon="2.657526"/>
    <trkpt lat="39.766391" lon="2.657727"/>
    <trkpt lat="39.766369" lon="2.657851"/>
    <trkpt lat="39.766314" lon="2.658074"/>
    <trkpt lat="39.766308" lon="2.658188"/>
    <trkpt lat="39.766317" lon="2.658311"/>
    <trkpt lat="39.766353" lon="2.658408"/>
    <trkpt lat="39.766402" lon="2.658490"/>
    <trkpt lat="39.766438" lon="2.658541"/>
    <trkpt lat="39.766530" lon="2.658675"/>
    <trkpt lat="39.766608" lon="2.658887"/>
    <trkpt lat="39.766661" lon="2.659091"/>
    <trkpt lat="39.766768" lon="2.659326"/>
    <trkpt lat="39.766848" lon="2.659607"/>
    <trkpt lat="39.766935" lon="2.660120"/>
    <trkpt lat="39.767008" lon="2.660406"/>
    <trkpt lat="39.767088" lon="2.660661"/>
    <trkpt lat="39.767140" lon="2.660744"/>
    <trkpt lat="39.767191" lon="2.660792"/>
    <trkpt lat="39.767313" lon="2.660886"/>
    <trkpt lat="39.767556" lon="2.660988"/>
    <trkpt lat="39.767647" lon="2.661051"/>
    <trkpt lat="39.767729" lon="2.661128"/>
    <trkpt lat="39.767842" lon="2.661283"/>
    <trkpt lat="39.767917" lon="2.661355"/>
    <trkpt lat="39.768001" lon="2.661407"/>
    <trkpt lat="39.768242" lon="2.661494"/>
    <trkpt lat="39.768405" lon="2.661611"/>
    <trkpt lat="39.768534" lon="2.661775"/>
    <trkpt lat="39.768577" lon="2.661868"/>
    <trkpt lat="39.768602" lon="2.661989"/>
    <trkpt lat="39.768611" lon="2.662344"/>
    <trkpt lat="39.768608" lon="2.662560"/>
    <trkpt lat="39.768628" lon="2.662689"/>
    <trkpt lat="39.768665" lon="2.662791"/>
    <trkpt lat="39.768791" lon="2.663032"/>
    <trkpt lat="39.768954" lon="2.663218"/>
    <trkpt lat="39.769045" lon="2.663288"/>
    <trkpt lat="39.769162" lon="2.663331"/>
    <trkpt lat="39.769296" lon="2.663338"/>
    <trkpt lat="39.769432" lon="2.663326"/>
    <trkpt lat="39.769559" lon="2.663359"/>
    <trkpt lat="39.769663" lon="2.663459"/>
    <trkpt lat="39.769832" lon="2.663650"/>
    <trkpt lat="39.769925" lon="2.663704"/>
    <trkpt lat="39.770024" lon="2.663745"/>
    <trkpt lat="39.770152" lon="2.663813"/>
    <trkpt lat="39.770304" lon="2.663962"/>
    <trkpt lat="39.770456" lon="2.664152"/>
    <trkpt lat="39.770905" lon="2.664451"/>
    <trkpt lat="39.770970" lon="2.664552"/>
    <trkpt lat="39.771009" lon="2.664831"/>
    <trkpt lat="39.771038" lon="2.665112"/>
    <trkpt lat="39.771068" lon="2.665363"/>
    <trkpt lat="39.771045" lon="2.665740"/>
    <trkpt lat="39.771011" lon="2.666081"/>
    <trkpt lat="39.770963" lon="2.666389"/>
    <trkpt lat="39.770929" lon="2.666489"/>
    <trkpt lat="39.770880" lon="2.666581"/>
    <trkpt lat="39.770767" lon="2.666690"/>
    <trkpt lat="39.770559" lon="2.666847"/>
    <trkpt lat="39.770446" lon="2.666954"/>
    <trkpt lat="39.770346" lon="2.667072"/>
    <trkpt lat="39.770266" lon="2.667187"/>
    <trkpt lat="39.770210" lon="2.667304"/>
    <trkpt lat="39.770183" lon="2.667421"/>
    <trkpt lat="39.770191" lon="2.667538"/>
    <trkpt lat="39.770246" lon="2.667767"/>
    <trkpt lat="39.770297" lon="2.667908"/>
    <trkpt lat="39.770338" lon="2.667967"/>
    <trkpt lat="39.770395" lon="2.667979"/>
    <trkpt lat="39.770612" lon="2.667885"/>
    <trkpt lat="39.770699" lon="2.667859"/>
    <trkpt lat="39.770763" lon="2.667863"/>
    <trkpt lat="39.770852" lon="2.667923"/>
    <trkpt lat="39.771022" lon="2.668113"/>
    <trkpt lat="39.771141" lon="2.668252"/>
    <trkpt lat="39.771195" lon="2.668286"/>
    <trkpt lat="39.771280" lon="2.668298"/>
    <trkpt lat="39.771470" lon="2.668310"/>
    <trkpt lat="39.771571" lon="2.668328"/>
    <trkpt lat="39.771665" lon="2.668374"/>
    <trkpt lat="39.772159" lon="2.668774"/>
    <trkpt lat="39.772317" lon="2.668927"/>
    <trkpt lat="39.772574" lon="2.669222"/>
    <trkpt lat="39.772814" lon="2.669533"/>
    <trkpt lat="39.772894" lon="2.669631"/>
    <trkpt lat="39.773030" lon="2.669687"/>
    <trkpt lat="39.773110" lon="2.669717"/>
    <trkpt lat="39.773197" lon="2.669754"/>
    <trkpt lat="39.773297" lon="2.669829"/>
    <trkpt lat="39.773373" lon="2.669953"/>
    <trkpt lat="39.773474" lon="2.670257"/>
    <trkpt lat="39.773496" lon="2.670375"/>
    <trkpt lat="39.773497" lon="2.670574"/>
    <trkpt lat="39.773506" lon="2.670693"/>
    <trkpt lat="39.773541" lon="2.670800"/>
    <trkpt lat="39.773631" lon="2.671000"/>
    <trkpt lat="39.773708" lon="2.671136"/>
    <trkpt lat="39.773731" lon="2.671223"/>
    <trkpt lat="39.773731" lon="2.671349"/>
    <trkpt lat="39.773738" lon="2.671534"/>
    <trkpt lat="39.773752" lon="2.671599"/>
    <trkpt lat="39.773800" lon="2.671684"/>
    <trkpt lat="39.773868" lon="2.671809"/>
    <trkpt lat="39.773937" lon="2.671958"/>
    <trkpt lat="39.773965" lon="2.672087"/>
    <trkpt lat="39.774015" lon="2.672413"/>
    <trkpt lat="39.774074" lon="2.672782"/>
    <trkpt lat="39.774104" lon="2.672885"/>
    <trkpt lat="39.774143" lon="2.672932"/>
    <trkpt lat="39.774252" lon="2.673030"/>
    <trkpt lat="39.774324" lon="2.673107"/>
    <trkpt lat="39.774380" lon="2.673203"/>
    <trkpt lat="39.774417" lon="2.673331"/>
    <trkpt lat="39.774450" lon="2.673501"/>
    <trkpt lat="39.774481" lon="2.673758"/>
    <trkpt lat="39.774488" lon="2.673978"/>
    <trkpt lat="39.774490" lon="2.674103"/>
    <trkpt lat="39.774485" lon="2.674212"/>
    <trkpt lat="39.774468" lon="2.674309"/>
    <trkpt lat="39.774430" lon="2.674414"/>
    <trkpt lat="39.774394" lon="2.674493"/>
    <trkpt lat="39.774360" lon="2.674566"/>
    <trkpt lat="39.774312" lon="2.674657"/>
    <trkpt lat="39.774292" lon="2.674738"/>
    <trkpt lat="39.774278" lon="2.674842"/>
    <trkpt lat="39.774271" lon="2.675033"/>
    <trkpt lat="39.774256" lon="2.675170"/>
    <trkpt lat="39.774200" lon="2.675442"/>
    <trkpt lat="39.774155" lon="2.675665"/>
    <trkpt lat="39.774141" lon="2.675820"/>
    <trkpt lat="39.774150" lon="2.675935"/>
    <trkpt lat="39.774179" lon="2.676008"/>
    <trkpt lat="39.774199" lon="2.676027"/>
    <trkpt lat="39.774233" lon="2.676060"/>
    <trkpt lat="39.774315" lon="2.676092"/>
    <trkpt lat="39.774443" lon="2.676091"/>
    <trkpt lat="39.774512" lon="2.676096"/>
    <trkpt lat="39.774582" lon="2.676101"/>
    <trkpt lat="39.774626" lon="2.676132"/>
    <trkpt lat="39.774648" lon="2.676180"/>
    <trkpt lat="39.774651" lon="2.676212"/>
    <trkpt lat="39.774647" lon="2.676248"/>
    <trkpt lat="39.774622" lon="2.676289"/>
    <trkpt lat="39.774573" lon="2.676308"/>
    <trkpt lat="39.774508" lon="2.676312"/>
    <trkpt lat="39.774421" lon="2.676307"/>
    <trkpt lat="39.774281" lon="2.676319"/>
    <trkpt lat="39.774207" lon="2.676327"/>
    <trkpt lat="39.774148" lon="2.676339"/>
    <trkpt lat="39.774056" lon="2.676378"/>
    <trkpt lat="39.773923" lon="2.676459"/>
    <trkpt lat="39.773847" lon="2.676502"/>
    <trkpt lat="39.773764" lon="2.676546"/>
    <trkpt lat="39.773704" lon="2.676564"/>
    <trkpt lat="39.773542" lon="2.676574"/>
    <trkpt lat="39.773354" lon="2.676592"/>
    <trkpt lat="39.772492" lon="2.676650"/>
    <trkpt lat="39.772442" lon="2.676676"/>
    <trkpt lat="39.772402" lon="2.676733"/>
    <trkpt lat="39.772353" lon="2.676963"/>
    <trkpt lat="39.772353" lon="2.677064"/>
    <trkpt lat="39.772379" lon="2.677140"/>
    <trkpt lat="39.772473" lon="2.677376"/>
    <trkpt lat="39.772524" lon="2.677605"/>
    <trkpt lat="39.772532" lon="2.678081"/>
    <trkpt lat="39.772692" lon="2.679014"/>
    <trkpt lat="39.772701" lon="2.679211"/>
    <trkpt lat="39.772702" lon="2.679698"/>
    <trkpt lat="39.772702" lon="2.679825"/>
    <trkpt lat="39.772721" lon="2.679911"/>
    <trkpt lat="39.772779" lon="2.679981"/>
    <trkpt lat="39.772887" lon="2.680034"/>
    <trkpt lat="39.772988" lon="2.680074"/>
    <trkpt lat="39.773069" lon="2.680137"/>
    <trkpt lat="39.773124" lon="2.680238"/>
    <trkpt lat="39.773135" lon="2.680342"/>
    <trkpt lat="39.773110" lon="2.680577"/>
    <trkpt lat="39.773105" lon="2.680682"/>
    <trkpt lat="39.773137" lon="2.680784"/>
    <trkpt lat="39.773214" lon="2.680884"/>
    <trkpt lat="39.773270" lon="2.680956"/>
    <trkpt lat="39.773302" lon="2.681042"/>
    <trkpt lat="39.773303" lon="2.681167"/>
    <trkpt lat="39.773265" lon="2.681484"/>
    <trkpt lat="39.773269" lon="2.681823"/>
    <trkpt lat="39.773370" lon="2.682169"/>
    <trkpt lat="39.773483" lon="2.683036"/>
    <trkpt lat="39.773499" lon="2.683158"/>
    <trkpt lat="39.773555" lon="2.683314"/>
    <trkpt lat="39.773756" lon="2.683421"/>
    <trkpt lat="39.773829" lon="2.683486"/>
    <trkpt lat="39.773985" lon="2.683745"/>
    <trkpt lat="39.774013" lon="2.683859"/>
    <trkpt lat="39.774013" lon="2.684012"/>
    <trkpt lat="39.773970" lon="2.684381"/>
    <trkpt lat="39.773957" lon="2.684630"/>
    <trkpt lat="39.773981" lon="2.684999"/>
    <trkpt lat="39.774035" lon="2.685156"/>
    <trkpt lat="39.774269" lon="2.685407"/>
    <trkpt lat="39.774332" lon="2.685507"/>
    <trkpt lat="39.774353" lon="2.685590"/>
    <trkpt lat="39.774349" lon="2.685655"/>
    <trkpt lat="39.774318" lon="2.685734"/>
    <trkpt lat="39.774256" lon="2.685780"/>
    <trkpt lat="39.774060" lon="2.685857"/>
    <trkpt lat="39.774019" lon="2.685912"/>
    <trkpt lat="39.774015" lon="2.685958"/>
    <trkpt lat="39.774014" lon="2.685979"/>
    <trkpt lat="39.774041" lon="2.686055"/>
    <trkpt lat="39.774104" lon="2.686082"/>
    <trkpt lat="39.774538" lon="2.686004"/>
    <trkpt lat="39.774574" lon="2.685977"/>
    <trkpt lat="39.774601" lon="2.685918"/>
    <trkpt lat="39.774600" lon="2.685846"/>
    <trkpt lat="39.774515" lon="2.685509"/>
    <trkpt lat="39.774516" lon="2.685401"/>
    <trkpt lat="39.774550" lon="2.685261"/>
    <trkpt lat="39.774614" lon="2.685135"/>
    <trkpt lat="39.774646" lon="2.684992"/>
    <trkpt lat="39.774647" lon="2.684371"/>
    <trkpt lat="39.774604" lon="2.684063"/>
    <trkpt lat="39.774588" lon="2.684004"/>
    <trkpt lat="39.774556" lon="2.683887"/>
    <trkpt lat="39.774434" lon="2.683734"/>
    <trkpt lat="39.774400" lon="2.683657"/>
    <trkpt lat="39.774409" lon="2.683598"/>
    <trkpt lat="39.774429" lon="2.683573"/>
    <trkpt lat="39.774449" lon="2.683549"/>
    <trkpt lat="39.774515" lon="2.683546"/>
    <trkpt lat="39.774633" lon="2.683690"/>
    <trkpt lat="39.774725" lon="2.683895"/>
    <trkpt lat="39.774798" lon="2.684135"/>
    <trkpt lat="39.774944" lon="2.684472"/>
    <trkpt lat="39.774966" lon="2.684621"/>
    <trkpt lat="39.774995" lon="2.685371"/>
    <trkpt lat="39.775023" lon="2.685539"/>
    <trkpt lat="39.775185" lon="2.685932"/>
    <trkpt lat="39.775472" lon="2.686340"/>
    <trkpt lat="39.775503" lon="2.686425"/>
    <trkpt lat="39.775505" lon="2.686498"/>
    <trkpt lat="39.775483" lon="2.686598"/>
    <trkpt lat="39.775422" lon="2.686729"/>
    <trkpt lat="39.775376" lon="2.686828"/>
    <trkpt lat="39.775332" lon="2.686891"/>
    <trkpt lat="39.775273" lon="2.686940"/>
    <trkpt lat="39.775164" lon="2.686965"/>
    <trkpt lat="39.774992" lon="2.686993"/>
    <trkpt lat="39.774843" lon="2.687034"/>
    <trkpt lat="39.774757" lon="2.687074"/>
    <trkpt lat="39.774650" lon="2.687124"/>
    <trkpt lat="39.774372" lon="2.687288"/>
    <trkpt lat="39.774246" lon="2.687383"/>
    <trkpt lat="39.774162" lon="2.687489"/>
    <trkpt lat="39.774138" lon="2.687561"/>
    <trkpt lat="39.774122" lon="2.687657"/>
    <trkpt lat="39.774129" lon="2.687770"/>
    <trkpt lat="39.774148" lon="2.687862"/>
    <trkpt lat="39.774223" lon="2.688001"/>
    <trkpt lat="39.774317" lon="2.688133"/>
    <trkpt lat="39.774388" lon="2.688278"/>
    <trkpt lat="39.774416" lon="2.688372"/>
    <trkpt lat="39.774426" lon="2.688509"/>
    <trkpt lat="39.774376" lon="2.688794"/>
    <trkpt lat="39.774355" lon="2.689006"/>
    <trkpt lat="39.774373" lon="2.689159"/>
    <trkpt lat="39.774429" lon="2.689376"/>
    <trkpt lat="39.774493" lon="2.689562"/>
    <trkpt lat="39.774533" lon="2.689676"/>
    <trkpt lat="39.774677" lon="2.689962"/>
    <trkpt lat="39.774766" lon="2.690094"/>
    <trkpt lat="39.774834" lon="2.690165"/>
    <trkpt lat="39.774919" lon="2.690255"/>
    <trkpt lat="39.775090" lon="2.690348"/>
    <trkpt lat="39.775259" lon="2.690437"/>
    <trkpt lat="39.775459" lon="2.690568"/>
    <trkpt lat="39.775562" lon="2.690669"/>
    <trkpt lat="39.775629" lon="2.690775"/>
    <trkpt lat="39.775675" lon="2.690936"/>
    <trkpt lat="39.775710" lon="2.691059"/>
    <trkpt lat="39.775722" lon="2.691267"/>
    <trkpt lat="39.775699" lon="2.691445"/>
    <trkpt lat="39.775650" lon="2.691594"/>
    <trkpt lat="39.775545" lon="2.691743"/>
    <trkpt lat="39.775099" lon="2.692157"/>
    <trkpt lat="39.774917" lon="2.692263"/>
    <trkpt lat="39.774738" lon="2.692319"/>
    <trkpt lat="39.774440" lon="2.692317"/>
    <trkpt lat="39.774348" lon="2.692321"/>
    <trkpt lat="39.774262" lon="2.692355"/>
    <trkpt lat="39.774177" lon="2.692416"/>
    <trkpt lat="39.774089" lon="2.692512"/>
    <trkpt lat="39.774009" lon="2.692698"/>
    <trkpt lat="39.773943" lon="2.692904"/>
    <trkpt lat="39.773929" lon="2.693121"/>
    <trkpt lat="39.773939" lon="2.693253"/>
    <trkpt lat="39.773956" lon="2.693353"/>
    <trkpt lat="39.773990" lon="2.693419"/>
    <trkpt lat="39.774028" lon="2.693470"/>
    <trkpt lat="39.774135" lon="2.693564"/>
    <trkpt lat="39.774270" lon="2.693676"/>
    <trkpt lat="39.774423" lon="2.693853"/>
    <trkpt lat="39.774517" lon="2.694037"/>
    <trkpt lat="39.774593" lon="2.694207"/>
    <trkpt lat="39.774700" lon="2.694435"/>
    <trkpt lat="39.774757" lon="2.694519"/>
    <trkpt lat="39.774818" lon="2.694578"/>
    <trkpt lat="39.774931" lon="2.694656"/>
    <trkpt lat="39.775102" lon="2.694761"/>
    <trkpt lat="39.775173" lon="2.694815"/>
    <trkpt lat="39.775233" lon="2.694873"/>
    <trkpt lat="39.775294" lon="2.694957"/>
    <trkpt lat="39.775338" lon="2.695052"/>
    <trkpt lat="39.775370" lon="2.695152"/>
    <trkpt lat="39.775391" lon="2.695266"/>
    <trkpt lat="39.775394" lon="2.695378"/>
    <trkpt lat="39.775380" lon="2.695499"/>
    <trkpt lat="39.775354" lon="2.695611"/>
    <trkpt lat="39.775313" lon="2.695715"/>
    <trkpt lat="39.775252" lon="2.695807"/>
    <trkpt lat="39.775171" lon="2.695892"/>
    <trkpt lat="39.775070" lon="2.695949"/>
    <trkpt lat="39.774997" lon="2.695973"/>
    <trkpt lat="39.774819" lon="2.696020"/>
    <trkpt lat="39.774759" lon="2.696047"/>
    <trkpt lat="39.774700" lon="2.696115"/>
    <trkpt lat="39.774664" lon="2.696212"/>
    <trkpt lat="39.774655" lon="2.696308"/>
    <trkpt lat="39.774669" lon="2.696541"/>
    <trkpt lat="39.774665" lon="2.696835"/>
    <trkpt lat="39.774653" lon="2.697051"/>
    <trkpt lat="39.774628" lon="2.697231"/>
    <trkpt lat="39.774618" lon="2.697316"/>
    <trkpt lat="39.774578" lon="2.697523"/>
    <trkpt lat="39.774525" lon="2.697737"/>
    <trkpt lat="39.774470" lon="2.697918"/>
    <trkpt lat="39.774391" lon="2.698128"/>
    <trkpt lat="39.774262" lon="2.698419"/>
    <trkpt lat="39.774246" lon="2.698480"/>
    <trkpt lat="39.774247" lon="2.698554"/>
    <trkpt lat="39.774283" lon="2.698650"/>
    <trkpt lat="39.774326" lon="2.698696"/>
    <trkpt lat="39.774391" lon="2.698723"/>
    <trkpt lat="39.774460" lon="2.698713"/>
    <trkpt lat="39.774511" lon="2.698675"/>
    <trkpt lat="39.774550" lon="2.698615"/>
    <trkpt lat="39.774830" lon="2.697820"/>
    <trkpt lat="39.774864" lon="2.697660"/>
    <trkpt lat="39.774881" lon="2.697465"/>
    <trkpt lat="39.774884" lon="2.697235"/>
    <trkpt lat="39.774891" lon="2.697157"/>
    <trkpt lat="39.774914" lon="2.697090"/>
    <trkpt lat="39.774978" lon="2.697033"/>
    <trkpt lat="39.775033" lon="2.697027"/>
    <trkpt lat="39.775077" lon="2.697041"/>
    <trkpt lat="39.775116" lon="2.697075"/>
    <trkpt lat="39.775135" lon="2.697117"/>
    <trkpt lat="39.775146" lon="2.697175"/>
    <trkpt lat="39.775142" lon="2.697302"/>
    <trkpt lat="39.775126" lon="2.697443"/>
    <trkpt lat="39.775073" lon="2.697717"/>
    <trkpt lat="39.775006" lon="2.697988"/>
    <trkpt lat="39.774932" lon="2.698254"/>
    <trkpt lat="39.774880" lon="2.698413"/>
    <trkpt lat="39.774820" lon="2.698584"/>
    <trkpt lat="39.774725" lon="2.698813"/>
    <trkpt lat="39.774610" lon="2.699056"/>
    <trkpt lat="39.774485" lon="2.699289"/>
    <trkpt lat="39.774348" lon="2.699511"/>
    <trkpt lat="39.773644" lon="2.700524"/>
    <trkpt lat="39.773268" lon="2.701057"/>
    <trkpt lat="39.773164" lon="2.701200"/>
    <trkpt lat="39.773082" lon="2.701294"/>
    <trkpt lat="39.772988" lon="2.701378"/>
    <trkpt lat="39.772385" lon="2.701851"/>
    <trkpt lat="39.772335" lon="2.701892"/>
    <trkpt lat="39.772261" lon="2.701942"/>
    <trkpt lat="39.772175" lon="2.702013"/>
    <trkpt lat="39.772122" lon="2.702089"/>
    <trkpt lat="39.772072" lon="2.702181"/>
    <trkpt lat="39.771986" lon="2.702393"/>
    <trkpt lat="39.771820" lon="2.702804"/>
    <trkpt lat="39.771743" lon="2.703008"/>
    <trkpt lat="39.771423" lon="2.703814"/>
    <trkpt lat="39.771234" lon="2.704291"/>
    <trkpt lat="39.771057" lon="2.704717"/>
    <trkpt lat="39.770977" lon="2.704909"/>
    <trkpt lat="39.770821" lon="2.705329"/>
    <trkpt lat="39.770735" lon="2.705529"/>
    <trkpt lat="39.770730" lon="2.705551"/>
    <trkpt lat="39.770725" lon="2.705572"/>
    <trkpt lat="39.770729" lon="2.705589"/>
    <trkpt lat="39.770748" lon="2.705617"/>
    <trkpt lat="39.770845" lon="2.705742"/>
    <trkpt lat="39.770913" lon="2.705831"/>
    <trkpt lat="39.770933" lon="2.705881"/>
    <trkpt lat="39.770942" lon="2.705926"/>
    <trkpt lat="39.770942" lon="2.705997"/>
    <trkpt lat="39.770934" lon="2.706062"/>
    <trkpt lat="39.770917" lon="2.706121"/>
    <trkpt lat="39.770877" lon="2.706175"/>
    <trkpt lat="39.770801" lon="2.706250"/>
    <trkpt lat="39.770676" lon="2.706355"/>
    <trkpt lat="39.769868" lon="2.706684"/>
    <trkpt lat="39.769769" lon="2.706724"/>
    <trkpt lat="39.768987" lon="2.707039"/>
    <trkpt lat="39.768903" lon="2.707073"/>
    <trkpt lat="39.768645" lon="2.707178"/>
    <trkpt lat="39.767828" lon="2.707507"/>
    <trkpt lat="39.767027" lon="2.707828"/>
    <trkpt lat="39.766967" lon="2.707819"/>
    <trkpt lat="39.766905" lon="2.707809"/>
    <trkpt lat="39.766878" lon="2.707805"/>
    <trkpt lat="39.766825" lon="2.707797"/>
    <trkpt lat="39.766799" lon="2.707779"/>
    <trkpt lat="39.766769" lon="2.707774"/>
    <trkpt lat="39.766740" lon="2.707783"/>
    <trkpt lat="39.766716" lon="2.707806"/>
    <trkpt lat="39.766699" lon="2.707838"/>
    <trkpt lat="39.766694" lon="2.707864"/>
    <trkpt lat="39.766693" lon="2.707891"/>
    <trkpt lat="39.766698" lon="2.707917"/>
    <trkpt lat="39.766707" lon="2.707940"/>
    <trkpt lat="39.766721" lon="2.707960"/>
    <trkpt lat="39.766739" lon="2.707975"/>
    <trkpt lat="39.766748" lon="2.707980"/>
    <trkpt lat="39.766763" lon="2.708047"/>
    <trkpt lat="39.766806" lon="2.708113"/>
    <trkpt lat="39.766981" lon="2.708548"/>
    <trkpt lat="39.767131" lon="2.708936"/>
    <trkpt lat="39.767304" lon="2.709343"/>
    <trkpt lat="39.767432" lon="2.709659"/>
    <trkpt lat="39.767523" lon="2.709879"/>
    <trkpt lat="39.767705" lon="2.710296"/>
    <trkpt lat="39.767773" lon="2.710452"/>
    <trkpt lat="39.767992" lon="2.710957"/>
    <trkpt lat="39.768009" lon="2.710996"/>
    <trkpt lat="39.768121" lon="2.711252"/>
    <trkpt lat="39.768170" lon="2.711366"/>
    <trkpt lat="39.768154" lon="2.711384"/>
    <trkpt lat="39.768142" lon="2.711407"/>
    <trkpt lat="39.768135" lon="2.711434"/>
    <trkpt lat="39.768135" lon="2.711462"/>
    <trkpt lat="39.768141" lon="2.711489"/>
    <trkpt lat="39.768073" lon="2.711539"/>
    <trkpt lat="39.766367" lon="2.712789"/>
    <trkpt lat="39.766144" lon="2.712953"/>
    <trkpt lat="39.765980" lon="2.713023"/>
    <trkpt lat="39.765980" lon="2.713079"/>
    <trkpt lat="39.765979" lon="2.713481"/>
    <trkpt lat="39.766101" lon="2.713720"/>
    <trkpt lat="39.766204" lon="2.713868"/>
    <trkpt lat="39.766244" lon="2.713927"/>
    <trkpt lat="39.766353" lon="2.714190"/>
    <trkpt lat="39.766471" lon="2.714609"/>
    <trkpt lat="39.766505" lon="2.714695"/>
    <trkpt lat="39.766486" lon="2.714731"/>
    <trkpt lat="39.766486" lon="2.714731"/>
    <trkpt lat="39.766443" lon="2.714782"/>
    <trkpt lat="39.766373" lon="2.714824"/>
    <trkpt lat="39.766186" lon="2.714825"/>
    <trkpt lat="39.765847" lon="2.714778"/>
    <trkpt lat="39.765609" lon="2.714793"/>
    <trkpt lat="39.765560" lon="2.714808"/>
    <trkpt lat="39.765536" lon="2.714747"/>
    <trkpt lat="39.765510" lon="2.714683"/>
    <trkpt lat="39.765394" lon="2.714528"/>
    <trkpt lat="39.765130" lon="2.714226"/>
    <trkpt lat="39.764686" lon="2.713769"/>
    <trkpt lat="39.764244" lon="2.713278"/>
    <trkpt lat="39.763921" lon="2.712894"/>
    <trkpt lat="39.763854" lon="2.712824"/>
    <trkpt lat="39.763822" lon="2.712794"/>
    <trkpt lat="39.763786" lon="2.712760"/>
    <trkpt lat="39.763645" lon="2.712620"/>
    <trkpt lat="39.763461" lon="2.712395"/>
    <trkpt lat="39.762993" lon="2.711802"/>
    <trkpt lat="39.762775" lon="2.711441"/>
    <trkpt lat="39.762717" lon="2.711330"/>
    <trkpt lat="39.762664" lon="2.711262"/>
    <trkpt lat="39.762601" lon="2.711210"/>
    <trkpt lat="39.762555" lon="2.711199"/>
    <trkpt lat="39.762452" lon="2.711203"/>
    <trkpt lat="39.761960" lon="2.711291"/>
    <trkpt lat="39.761307" lon="2.711407"/>
    <trkpt lat="39.761103" lon="2.711438"/>
    <trkpt lat="39.760986" lon="2.711398"/>
    <trkpt lat="39.760943" lon="2.711367"/>
    <trkpt lat="39.760929" lon="2.711341"/>
    <trkpt lat="39.760927" lon="2.711290"/>
    <trkpt lat="39.760914" lon="2.711242"/>
    <trkpt lat="39.760881" lon="2.711191"/>
    <trkpt lat="39.760836" lon="2.711160"/>
    <trkpt lat="39.760793" lon="2.711162"/>
    <trkpt lat="39.760731" lon="2.711207"/>
    <trkpt lat="39.760677" lon="2.711275"/>
    <trkpt lat="39.760569" lon="2.711380"/>
    <trkpt lat="39.760430" lon="2.711500"/>
    <trkpt lat="39.760393" lon="2.711516"/>
    <trkpt lat="39.760312" lon="2.711550"/>
    <trkpt lat="39.760274" lon="2.711566"/>
    <trkpt lat="39.760179" lon="2.711602"/>
    <trkpt lat="39.760029" lon="2.711661"/>
    <trkpt lat="39.759947" lon="2.711688"/>
    <trkpt lat="39.759857" lon="2.711706"/>
    <trkpt lat="39.759702" lon="2.711715"/>
    <trkpt lat="39.759592" lon="2.711701"/>
    <trkpt lat="39.759496" lon="2.711684"/>
    <trkpt lat="39.759385" lon="2.711659"/>
    <trkpt lat="39.759179" lon="2.711604"/>
    <trkpt lat="39.758939" lon="2.711519"/>
    <trkpt lat="39.758650" lon="2.711399"/>
    <trkpt lat="39.758271" lon="2.711238"/>
    <trkpt lat="39.757905" lon="2.711080"/>
    <trkpt lat="39.757731" lon="2.710996"/>
    <trkpt lat="39.757627" lon="2.710932"/>
    <trkpt lat="39.757466" lon="2.710807"/>
    <trkpt lat="39.757290" lon="2.710659"/>
    <trkpt lat="39.757083" lon="2.710483"/>
    <trkpt lat="39.756907" lon="2.710320"/>
    <trkpt lat="39.756838" lon="2.710238"/>
    <trkpt lat="39.756791" lon="2.710173"/>
    <trkpt lat="39.756749" lon="2.710101"/>
    <trkpt lat="39.756696" lon="2.710000"/>
    <trkpt lat="39.756634" lon="2.709847"/>
    <trkpt lat="39.756583" lon="2.709719"/>
    <trkpt lat="39.756534" lon="2.709619"/>
    <trkpt lat="39.756475" lon="2.709517"/>
    <trkpt lat="39.756212" lon="2.709087"/>
    <trkpt lat="39.756094" lon="2.708887"/>
    <trkpt lat="39.755984" lon="2.708684"/>
    <trkpt lat="39.755754" lon="2.708202"/>
    <trkpt lat="39.755689" lon="2.708073"/>
    <trkpt lat="39.755619" lon="2.707966"/>
    <trkpt lat="39.755527" lon="2.707870"/>
    <trkpt lat="39.755435" lon="2.707799"/>
    <trkpt lat="39.755308" lon="2.707708"/>
    <trkpt lat="39.755206" lon="2.707636"/>
    <trkpt lat="39.755067" lon="2.707529"/>
    <trkpt lat="39.754820" lon="2.707284"/>
    <trkpt lat="39.754690" lon="2.707155"/>
    <trkpt lat="39.754620" lon="2.707095"/>
    <trkpt lat="39.754564" lon="2.707055"/>
    <trkpt lat="39.754510" lon="2.707024"/>
    <trkpt lat="39.754443" lon="2.706994"/>
    <trkpt lat="39.754376" lon="2.706971"/>
    <trkpt lat="39.754287" lon="2.706942"/>
    <trkpt lat="39.754210" lon="2.706917"/>
    <trkpt lat="39.754146" lon="2.706891"/>
    <trkpt lat="39.754043" lon="2.706830"/>
    <trkpt lat="39.753810" lon="2.706678"/>
    <trkpt lat="39.753756" lon="2.706644"/>
    <trkpt lat="39.753693" lon="2.706613"/>
    <trkpt lat="39.753605" lon="2.706581"/>
    <trkpt lat="39.753521" lon="2.706570"/>
    <trkpt lat="39.753234" lon="2.706577"/>
    <trkpt lat="39.753110" lon="2.706580"/>
    <trkpt lat="39.752990" lon="2.706561"/>
    <trkpt lat="39.752873" lon="2.706507"/>
    <trkpt lat="39.752793" lon="2.706443"/>
    <trkpt lat="39.752595" lon="2.706249"/>
    <trkpt lat="39.752424" lon="2.706060"/>
    <trkpt lat="39.752294" lon="2.705897"/>
    <trkpt lat="39.752201" lon="2.705804"/>
    <trkpt lat="39.752101" lon="2.705735"/>
    <trkpt lat="39.752003" lon="2.705689"/>
    <trkpt lat="39.751746" lon="2.705582"/>
    <trkpt lat="39.751660" lon="2.705538"/>
    <trkpt lat="39.751605" lon="2.705505"/>
    <trkpt lat="39.751532" lon="2.705442"/>
    <trkpt lat="39.751469" lon="2.705381"/>
    <trkpt lat="39.751355" lon="2.705235"/>
    <trkpt lat="39.751280" lon="2.705133"/>
    <trkpt lat="39.751208" lon="2.705027"/>
    <trkpt lat="39.751137" lon="2.704914"/>
    <trkpt lat="39.751083" lon="2.704826"/>
    <trkpt lat="39.751022" lon="2.704745"/>
    <trkpt lat="39.750947" lon="2.704667"/>
    <trkpt lat="39.750636" lon="2.704379"/>
    <trkpt lat="39.750222" lon="2.704002"/>
    <trkpt lat="39.750117" lon="2.703896"/>
    <trkpt lat="39.749982" lon="2.703736"/>
    <trkpt lat="39.749838" lon="2.703554"/>
    <trkpt lat="39.749658" lon="2.703338"/>
    <trkpt lat="39.749539" lon="2.703202"/>
    <trkpt lat="39.749436" lon="2.703093"/>
    <trkpt lat="39.749360" lon="2.703021"/>
    <trkpt lat="39.749261" lon="2.702941"/>
    <trkpt lat="39.749114" lon="2.702841"/>
    <trkpt lat="39.749013" lon="2.702762"/>
    <trkpt lat="39.748938" lon="2.702671"/>
    <trkpt lat="39.748876" lon="2.702560"/>
    <trkpt lat="39.748754" lon="2.702274"/>
    <trkpt lat="39.748575" lon="2.701880"/>
    <trkpt lat="39.748487" lon="2.701702"/>
    <trkpt lat="39.748380" lon="2.701517"/>
    <trkpt lat="39.748207" lon="2.701269"/>
    <trkpt lat="39.748102" lon="2.701090"/>
    <trkpt lat="39.747833" lon="2.700524"/>
    <trkpt lat="39.747763" lon="2.700370"/>
    <trkpt lat="39.747688" lon="2.700183"/>
    <trkpt lat="39.747512" lon="2.699661"/>
    <trkpt lat="39.747437" lon="2.699437"/>
    <trkpt lat="39.747342" lon="2.699153"/>
    <trkpt lat="39.747297" lon="2.699046"/>
    <trkpt lat="39.747239" lon="2.698933"/>
    <trkpt lat="39.747178" lon="2.698841"/>
    <trkpt lat="39.746874" lon="2.698462"/>
    <trkpt lat="39.746729" lon="2.698292"/>
    <trkpt lat="39.746608" lon="2.698153"/>
    <trkpt lat="39.746537" lon="2.698080"/>
    <trkpt lat="39.746468" lon="2.698012"/>
    <trkpt lat="39.746438" lon="2.697987"/>
    <trkpt lat="39.746405" lon="2.697959"/>
    <trkpt lat="39.746360" lon="2.697920"/>
    <trkpt lat="39.746275" lon="2.697853"/>
    <trkpt lat="39.746157" lon="2.697775"/>
    <trkpt lat="39.746019" lon="2.697695"/>
    <trkpt lat="39.745967" lon="2.697728"/>
    <trkpt lat="39.745915" lon="2.697738"/>
    <trkpt lat="39.745850" lon="2.697743"/>
    <trkpt lat="39.745715" lon="2.697682"/>
    <trkpt lat="39.745644" lon="2.697653"/>
    <trkpt lat="39.745608" lon="2.697641"/>
    <trkpt lat="39.745581" lon="2.697642"/>
    <trkpt lat="39.745554" lon="2.697656"/>
    <trkpt lat="39.745539" lon="2.697678"/>
    <trkpt lat="39.745532" lon="2.697716"/>
    <trkpt lat="39.745536" lon="2.697756"/>
    <trkpt lat="39.745548" lon="2.697797"/>
    <trkpt lat="39.745570" lon="2.697841"/>
    <trkpt lat="39.745730" lon="2.698073"/>
    <trkpt lat="39.745876" lon="2.698238"/>
    <trkpt lat="39.746057" lon="2.698402"/>
    <trkpt lat="39.746193" lon="2.698511"/>
    <trkpt lat="39.746221" lon="2.698546"/>
    <trkpt lat="39.746229" lon="2.698591"/>
    <trkpt lat="39.746215" lon="2.698639"/>
    <trkpt lat="39.746176" lon="2.698658"/>
    <trkpt lat="39.746144" lon="2.698655"/>
    <trkpt lat="39.746094" lon="2.698630"/>
    <trkpt lat="39.746031" lon="2.698587"/>
    <trkpt lat="39.745914" lon="2.698489"/>
    <trkpt lat="39.745670" lon="2.698275"/>
    <trkpt lat="39.745436" lon="2.698076"/>
    <trkpt lat="39.745236" lon="2.697993"/>
    <trkpt lat="39.745065" lon="2.697921"/>
    <trkpt lat="39.744924" lon="2.697806"/>
    <trkpt lat="39.744799" lon="2.697708"/>
    <trkpt lat="39.744676" lon="2.697592"/>
    <trkpt lat="39.744404" lon="2.697260"/>
    <trkpt lat="39.744236" lon="2.697027"/>
    <trkpt lat="39.744073" lon="2.696769"/>
    <trkpt lat="39.743915" lon="2.696519"/>
    <trkpt lat="39.743879" lon="2.696477"/>
    <trkpt lat="39.743850" lon="2.696457"/>
    <trkpt lat="39.743816" lon="2.696468"/>
    <trkpt lat="39.743798" lon="2.696498"/>
    <trkpt lat="39.743800" lon="2.696548"/>
    <trkpt lat="39.743843" lon="2.696616"/>
    <trkpt lat="39.743913" lon="2.696690"/>
    <trkpt lat="39.743950" lon="2.696725"/>
    <trkpt lat="39.743960" lon="2.696764"/>
    <trkpt lat="39.743954" lon="2.696804"/>
    <trkpt lat="39.743935" lon="2.696821"/>
    <trkpt lat="39.743908" lon="2.696830"/>
    <trkpt lat="39.743889" lon="2.696822"/>
    <trkpt lat="39.743863" lon="2.696795"/>
    <trkpt lat="39.743793" lon="2.696685"/>
    <trkpt lat="39.743738" lon="2.696619"/>
    <trkpt lat="39.743685" lon="2.696573"/>
    <trkpt lat="39.743627" lon="2.696536"/>
    <trkpt lat="39.743560" lon="2.696515"/>
    <trkpt lat="39.743427" lon="2.696504"/>
    <trkpt lat="39.743294" lon="2.696476"/>
    <trkpt lat="39.743163" lon="2.696413"/>
    <trkpt lat="39.742997" lon="2.696297"/>
    <trkpt lat="39.742901" lon="2.696207"/>
    <trkpt lat="39.742806" lon="2.696079"/>
    <trkpt lat="39.742723" lon="2.695942"/>
    <trkpt lat="39.742502" lon="2.695571"/>
    <trkpt lat="39.742360" lon="2.695333"/>
    <trkpt lat="39.742261" lon="2.695229"/>
    <trkpt lat="39.742212" lon="2.695218"/>
    <trkpt lat="39.742164" lon="2.695240"/>
    <trkpt lat="39.742160" lon="2.695312"/>
    <trkpt lat="39.742177" lon="2.695385"/>
    <trkpt lat="39.742568" lon="2.696100"/>
    <trkpt lat="39.742660" lon="2.696338"/>
    <trkpt lat="39.742744" lon="2.696517"/>
    <trkpt lat="39.742791" lon="2.696587"/>
    <trkpt lat="39.742846" lon="2.696632"/>
    <trkpt lat="39.742924" lon="2.696684"/>
    <trkpt lat="39.742943" lon="2.696722"/>
    <trkpt lat="39.742942" lon="2.696769"/>
    <trkpt lat="39.742922" lon="2.696808"/>
    <trkpt lat="39.742889" lon="2.696816"/>
    <trkpt lat="39.742843" lon="2.696800"/>
    <trkpt lat="39.742790" lon="2.696755"/>
    <trkpt lat="39.742617" lon="2.696524"/>
    <trkpt lat="39.742427" lon="2.696225"/>
    <trkpt lat="39.742124" lon="2.695919"/>
    <trkpt lat="39.741832" lon="2.695682"/>
    <trkpt lat="39.741628" lon="2.695494"/>
    <trkpt lat="39.741547" lon="2.695420"/>
    <trkpt lat="39.741498" lon="2.695381"/>
    <trkpt lat="39.741457" lon="2.695382"/>
    <trkpt lat="39.741436" lon="2.695414"/>
    <trkpt lat="39.741433" lon="2.695454"/>
    <trkpt lat="39.741455" lon="2.695504"/>
    <trkpt lat="39.741580" lon="2.695634"/>
    <trkpt lat="39.741771" lon="2.695854"/>
    <trkpt lat="39.742053" lon="2.696201"/>
    <trkpt lat="39.742266" lon="2.696451"/>
    <trkpt lat="39.742310" lon="2.696523"/>
    <trkpt lat="39.742344" lon="2.696590"/>
    <trkpt lat="39.742441" lon="2.696803"/>
    <trkpt lat="39.742673" lon="2.697123"/>
    <trkpt lat="39.742846" lon="2.697407"/>
    <trkpt lat="39.742919" lon="2.697597"/>
    <trkpt lat="39.742961" lon="2.697757"/>
    <trkpt lat="39.742960" lon="2.697817"/>
    <trkpt lat="39.742936" lon="2.697845"/>
    <trkpt lat="39.742906" lon="2.697849"/>
    <trkpt lat="39.742877" lon="2.697826"/>
    <trkpt lat="39.742822" lon="2.697728"/>
    <trkpt lat="39.742681" lon="2.697439"/>
    <trkpt lat="39.742595" lon="2.697294"/>
    <trkpt lat="39.742355" lon="2.697028"/>
    <trkpt lat="39.742003" lon="2.696626"/>
    <trkpt lat="39.741639" lon="2.696326"/>
    <trkpt lat="39.741379" lon="2.696145"/>
    <trkpt lat="39.741252" lon="2.696069"/>
    <trkpt lat="39.741174" lon="2.696033"/>
    <trkpt lat="39.741057" lon="2.695970"/>
    <trkpt lat="39.740954" lon="2.695886"/>
    <trkpt lat="39.740740" lon="2.695653"/>
    <trkpt lat="39.740526" lon="2.695427"/>
    <trkpt lat="39.740349" lon="2.695222"/>
    <trkpt lat="39.740152" lon="2.694965"/>
    <trkpt lat="39.739896" lon="2.694599"/>
    <trkpt lat="39.739638" lon="2.694292"/>
    <trkpt lat="39.739551" lon="2.694165"/>
    <trkpt lat="39.739460" lon="2.693951"/>
    <trkpt lat="39.739325" lon="2.693593"/>
    <trkpt lat="39.739242" lon="2.693260"/>
    <trkpt lat="39.739198" lon="2.693032"/>
    <trkpt lat="39.739169" lon="2.692972"/>
    <trkpt lat="39.739126" lon="2.692945"/>
    <trkpt lat="39.739091" lon="2.692976"/>
    <trkpt lat="39.739085" lon="2.693037"/>
    <trkpt lat="39.739137" lon="2.693266"/>
    <trkpt lat="39.739282" lon="2.693802"/>
    <trkpt lat="39.739306" lon="2.693915"/>
    <trkpt lat="39.739304" lon="2.693970"/>
    <trkpt lat="39.739285" lon="2.693992"/>
    <trkpt lat="39.739248" lon="2.693981"/>
    <trkpt lat="39.739219" lon="2.693939"/>
    <trkpt lat="39.739148" lon="2.693674"/>
    <trkpt lat="39.738949" lon="2.693132"/>
    <trkpt lat="39.738852" lon="2.692848"/>
    <trkpt lat="39.738811" lon="2.692696"/>
    <trkpt lat="39.738776" lon="2.692638"/>
    <trkpt lat="39.738734" lon="2.692636"/>
    <trkpt lat="39.738706" lon="2.692677"/>
    <trkpt lat="39.738693" lon="2.692741"/>
    <trkpt lat="39.738704" lon="2.692830"/>
    <trkpt lat="39.738771" lon="2.693073"/>
    <trkpt lat="39.738849" lon="2.693194"/>
    <trkpt lat="39.738956" lon="2.693548"/>
    <trkpt lat="39.739042" lon="2.693840"/>
    <trkpt lat="39.739068" lon="2.693954"/>
    <trkpt lat="39.739034" lon="2.694005"/>
    <trkpt lat="39.739017" lon="2.694006"/>
    <trkpt lat="39.738983" lon="2.694007"/>
    <trkpt lat="39.738954" lon="2.693948"/>
    <trkpt lat="39.738919" lon="2.693805"/>
    <trkpt lat="39.738809" lon="2.693499"/>
    <trkpt lat="39.738720" lon="2.693318"/>
    <trkpt lat="39.738643" lon="2.693207"/>
    <trkpt lat="39.738540" lon="2.693038"/>
    <trkpt lat="39.738500" lon="2.692925"/>
    <trkpt lat="39.738474" lon="2.692610"/>
    <trkpt lat="39.738455" lon="2.692558"/>
    <trkpt lat="39.738420" lon="2.692539"/>
    <trkpt lat="39.738382" lon="2.692552"/>
    <trkpt lat="39.738366" lon="2.692586"/>
    <trkpt lat="39.738361" lon="2.692775"/>
    <trkpt lat="39.738426" lon="2.693102"/>
    <trkpt lat="39.738529" lon="2.693361"/>
    <trkpt lat="39.738735" lon="2.693838"/>
    <trkpt lat="39.738747" lon="2.693878"/>
    <trkpt lat="39.738734" lon="2.693916"/>
    <trkpt lat="39.738699" lon="2.693920"/>
    <trkpt lat="39.738645" lon="2.693843"/>
    <trkpt lat="39.738581" lon="2.693707"/>
    <trkpt lat="39.738421" lon="2.693471"/>
    <trkpt lat="39.738221" lon="2.693247"/>
    <trkpt lat="39.738136" lon="2.693090"/>
    <trkpt lat="39.738064" lon="2.692916"/>
    <trkpt lat="39.738055" lon="2.692535"/>
    <trkpt lat="39.738035" lon="2.692473"/>
    <trkpt lat="39.738008" lon="2.692441"/>
    <trkpt lat="39.737963" lon="2.692462"/>
    <trkpt lat="39.737944" lon="2.692544"/>
    <trkpt lat="39.737942" lon="2.692943"/>
    <trkpt lat="39.737959" lon="2.693096"/>
    <trkpt lat="39.738028" lon="2.693250"/>
    <trkpt lat="39.738145" lon="2.693446"/>
    <trkpt lat="39.738259" lon="2.693591"/>
    <trkpt lat="39.738290" lon="2.693661"/>
    <trkpt lat="39.738294" lon="2.693725"/>
    <trkpt lat="39.738256" lon="2.693760"/>
    <trkpt lat="39.738206" lon="2.693760"/>
    <trkpt lat="39.738155" lon="2.693742"/>
    <trkpt lat="39.737952" lon="2.693419"/>
    <trkpt lat="39.737818" lon="2.693222"/>
    <trkpt lat="39.737644" lon="2.692847"/>
    <trkpt lat="39.737552" lon="2.692384"/>
    <trkpt lat="39.737527" lon="2.692226"/>
    <trkpt lat="39.737489" lon="2.692095"/>
    <trkpt lat="39.737403" lon="2.691918"/>
    <trkpt lat="39.737150" lon="2.691461"/>
    <trkpt lat="39.737002" lon="2.691138"/>
    <trkpt lat="39.736966" lon="2.691093"/>
    <trkpt lat="39.736932" lon="2.691087"/>
    <trkpt lat="39.736907" lon="2.691108"/>
    <trkpt lat="39.736900" lon="2.691152"/>
    <trkpt lat="39.736917" lon="2.691258"/>
    <trkpt lat="39.737224" lon="2.691977"/>
    <trkpt lat="39.737264" lon="2.692205"/>
    <trkpt lat="39.737290" lon="2.692482"/>
    <trkpt lat="39.737294" lon="2.692695"/>
    <trkpt lat="39.737273" lon="2.692743"/>
    <trkpt lat="39.737228" lon="2.692763"/>
    <trkpt lat="39.737200" lon="2.692742"/>
    <trkpt lat="39.737174" lon="2.692690"/>
    <trkpt lat="39.737125" lon="2.692296"/>
    <trkpt lat="39.737108" lon="2.692201"/>
    <trkpt lat="39.737074" lon="2.692103"/>
    <trkpt lat="39.736955" lon="2.691930"/>
    <trkpt lat="39.736750" lon="2.691630"/>
    <trkpt lat="39.736648" lon="2.691431"/>
    <trkpt lat="39.736608" lon="2.691326"/>
    <trkpt lat="39.736583" lon="2.691221"/>
    <trkpt lat="39.736569" lon="2.691110"/>
    <trkpt lat="39.736568" lon="2.690960"/>
    <trkpt lat="39.736589" lon="2.690741"/>
    <trkpt lat="39.736582" lon="2.690681"/>
    <trkpt lat="39.736561" lon="2.690640"/>
    <trkpt lat="39.736520" lon="2.690626"/>
    <trkpt lat="39.736492" lon="2.690636"/>
    <trkpt lat="39.736449" lon="2.690695"/>
    <trkpt lat="39.736425" lon="2.690793"/>
    <trkpt lat="39.736403" lon="2.691056"/>
    <trkpt lat="39.736410" lon="2.691189"/>
    <trkpt lat="39.736433" lon="2.691325"/>
    <trkpt lat="39.736470" lon="2.691457"/>
    <trkpt lat="39.736523" lon="2.691599"/>
    <trkpt lat="39.736545" lon="2.691689"/>
    <trkpt lat="39.736529" lon="2.691744"/>
    <trkpt lat="39.736508" lon="2.691754"/>
    <trkpt lat="39.736493" lon="2.691761"/>
    <trkpt lat="39.736465" lon="2.691759"/>
    <trkpt lat="39.736442" lon="2.691729"/>
    <trkpt lat="39.736415" lon="2.691640"/>
    <trkpt lat="39.736333" lon="2.691391"/>
    <trkpt lat="39.736275" lon="2.691221"/>
    <trkpt lat="39.736228" lon="2.691069"/>
    <trkpt lat="39.736196" lon="2.690930"/>
    <trkpt lat="39.736189" lon="2.690815"/>
    <trkpt lat="39.736205" lon="2.690710"/>
    <trkpt lat="39.736223" lon="2.690641"/>
    <trkpt lat="39.736301" lon="2.690427"/>
    <trkpt lat="39.736373" lon="2.690220"/>
    <trkpt lat="39.736379" lon="2.690157"/>
    <trkpt lat="39.736373" lon="2.690119"/>
    <trkpt lat="39.736355" lon="2.690107"/>
    <trkpt lat="39.736344" lon="2.690099"/>
    <trkpt lat="39.736315" lon="2.690108"/>
    <trkpt lat="39.736286" lon="2.690128"/>
    <trkpt lat="39.736265" lon="2.690189"/>
    <trkpt lat="39.736223" lon="2.690300"/>
    <trkpt lat="39.736149" lon="2.690440"/>
    <trkpt lat="39.736085" lon="2.690552"/>
    <trkpt lat="39.736055" lon="2.690666"/>
    <trkpt lat="39.736045" lon="2.690764"/>
    <trkpt lat="39.736042" lon="2.690814"/>
    <trkpt lat="39.736022" lon="2.690841"/>
    <trkpt lat="39.735989" lon="2.690844"/>
    <trkpt lat="39.735960" lon="2.690824"/>
    <trkpt lat="39.735947" lon="2.690779"/>
    <trkpt lat="39.735951" lon="2.690679"/>
    <trkpt lat="39.735971" lon="2.690525"/>
    <trkpt lat="39.735988" lon="2.690397"/>
    <trkpt lat="39.736023" lon="2.690252"/>
    <trkpt lat="39.736137" lon="2.689895"/>
    <trkpt lat="39.736144" lon="2.689813"/>
    <trkpt lat="39.736127" lon="2.689775"/>
    <trkpt lat="39.736112" lon="2.689772"/>
    <trkpt lat="39.736086" lon="2.689766"/>
    <trkpt lat="39.736058" lon="2.689790"/>
    <trkpt lat="39.736029" lon="2.689855"/>
    <trkpt lat="39.735897" lon="2.690412"/>
    <trkpt lat="39.735857" lon="2.690550"/>
    <trkpt lat="39.735828" lon="2.690580"/>
    <trkpt lat="39.735798" lon="2.690580"/>
    <trkpt lat="39.735772" lon="2.690551"/>
    <trkpt lat="39.735764" lon="2.690480"/>
    <trkpt lat="39.735774" lon="2.690379"/>
    <trkpt lat="39.735804" lon="2.690201"/>
    <trkpt lat="39.735774" lon="2.690379"/>
    <trkpt lat="39.735764" lon="2.690480"/>
    <trkpt lat="39.735772" lon="2.690551"/>
    <trkpt lat="39.735798" lon="2.690580"/>
    <trkpt lat="39.735828" lon="2.690580"/>
    <trkpt lat="39.735857" lon="2.690550"/>
    <trkpt lat="39.735897" lon="2.690412"/>
    <trkpt lat="39.736029" lon="2.689855"/>
    <trkpt lat="39.736058" lon="2.689790"/>
    <trkpt lat="39.736086" lon="2.689766"/>
    <trkpt lat="39.736112" lon="2.689772"/>
    <trkpt lat="39.736127" lon="2.689775"/>
    <trkpt lat="39.736144" lon="2.689813"/>
    <trkpt lat="39.736137" lon="2.689895"/>
    <trkpt lat="39.736023" lon="2.690252"/>
    <trkpt lat="39.735988" lon="2.690397"/>
    <trkpt lat="39.735971" lon="2.690525"/>
    <trkpt lat="39.735951" lon="2.690679"/>
    <trkpt lat="39.735947" lon="2.690779"/>
    <trkpt lat="39.735960" lon="2.690824"/>
    <trkpt lat="39.735989" lon="2.690844"/>
    <trkpt lat="39.736022" lon="2.690841"/>
    <trkpt lat="39.736042" lon="2.690814"/>
    <trkpt lat="39.736045" lon="2.690764"/>
    <trkpt lat="39.736055" lon="2.690666"/>
    <trkpt lat="39.736085" lon="2.690552"/>
    <trkpt lat="39.736149" lon="2.690440"/>
    <trkpt lat="39.736223" lon="2.690300"/>
    <trkpt lat="39.736265" lon="2.690189"/>
    <trkpt lat="39.736286" lon="2.690128"/>
    <trkpt lat="39.736315" lon="2.690108"/>
    <trkpt lat="39.736344" lon="2.690099"/>
    <trkpt lat="39.736355" lon="2.690107"/>
    <trkpt lat="39.736373" lon="2.690119"/>
    <trkpt lat="39.736379" lon="2.690157"/>
    <trkpt lat="39.736373" lon="2.690220"/>
    <trkpt lat="39.736301" lon="2.690427"/>
    <trkpt lat="39.736223" lon="2.690641"/>
    <trkpt lat="39.736205" lon="2.690710"/>
    <trkpt lat="39.736189" lon="2.690815"/>
    <trkpt lat="39.736196" lon="2.690930"/>
    <trkpt lat="39.736228" lon="2.691069"/>
    <trkpt lat="39.736275" lon="2.691221"/>
    <trkpt lat="39.736333" lon="2.691391"/>
    <trkpt lat="39.736415" lon="2.691640"/>
    <trkpt lat="39.736442" lon="2.691729"/>
    <trkpt lat="39.736465" lon="2.691759"/>
    <trkpt lat="39.736493" lon="2.691761"/>
    <trkpt lat="39.736508" lon="2.691754"/>
    <trkpt lat="39.736529" lon="2.691744"/>
    <trkpt lat="39.736545" lon="2.691689"/>
    <trkpt lat="39.736523" lon="2.691599"/>
    <trkpt lat="39.736470" lon="2.691457"/>
    <trkpt lat="39.736433" lon="2.691325"/>
    <trkpt lat="39.736410" lon="2.691189"/>
    <trkpt lat="39.736403" lon="2.691056"/>
    <trkpt lat="39.736425" lon="2.690793"/>
    <trkpt lat="39.736449" lon="2.690695"/>
    <trkpt lat="39.736492" lon="2.690636"/>
    <trkpt lat="39.736520" lon="2.690626"/>
    <trkpt lat="39.736561" lon="2.690640"/>
    <trkpt lat="39.736582" lon="2.690681"/>
    <trkpt lat="39.736589" lon="2.690741"/>
    <trkpt lat="39.736568" lon="2.690960"/>
    <trkpt lat="39.736569" lon="2.691110"/>
    <trkpt lat="39.736583" lon="2.691221"/>
    <trkpt lat="39.736608" lon="2.691326"/>
    <trkpt lat="39.736648" lon="2.691431"/>
    <trkpt lat="39.736750" lon="2.691630"/>
    <trkpt lat="39.736955" lon="2.691930"/>
    <trkpt lat="39.737074" lon="2.692103"/>
    <trkpt lat="39.737108" lon="2.692201"/>
    <trkpt lat="39.737125" lon="2.692296"/>
    <trkpt lat="39.737174" lon="2.692690"/>
    <trkpt lat="39.737200" lon="2.692742"/>
    <trkpt lat="39.737228" lon="2.692763"/>
    <trkpt lat="39.737273" lon="2.692743"/>
    <trkpt lat="39.737294" lon="2.692695"/>
    <trkpt lat="39.737290" lon="2.692482"/>
    <trkpt lat="39.737264" lon="2.692205"/>
    <trkpt lat="39.737224" lon="2.691977"/>
    <trkpt lat="39.736917" lon="2.691258"/>
    <trkpt lat="39.736900" lon="2.691152"/>
    <trkpt lat="39.736907" lon="2.691108"/>
    <trkpt lat="39.736932" lon="2.691087"/>
    <trkpt lat="39.736966" lon="2.691093"/>
    <trkpt lat="39.737002" lon="2.691138"/>
    <trkpt lat="39.737150" lon="2.691461"/>
    <trkpt lat="39.737403" lon="2.691918"/>
    <trkpt lat="39.737489" lon="2.692095"/>
    <trkpt lat="39.737527" lon="2.692226"/>
    <trkpt lat="39.737552" lon="2.692384"/>
    <trkpt lat="39.737644" lon="2.692847"/>
    <trkpt lat="39.737818" lon="2.693222"/>
    <trkpt lat="39.737952" lon="2.693419"/>
    <trkpt lat="39.738155" lon="2.693742"/>
    <trkpt lat="39.738206" lon="2.693760"/>
    <trkpt lat="39.738256" lon="2.693760"/>
    <trkpt lat="39.738294" lon="2.693725"/>
    <trkpt lat="39.738290" lon="2.693661"/>
    <trkpt lat="39.738259" lon="2.693591"/>
    <trkpt lat="39.738145" lon="2.693446"/>
    <trkpt lat="39.738028" lon="2.693250"/>
    <trkpt lat="39.737959" lon="2.693096"/>
    <trkpt lat="39.737942" lon="2.692943"/>
    <trkpt lat="39.737944" lon="2.692544"/>
    <trkpt lat="39.737963" lon="2.692462"/>
    <trkpt lat="39.738008" lon="2.692441"/>
    <trkpt lat="39.738035" lon="2.692473"/>
    <trkpt lat="39.738055" lon="2.692535"/>
    <trkpt lat="39.738064" lon="2.692916"/>
    <trkpt lat="39.738136" lon="2.693090"/>
    <trkpt lat="39.738221" lon="2.693247"/>
    <trkpt lat="39.738421" lon="2.693471"/>
    <trkpt lat="39.738581" lon="2.693707"/>
    <trkpt lat="39.738645" lon="2.693843"/>
    <trkpt lat="39.738699" lon="2.693920"/>
    <trkpt lat="39.738734" lon="2.693916"/>
    <trkpt lat="39.738747" lon="2.693878"/>
    <trkpt lat="39.738735" lon="2.693838"/>
    <trkpt lat="39.738529" lon="2.693361"/>
    <trkpt lat="39.738426" lon="2.693102"/>
    <trkpt lat="39.738361" lon="2.692775"/>
    <trkpt lat="39.738366" lon="2.692586"/>
    <trkpt lat="39.738382" lon="2.692552"/>
    <trkpt lat="39.738420" lon="2.692539"/>
    <trkpt lat="39.738455" lon="2.692558"/>
    <trkpt lat="39.738474" lon="2.692610"/>
    <trkpt lat="39.738500" lon="2.692925"/>
    <trkpt lat="39.738540" lon="2.693038"/>
    <trkpt lat="39.738643" lon="2.693207"/>
    <trkpt lat="39.738720" lon="2.693318"/>
    <trkpt lat="39.738809" lon="2.693499"/>
    <trkpt lat="39.738919" lon="2.693805"/>
    <trkpt lat="39.738954" lon="2.693948"/>
    <trkpt lat="39.738983" lon="2.694007"/>
    <trkpt lat="39.739017" lon="2.694006"/>
    <trkpt lat="39.739034" lon="2.694005"/>
    <trkpt lat="39.739068" lon="2.693954"/>
    <trkpt lat="39.739042" lon="2.693840"/>
    <trkpt lat="39.738956" lon="2.693548"/>
    <trkpt lat="39.738849" lon="2.693194"/>
    <trkpt lat="39.738771" lon="2.693073"/>
    <trkpt lat="39.738704" lon="2.692830"/>
    <trkpt lat="39.738693" lon="2.692741"/>
    <trkpt lat="39.738706" lon="2.692677"/>
    <trkpt lat="39.738734" lon="2.692636"/>
    <trkpt lat="39.738776" lon="2.692638"/>
    <trkpt lat="39.738811" lon="2.692696"/>
    <trkpt lat="39.738852" lon="2.692848"/>
    <trkpt lat="39.738949" lon="2.693132"/>
    <trkpt lat="39.739148" lon="2.693674"/>
    <trkpt lat="39.739219" lon="2.693939"/>
    <trkpt lat="39.739248" lon="2.693981"/>
    <trkpt lat="39.739285" lon="2.693992"/>
    <trkpt lat="39.739304" lon="2.693970"/>
    <trkpt lat="39.739306" lon="2.693915"/>
    <trkpt lat="39.739282" lon="2.693802"/>
    <trkpt lat="39.739137" lon="2.693266"/>
    <trkpt lat="39.739085" lon="2.693037"/>
    <trkpt lat="39.739091" lon="2.692976"/>
    <trkpt lat="39.739126" lon="2.692945"/>
    <trkpt lat="39.739169" lon="2.692972"/>
    <trkpt lat="39.739198" lon="2.693032"/>
    <trkpt lat="39.739242" lon="2.693260"/>
    <trkpt lat="39.739325" lon="2.693593"/>
    <trkpt lat="39.739460" lon="2.693951"/>
    <trkpt lat="39.739551" lon="2.694165"/>
    <trkpt lat="39.739638" lon="2.694292"/>
    <trkpt lat="39.739896" lon="2.694599"/>
    <trkpt lat="39.740152" lon="2.694965"/>
    <trkpt lat="39.740349" lon="2.695222"/>
    <trkpt lat="39.740526" lon="2.695427"/>
    <trkpt lat="39.740740" lon="2.695653"/>
    <trkpt lat="39.740954" lon="2.695886"/>
    <trkpt lat="39.741057" lon="2.695970"/>
    <trkpt lat="39.741174" lon="2.696033"/>
    <trkpt lat="39.741252" lon="2.696069"/>
    <trkpt lat="39.741379" lon="2.696145"/>
    <trkpt lat="39.741639" lon="2.696326"/>
    <trkpt lat="39.742003" lon="2.696626"/>
    <trkpt lat="39.742355" lon="2.697028"/>
    <trkpt lat="39.742595" lon="2.697294"/>
    <trkpt lat="39.742681" lon="2.697439"/>
    <trkpt lat="39.742822" lon="2.697728"/>
    <trkpt lat="39.742877" lon="2.697826"/>
    <trkpt lat="39.742906" lon="2.697849"/>
    <trkpt lat="39.742936" lon="2.697845"/>
    <trkpt lat="39.742960" lon="2.697817"/>
    <trkpt lat="39.742961" lon="2.697757"/>
    <trkpt lat="39.742919" lon="2.697597"/>
    <trkpt lat="39.742846" lon="2.697407"/>
    <trkpt lat="39.742673" lon="2.697123"/>
    <trkpt lat="39.742441" lon="2.696803"/>
    <trkpt lat="39.742344" lon="2.696590"/>
    <trkpt lat="39.742310" lon="2.696523"/>
    <trkpt lat="39.742266" lon="2.696451"/>
    <trkpt lat="39.742053" lon="2.696201"/>
    <trkpt lat="39.741771" lon="2.695854"/>
    <trkpt lat="39.741580" lon="2.695634"/>
    <trkpt lat="39.741455" lon="2.695504"/>
    <trkpt lat="39.741433" lon="2.695454"/>
    <trkpt lat="39.741436" lon="2.695414"/>
    <trkpt lat="39.741457" lon="2.695382"/>
    <trkpt lat="39.741498" lon="2.695381"/>
    <trkpt lat="39.741547" lon="2.695420"/>
    <trkpt lat="39.741628" lon="2.695494"/>
    <trkpt lat="39.741832" lon="2.695682"/>
    <trkpt lat="39.742124" lon="2.695919"/>
    <trkpt lat="39.742427" lon="2.696225"/>
    <trkpt lat="39.742617" lon="2.696524"/>
    <trkpt lat="39.742790" lon="2.696755"/>
    <trkpt lat="39.742843" lon="2.696800"/>
    <trkpt lat="39.742889" lon="2.696816"/>
    <trkpt lat="39.742922" lon="2.696808"/>
    <trkpt lat="39.742942" lon="2.696769"/>
    <trkpt lat="39.742943" lon="2.696722"/>
    <trkpt lat="39.742924" lon="2.696684"/>
    <trkpt lat="39.742846" lon="2.696632"/>
    <trkpt lat="39.742791" lon="2.696587"/>
    <trkpt lat="39.742744" lon="2.696517"/>
    <trkpt lat="39.742660" lon="2.696338"/>
    <trkpt lat="39.742568" lon="2.696100"/>
    <trkpt lat="39.742177" lon="2.695385"/>
    <trkpt lat="39.742160" lon="2.695312"/>
    <trkpt lat="39.742164" lon="2.695240"/>
    <trkpt lat="39.742212" lon="2.695218"/>
    <trkpt lat="39.742261" lon="2.695229"/>
    <trkpt lat="39.742360" lon="2.695333"/>
    <trkpt lat="39.742502" lon="2.695571"/>
    <trkpt lat="39.742723" lon="2.695942"/>
    <trkpt lat="39.742806" lon="2.696079"/>
    <trkpt lat="39.742901" lon="2.696207"/>
    <trkpt lat="39.742997" lon="2.696297"/>
    <trkpt lat="39.743163" lon="2.696413"/>
    <trkpt lat="39.743294" lon="2.696476"/>
    <trkpt lat="39.743427" lon="2.696504"/>
    <trkpt lat="39.743560" lon="2.696515"/>
    <trkpt lat="39.743627" lon="2.696536"/>
    <trkpt lat="39.743685" lon="2.696573"/>
    <trkpt lat="39.743738" lon="2.696619"/>
    <trkpt lat="39.743793" lon="2.696685"/>
    <trkpt lat="39.743863" lon="2.696795"/>
    <trkpt lat="39.743889" lon="2.696822"/>
    <trkpt lat="39.743908" lon="2.696830"/>
    <trkpt lat="39.743935" lon="2.696821"/>
    <trkpt lat="39.743954" lon="2.696804"/>
    <trkpt lat="39.743960" lon="2.696764"/>
    <trkpt lat="39.743950" lon="2.696725"/>
    <trkpt lat="39.743913" lon="2.696690"/>
    <trkpt lat="39.743843" lon="2.696616"/>
    <trkpt lat="39.743800" lon="2.696548"/>
    <trkpt lat="39.743798" lon="2.696498"/>
    <trkpt lat="39.743816" lon="2.696468"/>
    <trkpt lat="39.743850" lon="2.696457"/>
    <trkpt lat="39.743879" lon="2.696477"/>
    <trkpt lat="39.743915" lon="2.696519"/>
    <trkpt lat="39.744073" lon="2.696769"/>
    <trkpt lat="39.744236" lon="2.697027"/>
    <trkpt lat="39.744404" lon="2.697260"/>
    <trkpt lat="39.744676" lon="2.697592"/>
    <trkpt lat="39.744799" lon="2.697708"/>
    <trkpt lat="39.744924" lon="2.697806"/>
    <trkpt lat="39.745065" lon="2.697921"/>
    <trkpt lat="39.745236" lon="2.697993"/>
    <trkpt lat="39.745436" lon="2.698076"/>
    <trkpt lat="39.745670" lon="2.698275"/>
    <trkpt lat="39.745914" lon="2.698489"/>
    <trkpt lat="39.746031" lon="2.698587"/>
    <trkpt lat="39.746094" lon="2.698630"/>
    <trkpt lat="39.746144" lon="2.698655"/>
    <trkpt lat="39.746176" lon="2.698658"/>
    <trkpt lat="39.746215" lon="2.698639"/>
    <trkpt lat="39.746229" lon="2.698591"/>
    <trkpt lat="39.746221" lon="2.698546"/>
    <trkpt lat="39.746193" lon="2.698511"/>
    <trkpt lat="39.746057" lon="2.698402"/>
    <trkpt lat="39.745876" lon="2.698238"/>
    <trkpt lat="39.745730" lon="2.698073"/>
    <trkpt lat="39.745570" lon="2.697841"/>
    <trkpt lat="39.745548" lon="2.697797"/>
    <trkpt lat="39.745536" lon="2.697756"/>
    <trkpt lat="39.745532" lon="2.697716"/>
    <trkpt lat="39.745539" lon="2.697678"/>
    <trkpt lat="39.745554" lon="2.697656"/>
    <trkpt lat="39.745581" lon="2.697642"/>
    <trkpt lat="39.745608" lon="2.697641"/>
    <trkpt lat="39.745644" lon="2.697653"/>
    <trkpt lat="39.745715" lon="2.697682"/>
    <trkpt lat="39.745850" lon="2.697743"/>
    <trkpt lat="39.745912" lon="2.697776"/>
    <trkpt lat="39.745968" lon="2.697809"/>
    <trkpt lat="39.746123" lon="2.697883"/>
    <trkpt lat="39.746216" lon="2.697916"/>
    <trkpt lat="39.746318" lon="2.697954"/>
    <trkpt lat="39.746405" lon="2.697959"/>
    <trkpt lat="39.746360" lon="2.697920"/>
    <trkpt lat="39.746275" lon="2.697853"/>
    <trkpt lat="39.746157" lon="2.697775"/>
    <trkpt lat="39.746019" lon="2.697695"/>
    <trkpt lat="39.745944" lon="2.697661"/>
    <trkpt lat="39.745875" lon="2.697633"/>
    <trkpt lat="39.745773" lon="2.697595"/>
    <trkpt lat="39.745681" lon="2.697566"/>
    <trkpt lat="39.745584" lon="2.697544"/>
    <trkpt lat="39.745437" lon="2.697508"/>
    <trkpt lat="39.745320" lon="2.697484"/>
    <trkpt lat="39.744759" lon="2.697358"/>
    <trkpt lat="39.718403" lon="2.691431"/>
    <trkpt lat="39.718250" lon="2.691353"/>
    <trkpt lat="39.718013" lon="2.691171"/>
    <trkpt lat="39.717965" lon="2.691136"/>
    <trkpt lat="39.717882" lon="2.691060"/>
    <trkpt lat="39.717791" lon="2.690968"/>
    <trkpt lat="39.717725" lon="2.690908"/>
    <trkpt lat="39.717634" lon="2.690841"/>
    <trkpt lat="39.717564" lon="2.690806"/>
    <trkpt lat="39.717526" lon="2.690787"/>
    <trkpt lat="39.717408" lon="2.690742"/>
    <trkpt lat="39.717328" lon="2.690718"/>
    <trkpt lat="39.717247" lon="2.690703"/>
    <trkpt lat="39.717165" lon="2.690690"/>
    <trkpt lat="39.717110" lon="2.690686"/>
    <trkpt lat="39.717026" lon="2.690687"/>
    <trkpt lat="39.716786" lon="2.690696"/>
    <trkpt lat="39.716586" lon="2.690698"/>
    <trkpt lat="39.716507" lon="2.690696"/>
    <trkpt lat="39.716465" lon="2.690692"/>
    <trkpt lat="39.716382" lon="2.690665"/>
    <trkpt lat="39.716347" lon="2.690646"/>
    <trkpt lat="39.716299" lon="2.690612"/>
    <trkpt lat="39.716263" lon="2.690576"/>
    <trkpt lat="39.716235" lon="2.690546"/>
    <trkpt lat="39.716221" lon="2.690527"/>
    <trkpt lat="39.716221" lon="2.690513"/>
    <trkpt lat="39.716220" lon="2.690501"/>
    <trkpt lat="39.716216" lon="2.690477"/>
    <trkpt lat="39.716207" lon="2.690444"/>
    <trkpt lat="39.716197" lon="2.690420"/>
    <trkpt lat="39.716189" lon="2.690403"/>
    <trkpt lat="39.716175" lon="2.690384"/>
    <trkpt lat="39.716163" lon="2.690375"/>
    <trkpt lat="39.716147" lon="2.690366"/>
    <trkpt lat="39.716108" lon="2.690351"/>
    <trkpt lat="39.716049" lon="2.690340"/>
    <trkpt lat="39.716008" lon="2.690342"/>
    <trkpt lat="39.715973" lon="2.690350"/>
    <trkpt lat="39.715949" lon="2.690368"/>
    <trkpt lat="39.715933" lon="2.690384"/>
    <trkpt lat="39.715924" lon="2.690400"/>
    <trkpt lat="39.715890" lon="2.690428"/>
    <trkpt lat="39.715853" lon="2.690455"/>
    <trkpt lat="39.715796" lon="2.690487"/>
    <trkpt lat="39.715757" lon="2.690506"/>
    <trkpt lat="39.715708" lon="2.690520"/>
    <trkpt lat="39.715598" lon="2.690538"/>
    <trkpt lat="39.715512" lon="2.690534"/>
    <trkpt lat="39.715402" lon="2.690519"/>
    <trkpt lat="39.715355" lon="2.690510"/>
    <trkpt lat="39.715247" lon="2.690489"/>
    <trkpt lat="39.714563" lon="2.690341"/>
    <trkpt lat="39.714095" lon="2.690240"/>
    <trkpt lat="39.713565" lon="2.690121"/>
    <trkpt lat="39.713080" lon="2.690012"/>
    <trkpt lat="39.712541" lon="2.689892"/>
    <trkpt lat="39.712152" lon="2.689805"/>
    <trkpt lat="39.711559" lon="2.689673"/>
    <trkpt lat="39.711106" lon="2.689566"/>
    <trkpt lat="39.710575" lon="2.689445"/>
    <trkpt lat="39.710410" lon="2.689408"/>
    <trkpt lat="39.710063" lon="2.689318"/>
    <trkpt lat="39.709173" lon="2.689061"/>
    <trkpt lat="39.709013" lon="2.689020"/>
    <trkpt lat="39.708832" lon="2.688989"/>
    <trkpt lat="39.708591" lon="2.688957"/>
    <trkpt lat="39.708428" lon="2.688948"/>
    <trkpt lat="39.708230" lon="2.688955"/>
    <trkpt lat="39.708012" lon="2.688977"/>
    <trkpt lat="39.707873" lon="2.689002"/>
    <trkpt lat="39.707432" lon="2.689093"/>
    <trkpt lat="39.707034" lon="2.689182"/>
    <trkpt lat="39.706840" lon="2.689212"/>
    <trkpt lat="39.706663" lon="2.689236"/>
    <trkpt lat="39.706538" lon="2.689248"/>
    <trkpt lat="39.706134" lon="2.689265"/>
    <trkpt lat="39.705781" lon="2.689273"/>
    <trkpt lat="39.705315" lon="2.689284"/>
    <trkpt lat="39.703995" lon="2.689422"/>
    <trkpt lat="39.703536" lon="2.689468"/>
    <trkpt lat="39.703245" lon="2.689497"/>
    <trkpt lat="39.703058" lon="2.689511"/>
    <trkpt lat="39.702834" lon="2.689516"/>
    <trkpt lat="39.702654" lon="2.689509"/>
    <trkpt lat="39.702600" lon="2.689503"/>
    <trkpt lat="39.702443" lon="2.689487"/>
    <trkpt lat="39.702189" lon="2.689448"/>
    <trkpt lat="39.701902" lon="2.689388"/>
    <trkpt lat="39.701594" lon="2.689315"/>
    <trkpt lat="39.700653" lon="2.689095"/>
    <trkpt lat="39.699517" lon="2.688844"/>
    <trkpt lat="39.699112" lon="2.688745"/>
    <trkpt lat="39.699037" lon="2.688727"/>
    <trkpt lat="39.698373" lon="2.688576"/>
    <trkpt lat="39.697791" lon="2.688443"/>
    <trkpt lat="39.697590" lon="2.688398"/>
    <trkpt lat="39.697279" lon="2.688290"/>
    <trkpt lat="39.697170" lon="2.688237"/>
    <trkpt lat="39.696985" lon="2.688147"/>
    <trkpt lat="39.696641" lon="2.687930"/>
    <trkpt lat="39.695933" lon="2.687462"/>
    <trkpt lat="39.695822" lon="2.687393"/>
    <trkpt lat="39.695791" lon="2.687356"/>
    <trkpt lat="39.695712" lon="2.687304"/>
    <trkpt lat="39.695609" lon="2.687258"/>
    <trkpt lat="39.695558" lon="2.687239"/>
    <trkpt lat="39.695535" lon="2.687231"/>
    <trkpt lat="39.695501" lon="2.687210"/>
    <trkpt lat="39.695464" lon="2.687187"/>
    <trkpt lat="39.695449" lon="2.687153"/>
    <trkpt lat="39.695427" lon="2.687126"/>
    <trkpt lat="39.695401" lon="2.687106"/>
    <trkpt lat="39.695372" lon="2.687096"/>
    <trkpt lat="39.695342" lon="2.687096"/>
    <trkpt lat="39.695307" lon="2.687109"/>
    <trkpt lat="39.695277" lon="2.687135"/>
    <trkpt lat="39.695255" lon="2.687172"/>
    <trkpt lat="39.695242" lon="2.687217"/>
    <trkpt lat="39.695241" lon="2.687264"/>
    <trkpt lat="39.695248" lon="2.687301"/>
    <trkpt lat="39.695262" lon="2.687335"/>
    <trkpt lat="39.695282" lon="2.687363"/>
    <trkpt lat="39.695309" lon="2.687467"/>
    <trkpt lat="39.695339" lon="2.687567"/>
    <trkpt lat="39.695373" lon="2.687614"/>
    <trkpt lat="39.695408" lon="2.687732"/>
    <trkpt lat="39.695536" lon="2.688098"/>
    <trkpt lat="39.695597" lon="2.688258"/>
    <trkpt lat="39.695669" lon="2.688424"/>
    <trkpt lat="39.695734" lon="2.688572"/>
    <trkpt lat="39.695948" lon="2.689044"/>
    <trkpt lat="39.696076" lon="2.689348"/>
    <trkpt lat="39.696161" lon="2.689582"/>
    <trkpt lat="39.696262" lon="2.689899"/>
    <trkpt lat="39.696410" lon="2.690362"/>
    <trkpt lat="39.696466" lon="2.690506"/>
    <trkpt lat="39.696604" lon="2.690794"/>
    <trkpt lat="39.696893" lon="2.691357"/>
    <trkpt lat="39.696953" lon="2.691496"/>
    <trkpt lat="39.696996" lon="2.691633"/>
    <trkpt lat="39.697040" lon="2.691858"/>
    <trkpt lat="39.697060" lon="2.692044"/>
    <trkpt lat="39.697113" lon="2.692509"/>
    <trkpt lat="39.697150" lon="2.692700"/>
    <trkpt lat="39.697215" lon="2.692930"/>
    <trkpt lat="39.697489" lon="2.693781"/>
    <trkpt lat="39.697617" lon="2.694211"/>
    <trkpt lat="39.697647" lon="2.694362"/>
    <trkpt lat="39.697656" lon="2.694470"/>
    <trkpt lat="39.697636" lon="2.694691"/>
    <trkpt lat="39.697634" lon="2.694734"/>
    <trkpt lat="39.697631" lon="2.694777"/>
    <trkpt lat="39.697630" lon="2.694842"/>
    <trkpt lat="39.697619" lon="2.695003"/>
    <trkpt lat="39.697583" lon="2.695315"/>
    <trkpt lat="39.697580" lon="2.695342"/>
    <trkpt lat="39.697513" lon="2.695824"/>
    <trkpt lat="39.697457" lon="2.696380"/>
    <trkpt lat="39.697433" lon="2.696491"/>
    <trkpt lat="39.697363" lon="2.696870"/>
    <trkpt lat="39.697241" lon="2.697361"/>
    <trkpt lat="39.697074" lon="2.698097"/>
    <trkpt lat="39.697049" lon="2.698200"/>
    <trkpt lat="39.697048" lon="2.698265"/>
    <trkpt lat="39.697056" lon="2.698358"/>
    <trkpt lat="39.697087" lon="2.698803"/>
    <trkpt lat="39.697084" lon="2.698918"/>
    <trkpt lat="39.697045" lon="2.699225"/>
    <trkpt lat="39.697032" lon="2.699261"/>
    <trkpt lat="39.697014" lon="2.699277"/>
    <trkpt lat="39.696818" lon="2.699370"/>
    <trkpt lat="39.696807" lon="2.699376"/>
    <trkpt lat="39.696700" lon="2.699439"/>
    <trkpt lat="39.696622" lon="2.699492"/>
    <trkpt lat="39.696603" lon="2.699501"/>
    <trkpt lat="39.696543" lon="2.699527"/>
    <trkpt lat="39.696393" lon="2.699593"/>
    <trkpt lat="39.696317" lon="2.699627"/>
    <trkpt lat="39.696100" lon="2.699698"/>
    <trkpt lat="39.696095" lon="2.699700"/>
    <trkpt lat="39.696033" lon="2.699725"/>
    <trkpt lat="39.695864" lon="2.699806"/>
    <trkpt lat="39.695296" lon="2.700087"/>
    <trkpt lat="39.695245" lon="2.700112"/>
    <trkpt lat="39.695027" lon="2.700218"/>
    <trkpt lat="39.694674" lon="2.700391"/>
    <trkpt lat="39.694293" lon="2.700577"/>
    <trkpt lat="39.694067" lon="2.700682"/>
    <trkpt lat="39.694024" lon="2.700705"/>
    <trkpt lat="39.693630" lon="2.700903"/>
    <trkpt lat="39.692274" lon="2.701567"/>
    <trkpt lat="39.691440" lon="2.701970"/>
    <trkpt lat="39.691306" lon="2.702031"/>
    <trkpt lat="39.691235" lon="2.702065"/>
    <trkpt lat="39.691041" lon="2.702146"/>
    <trkpt lat="39.690879" lon="2.702186"/>
    <trkpt lat="39.690667" lon="2.702208"/>
    <trkpt lat="39.690500" lon="2.702219"/>
    <trkpt lat="39.689942" lon="2.702241"/>
    <trkpt lat="39.689336" lon="2.702262"/>
    <trkpt lat="39.689268" lon="2.702265"/>
    <trkpt lat="39.689130" lon="2.702271"/>
    <trkpt lat="39.688941" lon="2.702279"/>
    <trkpt lat="39.688905" lon="2.702281"/>
    <trkpt lat="39.688564" lon="2.702296"/>
    <trkpt lat="39.688366" lon="2.702305"/>
    <trkpt lat="39.688157" lon="2.702315"/>
    <trkpt lat="39.687132" lon="2.702357"/>
    <trkpt lat="39.686948" lon="2.702383"/>
    <trkpt lat="39.686843" lon="2.702413"/>
    <trkpt lat="39.686703" lon="2.702457"/>
    <trkpt lat="39.686370" lon="2.702576"/>
    <trkpt lat="39.685618" lon="2.702838"/>
    <trkpt lat="39.685392" lon="2.702918"/>
    <trkpt lat="39.685352" lon="2.702932"/>
    <trkpt lat="39.684696" lon="2.703164"/>
    <trkpt lat="39.684413" lon="2.703271"/>
    <trkpt lat="39.683490" lon="2.703591"/>
    <trkpt lat="39.682845" lon="2.703821"/>
    <trkpt lat="39.682453" lon="2.703958"/>
    <trkpt lat="39.681061" lon="2.704446"/>
    <trkpt lat="39.680636" lon="2.704597"/>
    <trkpt lat="39.679172" lon="2.705116"/>
    <trkpt lat="39.679046" lon="2.705161"/>
    <trkpt lat="39.678240" lon="2.705439"/>
    <trkpt lat="39.678034" lon="2.705524"/>
    <trkpt lat="39.677831" lon="2.705634"/>
    <trkpt lat="39.677617" lon="2.705778"/>
    <trkpt lat="39.677360" lon="2.705950"/>
    <trkpt lat="39.676187" lon="2.706789"/>
    <trkpt lat="39.673905" lon="2.708368"/>
    <trkpt lat="39.673767" lon="2.708465"/>
    <trkpt lat="39.673698" lon="2.708512"/>
    <trkpt lat="39.673649" lon="2.708547"/>
    <trkpt lat="39.673087" lon="2.708942"/>
    <trkpt lat="39.672774" lon="2.709162"/>
    <trkpt lat="39.671782" lon="2.709857"/>
    <trkpt lat="39.670343" lon="2.710867"/>
    <trkpt lat="39.670130" lon="2.711016"/>
    <trkpt lat="39.670056" lon="2.711069"/>
    <trkpt lat="39.668629" lon="2.712075"/>
    <trkpt lat="39.667673" lon="2.712740"/>
    <trkpt lat="39.667191" lon="2.713075"/>
    <trkpt lat="39.666970" lon="2.713232"/>
    <trkpt lat="39.666703" lon="2.713419"/>
    <trkpt lat="39.666650" lon="2.713427"/>
    <trkpt lat="39.666568" lon="2.713427"/>
    <trkpt lat="39.666532" lon="2.713423"/>
    <trkpt lat="39.666479" lon="2.713398"/>
    <trkpt lat="39.666432" lon="2.713331"/>
    <trkpt lat="39.666371" lon="2.713287"/>
    <trkpt lat="39.666303" lon="2.713271"/>
    <trkpt lat="39.666234" lon="2.713283"/>
    <trkpt lat="39.666172" lon="2.713323"/>
    <trkpt lat="39.666123" lon="2.713387"/>
    <trkpt lat="39.666093" lon="2.713468"/>
    <trkpt lat="39.666083" lon="2.713558"/>
    <trkpt lat="39.665816" lon="2.713773"/>
    <trkpt lat="39.665593" lon="2.713892"/>
    <trkpt lat="39.665271" lon="2.714053"/>
    <trkpt lat="39.664864" lon="2.714245"/>
    <trkpt lat="39.664384" lon="2.714452"/>
    <trkpt lat="39.663892" lon="2.714654"/>
    <trkpt lat="39.661864" lon="2.715421"/>
    <trkpt lat="39.661105" lon="2.715727"/>
    <trkpt lat="39.661031" lon="2.715757"/>
    <trkpt lat="39.659762" lon="2.716286"/>
    <trkpt lat="39.658439" lon="2.716860"/>
    <trkpt lat="39.656412" lon="2.717789"/>
    <trkpt lat="39.655725" lon="2.718119"/>
    <trkpt lat="39.653398" lon="2.719190"/>
    <trkpt lat="39.653335" lon="2.719216"/>
    <trkpt lat="39.651673" lon="2.719943"/>
    <trkpt lat="39.649943" lon="2.720704"/>
    <trkpt lat="39.647746" lon="2.721659"/>
    <trkpt lat="39.647267" lon="2.721883"/>
    <trkpt lat="39.646885" lon="2.722068"/>
    <trkpt lat="39.646544" lon="2.722271"/>
    <trkpt lat="39.646156" lon="2.722542"/>
    <trkpt lat="39.645720" lon="2.722894"/>
    <trkpt lat="39.645332" lon="2.723227"/>
    <trkpt lat="39.645169" lon="2.723377"/>
    <trkpt lat="39.644725" lon="2.723784"/>
    <trkpt lat="39.643363" lon="2.725032"/>
    <trkpt lat="39.642039" lon="2.726219"/>
    <trkpt lat="39.640667" lon="2.727458"/>
    <trkpt lat="39.638052" lon="2.729808"/>
    <trkpt lat="39.637317" lon="2.730469"/>
    <trkpt lat="39.636773" lon="2.730961"/>
    <trkpt lat="39.635439" lon="2.732160"/>
    <trkpt lat="39.634982" lon="2.732574"/>
    <trkpt lat="39.634840" lon="2.732702"/>
    <trkpt lat="39.634487" lon="2.733027"/>
    <trkpt lat="39.634024" lon="2.733442"/>
    <trkpt lat="39.633472" lon="2.733928"/>
    <trkpt lat="39.632927" lon="2.734397"/>
    <trkpt lat="39.632432" lon="2.734807"/>
    <trkpt lat="39.632137" lon="2.735061"/>
    <trkpt lat="39.632063" lon="2.735093"/>
    <trkpt lat="39.632031" lon="2.735120"/>
    <trkpt lat="39.632009" lon="2.735137"/>
    <trkpt lat="39.631984" lon="2.735156"/>
    <trkpt lat="39.631957" lon="2.735165"/>
    <trkpt lat="39.631931" lon="2.735167"/>
    <trkpt lat="39.631891" lon="2.735168"/>
    <trkpt lat="39.631871" lon="2.735167"/>
    <trkpt lat="39.631840" lon="2.735160"/>
    <trkpt lat="39.631808" lon="2.735121"/>
    <trkpt lat="39.631776" lon="2.735095"/>
    <trkpt lat="39.631740" lon="2.735076"/>
    <trkpt lat="39.631703" lon="2.735064"/>
    <trkpt lat="39.631665" lon="2.735061"/>
    <trkpt lat="39.631627" lon="2.735067"/>
    <trkpt lat="39.631591" lon="2.735080"/>
    <trkpt lat="39.631556" lon="2.735101"/>
    <trkpt lat="39.631525" lon="2.735130"/>
    <trkpt lat="39.631498" lon="2.735164"/>
    <trkpt lat="39.631475" lon="2.735204"/>
    <trkpt lat="39.631458" lon="2.735249"/>
    <trkpt lat="39.631447" lon="2.735296"/>
    <trkpt lat="39.631443" lon="2.735345"/>
    <trkpt lat="39.631444" lon="2.735395"/>
    <trkpt lat="39.631455" lon="2.735455"/>
    <trkpt lat="39.631475" lon="2.735511"/>
    <trkpt lat="39.631504" lon="2.735560"/>
    <trkpt lat="39.631540" lon="2.735600"/>
    <trkpt lat="39.631567" lon="2.735705"/>
    <trkpt lat="39.631586" lon="2.735772"/>
    <trkpt lat="39.631595" lon="2.735815"/>
    <trkpt lat="39.631597" lon="2.735857"/>
    <trkpt lat="39.631598" lon="2.735904"/>
    <trkpt lat="39.631587" lon="2.735972"/>
    <trkpt lat="39.631576" lon="2.735999"/>
    <trkpt lat="39.631492" lon="2.736148"/>
    <trkpt lat="39.631480" lon="2.736170"/>
    <trkpt lat="39.631467" lon="2.736205"/>
    <trkpt lat="39.631457" lon="2.736237"/>
    <trkpt lat="39.631448" lon="2.736269"/>
    <trkpt lat="39.631443" lon="2.736300"/>
    <trkpt lat="39.631438" lon="2.736336"/>
    <trkpt lat="39.631435" lon="2.736373"/>
    <trkpt lat="39.631436" lon="2.736408"/>
    <trkpt lat="39.631437" lon="2.736447"/>
    <trkpt lat="39.631442" lon="2.736490"/>
    <trkpt lat="39.631450" lon="2.736534"/>
    <trkpt lat="39.631461" lon="2.736580"/>
    <trkpt lat="39.631478" lon="2.736647"/>
    <trkpt lat="39.631493" lon="2.736695"/>
    <trkpt lat="39.631507" lon="2.736743"/>
    <trkpt lat="39.631517" lon="2.736786"/>
    <trkpt lat="39.631521" lon="2.736818"/>
    <trkpt lat="39.631523" lon="2.736859"/>
    <trkpt lat="39.631519" lon="2.736906"/>
    <trkpt lat="39.631503" lon="2.736944"/>
    <trkpt lat="39.631488" lon="2.736976"/>
    <trkpt lat="39.631457" lon="2.737065"/>
    <trkpt lat="39.631433" lon="2.737108"/>
    <trkpt lat="39.631413" lon="2.737130"/>
    <trkpt lat="39.631386" lon="2.737150"/>
    <trkpt lat="39.631338" lon="2.737176"/>
    <trkpt lat="39.631291" lon="2.737202"/>
    <trkpt lat="39.631262" lon="2.737206"/>
    <trkpt lat="39.631228" lon="2.737215"/>
    <trkpt lat="39.631171" lon="2.737202"/>
    <trkpt lat="39.631135" lon="2.737186"/>
    <trkpt lat="39.631097" lon="2.737155"/>
    <trkpt lat="39.631059" lon="2.737120"/>
    <trkpt lat="39.630988" lon="2.737034"/>
    <trkpt lat="39.630826" lon="2.736858"/>
    <trkpt lat="39.630739" lon="2.736751"/>
    <trkpt lat="39.630677" lon="2.736663"/>
    <trkpt lat="39.630571" lon="2.736503"/>
    <trkpt lat="39.630500" lon="2.736384"/>
    <trkpt lat="39.630396" lon="2.736194"/>
    <trkpt lat="39.630300" lon="2.735985"/>
    <trkpt lat="39.630211" lon="2.735768"/>
    <trkpt lat="39.630134" lon="2.735542"/>
    <trkpt lat="39.630097" lon="2.735408"/>
    <trkpt lat="39.630067" lon="2.735241"/>
    <trkpt lat="39.630044" lon="2.735075"/>
    <trkpt lat="39.630000" lon="2.734695"/>
    <trkpt lat="39.630002" lon="2.734226"/>
    <trkpt lat="39.630003" lon="2.733900"/>
    <trkpt lat="39.630005" lon="2.733112"/>
    <trkpt lat="39.630000" lon="2.731564"/>
    <trkpt lat="39.630003" lon="2.730978"/>
    <trkpt lat="39.630010" lon="2.730381"/>
    <trkpt lat="39.630012" lon="2.729798"/>
    <trkpt lat="39.630017" lon="2.729202"/>
    <trkpt lat="39.630018" lon="2.728610"/>
    <trkpt lat="39.630023" lon="2.728013"/>
    <trkpt lat="39.630024" lon="2.727422"/>
    <trkpt lat="39.630027" lon="2.726827"/>
    <trkpt lat="39.630027" lon="2.726430"/>
    <trkpt lat="39.630022" lon="2.726033"/>
    <trkpt lat="39.630015" lon="2.725637"/>
    <trkpt lat="39.630006" lon="2.725241"/>
    <trkpt lat="39.629989" lon="2.724850"/>
    <trkpt lat="39.629965" lon="2.724452"/>
    <trkpt lat="39.629939" lon="2.724059"/>
    <trkpt lat="39.629907" lon="2.723664"/>
    <trkpt lat="39.629863" lon="2.723271"/>
    <trkpt lat="39.629814" lon="2.722879"/>
    <trkpt lat="39.629687" lon="2.722101"/>
    <trkpt lat="39.629608" lon="2.721717"/>
    <trkpt lat="39.629545" lon="2.721438"/>
    <trkpt lat="39.629476" lon="2.721149"/>
    <trkpt lat="39.629378" lon="2.720774"/>
    <trkpt lat="39.629269" lon="2.720399"/>
    <trkpt lat="39.629153" lon="2.720032"/>
    <trkpt lat="39.629024" lon="2.719668"/>
    <trkpt lat="39.628892" lon="2.719319"/>
    <trkpt lat="39.628673" lon="2.718801"/>
    <trkpt lat="39.628522" lon="2.718461"/>
    <trkpt lat="39.628358" lon="2.718128"/>
    <trkpt lat="39.628183" lon="2.717796"/>
    <trkpt lat="39.628011" lon="2.717480"/>
    <trkpt lat="39.627824" lon="2.717166"/>
    <trkpt lat="39.627629" lon="2.716859"/>
    <trkpt lat="39.627430" lon="2.716565"/>
    <trkpt lat="39.627224" lon="2.716273"/>
    <trkpt lat="39.627010" lon="2.715990"/>
    <trkpt lat="39.626680" lon="2.715575"/>
    <trkpt lat="39.626413" lon="2.715246"/>
    <trkpt lat="39.626113" lon="2.714905"/>
    <trkpt lat="39.625888" lon="2.714649"/>
    <trkpt lat="39.625658" lon="2.714394"/>
    <trkpt lat="39.625429" lon="2.714143"/>
    <trkpt lat="39.624962" lon="2.713626"/>
    <trkpt lat="39.624276" lon="2.712860"/>
    <trkpt lat="39.623935" lon="2.712467"/>
    <trkpt lat="39.623593" lon="2.712074"/>
    <trkpt lat="39.623367" lon="2.711805"/>
    <trkpt lat="39.623031" lon="2.711412"/>
    <trkpt lat="39.622699" lon="2.711005"/>
    <trkpt lat="39.622368" lon="2.710595"/>
    <trkpt lat="39.622089" lon="2.710245"/>
    <trkpt lat="39.621934" lon="2.710055"/>
    <trkpt lat="39.621715" lon="2.709777"/>
    <trkpt lat="39.621492" lon="2.709492"/>
    <trkpt lat="39.621280" lon="2.709219"/>
    <trkpt lat="39.621065" lon="2.708931"/>
    <trkpt lat="39.620857" lon="2.708652"/>
    <trkpt lat="39.620645" lon="2.708373"/>
    <trkpt lat="39.620432" lon="2.708083"/>
    <trkpt lat="39.620226" lon="2.707799"/>
    <trkpt lat="39.619915" lon="2.707370"/>
    <trkpt lat="39.619703" lon="2.707072"/>
    <trkpt lat="39.619500" lon="2.706785"/>
    <trkpt lat="39.619293" lon="2.706492"/>
    <trkpt lat="39.619090" lon="2.706192"/>
    <trkpt lat="39.618892" lon="2.705901"/>
    <trkpt lat="39.618493" lon="2.705306"/>
    <trkpt lat="39.618098" lon="2.704708"/>
    <trkpt lat="39.617901" lon="2.704405"/>
    <trkpt lat="39.617610" lon="2.703948"/>
    <trkpt lat="39.617221" lon="2.703330"/>
    <trkpt lat="39.617031" lon="2.703028"/>
    <trkpt lat="39.616650" lon="2.702410"/>
    <trkpt lat="39.616265" lon="2.701785"/>
    <trkpt lat="39.615056" lon="2.699808"/>
    <trkpt lat="39.613921" lon="2.697979"/>
    <trkpt lat="39.613408" lon="2.697144"/>
    <trkpt lat="39.612748" lon="2.696073"/>
    <trkpt lat="39.611840" lon="2.694599"/>
    <trkpt lat="39.611104" lon="2.693406"/>
    <trkpt lat="39.610283" lon="2.692069"/>
    <trkpt lat="39.609467" lon="2.690743"/>
    <trkpt lat="39.608825" lon="2.689701"/>
    <trkpt lat="39.607928" lon="2.688246"/>
    <trkpt lat="39.607887" lon="2.688180"/>
    <trkpt lat="39.607546" lon="2.687626"/>
    <trkpt lat="39.606904" lon="2.686582"/>
    <trkpt lat="39.606425" lon="2.685809"/>
    <trkpt lat="39.606084" lon="2.685258"/>
    <trkpt lat="39.605900" lon="2.684956"/>
    <trkpt lat="39.605715" lon="2.684658"/>
    <trkpt lat="39.605531" lon="2.684359"/>
    <trkpt lat="39.605357" lon="2.684074"/>
    <trkpt lat="39.604261" lon="2.682293"/>
    <trkpt lat="39.603717" lon="2.681413"/>
    <trkpt lat="39.603352" lon="2.680820"/>
    <trkpt lat="39.603172" lon="2.680528"/>
    <trkpt lat="39.602806" lon="2.679933"/>
    <trkpt lat="39.602515" lon="2.679503"/>
    <trkpt lat="39.602206" lon="2.679039"/>
    <trkpt lat="39.602138" lon="2.678937"/>
    <trkpt lat="39.601939" lon="2.678653"/>
    <trkpt lat="39.601723" lon="2.678351"/>
    <trkpt lat="39.601445" lon="2.677968"/>
    <trkpt lat="39.601129" lon="2.677546"/>
    <trkpt lat="39.600821" lon="2.677162"/>
    <trkpt lat="39.600492" lon="2.676769"/>
    <trkpt lat="39.600176" lon="2.676406"/>
    <trkpt lat="39.599856" lon="2.676064"/>
    <trkpt lat="39.599600" lon="2.675802"/>
    <trkpt lat="39.599367" lon="2.675578"/>
    <trkpt lat="39.599130" lon="2.675360"/>
    <trkpt lat="39.598985" lon="2.675232"/>
    <trkpt lat="39.598760" lon="2.675040"/>
    <trkpt lat="39.598518" lon="2.674843"/>
    <trkpt lat="39.598265" lon="2.674646"/>
    <trkpt lat="39.597984" lon="2.674440"/>
    <trkpt lat="39.597623" lon="2.674189"/>
    <trkpt lat="39.597228" lon="2.673941"/>
    <trkpt lat="39.596961" lon="2.673786"/>
    <trkpt lat="39.596692" lon="2.673640"/>
    <trkpt lat="39.596420" lon="2.673496"/>
    <trkpt lat="39.596140" lon="2.673365"/>
    <trkpt lat="39.595869" lon="2.673238"/>
    <trkpt lat="39.595591" lon="2.673123"/>
    <trkpt lat="39.595309" lon="2.673017"/>
    <trkpt lat="39.595023" lon="2.672918"/>
    <trkpt lat="39.594745" lon="2.672832"/>
    <trkpt lat="39.594731" lon="2.672828"/>
    <trkpt lat="39.594460" lon="2.672747"/>
    <trkpt lat="39.594179" lon="2.672663"/>
    <trkpt lat="39.593802" lon="2.672551"/>
    <trkpt lat="39.593297" lon="2.672401"/>
    <trkpt lat="39.593029" lon="2.672216"/>
    <trkpt lat="39.592962" lon="2.672163"/>
    <trkpt lat="39.592912" lon="2.672121"/>
    <trkpt lat="39.592865" lon="2.672078"/>
    <trkpt lat="39.592820" lon="2.672029"/>
    <trkpt lat="39.592766" lon="2.671961"/>
    <trkpt lat="39.592719" lon="2.671888"/>
    <trkpt lat="39.592674" lon="2.671811"/>
    <trkpt lat="39.592634" lon="2.671722"/>
    <trkpt lat="39.592606" lon="2.671647"/>
    <trkpt lat="39.592584" lon="2.671573"/>
    <trkpt lat="39.592567" lon="2.671496"/>
    <trkpt lat="39.592555" lon="2.671400"/>
    <trkpt lat="39.592550" lon="2.671313"/>
    <trkpt lat="39.592550" lon="2.671242"/>
    <trkpt lat="39.592553" lon="2.671169"/>
    <trkpt lat="39.592561" lon="2.671100"/>
    <trkpt lat="39.592574" lon="2.671014"/>
    <trkpt lat="39.592654" lon="2.670645"/>
    <trkpt lat="39.592837" lon="2.670041"/>
    <trkpt lat="39.592861" lon="2.669959"/>
    <trkpt lat="39.592890" lon="2.669876"/>
    <trkpt lat="39.592910" lon="2.669842"/>
    <trkpt lat="39.592950" lon="2.669782"/>
    <trkpt lat="39.592982" lon="2.669745"/>
    <trkpt lat="39.593048" lon="2.669706"/>
    <trkpt lat="39.593093" lon="2.669682"/>
    <trkpt lat="39.593133" lon="2.669648"/>
    <trkpt lat="39.593178" lon="2.669587"/>
    <trkpt lat="39.593209" lon="2.669512"/>
    <trkpt lat="39.593224" lon="2.669429"/>
    <trkpt lat="39.593222" lon="2.669344"/>
    <trkpt lat="39.593203" lon="2.669263"/>
    <trkpt lat="39.593160" lon="2.669180"/>
    <trkpt lat="39.593101" lon="2.669117"/>
    <trkpt lat="39.593029" lon="2.669081"/>
    <trkpt lat="39.592952" lon="2.669075"/>
    <trkpt lat="39.592927" lon="2.669080"/>
    <trkpt lat="39.592866" lon="2.669064"/>
    <trkpt lat="39.592796" lon="2.669034"/>
    <trkpt lat="39.592636" lon="2.668943"/>
    <trkpt lat="39.592537" lon="2.668877"/>
    <trkpt lat="39.592301" lon="2.668640"/>
    <trkpt lat="39.591776" lon="2.668130"/>
    <trkpt lat="39.591084" lon="2.667535"/>
    <trkpt lat="39.590877" lon="2.667355"/>
    <trkpt lat="39.590806" lon="2.667296"/>
    <trkpt lat="39.590187" lon="2.666789"/>
    <trkpt lat="39.589904" lon="2.666557"/>
    <trkpt lat="39.589783" lon="2.666458"/>
    <trkpt lat="39.589648" lon="2.666365"/>
    <trkpt lat="39.589313" lon="2.666133"/>
    <trkpt lat="39.589262" lon="2.666093"/>
    <trkpt lat="39.588857" lon="2.665780"/>
    <trkpt lat="39.588339" lon="2.665351"/>
    <trkpt lat="39.588211" lon="2.665239"/>
    <trkpt lat="39.587841" lon="2.664867"/>
    <trkpt lat="39.587551" lon="2.664538"/>
    <trkpt lat="39.587155" lon="2.664070"/>
    <trkpt lat="39.586992" lon="2.663863"/>
    <trkpt lat="39.586930" lon="2.663784"/>
    <trkpt lat="39.586867" lon="2.663707"/>
    <trkpt lat="39.586587" lon="2.663358"/>
    <trkpt lat="39.586255" lon="2.662975"/>
    <trkpt lat="39.586073" lon="2.662765"/>
    <trkpt lat="39.585966" lon="2.662666"/>
    <trkpt lat="39.585836" lon="2.662591"/>
    <trkpt lat="39.585666" lon="2.662552"/>
    <trkpt lat="39.585070" lon="2.662560"/>
    <trkpt lat="39.584686" lon="2.662562"/>
    <trkpt lat="39.584479" lon="2.662564"/>
    <trkpt lat="39.584397" lon="2.662542"/>
    <trkpt lat="39.583941" lon="2.662131"/>
    <trkpt lat="39.583670" lon="2.661888"/>
    <trkpt lat="39.583310" lon="2.661564"/>
    <trkpt lat="39.582537" lon="2.660868"/>
    <trkpt lat="39.582466" lon="2.660697"/>
    <trkpt lat="39.582353" lon="2.660588"/>
    <trkpt lat="39.582151" lon="2.660411"/>
    <trkpt lat="39.581581" lon="2.659903"/>
    <trkpt lat="39.580981" lon="2.659348"/>
    <trkpt lat="39.580173" lon="2.658624"/>
    <trkpt lat="39.580118" lon="2.658572"/>
    <trkpt lat="39.579605" lon="2.658090"/>
    <trkpt lat="39.579371" lon="2.657865"/>
    <trkpt lat="39.579345" lon="2.657908"/>
    <trkpt lat="39.579308" lon="2.657963"/>
    <trkpt lat="39.579000" lon="2.658326"/>
    <trkpt lat="39.578920" lon="2.658418"/>
    <trkpt lat="39.578901" lon="2.658441"/>
    <trkpt lat="39.578496" lon="2.658913"/>
    <trkpt lat="39.578444" lon="2.658841"/>
    <trkpt lat="39.578308" lon="2.658603"/>
    <trkpt lat="39.578187" lon="2.658439"/>
    <trkpt lat="39.577618" lon="2.657669"/>
    <trkpt lat="39.576990" lon="2.656787"/>
    <trkpt lat="39.576606" lon="2.656231"/>
    <trkpt lat="39.576477" lon="2.656045"/>
    <trkpt lat="39.576404" lon="2.655945"/>
    <trkpt lat="39.576372" lon="2.655770"/>
    <trkpt lat="39.576140" lon="2.655437"/>
    <trkpt lat="39.576024" lon="2.655272"/>
  </trkseg></trk>
</gpx>
