<?xml version="1.0" encoding="UTF-8"?>
<gpx version="1.1" creator="top-gas" xmlns="http://www.topografix.com/GPX/1/1" xmlns:xsi="http://www.w3.org/2001/XMLSchema-instance" xsi:schemaLocation="http://www.topografix.com/GPX/1/1 http://www.topografix.com/GPX/1/1/gpx.xsd">
  <metadata><name>06 · Galilea, Puigpunyent y Es Capdellà (Media)</name><desc>Carretera estrecha y muy revirada por el interior de la Serra, con pueblos de montaña y poco tráfico. Dificultad: Media. Distancia aprox.: 57 km.</desc><keywords>moto, mallorca, media</keywords></metadata>
  <wpt lat="39.576000" lon="2.655300"><name>Palma (Plaça d'Espanya)</name></wpt>
  <wpt lat="39.624700" lon="2.526400"><name>Puigpunyent</name></wpt>
  <wpt lat="39.611700" lon="2.483900"><name>Galilea</name></wpt>
  <wpt lat="39.576100" lon="2.461700"><name>Es Capdellà</name></wpt>
  <wpt lat="39.565800" lon="2.504700"><name>Calvià</name></wpt>
  <trk><name>06 · Galilea, Puigpunyent y Es Capdellà (Media)</name><desc>Carretera estrecha y muy revirada por el interior de la Serra, con pueblos de montaña y poco tráfico. Dificultad: Media. Distancia aprox.: 57 km.</desc><type>Moto</type><trkseg>
    <trkpt lat="39.576024" lon="2.655272"/>
    <trkpt lat="39.575429" lon="2.654423"/>
    <trkpt lat="39.575697" lon="2.654084"/>
    <trkpt lat="39.575734" lon="2.654057"/>
    <trkpt lat="39.575901" lon="2.653860"/>
    <trkpt lat="39.575926" lon="2.653835"/>
    <trkpt lat="39.575951" lon="2.653820"/>
    <trkpt lat="39.575996" lon="2.653802"/>
    <trkpt lat="39.576082" lon="2.653788"/>
    <trkpt lat="39.576092" lon="2.653774"/>
    <trkpt lat="39.576237" lon="2.653617"/>
    <trkpt lat="39.576267" lon="2.653590"/>
    <trkpt lat="39.576335" lon="2.653538"/>
    <trkpt lat="39.576487" lon="2.653436"/>
    <trkpt lat="39.576799" lon="2.653225"/>
    <trkpt lat="39.577293" lon="2.652892"/>
    <trkpt lat="39.577401" lon="2.652692"/>
    <trkpt lat="39.577417" lon="2.652645"/>
    <trkpt lat="39.577513" lon="2.652360"/>
    <trkpt lat="39.577600" lon="2.652104"/>
    <trkpt lat="39.577833" lon="2.651427"/>
    <trkpt lat="39.577850" lon="2.651385"/>
    <trkpt lat="39.577993" lon="2.650945"/>
    <trkpt lat="39.578045" lon="2.650789"/>
    <trkpt lat="39.578317" lon="2.649982"/>
    <trkpt lat="39.578527" lon="2.649336"/>
    <trkpt lat="39.578585" lon="2.649171"/>
    <trkpt lat="39.578607" lon="2.649105"/>
    <trkpt lat="39.578613" lon="2.649049"/>
    <trkpt lat="39.578642" lon="2.648951"/>
    <trkpt lat="39.578676" lon="2.648888"/>
    <trkpt lat="39.578768" lon="2.648811"/>
    <trkpt lat="39.578920" lon="2.648689"/>
    <trkpt lat="39.579276" lon="2.648432"/>
    <trkpt lat="39.579630" lon="2.648138"/>
    <trkpt lat="39.579743" lon="2.648012"/>
    <trkpt lat="39.579776" lon="2.647988"/>
    <trkpt lat="39.580148" lon="2.647713"/>
    <trkpt lat="39.580278" lon="2.647640"/>
    <trkpt lat="39.580295" lon="2.647630"/>
    <trkpt lat="39.580454" lon="2.647573"/>
    <trkpt lat="39.581058" lon="2.647334"/>
    <trkpt lat="39.581182" lon="2.647292"/>
    <trkpt lat="39.581832" lon="2.647097"/>
    <trkpt lat="39.582014" lon="2.647042"/>
    <trkpt lat="39.581975" lon="2.646900"/>
    <trkpt lat="39.581937" lon="2.646781"/>
    <trkpt lat="39.581700" lon="2.646043"/>
    <trkpt lat="39.581652" lon="2.645047"/>
    <trkpt lat="39.581647" lon="2.644964"/>
    <trkpt lat="39.581642" lon="2.644921"/>
    <trkpt lat="39.581591" lon="2.644605"/>
    <trkpt lat="39.581754" lon="2.644398"/>
    <trkpt lat="39.581778" lon="2.644370"/>
    <trkpt lat="39.582552" lon="2.643265"/>
    <trkpt lat="39.582561" lon="2.643259"/>
    <trkpt lat="39.582683" lon="2.643159"/>
    <trkpt lat="39.582790" lon="2.643051"/>
    <trkpt lat="39.583207" lon="2.642688"/>
    <trkpt lat="39.583805" lon="2.641984"/>
    <trkpt lat="39.584135" lon="2.641601"/>
    <trkpt lat="39.584397" lon="2.641349"/>
    <trkpt lat="39.585121" lon="2.640761"/>
    <trkpt lat="39.585196" lon="2.640700"/>
    <trkpt lat="39.585252" lon="2.640669"/>
    <trkpt lat="39.585311" lon="2.640648"/>
    <trkpt lat="39.585406" lon="2.640619"/>
    <trkpt lat="39.585491" lon="2.640626"/>
    <trkpt lat="39.585578" lon="2.640600"/>
    <trkpt lat="39.585634" lon="2.640554"/>
    <trkpt lat="39.585688" lon="2.640493"/>
    <trkpt lat="39.585730" lon="2.640404"/>
    <trkpt lat="39.585748" lon="2.640306"/>
    <trkpt lat="39.585750" lon="2.640227"/>
    <trkpt lat="39.585853" lon="2.640006"/>
    <trkpt lat="39.585984" lon="2.639877"/>
    <trkpt lat="39.586098" lon="2.639771"/>
    <trkpt lat="39.586212" lon="2.639676"/>
    <trkpt lat="39.586332" lon="2.639585"/>
    <trkpt lat="39.586454" lon="2.639505"/>
    <trkpt lat="39.586573" lon="2.639431"/>
    <trkpt lat="39.586636" lon="2.639391"/>
    <trkpt lat="39.586762" lon="2.639305"/>
    <trkpt lat="39.586819" lon="2.639261"/>
    <trkpt lat="39.586877" lon="2.639213"/>
    <trkpt lat="39.586934" lon="2.639163"/>
    <trkpt lat="39.586989" lon="2.639110"/>
    <trkpt lat="39.587045" lon="2.639053"/>
    <trkpt lat="39.587096" lon="2.638996"/>
    <trkpt lat="39.587141" lon="2.638945"/>
    <trkpt lat="39.587210" lon="2.638860"/>
    <trkpt lat="39.587257" lon="2.638797"/>
    <trkpt lat="39.587306" lon="2.638728"/>
    <trkpt lat="39.587353" lon="2.638657"/>
    <trkpt lat="39.587422" lon="2.638541"/>
    <trkpt lat="39.587464" lon="2.638471"/>
    <trkpt lat="39.587511" lon="2.638384"/>
    <trkpt lat="39.587620" lon="2.638173"/>
    <trkpt lat="39.587690" lon="2.638026"/>
    <trkpt lat="39.587757" lon="2.637870"/>
    <trkpt lat="39.587819" lon="2.637718"/>
    <trkpt lat="39.587872" lon="2.637571"/>
    <trkpt lat="39.587935" lon="2.637388"/>
    <trkpt lat="39.587984" lon="2.637232"/>
    <trkpt lat="39.588029" lon="2.637065"/>
    <trkpt lat="39.588071" lon="2.636891"/>
    <trkpt lat="39.588116" lon="2.636686"/>
    <trkpt lat="39.588156" lon="2.636464"/>
    <trkpt lat="39.588181" lon="2.636290"/>
    <trkpt lat="39.588215" lon="2.636026"/>
    <trkpt lat="39.588228" lon="2.635938"/>
    <trkpt lat="39.588241" lon="2.635860"/>
    <trkpt lat="39.588256" lon="2.635789"/>
    <trkpt lat="39.588268" lon="2.635744"/>
    <trkpt lat="39.588281" lon="2.635699"/>
    <trkpt lat="39.588290" lon="2.635671"/>
    <trkpt lat="39.588312" lon="2.635628"/>
    <trkpt lat="39.588326" lon="2.635604"/>
    <trkpt lat="39.588350" lon="2.635572"/>
    <trkpt lat="39.588377" lon="2.635543"/>
    <trkpt lat="39.588403" lon="2.635519"/>
    <trkpt lat="39.588438" lon="2.635497"/>
    <trkpt lat="39.588464" lon="2.635483"/>
    <trkpt lat="39.588502" lon="2.635475"/>
    <trkpt lat="39.588530" lon="2.635476"/>
    <trkpt lat="39.588579" lon="2.635469"/>
    <trkpt lat="39.588618" lon="2.635463"/>
    <trkpt lat="39.588660" lon="2.635447"/>
    <trkpt lat="39.588692" lon="2.635428"/>
    <trkpt lat="39.588718" lon="2.635407"/>
    <trkpt lat="39.588745" lon="2.635382"/>
    <trkpt lat="39.588965" lon="2.635108"/>
    <trkpt lat="39.589005" lon="2.635052"/>
    <trkpt lat="39.589026" lon="2.635011"/>
    <trkpt lat="39.589045" lon="2.634955"/>
    <trkpt lat="39.589057" lon="2.634884"/>
    <trkpt lat="39.589066" lon="2.634816"/>
    <trkpt lat="39.589132" lon="2.634631"/>
    <trkpt lat="39.589150" lon="2.634603"/>
    <trkpt lat="39.589178" lon="2.634566"/>
    <trkpt lat="39.589189" lon="2.634553"/>
    <trkpt lat="39.589202" lon="2.634539"/>
    <trkpt lat="39.589243" lon="2.634508"/>
    <trkpt lat="39.589302" lon="2.634472"/>
    <trkpt lat="39.589531" lon="2.634331"/>
    <trkpt lat="39.589598" lon="2.634306"/>
    <trkpt lat="39.589655" lon="2.634286"/>
    <trkpt lat="39.589879" lon="2.634208"/>
    <trkpt lat="39.590088" lon="2.634144"/>
    <trkpt lat="39.590199" lon="2.634114"/>
    <trkpt lat="39.590529" lon="2.634032"/>
    <trkpt lat="39.590871" lon="2.633956"/>
    <trkpt lat="39.590970" lon="2.633931"/>
    <trkpt lat="39.591169" lon="2.633876"/>
    <trkpt lat="39.591330" lon="2.633822"/>
    <trkpt lat="39.591461" lon="2.633771"/>
    <trkpt lat="39.591630" lon="2.633703"/>
    <trkpt lat="39.591726" lon="2.633659"/>
    <trkpt lat="39.591792" lon="2.633627"/>
    <trkpt lat="39.591941" lon="2.633550"/>
    <trkpt lat="39.592090" lon="2.633464"/>
    <trkpt lat="39.592286" lon="2.633348"/>
    <trkpt lat="39.592363" lon="2.633338"/>
    <trkpt lat="39.592408" lon="2.633332"/>
    <trkpt lat="39.592432" lon="2.633329"/>
    <trkpt lat="39.592499" lon="2.633320"/>
    <trkpt lat="39.592544" lon="2.633351"/>
    <trkpt lat="39.592594" lon="2.633365"/>
    <trkpt lat="39.592645" lon="2.633359"/>
    <trkpt lat="39.592682" lon="2.633344"/>
    <trkpt lat="39.592715" lon="2.633318"/>
    <trkpt lat="39.592743" lon="2.633284"/>
    <trkpt lat="39.592763" lon="2.633249"/>
    <trkpt lat="39.592782" lon="2.633190"/>
    <trkpt lat="39.592788" lon="2.633117"/>
    <trkpt lat="39.592885" lon="2.632902"/>
    <trkpt lat="39.592985" lon="2.632812"/>
    <trkpt lat="39.593308" lon="2.632520"/>
    <trkpt lat="39.593444" lon="2.632379"/>
    <trkpt lat="39.593552" lon="2.632256"/>
    <trkpt lat="39.593651" lon="2.632136"/>
    <trkpt lat="39.593787" lon="2.631971"/>
    <trkpt lat="39.594003" lon="2.631698"/>
    <trkpt lat="39.594226" lon="2.631411"/>
    <trkpt lat="39.594285" lon="2.631335"/>
    <trkpt lat="39.594449" lon="2.631125"/>
    <trkpt lat="39.594543" lon="2.631008"/>
    <trkpt lat="39.594686" lon="2.630830"/>
    <trkpt lat="39.595320" lon="2.630029"/>
    <trkpt lat="39.595415" lon="2.629912"/>
    <trkpt lat="39.595916" lon="2.629246"/>
    <trkpt lat="39.596097" lon="2.629025"/>
    <trkpt lat="39.596181" lon="2.628914"/>
    <trkpt lat="39.596484" lon="2.628585"/>
    <trkpt lat="39.596667" lon="2.628427"/>
    <trkpt lat="39.597132" lon="2.628051"/>
    <trkpt lat="39.597507" lon="2.627743"/>
    <trkpt lat="39.597624" lon="2.627645"/>
    <trkpt lat="39.597725" lon="2.627536"/>
    <trkpt lat="39.597795" lon="2.627450"/>
    <trkpt lat="39.597930" lon="2.627382"/>
    <trkpt lat="39.597970" lon="2.627372"/>
    <trkpt lat="39.598035" lon="2.627357"/>
    <trkpt lat="39.598105" lon="2.627362"/>
    <trkpt lat="39.598154" lon="2.627374"/>
    <trkpt lat="39.598189" lon="2.627371"/>
    <trkpt lat="39.598222" lon="2.627359"/>
    <trkpt lat="39.598253" lon="2.627337"/>
    <trkpt lat="39.598279" lon="2.627307"/>
    <trkpt lat="39.598307" lon="2.627255"/>
    <trkpt lat="39.598321" lon="2.627193"/>
    <trkpt lat="39.598384" lon="2.627058"/>
    <trkpt lat="39.598509" lon="2.626914"/>
    <trkpt lat="39.598659" lon="2.626803"/>
    <trkpt lat="39.598713" lon="2.626759"/>
    <trkpt lat="39.598914" lon="2.626587"/>
    <trkpt lat="39.599045" lon="2.626462"/>
    <trkpt lat="39.599181" lon="2.626315"/>
    <trkpt lat="39.599339" lon="2.626121"/>
    <trkpt lat="39.600053" lon="2.625153"/>
    <trkpt lat="39.600453" lon="2.624609"/>
    <trkpt lat="39.600972" lon="2.623861"/>
    <trkpt lat="39.601533" lon="2.623027"/>
    <trkpt lat="39.601868" lon="2.622537"/>
    <trkpt lat="39.602667" lon="2.621369"/>
    <trkpt lat="39.602820" lon="2.621140"/>
    <trkpt lat="39.602914" lon="2.620984"/>
    <trkpt lat="39.603049" lon="2.620738"/>
    <trkpt lat="39.603167" lon="2.620516"/>
    <trkpt lat="39.603194" lon="2.620466"/>
    <trkpt lat="39.603224" lon="2.620429"/>
    <trkpt lat="39.603262" lon="2.620395"/>
    <trkpt lat="39.603305" lon="2.620374"/>
    <trkpt lat="39.604029" lon="2.620137"/>
    <trkpt lat="39.604173" lon="2.620090"/>
    <trkpt lat="39.604215" lon="2.620074"/>
    <trkpt lat="39.606093" lon="2.619456"/>
    <trkpt lat="39.607901" lon="2.618861"/>
    <trkpt lat="39.607978" lon="2.618835"/>
    <trkpt lat="39.609388" lon="2.618373"/>
    <trkpt lat="39.610823" lon="2.617903"/>
    <trkpt lat="39.613828" lon="2.616911"/>
    <trkpt lat="39.614977" lon="2.616542"/>
    <trkpt lat="39.615710" lon="2.616294"/>
    <trkpt lat="39.615812" lon="2.616263"/>
    <trkpt lat="39.615952" lon="2.616235"/>
    <trkpt lat="39.617286" lon="2.616020"/>
    <trkpt lat="39.617410" lon="2.615977"/>
    <trkpt lat="39.617482" lon="2.615926"/>
    <trkpt lat="39.617551" lon="2.615854"/>
    <trkpt lat="39.617890" lon="2.615423"/>
    <trkpt lat="39.617930" lon="2.615352"/>
    <trkpt lat="39.617972" lon="2.615260"/>
    <trkpt lat="39.618024" lon="2.615133"/>
    <trkpt lat="39.618104" lon="2.614931"/>
    <trkpt lat="39.618162" lon="2.614765"/>
    <trkpt lat="39.618209" lon="2.614597"/>
    <trkpt lat="39.618283" lon="2.614277"/>
    <trkpt lat="39.618371" lon="2.613901"/>
    <trkpt lat="39.618411" lon="2.613739"/>
    <trkpt lat="39.618568" lon="2.613137"/>
    <trkpt lat="39.618602" lon="2.612973"/>
    <trkpt lat="39.618628" lon="2.612790"/>
    <trkpt lat="39.618645" lon="2.612601"/>
    <trkpt lat="39.618658" lon="2.612390"/>
    <trkpt lat="39.618677" lon="2.612205"/>
    <trkpt lat="39.618747" lon="2.611706"/>
    <trkpt lat="39.618777" lon="2.611549"/>
    <trkpt lat="39.618819" lon="2.611412"/>
    <trkpt lat="39.619047" lon="2.610808"/>
    <trkpt lat="39.619091" lon="2.610663"/>
    <trkpt lat="39.619122" lon="2.610492"/>
    <trkpt lat="39.619132" lon="2.610306"/>
    <trkpt lat="39.619126" lon="2.610206"/>
    <trkpt lat="39.619104" lon="2.610078"/>
    <trkpt lat="39.619092" lon="2.610025"/>
    <trkpt lat="39.619035" lon="2.609765"/>
    <trkpt lat="39.619019" lon="2.609661"/>
    <trkpt lat="39.619015" lon="2.609554"/>
    <trkpt lat="39.619032" lon="2.609446"/>
    <trkpt lat="39.619068" lon="2.609325"/>
    <trkpt lat="39.619139" lon="2.609153"/>
    <trkpt lat="39.619251" lon="2.608876"/>
    <trkpt lat="39.619330" lon="2.608633"/>
    <trkpt lat="39.619495" lon="2.608086"/>
    <trkpt lat="39.619566" lon="2.607853"/>
    <trkpt lat="39.619926" lon="2.606971"/>
    <trkpt lat="39.619964" lon="2.606857"/>
    <trkpt lat="39.620002" lon="2.606702"/>
    <trkpt lat="39.620118" lon="2.606024"/>
    <trkpt lat="39.620151" lon="2.605872"/>
    <trkpt lat="39.620175" lon="2.605787"/>
    <trkpt lat="39.620225" lon="2.605677"/>
    <trkpt lat="39.620339" lon="2.605469"/>
    <trkpt lat="39.620418" lon="2.605321"/>
    <trkpt lat="39.620441" lon="2.605272"/>
    <trkpt lat="39.620461" lon="2.605227"/>
    <trkpt lat="39.620512" lon="2.605092"/>
    <trkpt lat="39.620556" lon="2.604937"/>
    <trkpt lat="39.620585" lon="2.604791"/>
    <trkpt lat="39.620604" lon="2.604638"/>
    <trkpt lat="39.620642" lon="2.604132"/>
    <trkpt lat="39.620655" lon="2.603939"/>
    <trkpt lat="39.620658" lon="2.603778"/>
    <trkpt lat="39.620653" lon="2.603590"/>
    <trkpt lat="39.620637" lon="2.603398"/>
    <trkpt lat="39.620502" lon="2.602229"/>
    <trkpt lat="39.620457" lon="2.601877"/>
    <trkpt lat="39.620430" lon="2.601712"/>
    <trkpt lat="39.620375" lon="2.601519"/>
    <trkpt lat="39.620301" lon="2.601345"/>
    <trkpt lat="39.620216" lon="2.601207"/>
    <trkpt lat="39.620127" lon="2.601099"/>
    <trkpt lat="39.620037" lon="2.601009"/>
    <trkpt lat="39.619918" lon="2.600921"/>
    <trkpt lat="39.619843" lon="2.600881"/>
    <trkpt lat="39.619746" lon="2.600843"/>
    <trkpt lat="39.619494" lon="2.600779"/>
    <trkpt lat="39.619385" lon="2.600745"/>
    <trkpt lat="39.619289" lon="2.600698"/>
    <trkpt lat="39.619212" lon="2.600642"/>
    <trkpt lat="39.619152" lon="2.600576"/>
    <trkpt lat="39.619067" lon="2.600423"/>
    <trkpt lat="39.618997" lon="2.600263"/>
    <trkpt lat="39.618863" lon="2.599911"/>
    <trkpt lat="39.618798" lon="2.599717"/>
    <trkpt lat="39.618755" lon="2.599559"/>
    <trkpt lat="39.618722" lon="2.599411"/>
    <trkpt lat="39.618645" lon="2.599000"/>
    <trkpt lat="39.618370" lon="2.597428"/>
    <trkpt lat="39.618260" lon="2.596783"/>
    <trkpt lat="39.618146" lon="2.596077"/>
    <trkpt lat="39.618107" lon="2.595795"/>
    <trkpt lat="39.618079" lon="2.595502"/>
    <trkpt lat="39.618057" lon="2.595058"/>
    <trkpt lat="39.618032" lon="2.594325"/>
    <trkpt lat="39.618024" lon="2.594151"/>
    <trkpt lat="39.618011" lon="2.594004"/>
    <trkpt lat="39.617989" lon="2.593865"/>
    <trkpt lat="39.617954" lon="2.593706"/>
    <trkpt lat="39.617872" lon="2.593412"/>
    <trkpt lat="39.617832" lon="2.593292"/>
    <trkpt lat="39.617779" lon="2.593196"/>
    <trkpt lat="39.617715" lon="2.593120"/>
    <trkpt lat="39.617631" lon="2.593055"/>
    <trkpt lat="39.617545" lon="2.593010"/>
    <trkpt lat="39.617423" lon="2.592970"/>
    <trkpt lat="39.617209" lon="2.592932"/>
    <trkpt lat="39.617133" lon="2.592914"/>
    <trkpt lat="39.617059" lon="2.592889"/>
    <trkpt lat="39.616940" lon="2.592834"/>
    <trkpt lat="39.616823" lon="2.592738"/>
    <trkpt lat="39.616722" lon="2.592566"/>
    <trkpt lat="39.616677" lon="2.592383"/>
    <trkpt lat="39.616646" lon="2.592168"/>
    <trkpt lat="39.616643" lon="2.591929"/>
    <trkpt lat="39.616659" lon="2.591060"/>
    <trkpt lat="39.616658" lon="2.590816"/>
    <trkpt lat="39.616647" lon="2.590686"/>
    <trkpt lat="39.616619" lon="2.590546"/>
    <trkpt lat="39.616560" lon="2.590361"/>
    <trkpt lat="39.616454" lon="2.590097"/>
    <trkpt lat="39.616369" lon="2.589917"/>
    <trkpt lat="39.616302" lon="2.589788"/>
    <trkpt lat="39.616148" lon="2.589515"/>
    <trkpt lat="39.616051" lon="2.589360"/>
    <trkpt lat="39.615937" lon="2.589215"/>
    <trkpt lat="39.615750" lon="2.588992"/>
    <trkpt lat="39.615507" lon="2.588739"/>
    <trkpt lat="39.615353" lon="2.588603"/>
    <trkpt lat="39.615246" lon="2.588515"/>
    <trkpt lat="39.614602" lon="2.588040"/>
    <trkpt lat="39.614460" lon="2.587940"/>
    <trkpt lat="39.614186" lon="2.587756"/>
    <trkpt lat="39.613679" lon="2.587446"/>
    <trkpt lat="39.613517" lon="2.587339"/>
    <trkpt lat="39.613429" lon="2.587273"/>
    <trkpt lat="39.613348" lon="2.587199"/>
    <trkpt lat="39.613281" lon="2.587124"/>
    <trkpt lat="39.613210" lon="2.587013"/>
    <trkpt lat="39.613168" lon="2.586916"/>
    <trkpt lat="39.613145" lon="2.586849"/>
    <trkpt lat="39.613120" lon="2.586763"/>
    <trkpt lat="39.613075" lon="2.586596"/>
    <trkpt lat="39.613049" lon="2.586501"/>
    <trkpt lat="39.612833" lon="2.585663"/>
    <trkpt lat="39.612747" lon="2.585291"/>
    <trkpt lat="39.612687" lon="2.584998"/>
    <trkpt lat="39.612630" lon="2.584645"/>
    <trkpt lat="39.612573" lon="2.584240"/>
    <trkpt lat="39.612540" lon="2.584030"/>
    <trkpt lat="39.612494" lon="2.583826"/>
    <trkpt lat="39.612461" lon="2.583709"/>
    <trkpt lat="39.612411" lon="2.583559"/>
    <trkpt lat="39.612331" lon="2.583368"/>
    <trkpt lat="39.612061" lon="2.582803"/>
    <trkpt lat="39.611981" lon="2.582624"/>
    <trkpt lat="39.611930" lon="2.582497"/>
    <trkpt lat="39.611879" lon="2.582351"/>
    <trkpt lat="39.611844" lon="2.582229"/>
    <trkpt lat="39.611810" lon="2.582088"/>
    <trkpt lat="39.611785" lon="2.581947"/>
    <trkpt lat="39.611753" lon="2.581744"/>
    <trkpt lat="39.611736" lon="2.581585"/>
    <trkpt lat="39.611721" lon="2.581437"/>
    <trkpt lat="39.611703" lon="2.581285"/>
    <trkpt lat="39.611670" lon="2.581067"/>
    <trkpt lat="39.611638" lon="2.580919"/>
    <trkpt lat="39.611588" lon="2.580734"/>
    <trkpt lat="39.611485" lon="2.580444"/>
    <trkpt lat="39.611108" lon="2.579525"/>
    <trkpt lat="39.610977" lon="2.579202"/>
    <trkpt lat="39.610862" lon="2.578923"/>
    <trkpt lat="39.610741" lon="2.578591"/>
    <trkpt lat="39.610533" lon="2.577949"/>
    <trkpt lat="39.610388" lon="2.577519"/>
    <trkpt lat="39.610256" lon="2.577085"/>
    <trkpt lat="39.610149" lon="2.576553"/>
    <trkpt lat="39.610081" lon="2.576283"/>
    <trkpt lat="39.610004" lon="2.576023"/>
    <trkpt lat="39.609901" lon="2.575732"/>
    <trkpt lat="39.609733" lon="2.575322"/>
    <trkpt lat="39.609600" lon="2.575010"/>
    <trkpt lat="39.609511" lon="2.574767"/>
    <trkpt lat="39.609433" lon="2.574528"/>
    <trkpt lat="39.609329" lon="2.574226"/>
    <trkpt lat="39.609215" lon="2.573911"/>
    <trkpt lat="39.609171" lon="2.573768"/>
    <trkpt lat="39.609156" lon="2.573642"/>
    <trkpt lat="39.609151" lon="2.573482"/>
    <trkpt lat="39.609177" lon="2.572592"/>
    <trkpt lat="39.609173" lon="2.572385"/>
    <trkpt lat="39.609162" lon="2.572214"/>
    <trkpt lat="39.609135" lon="2.572059"/>
    <trkpt lat="39.609047" lon="2.571683"/>
    <trkpt lat="39.609003" lon="2.571502"/>
    <trkpt lat="39.608983" lon="2.571397"/>
    <trkpt lat="39.608982" lon="2.571234"/>
    <trkpt lat="39.608988" lon="2.571082"/>
    <trkpt lat="39.609001" lon="2.570943"/>
    <trkpt lat="39.609030" lon="2.570749"/>
    <trkpt lat="39.609078" lon="2.570560"/>
    <trkpt lat="39.609130" lon="2.570362"/>
    <trkpt lat="39.609199" lon="2.570074"/>
    <trkpt lat="39.609239" lon="2.569908"/>
    <trkpt lat="39.609303" lon="2.569723"/>
    <trkpt lat="39.609362" lon="2.569599"/>
    <trkpt lat="39.609505" lon="2.569332"/>
    <trkpt lat="39.609604" lon="2.569166"/>
    <trkpt lat="39.609692" lon="2.569041"/>
    <trkpt lat="39.609747" lon="2.568975"/>
    <trkpt lat="39.609887" lon="2.568818"/>
    <trkpt lat="39.610035" lon="2.568583"/>
    <trkpt lat="39.610201" lon="2.568296"/>
    <trkpt lat="39.610448" lon="2.567825"/>
    <trkpt lat="39.610634" lon="2.567412"/>
    <trkpt lat="39.610727" lon="2.567205"/>
    <trkpt lat="39.611086" lon="2.566389"/>
    <trkpt lat="39.611222" lon="2.566058"/>
    <trkpt lat="39.611298" lon="2.565856"/>
    <trkpt lat="39.611415" lon="2.565537"/>
    <trkpt lat="39.611499" lon="2.565262"/>
    <trkpt lat="39.611787" lon="2.564151"/>
    <trkpt lat="39.611815" lon="2.564034"/>
    <trkpt lat="39.611840" lon="2.563877"/>
    <trkpt lat="39.611857" lon="2.563673"/>
    <trkpt lat="39.611870" lon="2.563489"/>
    <trkpt lat="39.611880" lon="2.563304"/>
    <trkpt lat="39.611886" lon="2.563069"/>
    <trkpt lat="39.611884" lon="2.562785"/>
    <trkpt lat="39.611874" lon="2.562544"/>
    <trkpt lat="39.611851" lon="2.562345"/>
    <trkpt lat="39.611841" lon="2.562215"/>
    <trkpt lat="39.611846" lon="2.562128"/>
    <trkpt lat="39.611860" lon="2.562047"/>
    <trkpt lat="39.611881" lon="2.561977"/>
    <trkpt lat="39.611979" lon="2.561658"/>
    <trkpt lat="39.612039" lon="2.561451"/>
    <trkpt lat="39.612116" lon="2.561133"/>
    <trkpt lat="39.612187" lon="2.560789"/>
    <trkpt lat="39.612237" lon="2.560452"/>
    <trkpt lat="39.612367" lon="2.559503"/>
    <trkpt lat="39.612379" lon="2.559374"/>
    <trkpt lat="39.612386" lon="2.559249"/>
    <trkpt lat="39.612387" lon="2.558539"/>
    <trkpt lat="39.612397" lon="2.558389"/>
    <trkpt lat="39.612415" lon="2.558232"/>
    <trkpt lat="39.612460" lon="2.557985"/>
    <trkpt lat="39.612496" lon="2.557824"/>
    <trkpt lat="39.612552" lon="2.557623"/>
    <trkpt lat="39.612663" lon="2.557251"/>
    <trkpt lat="39.612840" lon="2.556707"/>
    <trkpt lat="39.612898" lon="2.556545"/>
    <trkpt lat="39.612961" lon="2.556393"/>
    <trkpt lat="39.613042" lon="2.556220"/>
    <trkpt lat="39.613243" lon="2.555849"/>
    <trkpt lat="39.613458" lon="2.555531"/>
    <trkpt lat="39.613525" lon="2.555414"/>
    <trkpt lat="39.613604" lon="2.555226"/>
    <trkpt lat="39.614018" lon="2.554018"/>
    <trkpt lat="39.614070" lon="2.553890"/>
    <trkpt lat="39.614129" lon="2.553758"/>
    <trkpt lat="39.614191" lon="2.553642"/>
    <trkpt lat="39.614351" lon="2.553383"/>
    <trkpt lat="39.614454" lon="2.553178"/>
    <trkpt lat="39.614536" lon="2.552991"/>
    <trkpt lat="39.614616" lon="2.552848"/>
    <trkpt lat="39.614712" lon="2.552723"/>
    <trkpt lat="39.614812" lon="2.552621"/>
    <trkpt lat="39.614938" lon="2.552514"/>
    <trkpt lat="39.615012" lon="2.552471"/>
    <trkpt lat="39.615096" lon="2.552437"/>
    <trkpt lat="39.615229" lon="2.552398"/>
    <trkpt lat="39.615500" lon="2.552343"/>
    <trkpt lat="39.615858" lon="2.552233"/>
    <trkpt lat="39.616035" lon="2.552163"/>
    <trkpt lat="39.616181" lon="2.552072"/>
    <trkpt lat="39.616331" lon="2.551949"/>
    <trkpt lat="39.616470" lon="2.551800"/>
    <trkpt lat="39.616559" lon="2.551660"/>
    <trkpt lat="39.616632" lon="2.551510"/>
    <trkpt lat="39.616677" lon="2.551326"/>
    <trkpt lat="39.616705" lon="2.551130"/>
    <trkpt lat="39.616711" lon="2.550875"/>
    <trkpt lat="39.616700" lon="2.550576"/>
    <trkpt lat="39.616710" lon="2.550265"/>
    <trkpt lat="39.616755" lon="2.549801"/>
    <trkpt lat="39.616805" lon="2.549517"/>
    <trkpt lat="39.616864" lon="2.549292"/>
    <trkpt lat="39.617222" lon="2.548185"/>
    <trkpt lat="39.617516" lon="2.547263"/>
    <trkpt lat="39.617703" lon="2.546687"/>
    <trkpt lat="39.617760" lon="2.546507"/>
    <trkpt lat="39.617798" lon="2.546361"/>
    <trkpt lat="39.617854" lon="2.546054"/>
    <trkpt lat="39.617982" lon="2.545312"/>
    <trkpt lat="39.618046" lon="2.545062"/>
    <trkpt lat="39.618153" lon="2.544729"/>
    <trkpt lat="39.618303" lon="2.544269"/>
    <trkpt lat="39.618435" lon="2.543881"/>
    <trkpt lat="39.618543" lon="2.543615"/>
    <trkpt lat="39.618694" lon="2.543279"/>
    <trkpt lat="39.619191" lon="2.542180"/>
    <trkpt lat="39.619357" lon="2.541810"/>
    <trkpt lat="39.619505" lon="2.541511"/>
    <trkpt lat="39.619650" lon="2.541246"/>
    <trkpt lat="39.619779" lon="2.541030"/>
    <trkpt lat="39.619848" lon="2.540928"/>
    <trkpt lat="39.619931" lon="2.540817"/>
    <trkpt lat="39.620080" lon="2.540613"/>
    <trkpt lat="39.620156" lon="2.540494"/>
    <trkpt lat="39.620196" lon="2.540421"/>
    <trkpt lat="39.620225" lon="2.540361"/>
    <trkpt lat="39.620279" lon="2.540237"/>
    <trkpt lat="39.620328" lon="2.540099"/>
    <trkpt lat="39.620442" lon="2.539672"/>
    <trkpt lat="39.620495" lon="2.539467"/>
    <trkpt lat="39.620536" lon="2.539260"/>
    <trkpt lat="39.620557" lon="2.539112"/>
    <trkpt lat="39.620578" lon="2.538863"/>
    <trkpt lat="39.620590" lon="2.538603"/>
    <trkpt lat="39.620592" lon="2.538321"/>
    <trkpt lat="39.620579" lon="2.538044"/>
    <trkpt lat="39.620521" lon="2.537390"/>
    <trkpt lat="39.620485" lon="2.537158"/>
    <trkpt lat="39.620426" lon="2.536913"/>
    <trkpt lat="39.620371" lon="2.536736"/>
    <trkpt lat="39.620187" lon="2.536251"/>
    <trkpt lat="39.620120" lon="2.536060"/>
    <trkpt lat="39.620101" lon="2.535960"/>
    <trkpt lat="39.620096" lon="2.535864"/>
    <trkpt lat="39.620098" lon="2.535731"/>
    <trkpt lat="39.620120" lon="2.535574"/>
    <trkpt lat="39.620149" lon="2.535432"/>
    <trkpt lat="39.620213" lon="2.535202"/>
    <trkpt lat="39.620314" lon="2.534928"/>
    <trkpt lat="39.620423" lon="2.534647"/>
    <trkpt lat="39.620474" lon="2.534485"/>
    <trkpt lat="39.620515" lon="2.534261"/>
    <trkpt lat="39.620639" lon="2.533382"/>
    <trkpt lat="39.620713" lon="2.532899"/>
    <trkpt lat="39.620800" lon="2.532564"/>
    <trkpt lat="39.620896" lon="2.532276"/>
    <trkpt lat="39.620943" lon="2.532066"/>
    <trkpt lat="39.620974" lon="2.531862"/>
    <trkpt lat="39.621073" lon="2.531162"/>
    <trkpt lat="39.621186" lon="2.530346"/>
    <trkpt lat="39.621209" lon="2.530209"/>
    <trkpt lat="39.621271" lon="2.529826"/>
    <trkpt lat="39.621316" lon="2.529578"/>
    <trkpt lat="39.621377" lon="2.529263"/>
    <trkpt lat="39.621451" lon="2.528961"/>
    <trkpt lat="39.621500" lon="2.528782"/>
    <trkpt lat="39.621734" lon="2.527885"/>
    <trkpt lat="39.621762" lon="2.527780"/>
    <trkpt lat="39.621922" lon="2.527129"/>
    <trkpt lat="39.621939" lon="2.527060"/>
    <trkpt lat="39.622438" lon="2.527232"/>
    <trkpt lat="39.623138" lon="2.527454"/>
    <trkpt lat="39.623298" lon="2.527065"/>
    <trkpt lat="39.623382" lon="2.527007"/>
    <trkpt lat="39.623448" lon="2.526975"/>
    <trkpt lat="39.623476" lon="2.526962"/>
    <trkpt lat="39.623568" lon="2.527012"/>
    <trkpt lat="39.623636" lon="2.527012"/>
    <trkpt lat="39.624032" lon="2.527013"/>
    <trkpt lat="39.625884" lon="2.526966"/>
    <trkpt lat="39.625882" lon="2.526887"/>
    <trkpt lat="39.625870" lon="2.526490"/>
    <trkpt lat="39.625796" lon="2.526387"/>
    <trkpt lat="39.625694" lon="2.526363"/>
    <trkpt lat="39.625307" lon="2.526383"/>
    <trkpt lat="39.625248" lon="2.526386"/>
    <trkpt lat="39.625194" lon="2.526388"/>
    <trkpt lat="39.624700" lon="2.526406"/>
    <trkpt lat="39.623279" lon="2.526459"/>
    <trkpt lat="39.623242" lon="2.526460"/>
    <trkpt lat="39.623118" lon="2.526468"/>
    <trkpt lat="39.623084" lon="2.526471"/>
    <trkpt lat="39.623063" lon="2.526436"/>
    <trkpt lat="39.623037" lon="2.526419"/>
    <trkpt lat="39.622978" lon="2.526419"/>
    <trkpt lat="39.622812" lon="2.526447"/>
    <trkpt lat="39.622664" lon="2.526480"/>
    <trkpt lat="39.622547" lon="2.526594"/>
    <trkpt lat="39.622477" lon="2.526955"/>
    <trkpt lat="39.622444" lon="2.527188"/>
    <trkpt lat="39.622438" lon="2.527232"/>
    <trkpt lat="39.621939" lon="2.527060"/>
    <trkpt lat="39.621875" lon="2.527016"/>
    <trkpt lat="39.621813" lon="2.526964"/>
    <trkpt lat="39.621510" lon="2.526670"/>
    <trkpt lat="39.621465" lon="2.526632"/>
    <trkpt lat="39.621322" lon="2.526509"/>
    <trkpt lat="39.621195" lon="2.526454"/>
    <trkpt lat="39.621148" lon="2.526434"/>
    <trkpt lat="39.621119" lon="2.526420"/>
    <trkpt lat="39.621055" lon="2.526390"/>
    <trkpt lat="39.620906" lon="2.526322"/>
    <trkpt lat="39.620716" lon="2.526085"/>
    <trkpt lat="39.620448" lon="2.525750"/>
    <trkpt lat="39.620233" lon="2.525482"/>
    <trkpt lat="39.620231" lon="2.525339"/>
    <trkpt lat="39.620160" lon="2.524704"/>
    <trkpt lat="39.620144" lon="2.524567"/>
    <trkpt lat="39.620153" lon="2.524459"/>
    <trkpt lat="39.620157" lon="2.524409"/>
    <trkpt lat="39.620205" lon="2.524220"/>
    <trkpt lat="39.620353" lon="2.523614"/>
    <trkpt lat="39.620375" lon="2.523510"/>
    <trkpt lat="39.620471" lon="2.522922"/>
    <trkpt lat="39.620773" lon="2.521660"/>
    <trkpt lat="39.620857" lon="2.521293"/>
    <trkpt lat="39.620851" lon="2.520862"/>
    <trkpt lat="39.620777" lon="2.520291"/>
    <trkpt lat="39.620767" lon="2.520216"/>
    <trkpt lat="39.620720" lon="2.519948"/>
    <trkpt lat="39.620720" lon="2.519853"/>
    <trkpt lat="39.620768" lon="2.519780"/>
    <trkpt lat="39.620957" lon="2.519617"/>
    <trkpt lat="39.621119" lon="2.519460"/>
    <trkpt lat="39.621231" lon="2.519294"/>
    <trkpt lat="39.621327" lon="2.518987"/>
    <trkpt lat="39.621529" lon="2.518551"/>
    <trkpt lat="39.621554" lon="2.518214"/>
    <trkpt lat="39.621630" lon="2.518021"/>
    <trkpt lat="39.621679" lon="2.517970"/>
    <trkpt lat="39.621797" lon="2.517877"/>
    <trkpt lat="39.621900" lon="2.517870"/>
    <trkpt lat="39.622006" lon="2.517928"/>
    <trkpt lat="39.622163" lon="2.518043"/>
    <trkpt lat="39.622334" lon="2.518114"/>
    <trkpt lat="39.622573" lon="2.518165"/>
    <trkpt lat="39.622737" lon="2.518217"/>
    <trkpt lat="39.622885" lon="2.518301"/>
    <trkpt lat="39.623002" lon="2.518328"/>
    <trkpt lat="39.623066" lon="2.518306"/>
    <trkpt lat="39.623133" lon="2.518256"/>
    <trkpt lat="39.623261" lon="2.518134"/>
    <trkpt lat="39.623357" lon="2.518121"/>
    <trkpt lat="39.623450" lon="2.518154"/>
    <trkpt lat="39.623589" lon="2.518236"/>
    <trkpt lat="39.623862" lon="2.518455"/>
    <trkpt lat="39.623939" lon="2.518493"/>
    <trkpt lat="39.624012" lon="2.518508"/>
    <trkpt lat="39.624089" lon="2.518501"/>
    <trkpt lat="39.624174" lon="2.518463"/>
    <trkpt lat="39.624255" lon="2.518403"/>
    <trkpt lat="39.624314" lon="2.518320"/>
    <trkpt lat="39.624451" lon="2.518005"/>
    <trkpt lat="39.624796" lon="2.517518"/>
    <trkpt lat="39.624906" lon="2.517269"/>
    <trkpt lat="39.624918" lon="2.517159"/>
    <trkpt lat="39.624848" lon="2.516849"/>
    <trkpt lat="39.624841" lon="2.516478"/>
    <trkpt lat="39.624787" lon="2.516149"/>
    <trkpt lat="39.624696" lon="2.515761"/>
    <trkpt lat="39.624611" lon="2.515506"/>
    <trkpt lat="39.624513" lon="2.515312"/>
    <trkpt lat="39.624399" lon="2.515148"/>
    <trkpt lat="39.623718" lon="2.514482"/>
    <trkpt lat="39.623544" lon="2.514271"/>
    <trkpt lat="39.622783" lon="2.513613"/>
    <trkpt lat="39.622445" lon="2.513287"/>
    <trkpt lat="39.622344" lon="2.513156"/>
    <trkpt lat="39.622062" lon="2.512705"/>
    <trkpt lat="39.621795" lon="2.512431"/>
    <trkpt lat="39.621579" lon="2.512169"/>
    <trkpt lat="39.621438" lon="2.511901"/>
    <trkpt lat="39.621265" lon="2.511490"/>
    <trkpt lat="39.621094" lon="2.511085"/>
    <trkpt lat="39.620672" lon="2.510423"/>
    <trkpt lat="39.620586" lon="2.510328"/>
    <trkpt lat="39.620550" lon="2.510217"/>
    <trkpt lat="39.620537" lon="2.510060"/>
    <trkpt lat="39.620520" lon="2.509567"/>
    <trkpt lat="39.620459" lon="2.509366"/>
    <trkpt lat="39.620415" lon="2.509198"/>
    <trkpt lat="39.620414" lon="2.509073"/>
    <trkpt lat="39.620453" lon="2.508983"/>
    <trkpt lat="39.620443" lon="2.508892"/>
    <trkpt lat="39.620389" lon="2.508851"/>
    <trkpt lat="39.620261" lon="2.508969"/>
    <trkpt lat="39.620181" lon="2.509080"/>
    <trkpt lat="39.620141" lon="2.509255"/>
    <trkpt lat="39.620142" lon="2.509348"/>
    <trkpt lat="39.620110" lon="2.509405"/>
    <trkpt lat="39.620047" lon="2.509420"/>
    <trkpt lat="39.620006" lon="2.509390"/>
    <trkpt lat="39.619950" lon="2.509338"/>
    <trkpt lat="39.619799" lon="2.509257"/>
    <trkpt lat="39.619752" lon="2.509209"/>
    <trkpt lat="39.619719" lon="2.509132"/>
    <trkpt lat="39.619712" lon="2.509076"/>
    <trkpt lat="39.619740" lon="2.508958"/>
    <trkpt lat="39.620219" lon="2.508346"/>
    <trkpt lat="39.620305" lon="2.508197"/>
    <trkpt lat="39.620417" lon="2.507947"/>
    <trkpt lat="39.620506" lon="2.507805"/>
    <trkpt lat="39.620592" lon="2.507746"/>
    <trkpt lat="39.620893" lon="2.507630"/>
    <trkpt lat="39.621016" lon="2.507562"/>
    <trkpt lat="39.621184" lon="2.507408"/>
    <trkpt lat="39.621480" lon="2.507036"/>
    <trkpt lat="39.621634" lon="2.506722"/>
    <trkpt lat="39.621543" lon="2.506333"/>
    <trkpt lat="39.621491" lon="2.506187"/>
    <trkpt lat="39.621333" lon="2.505919"/>
    <trkpt lat="39.621252" lon="2.505804"/>
    <trkpt lat="39.621199" lon="2.505714"/>
    <trkpt lat="39.621202" lon="2.505499"/>
    <trkpt lat="39.621330" lon="2.505418"/>
    <trkpt lat="39.621411" lon="2.505456"/>
    <trkpt lat="39.621672" lon="2.505551"/>
    <trkpt lat="39.621841" lon="2.505575"/>
    <trkpt lat="39.621911" lon="2.505562"/>
    <trkpt lat="39.621988" lon="2.505557"/>
    <trkpt lat="39.622064" lon="2.505460"/>
    <trkpt lat="39.622029" lon="2.505359"/>
    <trkpt lat="39.621955" lon="2.505275"/>
    <trkpt lat="39.621804" lon="2.505226"/>
    <trkpt lat="39.621731" lon="2.505160"/>
    <trkpt lat="39.621602" lon="2.504984"/>
    <trkpt lat="39.621446" lon="2.504687"/>
    <trkpt lat="39.621287" lon="2.504436"/>
    <trkpt lat="39.621205" lon="2.504349"/>
    <trkpt lat="39.621027" lon="2.504239"/>
    <trkpt lat="39.620869" lon="2.504382"/>
    <trkpt lat="39.620772" lon="2.504394"/>
    <trkpt lat="39.620620" lon="2.504374"/>
    <trkpt lat="39.620563" lon="2.504311"/>
    <trkpt lat="39.620438" lon="2.504328"/>
    <trkpt lat="39.620406" lon="2.504426"/>
    <trkpt lat="39.620456" lon="2.504559"/>
    <trkpt lat="39.620500" lon="2.504749"/>
    <trkpt lat="39.620498" lon="2.504804"/>
    <trkpt lat="39.620457" lon="2.504848"/>
    <trkpt lat="39.620403" lon="2.504747"/>
    <trkpt lat="39.620356" lon="2.504577"/>
    <trkpt lat="39.620266" lon="2.504409"/>
    <trkpt lat="39.619794" lon="2.503916"/>
    <trkpt lat="39.619729" lon="2.503821"/>
    <trkpt lat="39.619611" lon="2.503564"/>
    <trkpt lat="39.619555" lon="2.503476"/>
    <trkpt lat="39.619425" lon="2.503399"/>
    <trkpt lat="39.619171" lon="2.503327"/>
    <trkpt lat="39.618804" lon="2.503291"/>
    <trkpt lat="39.618700" lon="2.503264"/>
    <trkpt lat="39.618576" lon="2.503174"/>
    <trkpt lat="39.618495" lon="2.503083"/>
    <trkpt lat="39.618249" lon="2.502747"/>
    <trkpt lat="39.617286" lon="2.501820"/>
    <trkpt lat="39.617193" lon="2.501751"/>
    <trkpt lat="39.617056" lon="2.501696"/>
    <trkpt lat="39.616710" lon="2.501633"/>
    <trkpt lat="39.616606" lon="2.501574"/>
    <trkpt lat="39.616561" lon="2.501506"/>
    <trkpt lat="39.616533" lon="2.501421"/>
    <trkpt lat="39.616487" lon="2.500915"/>
    <trkpt lat="39.616456" lon="2.500578"/>
    <trkpt lat="39.616467" lon="2.499869"/>
    <trkpt lat="39.616388" lon="2.499500"/>
    <trkpt lat="39.616279" lon="2.499220"/>
    <trkpt lat="39.615649" lon="2.498241"/>
    <trkpt lat="39.615461" lon="2.497818"/>
    <trkpt lat="39.615370" lon="2.497660"/>
    <trkpt lat="39.615127" lon="2.497381"/>
    <trkpt lat="39.615060" lon="2.497282"/>
    <trkpt lat="39.614902" lon="2.497135"/>
    <trkpt lat="39.614649" lon="2.496914"/>
    <trkpt lat="39.614532" lon="2.496809"/>
    <trkpt lat="39.614457" lon="2.496768"/>
    <trkpt lat="39.614364" lon="2.496763"/>
    <trkpt lat="39.614270" lon="2.496815"/>
    <trkpt lat="39.613916" lon="2.497008"/>
    <trkpt lat="39.613863" lon="2.497006"/>
    <trkpt lat="39.613812" lon="2.496964"/>
    <trkpt lat="39.613786" lon="2.496864"/>
    <trkpt lat="39.613688" lon="2.496774"/>
    <trkpt lat="39.613675" lon="2.496603"/>
    <trkpt lat="39.613659" lon="2.496272"/>
    <trkpt lat="39.613699" lon="2.496071"/>
    <trkpt lat="39.613780" lon="2.495903"/>
    <trkpt lat="39.613815" lon="2.495759"/>
    <trkpt lat="39.613811" lon="2.495610"/>
    <trkpt lat="39.613799" lon="2.495528"/>
    <trkpt lat="39.613744" lon="2.495435"/>
    <trkpt lat="39.613610" lon="2.495397"/>
    <trkpt lat="39.613466" lon="2.495379"/>
    <trkpt lat="39.613244" lon="2.495225"/>
    <trkpt lat="39.613075" lon="2.495071"/>
    <trkpt lat="39.612974" lon="2.494894"/>
    <trkpt lat="39.612901" lon="2.494689"/>
    <trkpt lat="39.612530" lon="2.494200"/>
    <trkpt lat="39.612079" lon="2.493856"/>
    <trkpt lat="39.611473" lon="2.493790"/>
    <trkpt lat="39.610655" lon="2.493752"/>
    <trkpt lat="39.610423" lon="2.493702"/>
    <trkpt lat="39.610339" lon="2.493577"/>
    <trkpt lat="39.610345" lon="2.493423"/>
    <trkpt lat="39.610384" lon="2.493329"/>
    <trkpt lat="39.610356" lon="2.493201"/>
    <trkpt lat="39.609946" lon="2.492628"/>
    <trkpt lat="39.609931" lon="2.492550"/>
    <trkpt lat="39.610018" lon="2.492471"/>
    <trkpt lat="39.610018" lon="2.492471"/>
    <trkpt lat="39.610018" lon="2.492471"/>
    <trkpt lat="39.609931" lon="2.492550"/>
    <trkpt lat="39.609946" lon="2.492628"/>
    <trkpt lat="39.610356" lon="2.493201"/>
    <trkpt lat="39.610384" lon="2.493329"/>
    <trkpt lat="39.610345" lon="2.493423"/>
    <trkpt lat="39.610339" lon="2.493577"/>
    <trkpt lat="39.610423" lon="2.493702"/>
    <trkpt lat="39.610655" lon="2.493752"/>
    <trkpt lat="39.611473" lon="2.493790"/>
    <trkpt lat="39.612079" lon="2.493856"/>
    <trkpt lat="39.612530" lon="2.494200"/>
    <trkpt lat="39.612901" lon="2.494689"/>
    <trkpt lat="39.612974" lon="2.494894"/>
    <trkpt lat="39.613075" lon="2.495071"/>
    <trkpt lat="39.613244" lon="2.495225"/>
    <trkpt lat="39.613466" lon="2.495379"/>
    <trkpt lat="39.613610" lon="2.495397"/>
    <trkpt lat="39.613744" lon="2.495435"/>
    <trkpt lat="39.613799" lon="2.495528"/>
    <trkpt lat="39.613811" lon="2.495610"/>
    <trkpt lat="39.613815" lon="2.495759"/>
    <trkpt lat="39.613780" lon="2.495903"/>
    <trkpt lat="39.613699" lon="2.496071"/>
    <trkpt lat="39.613659" lon="2.496272"/>
    <trkpt lat="39.613675" lon="2.496603"/>
    <trkpt lat="39.613688" lon="2.496774"/>
    <trkpt lat="39.613786" lon="2.496864"/>
    <trkpt lat="39.613812" lon="2.496964"/>
    <trkpt lat="39.613863" lon="2.497006"/>
    <trkpt lat="39.613916" lon="2.497008"/>
    <trkpt lat="39.614270" lon="2.496815"/>
    <trkpt lat="39.614364" lon="2.496763"/>
    <trkpt lat="39.614457" lon="2.496768"/>
    <trkpt lat="39.614532" lon="2.496809"/>
    <trkpt lat="39.614649" lon="2.496914"/>
    <trkpt lat="39.614902" lon="2.497135"/>
    <trkpt lat="39.615060" lon="2.497282"/>
    <trkpt lat="39.615127" lon="2.497381"/>
    <trkpt lat="39.615370" lon="2.497660"/>
    <trkpt lat="39.615461" lon="2.497818"/>
    <trkpt lat="39.615649" lon="2.498241"/>
    <trkpt lat="39.616279" lon="2.499220"/>
    <trkpt lat="39.616388" lon="2.499500"/>
    <trkpt lat="39.616467" lon="2.499869"/>
    <trkpt lat="39.616456" lon="2.500578"/>
    <trkpt lat="39.616487" lon="2.500915"/>
    <trkpt lat="39.616305" lon="2.500881"/>
    <trkpt lat="39.616172" lon="2.500799"/>
    <trkpt lat="39.616123" lon="2.500737"/>
    <trkpt lat="39.616013" lon="2.500488"/>
    <trkpt lat="39.615923" lon="2.500425"/>
    <trkpt lat="39.615805" lon="2.500414"/>
    <trkpt lat="39.615767" lon="2.500425"/>
    <trkpt lat="39.615724" lon="2.500477"/>
    <trkpt lat="39.615700" lon="2.500561"/>
    <trkpt lat="39.615703" lon="2.500650"/>
    <trkpt lat="39.615823" lon="2.500901"/>
    <trkpt lat="39.615935" lon="2.501361"/>
    <trkpt lat="39.615943" lon="2.501506"/>
    <trkpt lat="39.615919" lon="2.501988"/>
    <trkpt lat="39.615873" lon="2.502208"/>
    <trkpt lat="39.615811" lon="2.502285"/>
    <trkpt lat="39.615558" lon="2.502437"/>
    <trkpt lat="39.615371" lon="2.502496"/>
    <trkpt lat="39.615279" lon="2.502611"/>
    <trkpt lat="39.615208" lon="2.502610"/>
    <trkpt lat="39.615198" lon="2.502287"/>
    <trkpt lat="39.615125" lon="2.502283"/>
    <trkpt lat="39.615075" lon="2.502376"/>
    <trkpt lat="39.614847" lon="2.502574"/>
    <trkpt lat="39.614820" lon="2.502680"/>
    <trkpt lat="39.614766" lon="2.502647"/>
    <trkpt lat="39.614782" lon="2.502538"/>
    <trkpt lat="39.614778" lon="2.502454"/>
    <trkpt lat="39.614829" lon="2.502256"/>
    <trkpt lat="39.614858" lon="2.502081"/>
    <trkpt lat="39.614813" lon="2.501948"/>
    <trkpt lat="39.614734" lon="2.501911"/>
    <trkpt lat="39.614666" lon="2.501917"/>
    <trkpt lat="39.614328" lon="2.502075"/>
    <trkpt lat="39.614202" lon="2.502061"/>
    <trkpt lat="39.614120" lon="2.502087"/>
    <trkpt lat="39.613764" lon="2.502232"/>
    <trkpt lat="39.613666" lon="2.502252"/>
    <trkpt lat="39.613536" lon="2.502456"/>
    <trkpt lat="39.613481" lon="2.502509"/>
    <trkpt lat="39.613387" lon="2.502600"/>
    <trkpt lat="39.613386" lon="2.502837"/>
    <trkpt lat="39.613387" lon="2.503055"/>
    <trkpt lat="39.613418" lon="2.503375"/>
    <trkpt lat="39.613458" lon="2.503741"/>
    <trkpt lat="39.613533" lon="2.503973"/>
    <trkpt lat="39.613621" lon="2.504192"/>
    <trkpt lat="39.613675" lon="2.504333"/>
    <trkpt lat="39.613614" lon="2.504438"/>
    <trkpt lat="39.613514" lon="2.504533"/>
    <trkpt lat="39.613541" lon="2.504798"/>
    <trkpt lat="39.613482" lon="2.505035"/>
    <trkpt lat="39.613441" lon="2.505178"/>
    <trkpt lat="39.613220" lon="2.504984"/>
    <trkpt lat="39.613226" lon="2.504856"/>
    <trkpt lat="39.613218" lon="2.504759"/>
    <trkpt lat="39.613164" lon="2.504631"/>
    <trkpt lat="39.613083" lon="2.504552"/>
    <trkpt lat="39.613072" lon="2.504523"/>
    <trkpt lat="39.613025" lon="2.504397"/>
    <trkpt lat="39.612926" lon="2.504135"/>
    <trkpt lat="39.612898" lon="2.504079"/>
    <trkpt lat="39.612843" lon="2.504064"/>
    <trkpt lat="39.612661" lon="2.504141"/>
    <trkpt lat="39.612600" lon="2.504194"/>
    <trkpt lat="39.612586" lon="2.504270"/>
    <trkpt lat="39.612603" lon="2.504338"/>
    <trkpt lat="39.612732" lon="2.504478"/>
    <trkpt lat="39.612745" lon="2.504539"/>
    <trkpt lat="39.612709" lon="2.504607"/>
    <trkpt lat="39.612614" lon="2.504665"/>
    <trkpt lat="39.612270" lon="2.504728"/>
    <trkpt lat="39.611870" lon="2.504658"/>
    <trkpt lat="39.611372" lon="2.504902"/>
    <trkpt lat="39.611196" lon="2.504921"/>
    <trkpt lat="39.610758" lon="2.504674"/>
    <trkpt lat="39.610747" lon="2.504666"/>
    <trkpt lat="39.610582" lon="2.504544"/>
    <trkpt lat="39.610404" lon="2.504722"/>
    <trkpt lat="39.610258" lon="2.504834"/>
    <trkpt lat="39.610051" lon="2.504873"/>
    <trkpt lat="39.609972" lon="2.504946"/>
    <trkpt lat="39.609739" lon="2.505273"/>
    <trkpt lat="39.609586" lon="2.505139"/>
    <trkpt lat="39.609467" lon="2.505146"/>
    <trkpt lat="39.609355" lon="2.505075"/>
    <trkpt lat="39.609258" lon="2.505014"/>
    <trkpt lat="39.609061" lon="2.504849"/>
    <trkpt lat="39.608976" lon="2.504840"/>
    <trkpt lat="39.608881" lon="2.504829"/>
    <trkpt lat="39.608566" lon="2.504882"/>
    <trkpt lat="39.608264" lon="2.504724"/>
    <trkpt lat="39.608106" lon="2.504471"/>
    <trkpt lat="39.607977" lon="2.504298"/>
    <trkpt lat="39.608060" lon="2.504151"/>
    <trkpt lat="39.608077" lon="2.504039"/>
    <trkpt lat="39.608058" lon="2.503935"/>
    <trkpt lat="39.607980" lon="2.503793"/>
    <trkpt lat="39.608012" lon="2.503349"/>
    <trkpt lat="39.607995" lon="2.503191"/>
    <trkpt lat="39.607856" lon="2.502914"/>
    <trkpt lat="39.607756" lon="2.502804"/>
    <trkpt lat="39.607638" lon="2.502761"/>
    <trkpt lat="39.607508" lon="2.502717"/>
    <trkpt lat="39.607447" lon="2.502618"/>
    <trkpt lat="39.607403" lon="2.502497"/>
    <trkpt lat="39.607416" lon="2.502322"/>
    <trkpt lat="39.607445" lon="2.502027"/>
    <trkpt lat="39.607405" lon="2.501846"/>
    <trkpt lat="39.607315" lon="2.501629"/>
    <trkpt lat="39.607188" lon="2.501500"/>
    <trkpt lat="39.606914" lon="2.501203"/>
    <trkpt lat="39.606774" lon="2.500926"/>
    <trkpt lat="39.606596" lon="2.500540"/>
    <trkpt lat="39.606592" lon="2.500435"/>
    <trkpt lat="39.606630" lon="2.500378"/>
    <trkpt lat="39.606695" lon="2.500344"/>
    <trkpt lat="39.606789" lon="2.500359"/>
    <trkpt lat="39.606867" lon="2.500384"/>
    <trkpt lat="39.606945" lon="2.500357"/>
    <trkpt lat="39.607025" lon="2.500257"/>
    <trkpt lat="39.607068" lon="2.500144"/>
    <trkpt lat="39.607067" lon="2.500028"/>
    <trkpt lat="39.607013" lon="2.499825"/>
    <trkpt lat="39.606892" lon="2.499533"/>
    <trkpt lat="39.606678" lon="2.499020"/>
    <trkpt lat="39.606663" lon="2.498845"/>
    <trkpt lat="39.606691" lon="2.498663"/>
    <trkpt lat="39.606723" lon="2.498098"/>
    <trkpt lat="39.606693" lon="2.497986"/>
    <trkpt lat="39.606608" lon="2.497866"/>
    <trkpt lat="39.606523" lon="2.497828"/>
    <trkpt lat="39.606310" lon="2.497819"/>
    <trkpt lat="39.606147" lon="2.497897"/>
    <trkpt lat="39.605986" lon="2.497858"/>
    <trkpt lat="39.605781" lon="2.497720"/>
    <trkpt lat="39.605755" lon="2.497549"/>
    <trkpt lat="39.605763" lon="2.497309"/>
    <trkpt lat="39.605803" lon="2.497217"/>
    <trkpt lat="39.605865" lon="2.497125"/>
    <trkpt lat="39.605899" lon="2.497066"/>
    <trkpt lat="39.605917" lon="2.496980"/>
    <trkpt lat="39.605914" lon="2.496881"/>
    <trkpt lat="39.605884" lon="2.496796"/>
    <trkpt lat="39.605799" lon="2.496723"/>
    <trkpt lat="39.605708" lon="2.496652"/>
    <trkpt lat="39.605588" lon="2.496639"/>
    <trkpt lat="39.605477" lon="2.496621"/>
    <trkpt lat="39.605190" lon="2.496642"/>
    <trkpt lat="39.605101" lon="2.496665"/>
    <trkpt lat="39.605037" lon="2.496731"/>
    <trkpt lat="39.604964" lon="2.496956"/>
    <trkpt lat="39.604894" lon="2.497132"/>
    <trkpt lat="39.604776" lon="2.497287"/>
    <trkpt lat="39.604626" lon="2.497351"/>
    <trkpt lat="39.604449" lon="2.497499"/>
    <trkpt lat="39.604029" lon="2.497761"/>
    <trkpt lat="39.603855" lon="2.498309"/>
    <trkpt lat="39.603709" lon="2.498550"/>
    <trkpt lat="39.603453" lon="2.498855"/>
    <trkpt lat="39.603251" lon="2.499033"/>
    <trkpt lat="39.602989" lon="2.499129"/>
    <trkpt lat="39.602711" lon="2.499225"/>
    <trkpt lat="39.602466" lon="2.499331"/>
    <trkpt lat="39.602315" lon="2.499413"/>
    <trkpt lat="39.602233" lon="2.499527"/>
    <trkpt lat="39.602200" lon="2.499691"/>
    <trkpt lat="39.602188" lon="2.499870"/>
    <trkpt lat="39.602111" lon="2.499985"/>
    <trkpt lat="39.601948" lon="2.500090"/>
    <trkpt lat="39.601813" lon="2.500023"/>
    <trkpt lat="39.601775" lon="2.499846"/>
    <trkpt lat="39.601774" lon="2.499626"/>
    <trkpt lat="39.601752" lon="2.499381"/>
    <trkpt lat="39.601737" lon="2.499160"/>
    <trkpt lat="39.601718" lon="2.498893"/>
    <trkpt lat="39.601647" lon="2.498637"/>
    <trkpt lat="39.601528" lon="2.498539"/>
    <trkpt lat="39.601128" lon="2.498409"/>
    <trkpt lat="39.600617" lon="2.498133"/>
    <trkpt lat="39.600418" lon="2.498090"/>
    <trkpt lat="39.600140" lon="2.498081"/>
    <trkpt lat="39.599982" lon="2.497884"/>
    <trkpt lat="39.599942" lon="2.497627"/>
    <trkpt lat="39.600048" lon="2.497292"/>
    <trkpt lat="39.600160" lon="2.496974"/>
    <trkpt lat="39.600240" lon="2.496794"/>
    <trkpt lat="39.600234" lon="2.496609"/>
    <trkpt lat="39.600127" lon="2.496525"/>
    <trkpt lat="39.599420" lon="2.496391"/>
    <trkpt lat="39.598937" lon="2.496270"/>
    <trkpt lat="39.598529" lon="2.496072"/>
    <trkpt lat="39.598447" lon="2.495989"/>
    <trkpt lat="39.598427" lon="2.495884"/>
    <trkpt lat="39.598527" lon="2.495704"/>
    <trkpt lat="39.598738" lon="2.495507"/>
    <trkpt lat="39.599162" lon="2.495223"/>
    <trkpt lat="39.599626" lon="2.494924"/>
    <trkpt lat="39.599776" lon="2.494757"/>
    <trkpt lat="39.599886" lon="2.494591"/>
    <trkpt lat="39.599911" lon="2.494448"/>
    <trkpt lat="39.599866" lon="2.494346"/>
    <trkpt lat="39.599768" lon="2.494307"/>
    <trkpt lat="39.599615" lon="2.494376"/>
    <trkpt lat="39.599331" lon="2.494405"/>
    <trkpt lat="39.599163" lon="2.494313"/>
    <trkpt lat="39.599037" lon="2.494239"/>
    <trkpt lat="39.598872" lon="2.494169"/>
    <trkpt lat="39.598641" lon="2.494150"/>
    <trkpt lat="39.598326" lon="2.494094"/>
    <trkpt lat="39.597852" lon="2.494100"/>
    <trkpt lat="39.597526" lon="2.494147"/>
    <trkpt lat="39.597295" lon="2.494206"/>
    <trkpt lat="39.597049" lon="2.494266"/>
    <trkpt lat="39.596905" lon="2.494254"/>
    <trkpt lat="39.596760" lon="2.494203"/>
    <trkpt lat="39.596640" lon="2.494127"/>
    <trkpt lat="39.596529" lon="2.494056"/>
    <trkpt lat="39.596198" lon="2.493788"/>
    <trkpt lat="39.596112" lon="2.493715"/>
    <trkpt lat="39.596037" lon="2.493612"/>
    <trkpt lat="39.596008" lon="2.493470"/>
    <trkpt lat="39.596044" lon="2.493368"/>
    <trkpt lat="39.596120" lon="2.493301"/>
    <trkpt lat="39.596230" lon="2.493233"/>
    <trkpt lat="39.596404" lon="2.493151"/>
    <trkpt lat="39.596635" lon="2.492975"/>
    <trkpt lat="39.596823" lon="2.492773"/>
    <trkpt lat="39.597008" lon="2.492554"/>
    <trkpt lat="39.597071" lon="2.492237"/>
    <trkpt lat="39.597055" lon="2.491922"/>
    <trkpt lat="39.596972" lon="2.491608"/>
    <trkpt lat="39.596854" lon="2.491357"/>
    <trkpt lat="39.596653" lon="2.491105"/>
    <trkpt lat="39.596390" lon="2.490836"/>
    <trkpt lat="39.596257" lon="2.490697"/>
    <trkpt lat="39.596224" lon="2.490538"/>
    <trkpt lat="39.596257" lon="2.490378"/>
    <trkpt lat="39.596395" lon="2.490198"/>
    <trkpt lat="39.596600" lon="2.490060"/>
    <trkpt lat="39.596953" lon="2.489924"/>
    <trkpt lat="39.597114" lon="2.489899"/>
    <trkpt lat="39.597264" lon="2.489930"/>
    <trkpt lat="39.597434" lon="2.490051"/>
    <trkpt lat="39.597532" lon="2.490205"/>
    <trkpt lat="39.597590" lon="2.490272"/>
    <trkpt lat="39.597659" lon="2.490301"/>
    <trkpt lat="39.597814" lon="2.490276"/>
    <trkpt lat="39.597935" lon="2.490087"/>
    <trkpt lat="39.597994" lon="2.489925"/>
    <trkpt lat="39.598048" lon="2.489753"/>
    <trkpt lat="39.598183" lon="2.489526"/>
    <trkpt lat="39.598308" lon="2.489459"/>
    <trkpt lat="39.598482" lon="2.489458"/>
    <trkpt lat="39.598655" lon="2.489427"/>
    <trkpt lat="39.598789" lon="2.489244"/>
    <trkpt lat="39.598944" lon="2.489020"/>
    <trkpt lat="39.599107" lon="2.488860"/>
    <trkpt lat="39.599221" lon="2.488824"/>
    <trkpt lat="39.599260" lon="2.488704"/>
    <trkpt lat="39.599271" lon="2.488645"/>
    <trkpt lat="39.599266" lon="2.488586"/>
    <trkpt lat="39.599231" lon="2.488569"/>
    <trkpt lat="39.599191" lon="2.488567"/>
    <trkpt lat="39.599046" lon="2.488697"/>
    <trkpt lat="39.598828" lon="2.488885"/>
    <trkpt lat="39.598657" lon="2.489033"/>
    <trkpt lat="39.598418" lon="2.489109"/>
    <trkpt lat="39.598301" lon="2.489143"/>
    <trkpt lat="39.598170" lon="2.489182"/>
    <trkpt lat="39.598116" lon="2.489134"/>
    <trkpt lat="39.598099" lon="2.489085"/>
    <trkpt lat="39.598117" lon="2.489031"/>
    <trkpt lat="39.598239" lon="2.488978"/>
    <trkpt lat="39.598416" lon="2.488924"/>
    <trkpt lat="39.598538" lon="2.488864"/>
    <trkpt lat="39.598607" lon="2.488762"/>
    <trkpt lat="39.598579" lon="2.488660"/>
    <trkpt lat="39.598494" lon="2.488587"/>
    <trkpt lat="39.598452" lon="2.488588"/>
    <trkpt lat="39.598328" lon="2.488501"/>
    <trkpt lat="39.598075" lon="2.488508"/>
    <trkpt lat="39.597876" lon="2.488518"/>
    <trkpt lat="39.597787" lon="2.488537"/>
    <trkpt lat="39.597597" lon="2.488515"/>
    <trkpt lat="39.597219" lon="2.488355"/>
    <trkpt lat="39.596660" lon="2.488281"/>
    <trkpt lat="39.596304" lon="2.488367"/>
    <trkpt lat="39.595683" lon="2.488330"/>
    <trkpt lat="39.594847" lon="2.488350"/>
    <trkpt lat="39.594508" lon="2.488308"/>
    <trkpt lat="39.594292" lon="2.488235"/>
    <trkpt lat="39.594062" lon="2.488056"/>
    <trkpt lat="39.593869" lon="2.487791"/>
    <trkpt lat="39.593755" lon="2.487429"/>
    <trkpt lat="39.593789" lon="2.487051"/>
    <trkpt lat="39.593924" lon="2.486747"/>
    <trkpt lat="39.594620" lon="2.485848"/>
    <trkpt lat="39.594737" lon="2.485693"/>
    <trkpt lat="39.594796" lon="2.485440"/>
    <trkpt lat="39.594838" lon="2.485044"/>
    <trkpt lat="39.594933" lon="2.484604"/>
    <trkpt lat="39.594990" lon="2.484383"/>
    <trkpt lat="39.595089" lon="2.483998"/>
    <trkpt lat="39.595140" lon="2.483855"/>
    <trkpt lat="39.595163" lon="2.483753"/>
    <trkpt lat="39.595151" lon="2.483647"/>
    <trkpt lat="39.595103" lon="2.483572"/>
    <trkpt lat="39.595037" lon="2.483555"/>
    <trkpt lat="39.594738" lon="2.483525"/>
    <trkpt lat="39.594457" lon="2.483510"/>
    <trkpt lat="39.593970" lon="2.483412"/>
    <trkpt lat="39.593805" lon="2.483390"/>
    <trkpt lat="39.593589" lon="2.483366"/>
    <trkpt lat="39.593090" lon="2.483304"/>
    <trkpt lat="39.592880" lon="2.483278"/>
    <trkpt lat="39.592267" lon="2.483189"/>
    <trkpt lat="39.592125" lon="2.483138"/>
    <trkpt lat="39.591132" lon="2.482600"/>
    <trkpt lat="39.590500" lon="2.482254"/>
    <trkpt lat="39.590396" lon="2.482175"/>
    <trkpt lat="39.590071" lon="2.481620"/>
    <trkpt lat="39.589429" lon="2.480464"/>
    <trkpt lat="39.589071" lon="2.479819"/>
    <trkpt lat="39.587658" lon="2.477166"/>
    <trkpt lat="39.587243" lon="2.476419"/>
    <trkpt lat="39.587222" lon="2.476381"/>
    <trkpt lat="39.587165" lon="2.476346"/>
    <trkpt lat="39.587105" lon="2.476305"/>
    <trkpt lat="39.587004" lon="2.476301"/>
    <trkpt lat="39.586910" lon="2.476348"/>
    <trkpt lat="39.586842" lon="2.476425"/>
    <trkpt lat="39.586800" lon="2.476494"/>
    <trkpt lat="39.586493" lon="2.477126"/>
    <trkpt lat="39.586354" lon="2.477386"/>
    <trkpt lat="39.586278" lon="2.477488"/>
    <trkpt lat="39.586156" lon="2.477531"/>
    <trkpt lat="39.586005" lon="2.477553"/>
    <trkpt lat="39.585796" lon="2.477536"/>
    <trkpt lat="39.585545" lon="2.477439"/>
    <trkpt lat="39.585206" lon="2.477277"/>
    <trkpt lat="39.584721" lon="2.477016"/>
    <trkpt lat="39.584520" lon="2.476908"/>
    <trkpt lat="39.584387" lon="2.476812"/>
    <trkpt lat="39.584278" lon="2.476693"/>
    <trkpt lat="39.583322" lon="2.475620"/>
    <trkpt lat="39.582781" lon="2.475019"/>
    <trkpt lat="39.581723" lon="2.473853"/>
    <trkpt lat="39.581323" lon="2.473432"/>
    <trkpt lat="39.580994" lon="2.473013"/>
    <trkpt lat="39.580262" lon="2.472047"/>
    <trkpt lat="39.579953" lon="2.471694"/>
    <trkpt lat="39.579803" lon="2.471523"/>
    <trkpt lat="39.579492" lon="2.471227"/>
    <trkpt lat="39.579216" lon="2.470965"/>
    <trkpt lat="39.578899" lon="2.470664"/>
    <trkpt lat="39.578486" lon="2.470271"/>
    <trkpt lat="39.578573" lon="2.470179"/>
    <trkpt lat="39.578711" lon="2.470033"/>
    <trkpt lat="39.579341" lon="2.469208"/>
    <trkpt lat="39.579380" lon="2.469158"/>
    <trkpt lat="39.579406" lon="2.469051"/>
    <trkpt lat="39.579354" lon="2.469025"/>
    <trkpt lat="39.578858" lon="2.468772"/>
    <trkpt lat="39.578412" lon="2.468517"/>
    <trkpt lat="39.577823" lon="2.468181"/>
    <trkpt lat="39.577787" lon="2.468161"/>
    <trkpt lat="39.577476" lon="2.467846"/>
    <trkpt lat="39.576764" lon="2.467081"/>
    <trkpt lat="39.576582" lon="2.466874"/>
    <trkpt lat="39.576495" lon="2.466775"/>
    <trkpt lat="39.576519" lon="2.466417"/>
    <trkpt lat="39.576489" lon="2.466345"/>
    <trkpt lat="39.576421" lon="2.466297"/>
    <trkpt lat="39.576144" lon="2.466099"/>
    <trkpt lat="39.575957" lon="2.465841"/>
    <trkpt lat="39.575709" lon="2.465499"/>
    <trkpt lat="39.575695" lon="2.465416"/>
    <trkpt lat="39.575959" lon="2.464598"/>
    <trkpt lat="39.576061" lon="2.464228"/>
    <trkpt lat="39.576031" lon="2.463723"/>
    <trkpt lat="39.575894" lon="2.463576"/>
    <trkpt lat="39.575922" lon="2.463483"/>
    <trkpt lat="39.575917" lon="2.463182"/>
    <trkpt lat="39.575908" lon="2.462665"/>
    <trkpt lat="39.575927" lon="2.462521"/>
    <trkpt lat="39.576000" lon="2.462397"/>
    <trkpt lat="39.576019" lon="2.462401"/>
    <trkpt lat="39.576000" lon="2.462397"/>
    <trkpt lat="39.575927" lon="2.462521"/>
    <trkpt lat="39.575908" lon="2.462665"/>
    <trkpt lat="39.575917" lon="2.463182"/>
    <trkpt lat="39.575922" lon="2.463483"/>
    <trkpt lat="39.575894" lon="2.463576"/>
    <trkpt lat="39.576031" lon="2.463723"/>
    <trkpt lat="39.576061" lon="2.464228"/>
    <trkpt lat="39.575959" lon="2.464598"/>
    <trkpt lat="39.575695" lon="2.465416"/>
    <trkpt lat="39.575709" lon="2.465499"/>
    <trkpt lat="39.575957" lon="2.465841"/>
    <trkpt lat="39.576144" lon="2.466099"/>
    <trkpt lat="39.576421" lon="2.466297"/>
    <trkpt lat="39.576489" lon="2.466345"/>
    <trkpt lat="39.576519" lon="2.466417"/>
    <trkpt lat="39.576495" lon="2.466775"/>
    <trkpt lat="39.576582" lon="2.466874"/>
    <trkpt lat="39.576764" lon="2.467081"/>
    <trkpt lat="39.577476" lon="2.467846"/>
    <trkpt lat="39.577787" lon="2.468161"/>
    <trkpt lat="39.577823" lon="2.468181"/>
    <trkpt lat="39.578412" lon="2.468517"/>
    <trkpt lat="39.578858" lon="2.468772"/>
    <trkpt lat="39.579354" lon="2.469025"/>
    <trkpt lat="39.579406" lon="2.469051"/>
    <trkpt lat="39.579380" lon="2.469158"/>
    <trkpt lat="39.579341" lon="2.469208"/>
    <trkpt lat="39.578711" lon="2.470033"/>
    <trkpt lat="39.578573" lon="2.470179"/>
    <trkpt lat="39.578486" lon="2.470271"/>
    <trkpt lat="39.578452" lon="2.470333"/>
    <trkpt lat="39.578434" lon="2.470369"/>
    <trkpt lat="39.578339" lon="2.470563"/>
    <trkpt lat="39.578292" lon="2.470671"/>
    <trkpt lat="39.578068" lon="2.471185"/>
    <trkpt lat="39.577682" lon="2.472531"/>
    <trkpt lat="39.577446" lon="2.473382"/>
    <trkpt lat="39.577377" lon="2.473620"/>
    <trkpt lat="39.577115" lon="2.474549"/>
    <trkpt lat="39.576702" lon="2.475959"/>
    <trkpt lat="39.576361" lon="2.477162"/>
    <trkpt lat="39.576315" lon="2.477278"/>
    <trkpt lat="39.576259" lon="2.477394"/>
    <trkpt lat="39.576179" lon="2.477522"/>
    <trkpt lat="39.576116" lon="2.477605"/>
    <trkpt lat="39.576025" lon="2.477705"/>
    <trkpt lat="39.575898" lon="2.477817"/>
    <trkpt lat="39.575760" lon="2.477913"/>
    <trkpt lat="39.575638" lon="2.477972"/>
    <trkpt lat="39.575522" lon="2.478002"/>
    <trkpt lat="39.575403" lon="2.478021"/>
    <trkpt lat="39.575280" lon="2.478030"/>
    <trkpt lat="39.575064" lon="2.478045"/>
    <trkpt lat="39.574870" lon="2.478061"/>
    <trkpt lat="39.574712" lon="2.478079"/>
    <trkpt lat="39.574559" lon="2.478116"/>
    <trkpt lat="39.574437" lon="2.478162"/>
    <trkpt lat="39.574300" lon="2.478240"/>
    <trkpt lat="39.574202" lon="2.478311"/>
    <trkpt lat="39.574053" lon="2.478448"/>
    <trkpt lat="39.573957" lon="2.478560"/>
    <trkpt lat="39.573866" lon="2.478702"/>
    <trkpt lat="39.573278" lon="2.479708"/>
    <trkpt lat="39.572694" lon="2.480718"/>
    <trkpt lat="39.572379" lon="2.481257"/>
    <trkpt lat="39.572090" lon="2.481761"/>
    <trkpt lat="39.571942" lon="2.482025"/>
    <trkpt lat="39.571683" lon="2.482459"/>
    <trkpt lat="39.571618" lon="2.482572"/>
    <trkpt lat="39.570994" lon="2.483644"/>
    <trkpt lat="39.570910" lon="2.483789"/>
    <trkpt lat="39.570676" lon="2.484181"/>
    <trkpt lat="39.569685" lon="2.485890"/>
    <trkpt lat="39.569607" lon="2.486031"/>
    <trkpt lat="39.569527" lon="2.486188"/>
    <trkpt lat="39.569445" lon="2.486379"/>
    <trkpt lat="39.569373" lon="2.486588"/>
    <trkpt lat="39.569320" lon="2.486775"/>
    <trkpt lat="39.569264" lon="2.487022"/>
    <trkpt lat="39.569225" lon="2.487237"/>
    <trkpt lat="39.568984" lon="2.488691"/>
    <trkpt lat="39.568829" lon="2.489609"/>
    <trkpt lat="39.568788" lon="2.489826"/>
    <trkpt lat="39.568740" lon="2.490041"/>
    <trkpt lat="39.568669" lon="2.490294"/>
    <trkpt lat="39.568600" lon="2.490506"/>
    <trkpt lat="39.568536" lon="2.490684"/>
    <trkpt lat="39.568469" lon="2.490855"/>
    <trkpt lat="39.568401" lon="2.491014"/>
    <trkpt lat="39.568011" lon="2.491874"/>
    <trkpt lat="39.567877" lon="2.492170"/>
    <trkpt lat="39.567234" lon="2.493582"/>
    <trkpt lat="39.567100" lon="2.493876"/>
    <trkpt lat="39.566912" lon="2.494290"/>
    <trkpt lat="39.566816" lon="2.494520"/>
    <trkpt lat="39.566741" lon="2.494720"/>
    <trkpt lat="39.566699" lon="2.494868"/>
    <trkpt lat="39.566666" lon="2.495013"/>
    <trkpt lat="39.566622" lon="2.495247"/>
    <trkpt lat="39.566486" lon="2.496085"/>
    <trkpt lat="39.566451" lon="2.496300"/>
    <trkpt lat="39.566350" lon="2.496932"/>
    <trkpt lat="39.566320" lon="2.497120"/>
    <trkpt lat="39.566261" lon="2.497491"/>
    <trkpt lat="39.566182" lon="2.497988"/>
    <trkpt lat="39.566071" lon="2.498710"/>
    <trkpt lat="39.565992" lon="2.499219"/>
    <trkpt lat="39.565926" lon="2.499643"/>
    <trkpt lat="39.565819" lon="2.500339"/>
    <trkpt lat="39.565805" lon="2.500427"/>
    <trkpt lat="39.565631" lon="2.501564"/>
    <trkpt lat="39.565565" lon="2.501992"/>
    <trkpt lat="39.565444" lon="2.502777"/>
    <trkpt lat="39.565349" lon="2.503386"/>
    <trkpt lat="39.565289" lon="2.503769"/>
    <trkpt lat="39.565275" lon="2.503854"/>
    <trkpt lat="39.565262" lon="2.503941"/>
    <trkpt lat="39.565238" lon="2.504057"/>
    <trkpt lat="39.565215" lon="2.504136"/>
    <trkpt lat="39.565192" lon="2.504176"/>
    <trkpt lat="39.565254" lon="2.504273"/>
    <trkpt lat="39.565362" lon="2.504589"/>
    <trkpt lat="39.565447" lon="2.504825"/>
    <trkpt lat="39.565464" lon="2.504871"/>
    <trkpt lat="39.565565" lon="2.505164"/>
    <trkpt lat="39.565683" lon="2.505066"/>
    <trkpt lat="39.565894" lon="2.504881"/>
    <trkpt lat="39.566345" lon="2.504487"/>
    <trkpt lat="39.566406" lon="2.504517"/>
    <trkpt lat="39.566600" lon="2.504617"/>
    <trkpt lat="39.566737" lon="2.504688"/>
    <trkpt lat="39.566852" lon="2.504440"/>
    <trkpt lat="39.566907" lon="2.504321"/>
    <trkpt lat="39.566569" lon="2.503712"/>
    <trkpt lat="39.566503" lon="2.503506"/>
    <trkpt lat="39.566409" lon="2.503571"/>
    <trkpt lat="39.566186" lon="2.503935"/>
    <trkpt lat="39.565289" lon="2.503769"/>
    <trkpt lat="39.565275" lon="2.503854"/>
    <trkpt lat="39.565262" lon="2.503941"/>
    <trkpt lat="39.565238" lon="2.504057"/>
    <trkpt lat="39.565215" lon="2.504136"/>
    <trkpt lat="39.565192" lon="2.504176"/>
    <trkpt lat="39.565164" lon="2.504207"/>
    <trkpt lat="39.565118" lon="2.504235"/>
    <trkpt lat="39.565073" lon="2.504248"/>
    <trkpt lat="39.564944" lon="2.504274"/>
    <trkpt lat="39.564635" lon="2.504335"/>
    <trkpt lat="39.564502" lon="2.504361"/>
    <trkpt lat="39.563719" lon="2.504515"/>
    <trkpt lat="39.563652" lon="2.504528"/>
    <trkpt lat="39.563049" lon="2.504657"/>
    <trkpt lat="39.562934" lon="2.504690"/>
    <trkpt lat="39.562849" lon="2.504729"/>
    <trkpt lat="39.562788" lon="2.504767"/>
    <trkpt lat="39.562707" lon="2.504832"/>
    <trkpt lat="39.562547" lon="2.504970"/>
    <trkpt lat="39.561847" lon="2.505630"/>
    <trkpt lat="39.561255" lon="2.506186"/>
    <trkpt lat="39.561144" lon="2.506292"/>
    <trkpt lat="39.561036" lon="2.506403"/>
    <trkpt lat="39.560940" lon="2.506521"/>
    <trkpt lat="39.560857" lon="2.506631"/>
    <trkpt lat="39.560653" lon="2.506923"/>
    <trkpt lat="39.560344" lon="2.507379"/>
    <trkpt lat="39.560160" lon="2.507657"/>
    <trkpt lat="39.560072" lon="2.507790"/>
    <trkpt lat="39.559917" lon="2.508019"/>
    <trkpt lat="39.559714" lon="2.508310"/>
    <trkpt lat="39.559554" lon="2.508520"/>
    <trkpt lat="39.559471" lon="2.508616"/>
    <trkpt lat="39.559396" lon="2.508696"/>
    <trkpt lat="39.559300" lon="2.508786"/>
    <trkpt lat="39.559205" lon="2.508865"/>
    <trkpt lat="39.559116" lon="2.508929"/>
    <trkpt lat="39.559009" lon="2.508999"/>
    <trkpt lat="39.558873" lon="2.509076"/>
    <trkpt lat="39.558742" lon="2.509136"/>
    <trkpt lat="39.558611" lon="2.509185"/>
    <trkpt lat="39.558442" lon="2.509233"/>
    <trkpt lat="39.558278" lon="2.509278"/>
    <trkpt lat="39.558000" lon="2.509344"/>
    <trkpt lat="39.557182" lon="2.509521"/>
    <trkpt lat="39.557080" lon="2.509547"/>
    <trkpt lat="39.556937" lon="2.509590"/>
    <trkpt lat="39.556797" lon="2.509645"/>
    <trkpt lat="39.556682" lon="2.509702"/>
    <trkpt lat="39.556571" lon="2.509768"/>
    <trkpt lat="39.556446" lon="2.509860"/>
    <trkpt lat="39.556357" lon="2.509937"/>
    <trkpt lat="39.556291" lon="2.509997"/>
    <trkpt lat="39.556180" lon="2.510111"/>
    <trkpt lat="39.556086" lon="2.510221"/>
    <trkpt lat="39.555869" lon="2.510481"/>
    <trkpt lat="39.555116" lon="2.511391"/>
    <trkpt lat="39.555030" lon="2.511495"/>
    <trkpt lat="39.554932" lon="2.511610"/>
    <trkpt lat="39.554816" lon="2.511753"/>
    <trkpt lat="39.554709" lon="2.511909"/>
    <trkpt lat="39.554658" lon="2.511996"/>
    <trkpt lat="39.554583" lon="2.512122"/>
    <trkpt lat="39.554466" lon="2.512337"/>
    <trkpt lat="39.554326" lon="2.512597"/>
    <trkpt lat="39.554231" lon="2.512773"/>
    <trkpt lat="39.554147" lon="2.512922"/>
    <trkpt lat="39.554102" lon="2.512996"/>
    <trkpt lat="39.553989" lon="2.513142"/>
    <trkpt lat="39.553891" lon="2.513235"/>
    <trkpt lat="39.553805" lon="2.513300"/>
    <trkpt lat="39.553698" lon="2.513359"/>
    <trkpt lat="39.553568" lon="2.513403"/>
    <trkpt lat="39.553459" lon="2.513426"/>
    <trkpt lat="39.553344" lon="2.513440"/>
    <trkpt lat="39.553128" lon="2.513455"/>
    <trkpt lat="39.553066" lon="2.513462"/>
    <trkpt lat="39.553016" lon="2.513473"/>
    <trkpt lat="39.552932" lon="2.513504"/>
    <trkpt lat="39.552850" lon="2.513545"/>
    <trkpt lat="39.552757" lon="2.513603"/>
    <trkpt lat="39.552669" lon="2.513673"/>
    <trkpt lat="39.552617" lon="2.513720"/>
    <trkpt lat="39.552562" lon="2.513779"/>
    <trkpt lat="39.552515" lon="2.513836"/>
    <trkpt lat="39.552477" lon="2.513896"/>
    <trkpt lat="39.552388" lon="2.514053"/>
    <trkpt lat="39.552276" lon="2.514280"/>
    <trkpt lat="39.552214" lon="2.514390"/>
    <trkpt lat="39.552112" lon="2.514549"/>
    <trkpt lat="39.552002" lon="2.514695"/>
    <trkpt lat="39.551931" lon="2.514778"/>
    <trkpt lat="39.551841" lon="2.514872"/>
    <trkpt lat="39.551756" lon="2.514951"/>
    <trkpt lat="39.551668" lon="2.515020"/>
    <trkpt lat="39.551574" lon="2.515082"/>
    <trkpt lat="39.551476" lon="2.515136"/>
    <trkpt lat="39.551359" lon="2.515190"/>
    <trkpt lat="39.551175" lon="2.515263"/>
    <trkpt lat="39.550794" lon="2.515404"/>
    <trkpt lat="39.550598" lon="2.515476"/>
    <trkpt lat="39.550102" lon="2.515660"/>
    <trkpt lat="39.549958" lon="2.515696"/>
    <trkpt lat="39.549818" lon="2.515723"/>
    <trkpt lat="39.549655" lon="2.515753"/>
    <trkpt lat="39.548716" lon="2.515918"/>
    <trkpt lat="39.548553" lon="2.515950"/>
    <trkpt lat="39.548392" lon="2.515986"/>
    <trkpt lat="39.548216" lon="2.516037"/>
    <trkpt lat="39.548043" lon="2.516100"/>
    <trkpt lat="39.547855" lon="2.516194"/>
    <trkpt lat="39.547711" lon="2.516281"/>
    <trkpt lat="39.547535" lon="2.516402"/>
    <trkpt lat="39.547364" lon="2.516542"/>
    <trkpt lat="39.547044" lon="2.516816"/>
    <trkpt lat="39.546899" lon="2.516933"/>
    <trkpt lat="39.546754" lon="2.517041"/>
    <trkpt lat="39.546582" lon="2.517162"/>
    <trkpt lat="39.546410" lon="2.517277"/>
    <trkpt lat="39.546279" lon="2.517357"/>
    <trkpt lat="39.546178" lon="2.517410"/>
    <trkpt lat="39.546101" lon="2.517441"/>
    <trkpt lat="39.546044" lon="2.517462"/>
    <trkpt lat="39.545910" lon="2.517500"/>
    <trkpt lat="39.545787" lon="2.517526"/>
    <trkpt lat="39.545663" lon="2.517545"/>
    <trkpt lat="39.545473" lon="2.517564"/>
    <trkpt lat="39.545196" lon="2.517579"/>
    <trkpt lat="39.544991" lon="2.517586"/>
    <trkpt lat="39.544598" lon="2.517596"/>
    <trkpt lat="39.544418" lon="2.517597"/>
    <trkpt lat="39.544329" lon="2.517597"/>
    <trkpt lat="39.544099" lon="2.517605"/>
    <trkpt lat="39.543980" lon="2.517614"/>
    <trkpt lat="39.543887" lon="2.517623"/>
    <trkpt lat="39.543732" lon="2.517645"/>
    <trkpt lat="39.543637" lon="2.517663"/>
    <trkpt lat="39.543589" lon="2.517673"/>
    <trkpt lat="39.543350" lon="2.517723"/>
    <trkpt lat="39.542915" lon="2.517818"/>
    <trkpt lat="39.540905" lon="2.518299"/>
    <trkpt lat="39.540360" lon="2.518426"/>
    <trkpt lat="39.539267" lon="2.518680"/>
    <trkpt lat="39.539088" lon="2.518725"/>
    <trkpt lat="39.538927" lon="2.518774"/>
    <trkpt lat="39.538804" lon="2.518828"/>
    <trkpt lat="39.538702" lon="2.518893"/>
    <trkpt lat="39.538604" lon="2.518970"/>
    <trkpt lat="39.538523" lon="2.519048"/>
    <trkpt lat="39.538437" lon="2.519151"/>
    <trkpt lat="39.538348" lon="2.519275"/>
    <trkpt lat="39.537786" lon="2.520154"/>
    <trkpt lat="39.537714" lon="2.520280"/>
    <trkpt lat="39.537651" lon="2.520417"/>
    <trkpt lat="39.537599" lon="2.520568"/>
    <trkpt lat="39.537559" lon="2.520751"/>
    <trkpt lat="39.537519" lon="2.520996"/>
    <trkpt lat="39.537491" lon="2.521141"/>
    <trkpt lat="39.537452" lon="2.521281"/>
    <trkpt lat="39.537388" lon="2.521432"/>
    <trkpt lat="39.537310" lon="2.521559"/>
    <trkpt lat="39.537192" lon="2.521714"/>
    <trkpt lat="39.537105" lon="2.521802"/>
    <trkpt lat="39.537002" lon="2.521881"/>
    <trkpt lat="39.536919" lon="2.521930"/>
    <trkpt lat="39.536837" lon="2.521965"/>
    <trkpt lat="39.536731" lon="2.521991"/>
    <trkpt lat="39.536308" lon="2.522041"/>
    <trkpt lat="39.536148" lon="2.522068"/>
    <trkpt lat="39.535998" lon="2.522115"/>
    <trkpt lat="39.535938" lon="2.522145"/>
    <trkpt lat="39.535869" lon="2.522189"/>
    <trkpt lat="39.535781" lon="2.522274"/>
    <trkpt lat="39.535701" lon="2.522375"/>
    <trkpt lat="39.535624" lon="2.522496"/>
    <trkpt lat="39.535561" lon="2.522630"/>
    <trkpt lat="39.535504" lon="2.522784"/>
    <trkpt lat="39.535447" lon="2.523001"/>
    <trkpt lat="39.535321" lon="2.523560"/>
    <trkpt lat="39.535288" lon="2.523731"/>
    <trkpt lat="39.535273" lon="2.523863"/>
    <trkpt lat="39.535274" lon="2.523993"/>
    <trkpt lat="39.535287" lon="2.524134"/>
    <trkpt lat="39.535313" lon="2.524280"/>
    <trkpt lat="39.535348" lon="2.524408"/>
    <trkpt lat="39.535385" lon="2.524524"/>
    <trkpt lat="39.535437" lon="2.524639"/>
    <trkpt lat="39.535526" lon="2.524752"/>
    <trkpt lat="39.535600" lon="2.524806"/>
    <trkpt lat="39.535675" lon="2.524836"/>
    <trkpt lat="39.535737" lon="2.524851"/>
    <trkpt lat="39.535901" lon="2.524871"/>
    <trkpt lat="39.535998" lon="2.524888"/>
    <trkpt lat="39.536087" lon="2.524925"/>
    <trkpt lat="39.536160" lon="2.524977"/>
    <trkpt lat="39.536215" lon="2.525037"/>
    <trkpt lat="39.536269" lon="2.525126"/>
    <trkpt lat="39.536304" lon="2.525210"/>
    <trkpt lat="39.536332" lon="2.525306"/>
    <trkpt lat="39.536346" lon="2.525421"/>
    <trkpt lat="39.536379" lon="2.525814"/>
    <trkpt lat="39.536399" lon="2.525949"/>
    <trkpt lat="39.536436" lon="2.526069"/>
    <trkpt lat="39.536486" lon="2.526164"/>
    <trkpt lat="39.536577" lon="2.526316"/>
    <trkpt lat="39.536668" lon="2.526453"/>
    <trkpt lat="39.536819" lon="2.526662"/>
    <trkpt lat="39.536883" lon="2.526769"/>
    <trkpt lat="39.536933" lon="2.526889"/>
    <trkpt lat="39.536963" lon="2.527019"/>
    <trkpt lat="39.536975" lon="2.527137"/>
    <trkpt lat="39.536974" lon="2.527257"/>
    <trkpt lat="39.536952" lon="2.527414"/>
    <trkpt lat="39.536921" lon="2.527541"/>
    <trkpt lat="39.536890" lon="2.527645"/>
    <trkpt lat="39.536826" lon="2.527822"/>
    <trkpt lat="39.536586" lon="2.528418"/>
    <trkpt lat="39.536543" lon="2.528511"/>
    <trkpt lat="39.536464" lon="2.528661"/>
    <trkpt lat="39.536385" lon="2.528792"/>
    <trkpt lat="39.536301" lon="2.528910"/>
    <trkpt lat="39.536201" lon="2.529030"/>
    <trkpt lat="39.535941" lon="2.529307"/>
    <trkpt lat="39.535659" lon="2.529592"/>
    <trkpt lat="39.535402" lon="2.529845"/>
    <trkpt lat="39.535136" lon="2.530088"/>
    <trkpt lat="39.535010" lon="2.530216"/>
    <trkpt lat="39.534946" lon="2.530293"/>
    <trkpt lat="39.534896" lon="2.530376"/>
    <trkpt lat="39.534841" lon="2.530501"/>
    <trkpt lat="39.534777" lon="2.530697"/>
    <trkpt lat="39.534758" lon="2.530807"/>
    <trkpt lat="39.534755" lon="2.530932"/>
    <trkpt lat="39.534771" lon="2.531052"/>
    <trkpt lat="39.534800" lon="2.531161"/>
    <trkpt lat="39.534866" lon="2.531339"/>
    <trkpt lat="39.534892" lon="2.531420"/>
    <trkpt lat="39.534914" lon="2.531538"/>
    <trkpt lat="39.534916" lon="2.531654"/>
    <trkpt lat="39.534907" lon="2.531738"/>
    <trkpt lat="39.534893" lon="2.531808"/>
    <trkpt lat="39.534855" lon="2.531931"/>
    <trkpt lat="39.534715" lon="2.532296"/>
    <trkpt lat="39.534571" lon="2.532663"/>
    <trkpt lat="39.534509" lon="2.532799"/>
    <trkpt lat="39.534455" lon="2.532892"/>
    <trkpt lat="39.534391" lon="2.532977"/>
    <trkpt lat="39.534325" lon="2.533048"/>
    <trkpt lat="39.534251" lon="2.533115"/>
    <trkpt lat="39.534114" lon="2.533223"/>
    <trkpt lat="39.533975" lon="2.533326"/>
    <trkpt lat="39.533865" lon="2.533383"/>
    <trkpt lat="39.533788" lon="2.533415"/>
    <trkpt lat="39.533682" lon="2.533446"/>
    <trkpt lat="39.533558" lon="2.533470"/>
    <trkpt lat="39.533426" lon="2.533490"/>
    <trkpt lat="39.533199" lon="2.533514"/>
    <trkpt lat="39.532980" lon="2.533529"/>
    <trkpt lat="39.532075" lon="2.533546"/>
    <trkpt lat="39.531652" lon="2.533557"/>
    <trkpt lat="39.531560" lon="2.533562"/>
    <trkpt lat="39.531473" lon="2.533570"/>
    <trkpt lat="39.531415" lon="2.533575"/>
    <trkpt lat="39.531340" lon="2.533590"/>
    <trkpt lat="39.531252" lon="2.533610"/>
    <trkpt lat="39.531206" lon="2.533623"/>
    <trkpt lat="39.531155" lon="2.533642"/>
    <trkpt lat="39.531090" lon="2.533667"/>
    <trkpt lat="39.531010" lon="2.533703"/>
    <trkpt lat="39.530930" lon="2.533747"/>
    <trkpt lat="39.530827" lon="2.533811"/>
    <trkpt lat="39.530762" lon="2.533857"/>
    <trkpt lat="39.530653" lon="2.533946"/>
    <trkpt lat="39.530523" lon="2.534066"/>
    <trkpt lat="39.530242" lon="2.534352"/>
    <trkpt lat="39.530130" lon="2.534429"/>
    <trkpt lat="39.530095" lon="2.534455"/>
    <trkpt lat="39.530050" lon="2.534484"/>
    <trkpt lat="39.530027" lon="2.534498"/>
    <trkpt lat="39.529994" lon="2.534513"/>
    <trkpt lat="39.529951" lon="2.534526"/>
    <trkpt lat="39.529884" lon="2.534537"/>
    <trkpt lat="39.529851" lon="2.534521"/>
    <trkpt lat="39.529816" lon="2.534513"/>
    <trkpt lat="39.529780" lon="2.534511"/>
    <trkpt lat="39.529745" lon="2.534517"/>
    <trkpt lat="39.529710" lon="2.534530"/>
    <trkpt lat="39.529678" lon="2.534550"/>
    <trkpt lat="39.529648" lon="2.534576"/>
    <trkpt lat="39.529622" lon="2.534608"/>
    <trkpt lat="39.529600" lon="2.534644"/>
    <trkpt lat="39.529583" lon="2.534685"/>
    <trkpt lat="39.529571" lon="2.534728"/>
    <trkpt lat="39.529564" lon="2.534774"/>
    <trkpt lat="39.529563" lon="2.534821"/>
    <trkpt lat="39.529539" lon="2.534904"/>
    <trkpt lat="39.529528" lon="2.534962"/>
    <trkpt lat="39.529515" lon="2.535008"/>
    <trkpt lat="39.529496" lon="2.535054"/>
    <trkpt lat="39.529472" lon="2.535098"/>
    <trkpt lat="39.529446" lon="2.535133"/>
    <trkpt lat="39.529373" lon="2.535236"/>
    <trkpt lat="39.529183" lon="2.535436"/>
    <trkpt lat="39.528583" lon="2.536052"/>
    <trkpt lat="39.528261" lon="2.536376"/>
    <trkpt lat="39.528165" lon="2.536441"/>
    <trkpt lat="39.528137" lon="2.536456"/>
    <trkpt lat="39.528109" lon="2.536466"/>
    <trkpt lat="39.528073" lon="2.536470"/>
    <trkpt lat="39.527951" lon="2.536478"/>
    <trkpt lat="39.527917" lon="2.536473"/>
    <trkpt lat="39.527882" lon="2.536475"/>
    <trkpt lat="39.527851" lon="2.536484"/>
    <trkpt lat="39.527821" lon="2.536498"/>
    <trkpt lat="39.527793" lon="2.536519"/>
    <trkpt lat="39.527768" lon="2.536545"/>
    <trkpt lat="39.527747" lon="2.536575"/>
    <trkpt lat="39.527729" lon="2.536610"/>
    <trkpt lat="39.527716" lon="2.536647"/>
    <trkpt lat="39.527707" lon="2.536687"/>
    <trkpt lat="39.527703" lon="2.536731"/>
    <trkpt lat="39.527705" lon="2.536775"/>
    <trkpt lat="39.527713" lon="2.536821"/>
    <trkpt lat="39.527727" lon="2.536864"/>
    <trkpt lat="39.527747" lon="2.536904"/>
    <trkpt lat="39.527771" lon="2.536938"/>
    <trkpt lat="39.527800" lon="2.536966"/>
    <trkpt lat="39.527833" lon="2.536988"/>
    <trkpt lat="39.527865" lon="2.537000"/>
    <trkpt lat="39.527898" lon="2.537006"/>
    <trkpt lat="39.527954" lon="2.537056"/>
    <trkpt lat="39.528002" lon="2.537078"/>
    <trkpt lat="39.528047" lon="2.537111"/>
    <trkpt lat="39.528088" lon="2.537150"/>
    <trkpt lat="39.528132" lon="2.537196"/>
    <trkpt lat="39.528227" lon="2.537308"/>
    <trkpt lat="39.528263" lon="2.537343"/>
    <trkpt lat="39.528320" lon="2.537383"/>
    <trkpt lat="39.528359" lon="2.537404"/>
    <trkpt lat="39.528399" lon="2.537420"/>
    <trkpt lat="39.528502" lon="2.537446"/>
    <trkpt lat="39.528536" lon="2.537447"/>
    <trkpt lat="39.528571" lon="2.537446"/>
    <trkpt lat="39.528606" lon="2.537443"/>
    <trkpt lat="39.528648" lon="2.537434"/>
    <trkpt lat="39.528718" lon="2.537414"/>
    <trkpt lat="39.528792" lon="2.537393"/>
    <trkpt lat="39.528930" lon="2.537353"/>
    <trkpt lat="39.529162" lon="2.537289"/>
    <trkpt lat="39.529216" lon="2.537275"/>
    <trkpt lat="39.529261" lon="2.537270"/>
    <trkpt lat="39.529303" lon="2.537270"/>
    <trkpt lat="39.529350" lon="2.537271"/>
    <trkpt lat="39.529399" lon="2.537276"/>
    <trkpt lat="39.529440" lon="2.537285"/>
    <trkpt lat="39.529484" lon="2.537299"/>
    <trkpt lat="39.529521" lon="2.537316"/>
    <trkpt lat="39.529565" lon="2.537339"/>
    <trkpt lat="39.529600" lon="2.537361"/>
    <trkpt lat="39.529642" lon="2.537391"/>
    <trkpt lat="39.529681" lon="2.537425"/>
    <trkpt lat="39.529719" lon="2.537465"/>
    <trkpt lat="39.529760" lon="2.537519"/>
    <trkpt lat="39.529800" lon="2.537578"/>
    <trkpt lat="39.529842" lon="2.537653"/>
    <trkpt lat="39.529877" lon="2.537727"/>
    <trkpt lat="39.529934" lon="2.537851"/>
    <trkpt lat="39.530008" lon="2.538038"/>
    <trkpt lat="39.530114" lon="2.538325"/>
    <trkpt lat="39.530249" lon="2.538725"/>
    <trkpt lat="39.530393" lon="2.539168"/>
    <trkpt lat="39.530531" lon="2.539603"/>
    <trkpt lat="39.530619" lon="2.539879"/>
    <trkpt lat="39.530671" lon="2.540048"/>
    <trkpt lat="39.530934" lon="2.540900"/>
    <trkpt lat="39.531042" lon="2.541258"/>
    <trkpt lat="39.531135" lon="2.541570"/>
    <trkpt lat="39.531291" lon="2.542101"/>
    <trkpt lat="39.531400" lon="2.542473"/>
    <trkpt lat="39.531531" lon="2.542931"/>
    <trkpt lat="39.531585" lon="2.543116"/>
    <trkpt lat="39.531643" lon="2.543288"/>
    <trkpt lat="39.531711" lon="2.543470"/>
    <trkpt lat="39.531786" lon="2.543686"/>
    <trkpt lat="39.531848" lon="2.543880"/>
    <trkpt lat="39.531913" lon="2.544121"/>
    <trkpt lat="39.532115" lon="2.544875"/>
    <trkpt lat="39.532287" lon="2.545339"/>
    <trkpt lat="39.532376" lon="2.545687"/>
    <trkpt lat="39.532466" lon="2.546040"/>
    <trkpt lat="39.532555" lon="2.546396"/>
    <trkpt lat="39.532640" lon="2.546741"/>
    <trkpt lat="39.532731" lon="2.547101"/>
    <trkpt lat="39.532817" lon="2.547448"/>
    <trkpt lat="39.532902" lon="2.547798"/>
    <trkpt lat="39.532986" lon="2.548149"/>
    <trkpt lat="39.533028" lon="2.548333"/>
    <trkpt lat="39.533067" lon="2.548507"/>
    <trkpt lat="39.533105" lon="2.548684"/>
    <trkpt lat="39.533185" lon="2.549053"/>
    <trkpt lat="39.533262" lon="2.549417"/>
    <trkpt lat="39.533337" lon="2.549761"/>
    <trkpt lat="39.533414" lon="2.550117"/>
    <trkpt lat="39.533492" lon="2.550484"/>
    <trkpt lat="39.533565" lon="2.550837"/>
    <trkpt lat="39.533639" lon="2.551200"/>
    <trkpt lat="39.533712" lon="2.551560"/>
    <trkpt lat="39.533782" lon="2.551919"/>
    <trkpt lat="39.533852" lon="2.552274"/>
    <trkpt lat="39.533921" lon="2.552636"/>
    <trkpt lat="39.533989" lon="2.553000"/>
    <trkpt lat="39.534056" lon="2.553362"/>
    <trkpt lat="39.534122" lon="2.553727"/>
    <trkpt lat="39.534187" lon="2.554087"/>
    <trkpt lat="39.534252" lon="2.554456"/>
    <trkpt lat="39.534334" lon="2.554947"/>
    <trkpt lat="39.534400" lon="2.555336"/>
    <trkpt lat="39.534463" lon="2.555728"/>
    <trkpt lat="39.534528" lon="2.556116"/>
    <trkpt lat="39.534590" lon="2.556506"/>
    <trkpt lat="39.534686" lon="2.557125"/>
    <trkpt lat="39.534755" lon="2.557565"/>
    <trkpt lat="39.534854" lon="2.558209"/>
    <trkpt lat="39.535405" lon="2.561767"/>
    <trkpt lat="39.535487" lon="2.562269"/>
    <trkpt lat="39.535521" lon="2.562480"/>
    <trkpt lat="39.535558" lon="2.562704"/>
    <trkpt lat="39.535596" lon="2.562921"/>
    <trkpt lat="39.535635" lon="2.563128"/>
    <trkpt lat="39.535716" lon="2.563533"/>
    <trkpt lat="39.535761" lon="2.563744"/>
    <trkpt lat="39.535808" lon="2.563947"/>
    <trkpt lat="39.535856" lon="2.564139"/>
    <trkpt lat="39.535909" lon="2.564344"/>
    <trkpt lat="39.535965" lon="2.564547"/>
    <trkpt lat="39.536025" lon="2.564744"/>
    <trkpt lat="39.536088" lon="2.564940"/>
    <trkpt lat="39.536155" lon="2.565132"/>
    <trkpt lat="39.536227" lon="2.565322"/>
    <trkpt lat="39.536304" lon="2.565514"/>
    <trkpt lat="39.536382" lon="2.565696"/>
    <trkpt lat="39.536463" lon="2.565870"/>
    <trkpt lat="39.536568" lon="2.566080"/>
    <trkpt lat="39.536728" lon="2.566373"/>
    <trkpt lat="39.536844" lon="2.566561"/>
    <trkpt lat="39.536953" lon="2.566723"/>
    <trkpt lat="39.537066" lon="2.566880"/>
    <trkpt lat="39.537185" lon="2.567035"/>
    <trkpt lat="39.537301" lon="2.567176"/>
    <trkpt lat="39.537682" lon="2.567573"/>
    <trkpt lat="39.537820" lon="2.567698"/>
    <trkpt lat="39.537957" lon="2.567816"/>
    <trkpt lat="39.538096" lon="2.567926"/>
    <trkpt lat="39.538237" lon="2.568027"/>
    <trkpt lat="39.538386" lon="2.568125"/>
    <trkpt lat="39.538538" lon="2.568220"/>
    <trkpt lat="39.538685" lon="2.568307"/>
    <trkpt lat="39.538831" lon="2.568389"/>
    <trkpt lat="39.538987" lon="2.568471"/>
    <trkpt lat="39.539131" lon="2.568545"/>
    <trkpt lat="39.539425" lon="2.568691"/>
    <trkpt lat="39.539567" lon="2.568763"/>
    <trkpt lat="39.539858" lon="2.568909"/>
    <trkpt lat="39.540001" lon="2.568981"/>
    <trkpt lat="39.540144" lon="2.569054"/>
    <trkpt lat="39.540285" lon="2.569130"/>
    <trkpt lat="39.540427" lon="2.569214"/>
    <trkpt lat="39.540566" lon="2.569303"/>
    <trkpt lat="39.540698" lon="2.569395"/>
    <trkpt lat="39.540796" lon="2.569464"/>
    <trkpt lat="39.540879" lon="2.569528"/>
    <trkpt lat="39.541020" lon="2.569642"/>
    <trkpt lat="39.541096" lon="2.569710"/>
    <trkpt lat="39.541183" lon="2.569793"/>
    <trkpt lat="39.541325" lon="2.569937"/>
    <trkpt lat="39.541454" lon="2.570076"/>
    <trkpt lat="39.541574" lon="2.570214"/>
    <trkpt lat="39.541680" lon="2.570351"/>
    <trkpt lat="39.541780" lon="2.570492"/>
    <trkpt lat="39.541886" lon="2.570649"/>
    <trkpt lat="39.541985" lon="2.570801"/>
    <trkpt lat="39.542082" lon="2.570959"/>
    <trkpt lat="39.542178" lon="2.571138"/>
    <trkpt lat="39.543011" lon="2.572775"/>
    <trkpt lat="39.543170" lon="2.573046"/>
    <trkpt lat="39.543321" lon="2.573293"/>
    <trkpt lat="39.543500" lon="2.573576"/>
    <trkpt lat="39.543708" lon="2.573887"/>
    <trkpt lat="39.543810" lon="2.574025"/>
    <trkpt lat="39.543919" lon="2.574166"/>
    <trkpt lat="39.544030" lon="2.574299"/>
    <trkpt lat="39.544245" lon="2.574549"/>
    <trkpt lat="39.544498" lon="2.574822"/>
    <trkpt lat="39.544626" lon="2.574945"/>
    <trkpt lat="39.544752" lon="2.575070"/>
    <trkpt lat="39.544878" lon="2.575182"/>
    <trkpt lat="39.545004" lon="2.575287"/>
    <trkpt lat="39.545133" lon="2.575393"/>
    <trkpt lat="39.545407" lon="2.575591"/>
    <trkpt lat="39.545687" lon="2.575784"/>
    <trkpt lat="39.545812" lon="2.575867"/>
    <trkpt lat="39.545954" lon="2.575957"/>
    <trkpt lat="39.546096" lon="2.576041"/>
    <trkpt lat="39.546239" lon="2.576121"/>
    <trkpt lat="39.546526" lon="2.576282"/>
    <trkpt lat="39.546811" lon="2.576439"/>
    <trkpt lat="39.547095" lon="2.576595"/>
    <trkpt lat="39.547379" lon="2.576750"/>
    <trkpt lat="39.547515" lon="2.576827"/>
    <trkpt lat="39.547655" lon="2.576911"/>
    <trkpt lat="39.547794" lon="2.576999"/>
    <trkpt lat="39.547940" lon="2.577095"/>
    <trkpt lat="39.548071" lon="2.577188"/>
    <trkpt lat="39.548203" lon="2.577287"/>
    <trkpt lat="39.548334" lon="2.577394"/>
    <trkpt lat="39.548464" lon="2.577509"/>
    <trkpt lat="39.548581" lon="2.577620"/>
    <trkpt lat="39.548701" lon="2.577744"/>
    <trkpt lat="39.548820" lon="2.577883"/>
    <trkpt lat="39.548932" lon="2.578023"/>
    <trkpt lat="39.549045" lon="2.578174"/>
    <trkpt lat="39.549151" lon="2.578328"/>
    <trkpt lat="39.549249" lon="2.578481"/>
    <trkpt lat="39.549351" lon="2.578652"/>
    <trkpt lat="39.549442" lon="2.578825"/>
    <trkpt lat="39.549527" lon="2.578999"/>
    <trkpt lat="39.549609" lon="2.579177"/>
    <trkpt lat="39.549686" lon="2.579365"/>
    <trkpt lat="39.549753" lon="2.579552"/>
    <trkpt lat="39.549815" lon="2.579739"/>
    <trkpt lat="39.549873" lon="2.579934"/>
    <trkpt lat="39.549925" lon="2.580131"/>
    <trkpt lat="39.549970" lon="2.580328"/>
    <trkpt lat="39.550009" lon="2.580526"/>
    <trkpt lat="39.550043" lon="2.580733"/>
    <trkpt lat="39.550073" lon="2.580936"/>
    <trkpt lat="39.550099" lon="2.581140"/>
    <trkpt lat="39.550145" lon="2.581551"/>
    <trkpt lat="39.550165" lon="2.581755"/>
    <trkpt lat="39.550187" lon="2.581962"/>
    <trkpt lat="39.550209" lon="2.582167"/>
    <trkpt lat="39.550233" lon="2.582374"/>
    <trkpt lat="39.550261" lon="2.582580"/>
    <trkpt lat="39.550293" lon="2.582783"/>
    <trkpt lat="39.550330" lon="2.582983"/>
    <trkpt lat="39.550372" lon="2.583187"/>
    <trkpt lat="39.550420" lon="2.583383"/>
    <trkpt lat="39.550473" lon="2.583578"/>
    <trkpt lat="39.550533" lon="2.583772"/>
    <trkpt lat="39.550597" lon="2.583960"/>
    <trkpt lat="39.550669" lon="2.584149"/>
    <trkpt lat="39.550747" lon="2.584334"/>
    <trkpt lat="39.550827" lon="2.584510"/>
    <trkpt lat="39.550916" lon="2.584687"/>
    <trkpt lat="39.551010" lon="2.584859"/>
    <trkpt lat="39.551106" lon="2.585021"/>
    <trkpt lat="39.551203" lon="2.585173"/>
    <trkpt lat="39.551316" lon="2.585335"/>
    <trkpt lat="39.551430" lon="2.585486"/>
    <trkpt lat="39.551545" lon="2.585628"/>
    <trkpt lat="39.551665" lon="2.585766"/>
    <trkpt lat="39.551789" lon="2.585899"/>
    <trkpt lat="39.551918" lon="2.586025"/>
    <trkpt lat="39.552049" lon="2.586143"/>
    <trkpt lat="39.552180" lon="2.586252"/>
    <trkpt lat="39.552323" lon="2.586362"/>
    <trkpt lat="39.552462" lon="2.586462"/>
    <trkpt lat="39.552606" lon="2.586557"/>
    <trkpt lat="39.552749" lon="2.586651"/>
    <trkpt lat="39.552895" lon="2.586745"/>
    <trkpt lat="39.553039" lon="2.586834"/>
    <trkpt lat="39.553184" lon="2.586926"/>
    <trkpt lat="39.553466" lon="2.587112"/>
    <trkpt lat="39.553610" lon="2.587207"/>
    <trkpt lat="39.553750" lon="2.587307"/>
    <trkpt lat="39.553841" lon="2.587377"/>
    <trkpt lat="39.553986" lon="2.587495"/>
    <trkpt lat="39.554127" lon="2.587618"/>
    <trkpt lat="39.554267" lon="2.587752"/>
    <trkpt lat="39.554399" lon="2.587887"/>
    <trkpt lat="39.554530" lon="2.588032"/>
    <trkpt lat="39.554656" lon="2.588184"/>
    <trkpt lat="39.554775" lon="2.588343"/>
    <trkpt lat="39.554889" lon="2.588504"/>
    <trkpt lat="39.554997" lon="2.588669"/>
    <trkpt lat="39.555105" lon="2.588848"/>
    <trkpt lat="39.555205" lon="2.589029"/>
    <trkpt lat="39.555300" lon="2.589215"/>
    <trkpt lat="39.555388" lon="2.589405"/>
    <trkpt lat="39.555470" lon="2.589596"/>
    <trkpt lat="39.555546" lon="2.589796"/>
    <trkpt lat="39.555618" lon="2.589999"/>
    <trkpt lat="39.555683" lon="2.590203"/>
    <trkpt lat="39.555741" lon="2.590407"/>
    <trkpt lat="39.555792" lon="2.590618"/>
    <trkpt lat="39.555837" lon="2.590838"/>
    <trkpt lat="39.555873" lon="2.591034"/>
    <trkpt lat="39.555899" lon="2.591208"/>
    <trkpt lat="39.555928" lon="2.591417"/>
    <trkpt lat="39.555950" lon="2.591621"/>
    <trkpt lat="39.555990" lon="2.592129"/>
    <trkpt lat="39.556077" lon="2.593469"/>
    <trkpt lat="39.556153" lon="2.594261"/>
    <trkpt lat="39.556185" lon="2.594518"/>
    <trkpt lat="39.556229" lon="2.594809"/>
    <trkpt lat="39.556264" lon="2.595014"/>
    <trkpt lat="39.556296" lon="2.595205"/>
    <trkpt lat="39.556332" lon="2.595392"/>
    <trkpt lat="39.556372" lon="2.595575"/>
    <trkpt lat="39.556454" lon="2.595921"/>
    <trkpt lat="39.556516" lon="2.596153"/>
    <trkpt lat="39.556590" lon="2.596403"/>
    <trkpt lat="39.556667" lon="2.596661"/>
    <trkpt lat="39.556798" lon="2.597040"/>
    <trkpt lat="39.556934" lon="2.597394"/>
    <trkpt lat="39.557078" lon="2.597739"/>
    <trkpt lat="39.557225" lon="2.598074"/>
    <trkpt lat="39.557526" lon="2.598720"/>
    <trkpt lat="39.557624" lon="2.599068"/>
    <trkpt lat="39.557832" lon="2.599513"/>
    <trkpt lat="39.557910" lon="2.599827"/>
    <trkpt lat="39.557924" lon="2.599980"/>
    <trkpt lat="39.557922" lon="2.600096"/>
    <trkpt lat="39.557907" lon="2.600198"/>
    <trkpt lat="39.557888" lon="2.600288"/>
    <trkpt lat="39.557855" lon="2.600410"/>
    <trkpt lat="39.557812" lon="2.600512"/>
    <trkpt lat="39.557763" lon="2.600611"/>
    <trkpt lat="39.557676" lon="2.600755"/>
    <trkpt lat="39.557450" lon="2.601092"/>
    <trkpt lat="39.557369" lon="2.601233"/>
    <trkpt lat="39.557329" lon="2.601316"/>
    <trkpt lat="39.557291" lon="2.601405"/>
    <trkpt lat="39.557251" lon="2.601522"/>
    <trkpt lat="39.557233" lon="2.601586"/>
    <trkpt lat="39.557206" lon="2.601713"/>
    <trkpt lat="39.557198" lon="2.601780"/>
    <trkpt lat="39.557189" lon="2.601911"/>
    <trkpt lat="39.557190" lon="2.601977"/>
    <trkpt lat="39.557197" lon="2.602106"/>
    <trkpt lat="39.557204" lon="2.602174"/>
    <trkpt lat="39.557227" lon="2.602303"/>
    <trkpt lat="39.557244" lon="2.602367"/>
    <trkpt lat="39.557286" lon="2.602490"/>
    <trkpt lat="39.557311" lon="2.602550"/>
    <trkpt lat="39.557363" lon="2.602652"/>
    <trkpt lat="39.557394" lon="2.602708"/>
    <trkpt lat="39.557459" lon="2.602806"/>
    <trkpt lat="39.557496" lon="2.602853"/>
    <trkpt lat="39.557602" lon="2.602968"/>
    <trkpt lat="39.557716" lon="2.603077"/>
    <trkpt lat="39.557844" lon="2.603192"/>
    <trkpt lat="39.558039" lon="2.603354"/>
    <trkpt lat="39.558163" lon="2.603452"/>
    <trkpt lat="39.558362" lon="2.603604"/>
    <trkpt lat="39.558851" lon="2.603928"/>
    <trkpt lat="39.559079" lon="2.604060"/>
    <trkpt lat="39.559268" lon="2.604153"/>
    <trkpt lat="39.559458" lon="2.604233"/>
    <trkpt lat="39.559603" lon="2.604286"/>
    <trkpt lat="39.559734" lon="2.604327"/>
    <trkpt lat="39.559873" lon="2.604362"/>
    <trkpt lat="39.560024" lon="2.604394"/>
    <trkpt lat="39.560350" lon="2.604432"/>
    <trkpt lat="39.560652" lon="2.604440"/>
    <trkpt lat="39.560948" lon="2.604425"/>
    <trkpt lat="39.561059" lon="2.604416"/>
    <trkpt lat="39.561395" lon="2.604392"/>
    <trkpt lat="39.561549" lon="2.604382"/>
    <trkpt lat="39.561703" lon="2.604377"/>
    <trkpt lat="39.561911" lon="2.604377"/>
    <trkpt lat="39.562214" lon="2.604391"/>
    <trkpt lat="39.562495" lon="2.604425"/>
    <trkpt lat="39.562819" lon="2.604507"/>
    <trkpt lat="39.563086" lon="2.604604"/>
    <trkpt lat="39.563358" lon="2.604745"/>
    <trkpt lat="39.563878" lon="2.605098"/>
    <trkpt lat="39.564328" lon="2.605464"/>
    <trkpt lat="39.564425" lon="2.605537"/>
    <trkpt lat="39.564559" lon="2.605644"/>
    <trkpt lat="39.564682" lon="2.605743"/>
    <trkpt lat="39.564811" lon="2.605853"/>
    <trkpt lat="39.565062" lon="2.606058"/>
    <trkpt lat="39.565317" lon="2.606266"/>
    <trkpt lat="39.565575" lon="2.606475"/>
    <trkpt lat="39.565825" lon="2.606679"/>
    <trkpt lat="39.566080" lon="2.606888"/>
    <trkpt lat="39.566331" lon="2.607092"/>
    <trkpt lat="39.566460" lon="2.607198"/>
    <trkpt lat="39.566713" lon="2.607406"/>
    <trkpt lat="39.566963" lon="2.607611"/>
    <trkpt lat="39.567227" lon="2.607825"/>
    <trkpt lat="39.567472" lon="2.608027"/>
    <trkpt lat="39.567730" lon="2.608239"/>
    <trkpt lat="39.568110" lon="2.608547"/>
    <trkpt lat="39.568362" lon="2.608753"/>
    <trkpt lat="39.568744" lon="2.609063"/>
    <trkpt lat="39.568999" lon="2.609266"/>
    <trkpt lat="39.569133" lon="2.609373"/>
    <trkpt lat="39.569269" lon="2.609477"/>
    <trkpt lat="39.569517" lon="2.609660"/>
    <trkpt lat="39.569650" lon="2.609751"/>
    <trkpt lat="39.569785" lon="2.609840"/>
    <trkpt lat="39.569920" lon="2.609920"/>
    <trkpt lat="39.570060" lon="2.610002"/>
    <trkpt lat="39.570196" lon="2.610076"/>
    <trkpt lat="39.570338" lon="2.610150"/>
    <trkpt lat="39.570482" lon="2.610219"/>
    <trkpt lat="39.570616" lon="2.610277"/>
    <trkpt lat="39.570767" lon="2.610341"/>
    <trkpt lat="39.570905" lon="2.610396"/>
    <trkpt lat="39.571050" lon="2.610449"/>
    <trkpt lat="39.571189" lon="2.610492"/>
    <trkpt lat="39.571345" lon="2.610538"/>
    <trkpt lat="39.571493" lon="2.610577"/>
    <trkpt lat="39.571639" lon="2.610612"/>
    <trkpt lat="39.571788" lon="2.610643"/>
    <trkpt lat="39.571936" lon="2.610668"/>
    <trkpt lat="39.572094" lon="2.610692"/>
    <trkpt lat="39.572235" lon="2.610708"/>
    <trkpt lat="39.572383" lon="2.610723"/>
    <trkpt lat="39.572535" lon="2.610734"/>
    <trkpt lat="39.572688" lon="2.610744"/>
    <trkpt lat="39.572838" lon="2.610752"/>
    <trkpt lat="39.572985" lon="2.610758"/>
    <trkpt lat="39.573135" lon="2.610766"/>
    <trkpt lat="39.573293" lon="2.610771"/>
    <trkpt lat="39.573442" lon="2.610781"/>
    <trkpt lat="39.573591" lon="2.610794"/>
    <trkpt lat="39.573741" lon="2.610811"/>
    <trkpt lat="39.573896" lon="2.610830"/>
    <trkpt lat="39.574044" lon="2.610852"/>
    <trkpt lat="39.574336" lon="2.610914"/>
    <trkpt lat="39.574486" lon="2.610954"/>
    <trkpt lat="39.574636" lon="2.611002"/>
    <trkpt lat="39.574782" lon="2.611054"/>
    <trkpt lat="39.574922" lon="2.611106"/>
    <trkpt lat="39.575068" lon="2.611166"/>
    <trkpt lat="39.575211" lon="2.611233"/>
    <trkpt lat="39.575351" lon="2.611303"/>
    <trkpt lat="39.575483" lon="2.611375"/>
    <trkpt lat="39.575619" lon="2.611455"/>
    <trkpt lat="39.575757" lon="2.611543"/>
    <trkpt lat="39.575887" lon="2.611632"/>
    <trkpt lat="39.576021" lon="2.611730"/>
    <trkpt lat="39.576146" lon="2.611828"/>
    <trkpt lat="39.576273" lon="2.611935"/>
    <trkpt lat="39.576397" lon="2.612044"/>
    <trkpt lat="39.576519" lon="2.612160"/>
    <trkpt lat="39.576640" lon="2.612278"/>
    <trkpt lat="39.576754" lon="2.612401"/>
    <trkpt lat="39.576867" lon="2.612525"/>
    <trkpt lat="39.576998" lon="2.612676"/>
    <trkpt lat="39.577105" lon="2.612804"/>
    <trkpt lat="39.577212" lon="2.612945"/>
    <trkpt lat="39.577313" lon="2.613090"/>
    <trkpt lat="39.577409" lon="2.613234"/>
    <trkpt lat="39.577506" lon="2.613387"/>
    <trkpt lat="39.577598" lon="2.613540"/>
    <trkpt lat="39.577688" lon="2.613701"/>
    <trkpt lat="39.577776" lon="2.613865"/>
    <trkpt lat="39.577857" lon="2.614028"/>
    <trkpt lat="39.577934" lon="2.614192"/>
    <trkpt lat="39.578008" lon="2.614364"/>
    <trkpt lat="39.578078" lon="2.614536"/>
    <trkpt lat="39.578144" lon="2.614711"/>
    <trkpt lat="39.578206" lon="2.614888"/>
    <trkpt lat="39.578265" lon="2.615064"/>
    <trkpt lat="39.578317" lon="2.615243"/>
    <trkpt lat="39.578367" lon="2.615428"/>
    <trkpt lat="39.578414" lon="2.615612"/>
    <trkpt lat="39.578457" lon="2.615802"/>
    <trkpt lat="39.578496" lon="2.615995"/>
    <trkpt lat="39.578529" lon="2.616179"/>
    <trkpt lat="39.578560" lon="2.616372"/>
    <trkpt lat="39.578586" lon="2.616566"/>
    <trkpt lat="39.578609" lon="2.616759"/>
    <trkpt lat="39.578627" lon="2.616949"/>
    <trkpt lat="39.578644" lon="2.617137"/>
    <trkpt lat="39.578660" lon="2.617322"/>
    <trkpt lat="39.578679" lon="2.617523"/>
    <trkpt lat="39.578700" lon="2.617722"/>
    <trkpt lat="39.578720" lon="2.617904"/>
    <trkpt lat="39.578747" lon="2.618103"/>
    <trkpt lat="39.578778" lon="2.618294"/>
    <trkpt lat="39.578810" lon="2.618471"/>
    <trkpt lat="39.578848" lon="2.618664"/>
    <trkpt lat="39.578891" lon="2.618857"/>
    <trkpt lat="39.578935" lon="2.619031"/>
    <trkpt lat="39.578987" lon="2.619219"/>
    <trkpt lat="39.579042" lon="2.619407"/>
    <trkpt lat="39.579097" lon="2.619579"/>
    <trkpt lat="39.579161" lon="2.619764"/>
    <trkpt lat="39.579225" lon="2.619937"/>
    <trkpt lat="39.579293" lon="2.620106"/>
    <trkpt lat="39.579365" lon="2.620276"/>
    <trkpt lat="39.579438" lon="2.620436"/>
    <trkpt lat="39.579521" lon="2.620606"/>
    <trkpt lat="39.579604" lon="2.620768"/>
    <trkpt lat="39.579684" lon="2.620916"/>
    <trkpt lat="39.579774" lon="2.621074"/>
    <trkpt lat="39.579870" lon="2.621231"/>
    <trkpt lat="39.579961" lon="2.621373"/>
    <trkpt lat="39.580062" lon="2.621520"/>
    <trkpt lat="39.580166" lon="2.621663"/>
    <trkpt lat="39.580270" lon="2.621802"/>
    <trkpt lat="39.580380" lon="2.621940"/>
    <trkpt lat="39.580489" lon="2.622071"/>
    <trkpt lat="39.580604" lon="2.622198"/>
    <trkpt lat="39.580721" lon="2.622321"/>
    <trkpt lat="39.580840" lon="2.622440"/>
    <trkpt lat="39.580952" lon="2.622548"/>
    <trkpt lat="39.581688" lon="2.623227"/>
    <trkpt lat="39.581820" lon="2.623352"/>
    <trkpt lat="39.581941" lon="2.623470"/>
    <trkpt lat="39.582060" lon="2.623586"/>
    <trkpt lat="39.582176" lon="2.623702"/>
    <trkpt lat="39.582409" lon="2.623948"/>
    <trkpt lat="39.582527" lon="2.624077"/>
    <trkpt lat="39.582646" lon="2.624211"/>
    <trkpt lat="39.582853" lon="2.624450"/>
    <trkpt lat="39.583177" lon="2.624893"/>
    <trkpt lat="39.583530" lon="2.625377"/>
    <trkpt lat="39.583749" lon="2.625682"/>
    <trkpt lat="39.583792" lon="2.625742"/>
    <trkpt lat="39.583983" lon="2.626048"/>
    <trkpt lat="39.584191" lon="2.626408"/>
    <trkpt lat="39.584365" lon="2.626723"/>
    <trkpt lat="39.584530" lon="2.627044"/>
    <trkpt lat="39.584693" lon="2.627375"/>
    <trkpt lat="39.584849" lon="2.627710"/>
    <trkpt lat="39.584920" lon="2.627869"/>
    <trkpt lat="39.584996" lon="2.628040"/>
    <trkpt lat="39.585131" lon="2.628357"/>
    <trkpt lat="39.585284" lon="2.628721"/>
    <trkpt lat="39.585421" lon="2.629058"/>
    <trkpt lat="39.585566" lon="2.629413"/>
    <trkpt lat="39.585704" lon="2.629758"/>
    <trkpt lat="39.585844" lon="2.630099"/>
    <trkpt lat="39.585988" lon="2.630439"/>
    <trkpt lat="39.586064" lon="2.630611"/>
    <trkpt lat="39.586141" lon="2.630780"/>
    <trkpt lat="39.586217" lon="2.630949"/>
    <trkpt lat="39.586295" lon="2.631112"/>
    <trkpt lat="39.586372" lon="2.631275"/>
    <trkpt lat="39.586454" lon="2.631442"/>
    <trkpt lat="39.586533" lon="2.631604"/>
    <trkpt lat="39.586613" lon="2.631765"/>
    <trkpt lat="39.586691" lon="2.631920"/>
    <trkpt lat="39.586838" lon="2.632199"/>
    <trkpt lat="39.586913" lon="2.632341"/>
    <trkpt lat="39.587022" lon="2.632781"/>
    <trkpt lat="39.587389" lon="2.633491"/>
    <trkpt lat="39.587506" lon="2.633722"/>
    <trkpt lat="39.587686" lon="2.634078"/>
    <trkpt lat="39.587821" lon="2.634334"/>
    <trkpt lat="39.588087" lon="2.634865"/>
    <trkpt lat="39.588107" lon="2.634906"/>
    <trkpt lat="39.588118" lon="2.634929"/>
    <trkpt lat="39.588179" lon="2.635057"/>
    <trkpt lat="39.588210" lon="2.635113"/>
    <trkpt lat="39.588213" lon="2.635148"/>
    <trkpt lat="39.588219" lon="2.635225"/>
    <trkpt lat="39.588221" lon="2.635327"/>
    <trkpt lat="39.588216" lon="2.635411"/>
    <trkpt lat="39.588209" lon="2.635501"/>
    <trkpt lat="39.588199" lon="2.635583"/>
    <trkpt lat="39.588181" lon="2.635667"/>
    <trkpt lat="39.588145" lon="2.635841"/>
    <trkpt lat="39.588130" lon="2.635926"/>
    <trkpt lat="39.588106" lon="2.636102"/>
    <trkpt lat="39.588095" lon="2.636190"/>
    <trkpt lat="39.588084" lon="2.636278"/>
    <trkpt lat="39.588067" lon="2.636399"/>
    <trkpt lat="39.588052" lon="2.636490"/>
    <trkpt lat="39.588038" lon="2.636574"/>
    <trkpt lat="39.588022" lon="2.636657"/>
    <trkpt lat="39.587985" lon="2.636828"/>
    <trkpt lat="39.587943" lon="2.636999"/>
    <trkpt lat="39.587874" lon="2.637246"/>
    <trkpt lat="39.587823" lon="2.637409"/>
    <trkpt lat="39.587767" lon="2.637568"/>
    <trkpt lat="39.587705" lon="2.637729"/>
    <trkpt lat="39.587646" lon="2.637871"/>
    <trkpt lat="39.587573" lon="2.638034"/>
    <trkpt lat="39.587501" lon="2.638180"/>
    <trkpt lat="39.587423" lon="2.638326"/>
    <trkpt lat="39.587338" lon="2.638478"/>
    <trkpt lat="39.587285" lon="2.638566"/>
    <trkpt lat="39.587269" lon="2.638594"/>
    <trkpt lat="39.587206" lon="2.638686"/>
    <trkpt lat="39.587134" lon="2.638783"/>
    <trkpt lat="39.587049" lon="2.638887"/>
    <trkpt lat="39.586961" lon="2.638981"/>
    <trkpt lat="39.586851" lon="2.639082"/>
    <trkpt lat="39.586796" lon="2.639131"/>
    <trkpt lat="39.586739" lon="2.639177"/>
    <trkpt lat="39.586681" lon="2.639221"/>
    <trkpt lat="39.586621" lon="2.639262"/>
    <trkpt lat="39.586561" lon="2.639300"/>
    <trkpt lat="39.586491" lon="2.639342"/>
    <trkpt lat="39.586372" lon="2.639416"/>
    <trkpt lat="39.586251" lon="2.639500"/>
    <trkpt lat="39.586134" lon="2.639588"/>
    <trkpt lat="39.586020" lon="2.639687"/>
    <trkpt lat="39.585909" lon="2.639791"/>
    <trkpt lat="39.585787" lon="2.639907"/>
    <trkpt lat="39.585746" lon="2.639941"/>
    <trkpt lat="39.585697" lon="2.639958"/>
    <trkpt lat="39.585616" lon="2.639947"/>
    <trkpt lat="39.585529" lon="2.639903"/>
    <trkpt lat="39.585447" lon="2.639896"/>
    <trkpt lat="39.585366" lon="2.639916"/>
    <trkpt lat="39.585327" lon="2.639940"/>
    <trkpt lat="39.585291" lon="2.639977"/>
    <trkpt lat="39.585260" lon="2.640013"/>
    <trkpt lat="39.585232" lon="2.640056"/>
    <trkpt lat="39.585207" lon="2.640108"/>
    <trkpt lat="39.585191" lon="2.640162"/>
    <trkpt lat="39.585180" lon="2.640276"/>
    <trkpt lat="39.585182" lon="2.640333"/>
    <trkpt lat="39.585195" lon="2.640385"/>
    <trkpt lat="39.585163" lon="2.640474"/>
    <trkpt lat="39.585120" lon="2.640554"/>
    <trkpt lat="39.585116" lon="2.640562"/>
    <trkpt lat="39.585006" lon="2.640704"/>
    <trkpt lat="39.584267" lon="2.641298"/>
    <trkpt lat="39.583503" lon="2.642187"/>
    <trkpt lat="39.583027" lon="2.642729"/>
    <trkpt lat="39.582846" lon="2.642850"/>
    <trkpt lat="39.582512" lon="2.643127"/>
    <trkpt lat="39.582490" lon="2.643160"/>
    <trkpt lat="39.581713" lon="2.644289"/>
    <trkpt lat="39.581688" lon="2.644325"/>
    <trkpt lat="39.581608" lon="2.644437"/>
    <trkpt lat="39.581591" lon="2.644605"/>
    <trkpt lat="39.581396" lon="2.644858"/>
    <trkpt lat="39.581369" lon="2.644899"/>
    <trkpt lat="39.581352" lon="2.644924"/>
    <trkpt lat="39.581254" lon="2.645068"/>
    <trkpt lat="39.580755" lon="2.645847"/>
    <trkpt lat="39.580675" lon="2.646114"/>
    <trkpt lat="39.580669" lon="2.646134"/>
    <trkpt lat="39.580659" lon="2.646166"/>
    <trkpt lat="39.580191" lon="2.647231"/>
    <trkpt lat="39.580058" lon="2.647518"/>
    <trkpt lat="39.580015" lon="2.647610"/>
    <trkpt lat="39.579914" lon="2.647775"/>
    <trkpt lat="39.579752" lon="2.647909"/>
    <trkpt lat="39.579722" lon="2.647931"/>
    <trkpt lat="39.579369" lon="2.648201"/>
    <trkpt lat="39.579244" lon="2.648303"/>
    <trkpt lat="39.578717" lon="2.648700"/>
    <trkpt lat="39.578705" lon="2.648709"/>
    <trkpt lat="39.578644" lon="2.648761"/>
    <trkpt lat="39.578596" lon="2.648803"/>
    <trkpt lat="39.578564" lon="2.648832"/>
    <trkpt lat="39.578455" lon="2.648955"/>
    <trkpt lat="39.578405" lon="2.648987"/>
    <trkpt lat="39.578417" lon="2.649062"/>
    <trkpt lat="39.578415" lon="2.649131"/>
    <trkpt lat="39.578388" lon="2.649254"/>
    <trkpt lat="39.578223" lon="2.649744"/>
    <trkpt lat="39.578061" lon="2.650206"/>
    <trkpt lat="39.577902" lon="2.650714"/>
    <trkpt lat="39.577826" lon="2.650949"/>
    <trkpt lat="39.577658" lon="2.651463"/>
    <trkpt lat="39.577433" lon="2.652155"/>
    <trkpt lat="39.577363" lon="2.652360"/>
    <trkpt lat="39.577294" lon="2.652559"/>
    <trkpt lat="39.577277" lon="2.652608"/>
    <trkpt lat="39.577238" lon="2.652690"/>
    <trkpt lat="39.577196" lon="2.652758"/>
    <trkpt lat="39.577127" lon="2.652828"/>
    <trkpt lat="39.576432" lon="2.653287"/>
    <trkpt lat="39.576251" lon="2.653404"/>
    <trkpt lat="39.576184" lon="2.653459"/>
    <trkpt lat="39.575991" lon="2.653628"/>
    <trkpt lat="39.575978" lon="2.653644"/>
    <trkpt lat="39.575957" lon="2.653701"/>
    <trkpt lat="39.575935" lon="2.653748"/>
    <trkpt lat="39.575910" lon="2.653794"/>
    <trkpt lat="39.575883" lon="2.653834"/>
    <trkpt lat="39.575717" lon="2.654033"/>
    <trkpt lat="39.575697" lon="2.654084"/>
    <trkpt lat="39.575429" lon="2.654423"/>
    <trkpt lat="39.576024" lon="2.655272"/>
  </trkseg></trk>
</gpx>
