<?xml version="1.0" encoding="UTF-8"?>
<gpx version="1.1" creator="top-gas" xmlns="http://www.topografix.com/GPX/1/1" xmlns:xsi="http://www.w3.org/2001/XMLSchema-instance" xsi:schemaLocation="http://www.topografix.com/GPX/1/1 http://www.topografix.com/GPX/1/1/gpx.xsd">
  <metadata><name>08 · Serra de Llevant: Artà y Cala Ratjada (Media)</name><desc>Ruta larga hacia el nordeste: curvas de Artà a Capdepera, faro y puerto de Cala Ratjada, regreso por Son Servera. Dificultad: Media. Distancia aprox.: 169 km.</desc><keywords>moto, mallorca, media</keywords></metadata>
  <wpt lat="39.576000" lon="2.655300"><name>Palma (Plaça d'Espanya)</name></wpt>
  <wpt lat="39.570000" lon="3.209400"><name>Manacor</name></wpt>
  <wpt lat="39.693600" lon="3.349400"><name>Artà</name></wpt>
  <wpt lat="39.702200" lon="3.433600"><name>Capdepera</name></wpt>
  <wpt lat="39.712700" lon="3.463000"><name>Cala Ratjada</name></wpt>
  <wpt lat="39.620600" lon="3.360600"><name>Son Servera</name></wpt>
  <wpt lat="39.610600" lon="3.283900"><name>Sant Llorenç des Cardassar</name></wpt>
  <trk><name>08 · Serra de Llevant: Artà y Cala Ratjada (Media)</name><desc>Ruta larga hacia el nordeste: curvas de Artà a Capdepera, faro y puerto de Cala Ratjada, regreso por Son Servera. Dificultad: Media. Distancia aprox.: 169 km.</desc><type>Moto</type><trkseg>
    <trkpt lat="39.576024" lon="2.655272"/>
    <trkpt lat="39.575429" lon="2.654423"/>
    <trkpt lat="39.575697" lon="2.654084"/>
    <trkpt lat="39.575734" lon="2.654057"/>
    <trkpt lat="39.575901" lon="2.653860"/>
    <trkpt lat="39.575926" lon="2.653835"/>
    <trkpt lat="39.575951" lon="2.653820"/>
    <trkpt lat="39.575996" lon="2.653802"/>
    <trkpt lat="39.576082" lon="2.653788"/>
    <trkpt lat="39.576092" lon="2.653774"/>
    <trkpt lat="39.576237" lon="2.653617"/>
    <trkpt lat="39.576267" lon="2.653590"/>
    <trkpt lat="39.576335" lon="2.653538"/>
    <trkpt lat="39.576487" lon="2.653436"/>
    <trkpt lat="39.576799" lon="2.653225"/>
    <trkpt lat="39.577293" lon="2.652892"/>
    <trkpt lat="39.577401" lon="2.652692"/>
    <trkpt lat="39.577417" lon="2.652645"/>
    <trkpt lat="39.577513" lon="2.652360"/>
    <trkpt lat="39.577363" lon="2.652360"/>
    <trkpt lat="39.577294" lon="2.652559"/>
    <trkpt lat="39.577277" lon="2.652608"/>
    <trkpt lat="39.577238" lon="2.652690"/>
    <trkpt lat="39.577196" lon="2.652758"/>
    <trkpt lat="39.577127" lon="2.652828"/>
    <trkpt lat="39.576432" lon="2.653287"/>
    <trkpt lat="39.576251" lon="2.653404"/>
    <trkpt lat="39.576184" lon="2.653459"/>
    <trkpt lat="39.575991" lon="2.653628"/>
    <trkpt lat="39.575978" lon="2.653644"/>
    <trkpt lat="39.575832" lon="2.653821"/>
    <trkpt lat="39.575552" lon="2.654140"/>
    <trkpt lat="39.575524" lon="2.654170"/>
    <trkpt lat="39.575501" lon="2.654195"/>
    <trkpt lat="39.575371" lon="2.654381"/>
    <trkpt lat="39.575299" lon="2.654524"/>
    <trkpt lat="39.575032" lon="2.655134"/>
    <trkpt lat="39.574982" lon="2.655248"/>
    <trkpt lat="39.574940" lon="2.655317"/>
    <trkpt lat="39.574931" lon="2.655329"/>
    <trkpt lat="39.574855" lon="2.655391"/>
    <trkpt lat="39.574788" lon="2.655423"/>
    <trkpt lat="39.574514" lon="2.655483"/>
    <trkpt lat="39.574348" lon="2.655504"/>
    <trkpt lat="39.573795" lon="2.655575"/>
    <trkpt lat="39.573748" lon="2.655581"/>
    <trkpt lat="39.573621" lon="2.655614"/>
    <trkpt lat="39.573539" lon="2.655654"/>
    <trkpt lat="39.573449" lon="2.655761"/>
    <trkpt lat="39.572953" lon="2.656416"/>
    <trkpt lat="39.572804" lon="2.656594"/>
    <trkpt lat="39.572780" lon="2.656617"/>
    <trkpt lat="39.572713" lon="2.656682"/>
    <trkpt lat="39.572668" lon="2.656715"/>
    <trkpt lat="39.572612" lon="2.656738"/>
    <trkpt lat="39.572569" lon="2.656741"/>
    <trkpt lat="39.572414" lon="2.656730"/>
    <trkpt lat="39.572135" lon="2.656693"/>
    <trkpt lat="39.571694" lon="2.656629"/>
    <trkpt lat="39.571501" lon="2.656600"/>
    <trkpt lat="39.571419" lon="2.656595"/>
    <trkpt lat="39.571370" lon="2.656595"/>
    <trkpt lat="39.571127" lon="2.656729"/>
    <trkpt lat="39.570848" lon="2.656899"/>
    <trkpt lat="39.570360" lon="2.657184"/>
    <trkpt lat="39.570327" lon="2.657204"/>
    <trkpt lat="39.570306" lon="2.657212"/>
    <trkpt lat="39.570212" lon="2.657242"/>
    <trkpt lat="39.570139" lon="2.657268"/>
    <trkpt lat="39.570117" lon="2.657439"/>
    <trkpt lat="39.571024" lon="2.657960"/>
    <trkpt lat="39.571063" lon="2.657981"/>
    <trkpt lat="39.571280" lon="2.658133"/>
    <trkpt lat="39.571353" lon="2.658184"/>
    <trkpt lat="39.571360" lon="2.658568"/>
    <trkpt lat="39.571361" lon="2.658656"/>
    <trkpt lat="39.571365" lon="2.658958"/>
    <trkpt lat="39.571368" lon="2.659059"/>
    <trkpt lat="39.571387" lon="2.659876"/>
    <trkpt lat="39.571418" lon="2.661134"/>
    <trkpt lat="39.571423" lon="2.661351"/>
    <trkpt lat="39.571433" lon="2.661603"/>
    <trkpt lat="39.571444" lon="2.661978"/>
    <trkpt lat="39.571459" lon="2.662452"/>
    <trkpt lat="39.571458" lon="2.663342"/>
    <trkpt lat="39.571402" lon="2.664373"/>
    <trkpt lat="39.571318" lon="2.665288"/>
    <trkpt lat="39.571314" lon="2.665363"/>
    <trkpt lat="39.571292" lon="2.665589"/>
    <trkpt lat="39.571294" lon="2.666343"/>
    <trkpt lat="39.571294" lon="2.666732"/>
    <trkpt lat="39.571294" lon="2.666801"/>
    <trkpt lat="39.571295" lon="2.667207"/>
    <trkpt lat="39.571285" lon="2.668093"/>
    <trkpt lat="39.571275" lon="2.668990"/>
    <trkpt lat="39.571268" lon="2.669622"/>
    <trkpt lat="39.571259" lon="2.670090"/>
    <trkpt lat="39.571245" lon="2.670418"/>
    <trkpt lat="39.571212" lon="2.671072"/>
    <trkpt lat="39.571232" lon="2.671171"/>
    <trkpt lat="39.571230" lon="2.671502"/>
    <trkpt lat="39.571229" lon="2.671713"/>
    <trkpt lat="39.571224" lon="2.672539"/>
    <trkpt lat="39.571224" lon="2.672659"/>
    <trkpt lat="39.571223" lon="2.672827"/>
    <trkpt lat="39.571220" lon="2.673243"/>
    <trkpt lat="39.571219" lon="2.673530"/>
    <trkpt lat="39.571220" lon="2.673816"/>
    <trkpt lat="39.571224" lon="2.674744"/>
    <trkpt lat="39.571202" lon="2.674890"/>
    <trkpt lat="39.571184" lon="2.674985"/>
    <trkpt lat="39.571168" lon="2.675048"/>
    <trkpt lat="39.571149" lon="2.675121"/>
    <trkpt lat="39.571128" lon="2.675200"/>
    <trkpt lat="39.571095" lon="2.675300"/>
    <trkpt lat="39.571055" lon="2.675422"/>
    <trkpt lat="39.571014" lon="2.675533"/>
    <trkpt lat="39.570982" lon="2.675621"/>
    <trkpt lat="39.570931" lon="2.675732"/>
    <trkpt lat="39.570875" lon="2.675838"/>
    <trkpt lat="39.570802" lon="2.675958"/>
    <trkpt lat="39.570755" lon="2.676045"/>
    <trkpt lat="39.570726" lon="2.676096"/>
    <trkpt lat="39.570697" lon="2.676131"/>
    <trkpt lat="39.570634" lon="2.676182"/>
    <trkpt lat="39.570606" lon="2.676198"/>
    <trkpt lat="39.570578" lon="2.676218"/>
    <trkpt lat="39.570554" lon="2.676245"/>
    <trkpt lat="39.570534" lon="2.676275"/>
    <trkpt lat="39.570518" lon="2.676310"/>
    <trkpt lat="39.570504" lon="2.676351"/>
    <trkpt lat="39.570498" lon="2.676386"/>
    <trkpt lat="39.570495" lon="2.676428"/>
    <trkpt lat="39.570497" lon="2.676472"/>
    <trkpt lat="39.570507" lon="2.676515"/>
    <trkpt lat="39.570522" lon="2.676555"/>
    <trkpt lat="39.570540" lon="2.676591"/>
    <trkpt lat="39.570567" lon="2.676646"/>
    <trkpt lat="39.570578" lon="2.676687"/>
    <trkpt lat="39.570587" lon="2.676726"/>
    <trkpt lat="39.570592" lon="2.676768"/>
    <trkpt lat="39.570592" lon="2.676808"/>
    <trkpt lat="39.570589" lon="2.676846"/>
    <trkpt lat="39.570583" lon="2.676880"/>
    <trkpt lat="39.570572" lon="2.676914"/>
    <trkpt lat="39.570562" lon="2.676945"/>
    <trkpt lat="39.570551" lon="2.676989"/>
    <trkpt lat="39.570515" lon="2.677224"/>
    <trkpt lat="39.570444" lon="2.677700"/>
    <trkpt lat="39.570384" lon="2.678096"/>
    <trkpt lat="39.570376" lon="2.678154"/>
    <trkpt lat="39.570344" lon="2.678423"/>
    <trkpt lat="39.570309" lon="2.678936"/>
    <trkpt lat="39.570304" lon="2.679829"/>
    <trkpt lat="39.570307" lon="2.680047"/>
    <trkpt lat="39.570316" lon="2.680912"/>
    <trkpt lat="39.570332" lon="2.681647"/>
    <trkpt lat="39.570342" lon="2.682494"/>
    <trkpt lat="39.570349" lon="2.682994"/>
    <trkpt lat="39.570375" lon="2.685011"/>
    <trkpt lat="39.570378" lon="2.685276"/>
    <trkpt lat="39.570356" lon="2.685551"/>
    <trkpt lat="39.570322" lon="2.685639"/>
    <trkpt lat="39.570275" lon="2.685678"/>
    <trkpt lat="39.570236" lon="2.685729"/>
    <trkpt lat="39.570206" lon="2.685789"/>
    <trkpt lat="39.570186" lon="2.685857"/>
    <trkpt lat="39.570178" lon="2.685928"/>
    <trkpt lat="39.570184" lon="2.686013"/>
    <trkpt lat="39.570205" lon="2.686093"/>
    <trkpt lat="39.570242" lon="2.686164"/>
    <trkpt lat="39.570264" lon="2.686193"/>
    <trkpt lat="39.570289" lon="2.686219"/>
    <trkpt lat="39.570336" lon="2.686308"/>
    <trkpt lat="39.570357" lon="2.686378"/>
    <trkpt lat="39.570365" lon="2.686471"/>
    <trkpt lat="39.570369" lon="2.686510"/>
    <trkpt lat="39.570363" lon="2.686674"/>
    <trkpt lat="39.570348" lon="2.687054"/>
    <trkpt lat="39.570321" lon="2.687580"/>
    <trkpt lat="39.570301" lon="2.687871"/>
    <trkpt lat="39.570293" lon="2.687977"/>
    <trkpt lat="39.570246" lon="2.688503"/>
    <trkpt lat="39.570198" lon="2.688972"/>
    <trkpt lat="39.570091" lon="2.689961"/>
    <trkpt lat="39.570036" lon="2.690506"/>
    <trkpt lat="39.569969" lon="2.691170"/>
    <trkpt lat="39.569853" lon="2.692705"/>
    <trkpt lat="39.569779" lon="2.694140"/>
    <trkpt lat="39.569769" lon="2.694397"/>
    <trkpt lat="39.569765" lon="2.694461"/>
    <trkpt lat="39.569756" lon="2.694635"/>
    <trkpt lat="39.569725" lon="2.695612"/>
    <trkpt lat="39.569723" lon="2.696249"/>
    <trkpt lat="39.569733" lon="2.696814"/>
    <trkpt lat="39.569775" lon="2.697405"/>
    <trkpt lat="39.569834" lon="2.698067"/>
    <trkpt lat="39.569939" lon="2.698942"/>
    <trkpt lat="39.569990" lon="2.699412"/>
    <trkpt lat="39.570019" lon="2.699882"/>
    <trkpt lat="39.570022" lon="2.700343"/>
    <trkpt lat="39.570007" lon="2.700800"/>
    <trkpt lat="39.569979" lon="2.701129"/>
    <trkpt lat="39.569938" lon="2.701443"/>
    <trkpt lat="39.569911" lon="2.701607"/>
    <trkpt lat="39.569817" lon="2.702113"/>
    <trkpt lat="39.569675" lon="2.702680"/>
    <trkpt lat="39.569418" lon="2.703721"/>
    <trkpt lat="39.569252" lon="2.704526"/>
    <trkpt lat="39.569090" lon="2.705477"/>
    <trkpt lat="39.568690" lon="2.707983"/>
    <trkpt lat="39.568551" lon="2.708852"/>
    <trkpt lat="39.568452" lon="2.709458"/>
    <trkpt lat="39.568426" lon="2.709614"/>
    <trkpt lat="39.568398" lon="2.709751"/>
    <trkpt lat="39.568360" lon="2.709852"/>
    <trkpt lat="39.568326" lon="2.709917"/>
    <trkpt lat="39.568284" lon="2.709969"/>
    <trkpt lat="39.568212" lon="2.710033"/>
    <trkpt lat="39.568173" lon="2.710057"/>
    <trkpt lat="39.568109" lon="2.710124"/>
    <trkpt lat="39.568050" lon="2.710226"/>
    <trkpt lat="39.568020" lon="2.710292"/>
    <trkpt lat="39.568000" lon="2.710351"/>
    <trkpt lat="39.567987" lon="2.710412"/>
    <trkpt lat="39.567982" lon="2.710486"/>
    <trkpt lat="39.567979" lon="2.710563"/>
    <trkpt lat="39.567988" lon="2.710639"/>
    <trkpt lat="39.567999" lon="2.710705"/>
    <trkpt lat="39.568017" lon="2.710761"/>
    <trkpt lat="39.568039" lon="2.710823"/>
    <trkpt lat="39.568085" lon="2.710906"/>
    <trkpt lat="39.568101" lon="2.710929"/>
    <trkpt lat="39.568127" lon="2.710992"/>
    <trkpt lat="39.568142" lon="2.711058"/>
    <trkpt lat="39.568148" lon="2.711160"/>
    <trkpt lat="39.568143" lon="2.711281"/>
    <trkpt lat="39.568136" lon="2.711397"/>
    <trkpt lat="39.568120" lon="2.711526"/>
    <trkpt lat="39.567822" lon="2.713369"/>
    <trkpt lat="39.567448" lon="2.715709"/>
    <trkpt lat="39.567425" lon="2.715854"/>
    <trkpt lat="39.567259" lon="2.716956"/>
    <trkpt lat="39.567125" lon="2.718012"/>
    <trkpt lat="39.566997" lon="2.719221"/>
    <trkpt lat="39.566926" lon="2.720395"/>
    <trkpt lat="39.566915" lon="2.720614"/>
    <trkpt lat="39.566899" lon="2.721370"/>
    <trkpt lat="39.566912" lon="2.722175"/>
    <trkpt lat="39.566954" lon="2.722993"/>
    <trkpt lat="39.567035" lon="2.723798"/>
    <trkpt lat="39.567064" lon="2.724014"/>
    <trkpt lat="39.567139" lon="2.724526"/>
    <trkpt lat="39.567224" lon="2.724969"/>
    <trkpt lat="39.567351" lon="2.725537"/>
    <trkpt lat="39.567992" lon="2.727976"/>
    <trkpt lat="39.568730" lon="2.730731"/>
    <trkpt lat="39.569069" lon="2.731995"/>
    <trkpt lat="39.569793" lon="2.734718"/>
    <trkpt lat="39.569824" lon="2.734832"/>
    <trkpt lat="39.570091" lon="2.735852"/>
    <trkpt lat="39.570256" lon="2.736500"/>
    <trkpt lat="39.570411" lon="2.737235"/>
    <trkpt lat="39.570484" lon="2.737622"/>
    <trkpt lat="39.570626" lon="2.738512"/>
    <trkpt lat="39.570716" lon="2.739238"/>
    <trkpt lat="39.570781" lon="2.739912"/>
    <trkpt lat="39.570812" lon="2.740537"/>
    <trkpt lat="39.570827" lon="2.741177"/>
    <trkpt lat="39.570820" lon="2.741733"/>
    <trkpt lat="39.570792" lon="2.742395"/>
    <trkpt lat="39.570759" lon="2.742854"/>
    <trkpt lat="39.570709" lon="2.743387"/>
    <trkpt lat="39.570655" lon="2.743858"/>
    <trkpt lat="39.570575" lon="2.744391"/>
    <trkpt lat="39.570507" lon="2.744784"/>
    <trkpt lat="39.570404" lon="2.745288"/>
    <trkpt lat="39.570240" lon="2.746033"/>
    <trkpt lat="39.570048" lon="2.746744"/>
    <trkpt lat="39.569847" lon="2.747427"/>
    <trkpt lat="39.569651" lon="2.748076"/>
    <trkpt lat="39.569306" lon="2.749207"/>
    <trkpt lat="39.569056" lon="2.750087"/>
    <trkpt lat="39.568881" lon="2.750876"/>
    <trkpt lat="39.568796" lon="2.751391"/>
    <trkpt lat="39.568736" lon="2.751963"/>
    <trkpt lat="39.568701" lon="2.752515"/>
    <trkpt lat="39.568690" lon="2.752977"/>
    <trkpt lat="39.568702" lon="2.753602"/>
    <trkpt lat="39.568721" lon="2.754097"/>
    <trkpt lat="39.568740" lon="2.754732"/>
    <trkpt lat="39.568738" lon="2.755153"/>
    <trkpt lat="39.568723" lon="2.755526"/>
    <trkpt lat="39.568694" lon="2.755905"/>
    <trkpt lat="39.568620" lon="2.756482"/>
    <trkpt lat="39.568588" lon="2.756667"/>
    <trkpt lat="39.568469" lon="2.757237"/>
    <trkpt lat="39.568294" lon="2.757847"/>
    <trkpt lat="39.567892" lon="2.758958"/>
    <trkpt lat="39.567724" lon="2.759556"/>
    <trkpt lat="39.567624" lon="2.760047"/>
    <trkpt lat="39.567573" lon="2.760455"/>
    <trkpt lat="39.567546" lon="2.760841"/>
    <trkpt lat="39.567557" lon="2.761357"/>
    <trkpt lat="39.567636" lon="2.763087"/>
    <trkpt lat="39.567731" lon="2.765139"/>
    <trkpt lat="39.567815" lon="2.766547"/>
    <trkpt lat="39.567900" lon="2.767499"/>
    <trkpt lat="39.568005" lon="2.768282"/>
    <trkpt lat="39.568124" lon="2.769098"/>
    <trkpt lat="39.568355" lon="2.770732"/>
    <trkpt lat="39.568561" lon="2.772528"/>
    <trkpt lat="39.568720" lon="2.774196"/>
    <trkpt lat="39.568862" lon="2.775811"/>
    <trkpt lat="39.568942" lon="2.776709"/>
    <trkpt lat="39.568988" lon="2.777492"/>
    <trkpt lat="39.569013" lon="2.778173"/>
    <trkpt lat="39.569024" lon="2.778827"/>
    <trkpt lat="39.569016" lon="2.779566"/>
    <trkpt lat="39.569020" lon="2.780498"/>
    <trkpt lat="39.569076" lon="2.781887"/>
    <trkpt lat="39.569141" lon="2.782792"/>
    <trkpt lat="39.569216" lon="2.783740"/>
    <trkpt lat="39.569340" lon="2.785324"/>
    <trkpt lat="39.569381" lon="2.785836"/>
    <trkpt lat="39.569466" lon="2.786901"/>
    <trkpt lat="39.569596" lon="2.788572"/>
    <trkpt lat="39.569776" lon="2.790813"/>
    <trkpt lat="39.569872" lon="2.792020"/>
    <trkpt lat="39.569904" lon="2.792697"/>
    <trkpt lat="39.569926" lon="2.793328"/>
    <trkpt lat="39.569970" lon="2.794756"/>
    <trkpt lat="39.570061" lon="2.797682"/>
    <trkpt lat="39.570079" lon="2.798167"/>
    <trkpt lat="39.570109" lon="2.798653"/>
    <trkpt lat="39.570173" lon="2.799160"/>
    <trkpt lat="39.570267" lon="2.799607"/>
    <trkpt lat="39.570389" lon="2.800035"/>
    <trkpt lat="39.570541" lon="2.800491"/>
    <trkpt lat="39.570735" lon="2.801112"/>
    <trkpt lat="39.570819" lon="2.801463"/>
    <trkpt lat="39.570883" lon="2.801821"/>
    <trkpt lat="39.570938" lon="2.802383"/>
    <trkpt lat="39.570950" lon="2.802724"/>
    <trkpt lat="39.570941" lon="2.803092"/>
    <trkpt lat="39.570908" lon="2.803521"/>
    <trkpt lat="39.570818" lon="2.804273"/>
    <trkpt lat="39.570594" lon="2.806100"/>
    <trkpt lat="39.570514" lon="2.806838"/>
    <trkpt lat="39.570439" lon="2.807559"/>
    <trkpt lat="39.570384" lon="2.808408"/>
    <trkpt lat="39.570369" lon="2.808874"/>
    <trkpt lat="39.570364" lon="2.809345"/>
    <trkpt lat="39.570364" lon="2.809516"/>
    <trkpt lat="39.570379" lon="2.811738"/>
    <trkpt lat="39.570400" lon="2.812113"/>
    <trkpt lat="39.570445" lon="2.812562"/>
    <trkpt lat="39.570515" lon="2.812972"/>
    <trkpt lat="39.570614" lon="2.813376"/>
    <trkpt lat="39.570808" lon="2.814016"/>
    <trkpt lat="39.570925" lon="2.814382"/>
    <trkpt lat="39.571027" lon="2.814746"/>
    <trkpt lat="39.571110" lon="2.815112"/>
    <trkpt lat="39.571199" lon="2.815616"/>
    <trkpt lat="39.571291" lon="2.816209"/>
    <trkpt lat="39.571662" lon="2.818596"/>
    <trkpt lat="39.571818" lon="2.819597"/>
    <trkpt lat="39.571928" lon="2.820298"/>
    <trkpt lat="39.572043" lon="2.821039"/>
    <trkpt lat="39.572121" lon="2.821623"/>
    <trkpt lat="39.572161" lon="2.822052"/>
    <trkpt lat="39.572179" lon="2.822518"/>
    <trkpt lat="39.572175" lon="2.823161"/>
    <trkpt lat="39.572142" lon="2.823912"/>
    <trkpt lat="39.572077" lon="2.824525"/>
    <trkpt lat="39.571982" lon="2.825201"/>
    <trkpt lat="39.571867" lon="2.825834"/>
    <trkpt lat="39.571713" lon="2.826474"/>
    <trkpt lat="39.571589" lon="2.826921"/>
    <trkpt lat="39.571435" lon="2.827382"/>
    <trkpt lat="39.571263" lon="2.827775"/>
    <trkpt lat="39.571093" lon="2.828093"/>
    <trkpt lat="39.570898" lon="2.828419"/>
    <trkpt lat="39.570641" lon="2.828771"/>
    <trkpt lat="39.569180" lon="2.830515"/>
    <trkpt lat="39.568987" lon="2.830763"/>
    <trkpt lat="39.568850" lon="2.830955"/>
    <trkpt lat="39.568709" lon="2.831218"/>
    <trkpt lat="39.568549" lon="2.831574"/>
    <trkpt lat="39.568410" lon="2.831973"/>
    <trkpt lat="39.568329" lon="2.832298"/>
    <trkpt lat="39.568270" lon="2.832636"/>
    <trkpt lat="39.568239" lon="2.833051"/>
    <trkpt lat="39.568239" lon="2.833393"/>
    <trkpt lat="39.568249" lon="2.833565"/>
    <trkpt lat="39.568276" lon="2.833839"/>
    <trkpt lat="39.568333" lon="2.834160"/>
    <trkpt lat="39.568426" lon="2.834534"/>
    <trkpt lat="39.568556" lon="2.834928"/>
    <trkpt lat="39.568812" lon="2.835632"/>
    <trkpt lat="39.569434" lon="2.837315"/>
    <trkpt lat="39.569617" lon="2.837836"/>
    <trkpt lat="39.569751" lon="2.838271"/>
    <trkpt lat="39.569843" lon="2.838678"/>
    <trkpt lat="39.569917" lon="2.839152"/>
    <trkpt lat="39.569950" lon="2.839622"/>
    <trkpt lat="39.570000" lon="2.840368"/>
    <trkpt lat="39.570012" lon="2.840914"/>
    <trkpt lat="39.569990" lon="2.841754"/>
    <trkpt lat="39.569853" lon="2.844239"/>
    <trkpt lat="39.569682" lon="2.847320"/>
    <trkpt lat="39.569658" lon="2.847975"/>
    <trkpt lat="39.569579" lon="2.851584"/>
    <trkpt lat="39.569552" lon="2.852824"/>
    <trkpt lat="39.569528" lon="2.854008"/>
    <trkpt lat="39.569538" lon="2.854925"/>
    <trkpt lat="39.569559" lon="2.855774"/>
    <trkpt lat="39.569659" lon="2.857512"/>
    <trkpt lat="39.570090" lon="2.864104"/>
    <trkpt lat="39.570150" lon="2.865133"/>
    <trkpt lat="39.570163" lon="2.865615"/>
    <trkpt lat="39.570159" lon="2.866173"/>
    <trkpt lat="39.570090" lon="2.867807"/>
    <trkpt lat="39.570005" lon="2.869554"/>
    <trkpt lat="39.569831" lon="2.873133"/>
    <trkpt lat="39.569711" lon="2.875472"/>
    <trkpt lat="39.569671" lon="2.876142"/>
    <trkpt lat="39.569627" lon="2.876737"/>
    <trkpt lat="39.569564" lon="2.877268"/>
    <trkpt lat="39.569501" lon="2.877691"/>
    <trkpt lat="39.569376" lon="2.878399"/>
    <trkpt lat="39.569211" lon="2.879227"/>
    <trkpt lat="39.568853" lon="2.881001"/>
    <trkpt lat="39.568754" lon="2.881519"/>
    <trkpt lat="39.568654" lon="2.882027"/>
    <trkpt lat="39.568530" lon="2.882710"/>
    <trkpt lat="39.568412" lon="2.883589"/>
    <trkpt lat="39.568347" lon="2.884236"/>
    <trkpt lat="39.568319" lon="2.884663"/>
    <trkpt lat="39.568296" lon="2.885179"/>
    <trkpt lat="39.568284" lon="2.885682"/>
    <trkpt lat="39.568286" lon="2.886146"/>
    <trkpt lat="39.568300" lon="2.886622"/>
    <trkpt lat="39.568352" lon="2.887458"/>
    <trkpt lat="39.568423" lon="2.888166"/>
    <trkpt lat="39.568478" lon="2.888571"/>
    <trkpt lat="39.568632" lon="2.889489"/>
    <trkpt lat="39.568833" lon="2.890481"/>
    <trkpt lat="39.569094" lon="2.891726"/>
    <trkpt lat="39.569195" lon="2.892260"/>
    <trkpt lat="39.569267" lon="2.892699"/>
    <trkpt lat="39.569368" lon="2.893396"/>
    <trkpt lat="39.569435" lon="2.893973"/>
    <trkpt lat="39.569490" lon="2.894534"/>
    <trkpt lat="39.569531" lon="2.895099"/>
    <trkpt lat="39.569563" lon="2.895666"/>
    <trkpt lat="39.569582" lon="2.896282"/>
    <trkpt lat="39.569589" lon="2.896806"/>
    <trkpt lat="39.569585" lon="2.897381"/>
    <trkpt lat="39.569558" lon="2.898062"/>
    <trkpt lat="39.569532" lon="2.898614"/>
    <trkpt lat="39.569500" lon="2.899085"/>
    <trkpt lat="39.569447" lon="2.899666"/>
    <trkpt lat="39.569382" lon="2.900225"/>
    <trkpt lat="39.569305" lon="2.900789"/>
    <trkpt lat="39.569216" lon="2.901370"/>
    <trkpt lat="39.569090" lon="2.902050"/>
    <trkpt lat="39.568817" lon="2.903274"/>
    <trkpt lat="39.568574" lon="2.904168"/>
    <trkpt lat="39.568350" lon="2.904905"/>
    <trkpt lat="39.568087" lon="2.905682"/>
    <trkpt lat="39.567789" lon="2.906459"/>
    <trkpt lat="39.567639" lon="2.906820"/>
    <trkpt lat="39.567126" lon="2.908010"/>
    <trkpt lat="39.566955" lon="2.908407"/>
    <trkpt lat="39.566797" lon="2.908829"/>
    <trkpt lat="39.566695" lon="2.909129"/>
    <trkpt lat="39.566608" lon="2.909454"/>
    <trkpt lat="39.566539" lon="2.909774"/>
    <trkpt lat="39.566498" lon="2.909983"/>
    <trkpt lat="39.566464" lon="2.910189"/>
    <trkpt lat="39.566425" lon="2.910453"/>
    <trkpt lat="39.566406" lon="2.910597"/>
    <trkpt lat="39.566380" lon="2.910696"/>
    <trkpt lat="39.566323" lon="2.910786"/>
    <trkpt lat="39.566272" lon="2.910833"/>
    <trkpt lat="39.566230" lon="2.910894"/>
    <trkpt lat="39.566202" lon="2.910966"/>
    <trkpt lat="39.566188" lon="2.911036"/>
    <trkpt lat="39.566185" lon="2.911108"/>
    <trkpt lat="39.566194" lon="2.911179"/>
    <trkpt lat="39.566215" lon="2.911246"/>
    <trkpt lat="39.566246" lon="2.911306"/>
    <trkpt lat="39.566265" lon="2.911332"/>
    <trkpt lat="39.566286" lon="2.911356"/>
    <trkpt lat="39.566309" lon="2.911377"/>
    <trkpt lat="39.566352" lon="2.911514"/>
    <trkpt lat="39.566367" lon="2.911617"/>
    <trkpt lat="39.566389" lon="2.911929"/>
    <trkpt lat="39.566428" lon="2.912494"/>
    <trkpt lat="39.566562" lon="2.913185"/>
    <trkpt lat="39.566713" lon="2.913844"/>
    <trkpt lat="39.566959" lon="2.914830"/>
    <trkpt lat="39.567138" lon="2.915799"/>
    <trkpt lat="39.567234" lon="2.916413"/>
    <trkpt lat="39.567328" lon="2.917264"/>
    <trkpt lat="39.567375" lon="2.918023"/>
    <trkpt lat="39.567392" lon="2.918634"/>
    <trkpt lat="39.567384" lon="2.919385"/>
    <trkpt lat="39.567349" lon="2.920080"/>
    <trkpt lat="39.567301" lon="2.920602"/>
    <trkpt lat="39.567229" lon="2.921258"/>
    <trkpt lat="39.567142" lon="2.921894"/>
    <trkpt lat="39.567076" lon="2.922456"/>
    <trkpt lat="39.567028" lon="2.923206"/>
    <trkpt lat="39.566880" lon="2.926715"/>
    <trkpt lat="39.566780" lon="2.929076"/>
    <trkpt lat="39.566647" lon="2.930714"/>
    <trkpt lat="39.566606" lon="2.931204"/>
    <trkpt lat="39.566379" lon="2.933825"/>
    <trkpt lat="39.566350" lon="2.934413"/>
    <trkpt lat="39.566343" lon="2.935308"/>
    <trkpt lat="39.566387" lon="2.936260"/>
    <trkpt lat="39.566494" lon="2.938218"/>
    <trkpt lat="39.566512" lon="2.938669"/>
    <trkpt lat="39.566521" lon="2.939245"/>
    <trkpt lat="39.566528" lon="2.940157"/>
    <trkpt lat="39.566533" lon="2.941168"/>
    <trkpt lat="39.566536" lon="2.942147"/>
    <trkpt lat="39.566515" lon="2.943086"/>
    <trkpt lat="39.566429" lon="2.945005"/>
    <trkpt lat="39.566349" lon="2.946866"/>
    <trkpt lat="39.566312" lon="2.947611"/>
    <trkpt lat="39.566260" lon="2.948098"/>
    <trkpt lat="39.566195" lon="2.948508"/>
    <trkpt lat="39.566109" lon="2.948932"/>
    <trkpt lat="39.566016" lon="2.949265"/>
    <trkpt lat="39.565901" lon="2.949636"/>
    <trkpt lat="39.565736" lon="2.950064"/>
    <trkpt lat="39.565498" lon="2.950620"/>
    <trkpt lat="39.565204" lon="2.951302"/>
    <trkpt lat="39.564412" lon="2.953144"/>
    <trkpt lat="39.563627" lon="2.954967"/>
    <trkpt lat="39.563430" lon="2.955441"/>
    <trkpt lat="39.563261" lon="2.955914"/>
    <trkpt lat="39.563145" lon="2.956365"/>
    <trkpt lat="39.563034" lon="2.956941"/>
    <trkpt lat="39.562914" lon="2.957676"/>
    <trkpt lat="39.562900" lon="2.957766"/>
    <trkpt lat="39.562368" lon="2.961038"/>
    <trkpt lat="39.562255" lon="2.961772"/>
    <trkpt lat="39.562177" lon="2.962481"/>
    <trkpt lat="39.562138" lon="2.963041"/>
    <trkpt lat="39.562124" lon="2.963578"/>
    <trkpt lat="39.562128" lon="2.964244"/>
    <trkpt lat="39.562180" lon="2.966653"/>
    <trkpt lat="39.562196" lon="2.967832"/>
    <trkpt lat="39.562181" lon="2.968585"/>
    <trkpt lat="39.562131" lon="2.969503"/>
    <trkpt lat="39.562056" lon="2.970299"/>
    <trkpt lat="39.561999" lon="2.970728"/>
    <trkpt lat="39.561973" lon="2.970926"/>
    <trkpt lat="39.561946" lon="2.971036"/>
    <trkpt lat="39.561891" lon="2.971162"/>
    <trkpt lat="39.561858" lon="2.971171"/>
    <trkpt lat="39.561810" lon="2.971194"/>
    <trkpt lat="39.561756" lon="2.971242"/>
    <trkpt lat="39.561700" lon="2.971332"/>
    <trkpt lat="39.561682" lon="2.971385"/>
    <trkpt lat="39.561671" lon="2.971444"/>
    <trkpt lat="39.561669" lon="2.971510"/>
    <trkpt lat="39.561683" lon="2.971606"/>
    <trkpt lat="39.561711" lon="2.971679"/>
    <trkpt lat="39.561766" lon="2.971757"/>
    <trkpt lat="39.561797" lon="2.971926"/>
    <trkpt lat="39.561779" lon="2.972066"/>
    <trkpt lat="39.561747" lon="2.972260"/>
    <trkpt lat="39.561509" lon="2.973250"/>
    <trkpt lat="39.561191" lon="2.974464"/>
    <trkpt lat="39.560810" lon="2.975892"/>
    <trkpt lat="39.560626" lon="2.976645"/>
    <trkpt lat="39.560555" lon="2.976976"/>
    <trkpt lat="39.560494" lon="2.977339"/>
    <trkpt lat="39.560421" lon="2.977911"/>
    <trkpt lat="39.560379" lon="2.978445"/>
    <trkpt lat="39.560361" lon="2.979085"/>
    <trkpt lat="39.560366" lon="2.979546"/>
    <trkpt lat="39.560438" lon="2.981508"/>
    <trkpt lat="39.560448" lon="2.982638"/>
    <trkpt lat="39.560439" lon="2.983925"/>
    <trkpt lat="39.560518" lon="2.987980"/>
    <trkpt lat="39.560551" lon="2.989666"/>
    <trkpt lat="39.560577" lon="2.990868"/>
    <trkpt lat="39.560610" lon="2.991869"/>
    <trkpt lat="39.560660" lon="2.993125"/>
    <trkpt lat="39.560671" lon="2.993873"/>
    <trkpt lat="39.560681" lon="2.994146"/>
    <trkpt lat="39.560692" lon="2.995031"/>
    <trkpt lat="39.560708" lon="2.995716"/>
    <trkpt lat="39.560726" lon="2.996559"/>
    <trkpt lat="39.560821" lon="3.001292"/>
    <trkpt lat="39.560821" lon="3.001811"/>
    <trkpt lat="39.560805" lon="3.002205"/>
    <trkpt lat="39.560767" lon="3.002528"/>
    <trkpt lat="39.560699" lon="3.002850"/>
    <trkpt lat="39.560612" lon="3.003176"/>
    <trkpt lat="39.560512" lon="3.003464"/>
    <trkpt lat="39.560267" lon="3.004083"/>
    <trkpt lat="39.560212" lon="3.004231"/>
    <trkpt lat="39.560101" lon="3.004573"/>
    <trkpt lat="39.560020" lon="3.004857"/>
    <trkpt lat="39.559957" lon="3.005174"/>
    <trkpt lat="39.559911" lon="3.005552"/>
    <trkpt lat="39.559885" lon="3.006029"/>
    <trkpt lat="39.559875" lon="3.007090"/>
    <trkpt lat="39.559876" lon="3.007971"/>
    <trkpt lat="39.559868" lon="3.008553"/>
    <trkpt lat="39.559867" lon="3.008861"/>
    <trkpt lat="39.559869" lon="3.009362"/>
    <trkpt lat="39.559885" lon="3.009809"/>
    <trkpt lat="39.559895" lon="3.009965"/>
    <trkpt lat="39.559953" lon="3.010437"/>
    <trkpt lat="39.560062" lon="3.011065"/>
    <trkpt lat="39.560287" lon="3.012302"/>
    <trkpt lat="39.560456" lon="3.013211"/>
    <trkpt lat="39.560615" lon="3.014081"/>
    <trkpt lat="39.561305" lon="3.017805"/>
    <trkpt lat="39.561748" lon="3.020285"/>
    <trkpt lat="39.562150" lon="3.022517"/>
    <trkpt lat="39.562790" lon="3.026073"/>
    <trkpt lat="39.562897" lon="3.026673"/>
    <trkpt lat="39.562961" lon="3.027171"/>
    <trkpt lat="39.563003" lon="3.027794"/>
    <trkpt lat="39.563047" lon="3.028524"/>
    <trkpt lat="39.563133" lon="3.029940"/>
    <trkpt lat="39.563389" lon="3.034104"/>
    <trkpt lat="39.563466" lon="3.035472"/>
    <trkpt lat="39.563492" lon="3.035884"/>
    <trkpt lat="39.563540" lon="3.036235"/>
    <trkpt lat="39.563631" lon="3.036665"/>
    <trkpt lat="39.563716" lon="3.036926"/>
    <trkpt lat="39.563828" lon="3.037217"/>
    <trkpt lat="39.563914" lon="3.037414"/>
    <trkpt lat="39.564070" lon="3.037759"/>
    <trkpt lat="39.564164" lon="3.037964"/>
    <trkpt lat="39.564628" lon="3.038972"/>
    <trkpt lat="39.564977" lon="3.039734"/>
    <trkpt lat="39.565130" lon="3.040091"/>
    <trkpt lat="39.565174" lon="3.040245"/>
    <trkpt lat="39.565241" lon="3.040455"/>
    <trkpt lat="39.565289" lon="3.040657"/>
    <trkpt lat="39.565352" lon="3.041021"/>
    <trkpt lat="39.565440" lon="3.041976"/>
    <trkpt lat="39.565523" lon="3.042930"/>
    <trkpt lat="39.565541" lon="3.043307"/>
    <trkpt lat="39.565530" lon="3.043672"/>
    <trkpt lat="39.565493" lon="3.044018"/>
    <trkpt lat="39.565443" lon="3.044296"/>
    <trkpt lat="39.565352" lon="3.044633"/>
    <trkpt lat="39.565227" lon="3.044977"/>
    <trkpt lat="39.565017" lon="3.045435"/>
    <trkpt lat="39.564777" lon="3.045987"/>
    <trkpt lat="39.564669" lon="3.046300"/>
    <trkpt lat="39.564558" lon="3.046743"/>
    <trkpt lat="39.564504" lon="3.047155"/>
    <trkpt lat="39.564469" lon="3.047621"/>
    <trkpt lat="39.564341" lon="3.050457"/>
    <trkpt lat="39.564274" lon="3.052006"/>
    <trkpt lat="39.564202" lon="3.053412"/>
    <trkpt lat="39.564189" lon="3.053982"/>
    <trkpt lat="39.564202" lon="3.054312"/>
    <trkpt lat="39.564230" lon="3.054646"/>
    <trkpt lat="39.564288" lon="3.054990"/>
    <trkpt lat="39.564373" lon="3.055348"/>
    <trkpt lat="39.564983" lon="3.057261"/>
    <trkpt lat="39.565164" lon="3.057826"/>
    <trkpt lat="39.565784" lon="3.059770"/>
    <trkpt lat="39.566694" lon="3.062595"/>
    <trkpt lat="39.566869" lon="3.063135"/>
    <trkpt lat="39.567059" lon="3.063625"/>
    <trkpt lat="39.567158" lon="3.063825"/>
    <trkpt lat="39.567290" lon="3.064056"/>
    <trkpt lat="39.567481" lon="3.064355"/>
    <trkpt lat="39.567700" lon="3.064669"/>
    <trkpt lat="39.568402" lon="3.065684"/>
    <trkpt lat="39.568782" lon="3.066234"/>
    <trkpt lat="39.569140" lon="3.066772"/>
    <trkpt lat="39.569215" lon="3.066875"/>
    <trkpt lat="39.569551" lon="3.067336"/>
    <trkpt lat="39.569977" lon="3.067957"/>
    <trkpt lat="39.570181" lon="3.068260"/>
    <trkpt lat="39.570219" lon="3.068329"/>
    <trkpt lat="39.570278" lon="3.068436"/>
    <trkpt lat="39.570326" lon="3.068524"/>
    <trkpt lat="39.570347" lon="3.068561"/>
    <trkpt lat="39.570381" lon="3.068650"/>
    <trkpt lat="39.570399" lon="3.068752"/>
    <trkpt lat="39.570407" lon="3.068878"/>
    <trkpt lat="39.570358" lon="3.069007"/>
    <trkpt lat="39.570343" lon="3.069169"/>
    <trkpt lat="39.570347" lon="3.069223"/>
    <trkpt lat="39.570362" lon="3.069296"/>
    <trkpt lat="39.570404" lon="3.069402"/>
    <trkpt lat="39.570457" lon="3.069482"/>
    <trkpt lat="39.570526" lon="3.069546"/>
    <trkpt lat="39.570581" lon="3.069577"/>
    <trkpt lat="39.570634" lon="3.069595"/>
    <trkpt lat="39.570707" lon="3.069601"/>
    <trkpt lat="39.570820" lon="3.069722"/>
    <trkpt lat="39.570884" lon="3.069861"/>
    <trkpt lat="39.570932" lon="3.070026"/>
    <trkpt lat="39.571000" lon="3.070302"/>
    <trkpt lat="39.571047" lon="3.070574"/>
    <trkpt lat="39.571091" lon="3.070876"/>
    <trkpt lat="39.571124" lon="3.071207"/>
    <trkpt lat="39.571148" lon="3.071671"/>
    <trkpt lat="39.571143" lon="3.072113"/>
    <trkpt lat="39.571111" lon="3.072534"/>
    <trkpt lat="39.571063" lon="3.072892"/>
    <trkpt lat="39.571003" lon="3.073237"/>
    <trkpt lat="39.570940" lon="3.073504"/>
    <trkpt lat="39.570825" lon="3.073906"/>
    <trkpt lat="39.570637" lon="3.074427"/>
    <trkpt lat="39.570469" lon="3.074793"/>
    <trkpt lat="39.570313" lon="3.075086"/>
    <trkpt lat="39.570146" lon="3.075364"/>
    <trkpt lat="39.569985" lon="3.075601"/>
    <trkpt lat="39.569787" lon="3.075853"/>
    <trkpt lat="39.569507" lon="3.076167"/>
    <trkpt lat="39.569227" lon="3.076442"/>
    <trkpt lat="39.568636" lon="3.076999"/>
    <trkpt lat="39.568198" lon="3.077427"/>
    <trkpt lat="39.567654" lon="3.077923"/>
    <trkpt lat="39.566486" lon="3.079018"/>
    <trkpt lat="39.565574" lon="3.079881"/>
    <trkpt lat="39.564874" lon="3.080532"/>
    <trkpt lat="39.564221" lon="3.081158"/>
    <trkpt lat="39.563920" lon="3.081487"/>
    <trkpt lat="39.563531" lon="3.081962"/>
    <trkpt lat="39.563198" lon="3.082494"/>
    <trkpt lat="39.562911" lon="3.083072"/>
    <trkpt lat="39.562675" lon="3.083667"/>
    <trkpt lat="39.562506" lon="3.084237"/>
    <trkpt lat="39.562366" lon="3.084862"/>
    <trkpt lat="39.562284" lon="3.085514"/>
    <trkpt lat="39.562255" lon="3.086094"/>
    <trkpt lat="39.562240" lon="3.087129"/>
    <trkpt lat="39.562238" lon="3.088607"/>
    <trkpt lat="39.562230" lon="3.090345"/>
    <trkpt lat="39.562232" lon="3.092623"/>
    <trkpt lat="39.562249" lon="3.093242"/>
    <trkpt lat="39.562302" lon="3.093904"/>
    <trkpt lat="39.562391" lon="3.094545"/>
    <trkpt lat="39.562480" lon="3.095005"/>
    <trkpt lat="39.562579" lon="3.095419"/>
    <trkpt lat="39.562731" lon="3.095960"/>
    <trkpt lat="39.562867" lon="3.096357"/>
    <trkpt lat="39.563033" lon="3.096793"/>
    <trkpt lat="39.563225" lon="3.097229"/>
    <trkpt lat="39.563467" lon="3.097705"/>
    <trkpt lat="39.563715" lon="3.098118"/>
    <trkpt lat="39.563999" lon="3.098549"/>
    <trkpt lat="39.564305" lon="3.098957"/>
    <trkpt lat="39.564686" lon="3.099380"/>
    <trkpt lat="39.565037" lon="3.099739"/>
    <trkpt lat="39.566223" lon="3.100818"/>
    <trkpt lat="39.567529" lon="3.102002"/>
    <trkpt lat="39.569224" lon="3.103557"/>
    <trkpt lat="39.570099" lon="3.104331"/>
    <trkpt lat="39.570920" lon="3.105067"/>
    <trkpt lat="39.571183" lon="3.105325"/>
    <trkpt lat="39.571410" lon="3.105572"/>
    <trkpt lat="39.571723" lon="3.105966"/>
    <trkpt lat="39.571960" lon="3.106321"/>
    <trkpt lat="39.572162" lon="3.106682"/>
    <trkpt lat="39.572383" lon="3.107156"/>
    <trkpt lat="39.572526" lon="3.107537"/>
    <trkpt lat="39.572669" lon="3.107984"/>
    <trkpt lat="39.573033" lon="3.109357"/>
    <trkpt lat="39.573916" lon="3.112833"/>
    <trkpt lat="39.574394" lon="3.114713"/>
    <trkpt lat="39.574655" lon="3.115760"/>
    <trkpt lat="39.574827" lon="3.116572"/>
    <trkpt lat="39.574988" lon="3.117481"/>
    <trkpt lat="39.575072" lon="3.118116"/>
    <trkpt lat="39.575098" lon="3.118315"/>
    <trkpt lat="39.575168" lon="3.119016"/>
    <trkpt lat="39.575230" lon="3.119988"/>
    <trkpt lat="39.575230" lon="3.120247"/>
    <trkpt lat="39.575218" lon="3.120354"/>
    <trkpt lat="39.575197" lon="3.120447"/>
    <trkpt lat="39.575121" lon="3.120503"/>
    <trkpt lat="39.575068" lon="3.120570"/>
    <trkpt lat="39.575028" lon="3.120656"/>
    <trkpt lat="39.575013" lon="3.120706"/>
    <trkpt lat="39.575001" lon="3.120793"/>
    <trkpt lat="39.575012" lon="3.120925"/>
    <trkpt lat="39.575047" lon="3.121031"/>
    <trkpt lat="39.575094" lon="3.121107"/>
    <trkpt lat="39.575195" lon="3.121192"/>
    <trkpt lat="39.575269" lon="3.121351"/>
    <trkpt lat="39.575286" lon="3.121526"/>
    <trkpt lat="39.575293" lon="3.121684"/>
    <trkpt lat="39.575777" lon="3.132744"/>
    <trkpt lat="39.575831" lon="3.133895"/>
    <trkpt lat="39.575902" lon="3.135512"/>
    <trkpt lat="39.575962" lon="3.136813"/>
    <trkpt lat="39.576055" lon="3.138830"/>
    <trkpt lat="39.576137" lon="3.140863"/>
    <trkpt lat="39.576219" lon="3.142503"/>
    <trkpt lat="39.576310" lon="3.144639"/>
    <trkpt lat="39.576277" lon="3.145380"/>
    <trkpt lat="39.576101" lon="3.147699"/>
    <trkpt lat="39.575797" lon="3.151317"/>
    <trkpt lat="39.575659" lon="3.152761"/>
    <trkpt lat="39.575596" lon="3.153479"/>
    <trkpt lat="39.575545" lon="3.153953"/>
    <trkpt lat="39.575298" lon="3.155817"/>
    <trkpt lat="39.575260" lon="3.156199"/>
    <trkpt lat="39.575132" lon="3.157762"/>
    <trkpt lat="39.574980" lon="3.159503"/>
    <trkpt lat="39.574311" lon="3.167598"/>
    <trkpt lat="39.574062" lon="3.170650"/>
    <trkpt lat="39.573816" lon="3.173578"/>
    <trkpt lat="39.573758" lon="3.174293"/>
    <trkpt lat="39.573666" lon="3.175404"/>
    <trkpt lat="39.573411" lon="3.178430"/>
    <trkpt lat="39.573214" lon="3.181390"/>
    <trkpt lat="39.573081" lon="3.184254"/>
    <trkpt lat="39.573069" lon="3.184610"/>
    <trkpt lat="39.573061" lon="3.184930"/>
    <trkpt lat="39.573053" lon="3.185207"/>
    <trkpt lat="39.573046" lon="3.185473"/>
    <trkpt lat="39.573039" lon="3.185699"/>
    <trkpt lat="39.573034" lon="3.185887"/>
    <trkpt lat="39.573031" lon="3.186040"/>
    <trkpt lat="39.573015" lon="3.186187"/>
    <trkpt lat="39.572986" lon="3.186284"/>
    <trkpt lat="39.572926" lon="3.186440"/>
    <trkpt lat="39.572895" lon="3.186518"/>
    <trkpt lat="39.572866" lon="3.186534"/>
    <trkpt lat="39.572854" lon="3.186541"/>
    <trkpt lat="39.572816" lon="3.186572"/>
    <trkpt lat="39.572783" lon="3.186610"/>
    <trkpt lat="39.572753" lon="3.186653"/>
    <trkpt lat="39.572729" lon="3.186702"/>
    <trkpt lat="39.572708" lon="3.186766"/>
    <trkpt lat="39.572695" lon="3.186833"/>
    <trkpt lat="39.572691" lon="3.186903"/>
    <trkpt lat="39.572697" lon="3.186972"/>
    <trkpt lat="39.572712" lon="3.187039"/>
    <trkpt lat="39.572736" lon="3.187102"/>
    <trkpt lat="39.572767" lon="3.187158"/>
    <trkpt lat="39.572806" lon="3.187206"/>
    <trkpt lat="39.572850" lon="3.187245"/>
    <trkpt lat="39.572934" lon="3.187382"/>
    <trkpt lat="39.572984" lon="3.187518"/>
    <trkpt lat="39.573004" lon="3.187665"/>
    <trkpt lat="39.572989" lon="3.187833"/>
    <trkpt lat="39.572720" lon="3.190022"/>
    <trkpt lat="39.572601" lon="3.190975"/>
    <trkpt lat="39.572577" lon="3.191174"/>
    <trkpt lat="39.572569" lon="3.191353"/>
    <trkpt lat="39.572533" lon="3.192129"/>
    <trkpt lat="39.572516" lon="3.192462"/>
    <trkpt lat="39.572431" lon="3.194129"/>
    <trkpt lat="39.572430" lon="3.194208"/>
    <trkpt lat="39.572393" lon="3.194290"/>
    <trkpt lat="39.572347" lon="3.194403"/>
    <trkpt lat="39.572315" lon="3.194488"/>
    <trkpt lat="39.572279" lon="3.194529"/>
    <trkpt lat="39.572254" lon="3.194580"/>
    <trkpt lat="39.572240" lon="3.194638"/>
    <trkpt lat="39.572240" lon="3.194699"/>
    <trkpt lat="39.572211" lon="3.194821"/>
    <trkpt lat="39.572155" lon="3.195077"/>
    <trkpt lat="39.571931" lon="3.196129"/>
    <trkpt lat="39.571892" lon="3.196308"/>
    <trkpt lat="39.571881" lon="3.196348"/>
    <trkpt lat="39.571871" lon="3.196377"/>
    <trkpt lat="39.571846" lon="3.196384"/>
    <trkpt lat="39.571824" lon="3.196400"/>
    <trkpt lat="39.571806" lon="3.196424"/>
    <trkpt lat="39.571794" lon="3.196453"/>
    <trkpt lat="39.571790" lon="3.196485"/>
    <trkpt lat="39.571792" lon="3.196518"/>
    <trkpt lat="39.571805" lon="3.196553"/>
    <trkpt lat="39.571826" lon="3.196580"/>
    <trkpt lat="39.571853" lon="3.196597"/>
    <trkpt lat="39.571882" lon="3.196600"/>
    <trkpt lat="39.571911" lon="3.196591"/>
    <trkpt lat="39.571924" lon="3.196606"/>
    <trkpt lat="39.571936" lon="3.196628"/>
    <trkpt lat="39.571936" lon="3.196667"/>
    <trkpt lat="39.571927" lon="3.196715"/>
    <trkpt lat="39.571910" lon="3.196798"/>
    <trkpt lat="39.571883" lon="3.196918"/>
    <trkpt lat="39.571858" lon="3.197028"/>
    <trkpt lat="39.571815" lon="3.197223"/>
    <trkpt lat="39.571797" lon="3.197299"/>
    <trkpt lat="39.571555" lon="3.198344"/>
    <trkpt lat="39.571402" lon="3.199045"/>
    <trkpt lat="39.571351" lon="3.199300"/>
    <trkpt lat="39.571226" lon="3.200051"/>
    <trkpt lat="39.571211" lon="3.200157"/>
    <trkpt lat="39.571210" lon="3.200483"/>
    <trkpt lat="39.571210" lon="3.200675"/>
    <trkpt lat="39.571209" lon="3.201016"/>
    <trkpt lat="39.571277" lon="3.201441"/>
    <trkpt lat="39.571300" lon="3.201581"/>
    <trkpt lat="39.571355" lon="3.201924"/>
    <trkpt lat="39.571421" lon="3.202330"/>
    <trkpt lat="39.571451" lon="3.202517"/>
    <trkpt lat="39.571455" lon="3.203033"/>
    <trkpt lat="39.571027" lon="3.203278"/>
    <trkpt lat="39.570957" lon="3.203319"/>
    <trkpt lat="39.570653" lon="3.203497"/>
    <trkpt lat="39.570398" lon="3.203645"/>
    <trkpt lat="39.570330" lon="3.203684"/>
    <trkpt lat="39.570165" lon="3.203773"/>
    <trkpt lat="39.569800" lon="3.203973"/>
    <trkpt lat="39.569763" lon="3.203995"/>
    <trkpt lat="39.569502" lon="3.204159"/>
    <trkpt lat="39.569135" lon="3.204368"/>
    <trkpt lat="39.568752" lon="3.204587"/>
    <trkpt lat="39.568387" lon="3.204797"/>
    <trkpt lat="39.568366" lon="3.204809"/>
    <trkpt lat="39.567908" lon="3.205077"/>
    <trkpt lat="39.567946" lon="3.205153"/>
    <trkpt lat="39.568088" lon="3.205402"/>
    <trkpt lat="39.568282" lon="3.205755"/>
    <trkpt lat="39.568332" lon="3.205896"/>
    <trkpt lat="39.568365" lon="3.206003"/>
    <trkpt lat="39.568344" lon="3.206103"/>
    <trkpt lat="39.568827" lon="3.207201"/>
    <trkpt lat="39.568605" lon="3.207396"/>
    <trkpt lat="39.568817" lon="3.207805"/>
    <trkpt lat="39.568848" lon="3.207863"/>
    <trkpt lat="39.568947" lon="3.208053"/>
    <trkpt lat="39.569046" lon="3.208243"/>
    <trkpt lat="39.569221" lon="3.208578"/>
    <trkpt lat="39.569358" lon="3.208833"/>
    <trkpt lat="39.569640" lon="3.209381"/>
    <trkpt lat="39.569654" lon="3.209409"/>
    <trkpt lat="39.569733" lon="3.209554"/>
    <trkpt lat="39.569822" lon="3.209538"/>
    <trkpt lat="39.570011" lon="3.209503"/>
    <trkpt lat="39.570166" lon="3.209475"/>
    <trkpt lat="39.570835" lon="3.209422"/>
    <trkpt lat="39.571284" lon="3.209408"/>
    <trkpt lat="39.571465" lon="3.209361"/>
    <trkpt lat="39.571831" lon="3.209256"/>
    <trkpt lat="39.572154" lon="3.209166"/>
    <trkpt lat="39.572201" lon="3.209154"/>
    <trkpt lat="39.572485" lon="3.209081"/>
    <trkpt lat="39.572788" lon="3.208888"/>
    <trkpt lat="39.573117" lon="3.208711"/>
    <trkpt lat="39.573465" lon="3.208500"/>
    <trkpt lat="39.573773" lon="3.208347"/>
    <trkpt lat="39.574132" lon="3.208135"/>
    <trkpt lat="39.574155" lon="3.208188"/>
    <trkpt lat="39.574188" lon="3.208230"/>
    <trkpt lat="39.574230" lon="3.208258"/>
    <trkpt lat="39.574276" lon="3.208269"/>
    <trkpt lat="39.574330" lon="3.208259"/>
    <trkpt lat="39.574379" lon="3.208227"/>
    <trkpt lat="39.574416" lon="3.208174"/>
    <trkpt lat="39.574437" lon="3.208109"/>
    <trkpt lat="39.574440" lon="3.208038"/>
    <trkpt lat="39.574425" lon="3.207970"/>
    <trkpt lat="39.574734" lon="3.207806"/>
    <trkpt lat="39.574747" lon="3.207834"/>
    <trkpt lat="39.574766" lon="3.207858"/>
    <trkpt lat="39.574788" lon="3.207874"/>
    <trkpt lat="39.574825" lon="3.207885"/>
    <trkpt lat="39.574862" lon="3.207877"/>
    <trkpt lat="39.574895" lon="3.207852"/>
    <trkpt lat="39.574913" lon="3.207824"/>
    <trkpt lat="39.574926" lon="3.207791"/>
    <trkpt lat="39.574930" lon="3.207755"/>
    <trkpt lat="39.574927" lon="3.207718"/>
    <trkpt lat="39.575219" lon="3.207554"/>
    <trkpt lat="39.575418" lon="3.207436"/>
    <trkpt lat="39.575557" lon="3.207358"/>
    <trkpt lat="39.575689" lon="3.207392"/>
    <trkpt lat="39.575909" lon="3.207363"/>
    <trkpt lat="39.575938" lon="3.207359"/>
    <trkpt lat="39.576212" lon="3.207317"/>
    <trkpt lat="39.576271" lon="3.207306"/>
    <trkpt lat="39.576297" lon="3.207315"/>
    <trkpt lat="39.576343" lon="3.207314"/>
    <trkpt lat="39.576413" lon="3.207372"/>
    <trkpt lat="39.576611" lon="3.207922"/>
    <trkpt lat="39.576694" lon="3.208167"/>
    <trkpt lat="39.576898" lon="3.208762"/>
    <trkpt lat="39.577235" lon="3.209745"/>
    <trkpt lat="39.577243" lon="3.209848"/>
    <trkpt lat="39.577246" lon="3.209878"/>
    <trkpt lat="39.577251" lon="3.209999"/>
    <trkpt lat="39.577226" lon="3.210047"/>
    <trkpt lat="39.577207" lon="3.210114"/>
    <trkpt lat="39.577205" lon="3.210200"/>
    <trkpt lat="39.577227" lon="3.210284"/>
    <trkpt lat="39.577277" lon="3.210362"/>
    <trkpt lat="39.577333" lon="3.210401"/>
    <trkpt lat="39.577389" lon="3.210415"/>
    <trkpt lat="39.577535" lon="3.210617"/>
    <trkpt lat="39.578090" lon="3.212174"/>
    <trkpt lat="39.578624" lon="3.213671"/>
    <trkpt lat="39.578746" lon="3.214021"/>
    <trkpt lat="39.580064" lon="3.217798"/>
    <trkpt lat="39.580181" lon="3.218131"/>
    <trkpt lat="39.581247" lon="3.221213"/>
    <trkpt lat="39.581266" lon="3.221268"/>
    <trkpt lat="39.581526" lon="3.222018"/>
    <trkpt lat="39.581668" lon="3.222429"/>
    <trkpt lat="39.582026" lon="3.223464"/>
    <trkpt lat="39.582739" lon="3.225525"/>
    <trkpt lat="39.582793" lon="3.225683"/>
    <trkpt lat="39.582997" lon="3.226285"/>
    <trkpt lat="39.583367" lon="3.227642"/>
    <trkpt lat="39.583649" lon="3.229024"/>
    <trkpt lat="39.583828" lon="3.230279"/>
    <trkpt lat="39.583838" lon="3.230369"/>
    <trkpt lat="39.583939" lon="3.231641"/>
    <trkpt lat="39.583925" lon="3.231706"/>
    <trkpt lat="39.583930" lon="3.231825"/>
    <trkpt lat="39.583929" lon="3.231882"/>
    <trkpt lat="39.583933" lon="3.231944"/>
    <trkpt lat="39.583926" lon="3.231987"/>
    <trkpt lat="39.583908" lon="3.232075"/>
    <trkpt lat="39.583891" lon="3.232124"/>
    <trkpt lat="39.583852" lon="3.232194"/>
    <trkpt lat="39.583790" lon="3.232251"/>
    <trkpt lat="39.583749" lon="3.232311"/>
    <trkpt lat="39.583698" lon="3.232449"/>
    <trkpt lat="39.583689" lon="3.232564"/>
    <trkpt lat="39.583695" lon="3.232635"/>
    <trkpt lat="39.583743" lon="3.232780"/>
    <trkpt lat="39.583826" lon="3.232887"/>
    <trkpt lat="39.583856" lon="3.232907"/>
    <trkpt lat="39.583890" lon="3.232930"/>
    <trkpt lat="39.583955" lon="3.233030"/>
    <trkpt lat="39.583989" lon="3.233161"/>
    <trkpt lat="39.584048" lon="3.233599"/>
    <trkpt lat="39.584114" lon="3.234668"/>
    <trkpt lat="39.584191" lon="3.235904"/>
    <trkpt lat="39.584195" lon="3.235979"/>
    <trkpt lat="39.584198" lon="3.236027"/>
    <trkpt lat="39.584288" lon="3.237538"/>
    <trkpt lat="39.584353" lon="3.238530"/>
    <trkpt lat="39.584363" lon="3.238676"/>
    <trkpt lat="39.584429" lon="3.239674"/>
    <trkpt lat="39.584453" lon="3.239903"/>
    <trkpt lat="39.584478" lon="3.240136"/>
    <trkpt lat="39.584535" lon="3.240598"/>
    <trkpt lat="39.584673" lon="3.241301"/>
    <trkpt lat="39.584805" lon="3.241816"/>
    <trkpt lat="39.584941" lon="3.242293"/>
    <trkpt lat="39.585230" lon="3.243237"/>
    <trkpt lat="39.585351" lon="3.243639"/>
    <trkpt lat="39.585473" lon="3.244055"/>
    <trkpt lat="39.585609" lon="3.244508"/>
    <trkpt lat="39.585893" lon="3.245418"/>
    <trkpt lat="39.586079" lon="3.246064"/>
    <trkpt lat="39.586237" lon="3.246584"/>
    <trkpt lat="39.586553" lon="3.247624"/>
    <trkpt lat="39.586623" lon="3.247853"/>
    <trkpt lat="39.586699" lon="3.248071"/>
    <trkpt lat="39.586862" lon="3.248577"/>
    <trkpt lat="39.587024" lon="3.249013"/>
    <trkpt lat="39.587176" lon="3.249372"/>
    <trkpt lat="39.587337" lon="3.249718"/>
    <trkpt lat="39.587394" lon="3.249839"/>
    <trkpt lat="39.587563" lon="3.250156"/>
    <trkpt lat="39.587741" lon="3.250485"/>
    <trkpt lat="39.588109" lon="3.251152"/>
    <trkpt lat="39.588344" lon="3.251596"/>
    <trkpt lat="39.588553" lon="3.251982"/>
    <trkpt lat="39.588796" lon="3.252429"/>
    <trkpt lat="39.589251" lon="3.253259"/>
    <trkpt lat="39.589480" lon="3.253683"/>
    <trkpt lat="39.590052" lon="3.254723"/>
    <trkpt lat="39.590620" lon="3.255763"/>
    <trkpt lat="39.591060" lon="3.256590"/>
    <trkpt lat="39.591428" lon="3.257240"/>
    <trkpt lat="39.591606" lon="3.257557"/>
    <trkpt lat="39.591788" lon="3.257864"/>
    <trkpt lat="39.592232" lon="3.258611"/>
    <trkpt lat="39.592506" lon="3.259070"/>
    <trkpt lat="39.592783" lon="3.259537"/>
    <trkpt lat="39.593091" lon="3.260074"/>
    <trkpt lat="39.593218" lon="3.260277"/>
    <trkpt lat="39.593438" lon="3.260629"/>
    <trkpt lat="39.594257" lon="3.262030"/>
    <trkpt lat="39.594323" lon="3.262155"/>
    <trkpt lat="39.594426" lon="3.262347"/>
    <trkpt lat="39.594559" lon="3.262613"/>
    <trkpt lat="39.594701" lon="3.262952"/>
    <trkpt lat="39.594840" lon="3.263303"/>
    <trkpt lat="39.595407" lon="3.264946"/>
    <trkpt lat="39.595628" lon="3.265495"/>
    <trkpt lat="39.595820" lon="3.265846"/>
    <trkpt lat="39.596031" lon="3.266175"/>
    <trkpt lat="39.596100" lon="3.266266"/>
    <trkpt lat="39.596180" lon="3.266370"/>
    <trkpt lat="39.596259" lon="3.266461"/>
    <trkpt lat="39.596583" lon="3.266805"/>
    <trkpt lat="39.596920" lon="3.267097"/>
    <trkpt lat="39.597257" lon="3.267406"/>
    <trkpt lat="39.597568" lon="3.267663"/>
    <trkpt lat="39.598044" lon="3.268092"/>
    <trkpt lat="39.598501" lon="3.268530"/>
    <trkpt lat="39.599171" lon="3.269260"/>
    <trkpt lat="39.599570" lon="3.269724"/>
    <trkpt lat="39.600056" lon="3.270299"/>
    <trkpt lat="39.600079" lon="3.270326"/>
    <trkpt lat="39.600346" lon="3.270616"/>
    <trkpt lat="39.600875" lon="3.271268"/>
    <trkpt lat="39.601257" lon="3.271826"/>
    <trkpt lat="39.601309" lon="3.271948"/>
    <trkpt lat="39.601333" lon="3.271991"/>
    <trkpt lat="39.601356" lon="3.272031"/>
    <trkpt lat="39.601383" lon="3.272073"/>
    <trkpt lat="39.601438" lon="3.272158"/>
    <trkpt lat="39.601490" lon="3.272255"/>
    <trkpt lat="39.601494" lon="3.272321"/>
    <trkpt lat="39.601522" lon="3.272418"/>
    <trkpt lat="39.601563" lon="3.272511"/>
    <trkpt lat="39.601587" lon="3.272544"/>
    <trkpt lat="39.601615" lon="3.272581"/>
    <trkpt lat="39.601669" lon="3.272626"/>
    <trkpt lat="39.601717" lon="3.272723"/>
    <trkpt lat="39.601769" lon="3.272822"/>
    <trkpt lat="39.601831" lon="3.272948"/>
    <trkpt lat="39.601888" lon="3.273081"/>
    <trkpt lat="39.601950" lon="3.273188"/>
    <trkpt lat="39.602048" lon="3.273477"/>
    <trkpt lat="39.602187" lon="3.273874"/>
    <trkpt lat="39.602338" lon="3.274348"/>
    <trkpt lat="39.602515" lon="3.275092"/>
    <trkpt lat="39.602623" lon="3.275715"/>
    <trkpt lat="39.602672" lon="3.276268"/>
    <trkpt lat="39.602681" lon="3.276748"/>
    <trkpt lat="39.602672" lon="3.277640"/>
    <trkpt lat="39.602585" lon="3.278850"/>
    <trkpt lat="39.602493" lon="3.280477"/>
    <trkpt lat="39.602480" lon="3.280861"/>
    <trkpt lat="39.602451" lon="3.281993"/>
    <trkpt lat="39.602486" lon="3.284095"/>
    <trkpt lat="39.602629" lon="3.286119"/>
    <trkpt lat="39.602888" lon="3.288193"/>
    <trkpt lat="39.603221" lon="3.289832"/>
    <trkpt lat="39.603319" lon="3.290251"/>
    <trkpt lat="39.603418" lon="3.290603"/>
    <trkpt lat="39.603537" lon="3.291032"/>
    <trkpt lat="39.603574" lon="3.291158"/>
    <trkpt lat="39.603637" lon="3.291367"/>
    <trkpt lat="39.603769" lon="3.291725"/>
    <trkpt lat="39.603719" lon="3.291765"/>
    <trkpt lat="39.603679" lon="3.291820"/>
    <trkpt lat="39.603651" lon="3.291887"/>
    <trkpt lat="39.603639" lon="3.291962"/>
    <trkpt lat="39.603642" lon="3.292038"/>
    <trkpt lat="39.603661" lon="3.292110"/>
    <trkpt lat="39.603709" lon="3.292192"/>
    <trkpt lat="39.603776" lon="3.292246"/>
    <trkpt lat="39.603840" lon="3.292265"/>
    <trkpt lat="39.603905" lon="3.292258"/>
    <trkpt lat="39.603966" lon="3.292226"/>
    <trkpt lat="39.604139" lon="3.292705"/>
    <trkpt lat="39.604424" lon="3.293306"/>
    <trkpt lat="39.604512" lon="3.293480"/>
    <trkpt lat="39.604618" lon="3.293672"/>
    <trkpt lat="39.604728" lon="3.293874"/>
    <trkpt lat="39.604846" lon="3.294076"/>
    <trkpt lat="39.604968" lon="3.294276"/>
    <trkpt lat="39.605086" lon="3.294461"/>
    <trkpt lat="39.605194" lon="3.294622"/>
    <trkpt lat="39.605282" lon="3.294748"/>
    <trkpt lat="39.605576" lon="3.295141"/>
    <trkpt lat="39.605756" lon="3.295364"/>
    <trkpt lat="39.605962" lon="3.295614"/>
    <trkpt lat="39.606233" lon="3.295897"/>
    <trkpt lat="39.606405" lon="3.296066"/>
    <trkpt lat="39.606593" lon="3.296247"/>
    <trkpt lat="39.606799" lon="3.296427"/>
    <trkpt lat="39.609329" lon="3.298538"/>
    <trkpt lat="39.609439" lon="3.298762"/>
    <trkpt lat="39.609478" lon="3.298910"/>
    <trkpt lat="39.609491" lon="3.298999"/>
    <trkpt lat="39.609518" lon="3.299097"/>
    <trkpt lat="39.609554" lon="3.299170"/>
    <trkpt lat="39.609611" lon="3.299240"/>
    <trkpt lat="39.609692" lon="3.299296"/>
    <trkpt lat="39.609741" lon="3.299314"/>
    <trkpt lat="39.609802" lon="3.299322"/>
    <trkpt lat="39.609861" lon="3.299312"/>
    <trkpt lat="39.609907" lon="3.299294"/>
    <trkpt lat="39.609982" lon="3.299242"/>
    <trkpt lat="39.610056" lon="3.299142"/>
    <trkpt lat="39.610102" lon="3.299008"/>
    <trkpt lat="39.610104" lon="3.298996"/>
    <trkpt lat="39.610200" lon="3.298855"/>
    <trkpt lat="39.610364" lon="3.298658"/>
    <trkpt lat="39.611289" lon="3.297916"/>
    <trkpt lat="39.612739" lon="3.296754"/>
    <trkpt lat="39.615164" lon="3.294925"/>
    <trkpt lat="39.615993" lon="3.294369"/>
    <trkpt lat="39.617430" lon="3.293406"/>
    <trkpt lat="39.617542" lon="3.293331"/>
    <trkpt lat="39.617663" lon="3.293273"/>
    <trkpt lat="39.617747" lon="3.293233"/>
    <trkpt lat="39.617797" lon="3.293208"/>
    <trkpt lat="39.617848" lon="3.293184"/>
    <trkpt lat="39.618002" lon="3.293126"/>
    <trkpt lat="39.618019" lon="3.293134"/>
    <trkpt lat="39.618119" lon="3.293156"/>
    <trkpt lat="39.618237" lon="3.293126"/>
    <trkpt lat="39.618319" lon="3.293062"/>
    <trkpt lat="39.618353" lon="3.293020"/>
    <trkpt lat="39.618502" lon="3.292922"/>
    <trkpt lat="39.618569" lon="3.292897"/>
    <trkpt lat="39.618704" lon="3.292900"/>
    <trkpt lat="39.618898" lon="3.292961"/>
    <trkpt lat="39.619045" lon="3.292993"/>
    <trkpt lat="39.619556" lon="3.293209"/>
    <trkpt lat="39.619654" lon="3.293250"/>
    <trkpt lat="39.620379" lon="3.293554"/>
    <trkpt lat="39.621948" lon="3.294179"/>
    <trkpt lat="39.622639" lon="3.294467"/>
    <trkpt lat="39.622692" lon="3.294489"/>
    <trkpt lat="39.623657" lon="3.294880"/>
    <trkpt lat="39.623720" lon="3.294906"/>
    <trkpt lat="39.624418" lon="3.295189"/>
    <trkpt lat="39.624636" lon="3.295276"/>
    <trkpt lat="39.625511" lon="3.295623"/>
    <trkpt lat="39.626038" lon="3.295858"/>
    <trkpt lat="39.626348" lon="3.296002"/>
    <trkpt lat="39.626601" lon="3.296134"/>
    <trkpt lat="39.627280" lon="3.296489"/>
    <trkpt lat="39.627392" lon="3.296560"/>
    <trkpt lat="39.627685" lon="3.296745"/>
    <trkpt lat="39.628525" lon="3.297366"/>
    <trkpt lat="39.629754" lon="3.298387"/>
    <trkpt lat="39.630324" lon="3.298882"/>
    <trkpt lat="39.630385" lon="3.298923"/>
    <trkpt lat="39.631786" lon="3.300122"/>
    <trkpt lat="39.633186" lon="3.301312"/>
    <trkpt lat="39.633468" lon="3.301530"/>
    <trkpt lat="39.633869" lon="3.301840"/>
    <trkpt lat="39.634500" lon="3.302209"/>
    <trkpt lat="39.634848" lon="3.302396"/>
    <trkpt lat="39.635317" lon="3.302650"/>
    <trkpt lat="39.635575" lon="3.302824"/>
    <trkpt lat="39.635753" lon="3.302992"/>
    <trkpt lat="39.635817" lon="3.303045"/>
    <trkpt lat="39.635855" lon="3.303101"/>
    <trkpt lat="39.636057" lon="3.303393"/>
    <trkpt lat="39.636287" lon="3.303747"/>
    <trkpt lat="39.636604" lon="3.304349"/>
    <trkpt lat="39.636729" lon="3.304554"/>
    <trkpt lat="39.636965" lon="3.304937"/>
    <trkpt lat="39.637139" lon="3.305127"/>
    <trkpt lat="39.637446" lon="3.305462"/>
    <trkpt lat="39.637546" lon="3.305560"/>
    <trkpt lat="39.637673" lon="3.305692"/>
    <trkpt lat="39.638492" lon="3.306522"/>
    <trkpt lat="39.638593" lon="3.306624"/>
    <trkpt lat="39.638868" lon="3.306901"/>
    <trkpt lat="39.639020" lon="3.307100"/>
    <trkpt lat="39.639123" lon="3.307323"/>
    <trkpt lat="39.639201" lon="3.307618"/>
    <trkpt lat="39.639285" lon="3.308114"/>
    <trkpt lat="39.639390" lon="3.308443"/>
    <trkpt lat="39.639630" lon="3.308934"/>
    <trkpt lat="39.639678" lon="3.309009"/>
    <trkpt lat="39.640023" lon="3.309548"/>
    <trkpt lat="39.640208" lon="3.309932"/>
    <trkpt lat="39.640305" lon="3.310275"/>
    <trkpt lat="39.640379" lon="3.310687"/>
    <trkpt lat="39.640489" lon="3.311381"/>
    <trkpt lat="39.640562" lon="3.311691"/>
    <trkpt lat="39.640692" lon="3.311944"/>
    <trkpt lat="39.640840" lon="3.312170"/>
    <trkpt lat="39.641045" lon="3.312397"/>
    <trkpt lat="39.641128" lon="3.312458"/>
    <trkpt lat="39.641308" lon="3.312589"/>
    <trkpt lat="39.641768" lon="3.312753"/>
    <trkpt lat="39.642095" lon="3.312887"/>
    <trkpt lat="39.642338" lon="3.312985"/>
    <trkpt lat="39.642891" lon="3.313384"/>
    <trkpt lat="39.643300" lon="3.313631"/>
    <trkpt lat="39.643782" lon="3.313816"/>
    <trkpt lat="39.644112" lon="3.313870"/>
    <trkpt lat="39.644295" lon="3.313860"/>
    <trkpt lat="39.644468" lon="3.313863"/>
    <trkpt lat="39.644953" lon="3.313760"/>
    <trkpt lat="39.645200" lon="3.313708"/>
    <trkpt lat="39.646147" lon="3.313461"/>
    <trkpt lat="39.646478" lon="3.313374"/>
    <trkpt lat="39.646768" lon="3.313342"/>
    <trkpt lat="39.647088" lon="3.313371"/>
    <trkpt lat="39.647460" lon="3.313449"/>
    <trkpt lat="39.647773" lon="3.313576"/>
    <trkpt lat="39.647910" lon="3.313654"/>
    <trkpt lat="39.648170" lon="3.313802"/>
    <trkpt lat="39.650431" lon="3.315196"/>
    <trkpt lat="39.650887" lon="3.315477"/>
    <trkpt lat="39.651485" lon="3.315784"/>
    <trkpt lat="39.654077" lon="3.316821"/>
    <trkpt lat="39.654916" lon="3.317108"/>
    <trkpt lat="39.654940" lon="3.317116"/>
    <trkpt lat="39.655869" lon="3.317319"/>
    <trkpt lat="39.659212" lon="3.318141"/>
    <trkpt lat="39.659743" lon="3.318292"/>
    <trkpt lat="39.662713" lon="3.319138"/>
    <trkpt lat="39.662964" lon="3.319246"/>
    <trkpt lat="39.663304" lon="3.319442"/>
    <trkpt lat="39.663599" lon="3.319692"/>
    <trkpt lat="39.663933" lon="3.320032"/>
    <trkpt lat="39.664179" lon="3.320282"/>
    <trkpt lat="39.664290" lon="3.320395"/>
    <trkpt lat="39.665848" lon="3.321868"/>
    <trkpt lat="39.666243" lon="3.322241"/>
    <trkpt lat="39.668007" lon="3.323519"/>
    <trkpt lat="39.668643" lon="3.323870"/>
    <trkpt lat="39.669205" lon="3.324240"/>
    <trkpt lat="39.669508" lon="3.324439"/>
    <trkpt lat="39.670000" lon="3.324829"/>
    <trkpt lat="39.670541" lon="3.325354"/>
    <trkpt lat="39.671191" lon="3.325990"/>
    <trkpt lat="39.671257" lon="3.326057"/>
    <trkpt lat="39.672035" lon="3.326849"/>
    <trkpt lat="39.672483" lon="3.327303"/>
    <trkpt lat="39.672709" lon="3.327531"/>
    <trkpt lat="39.673307" lon="3.328218"/>
    <trkpt lat="39.673668" lon="3.328630"/>
    <trkpt lat="39.673902" lon="3.328966"/>
    <trkpt lat="39.673996" lon="3.329100"/>
    <trkpt lat="39.674495" lon="3.329817"/>
    <trkpt lat="39.674727" lon="3.330137"/>
    <trkpt lat="39.675207" lon="3.330928"/>
    <trkpt lat="39.675645" lon="3.331672"/>
    <trkpt lat="39.676040" lon="3.332430"/>
    <trkpt lat="39.676182" lon="3.332702"/>
    <trkpt lat="39.676694" lon="3.333807"/>
    <trkpt lat="39.677234" lon="3.335214"/>
    <trkpt lat="39.677382" lon="3.335564"/>
    <trkpt lat="39.677539" lon="3.335885"/>
    <trkpt lat="39.677652" lon="3.336062"/>
    <trkpt lat="39.677857" lon="3.336337"/>
    <trkpt lat="39.678022" lon="3.336531"/>
    <trkpt lat="39.678388" lon="3.336962"/>
    <trkpt lat="39.678603" lon="3.337228"/>
    <trkpt lat="39.678801" lon="3.337601"/>
    <trkpt lat="39.679255" lon="3.338575"/>
    <trkpt lat="39.679726" lon="3.339584"/>
    <trkpt lat="39.680076" lon="3.340265"/>
    <trkpt lat="39.680392" lon="3.340784"/>
    <trkpt lat="39.680633" lon="3.341097"/>
    <trkpt lat="39.680748" lon="3.341226"/>
    <trkpt lat="39.680880" lon="3.341356"/>
    <trkpt lat="39.681163" lon="3.341552"/>
    <trkpt lat="39.681464" lon="3.341720"/>
    <trkpt lat="39.681978" lon="3.341967"/>
    <trkpt lat="39.684886" lon="3.343203"/>
    <trkpt lat="39.685405" lon="3.343424"/>
    <trkpt lat="39.687007" lon="3.344130"/>
    <trkpt lat="39.687091" lon="3.344173"/>
    <trkpt lat="39.687385" lon="3.344313"/>
    <trkpt lat="39.687637" lon="3.344515"/>
    <trkpt lat="39.688274" lon="3.345164"/>
    <trkpt lat="39.688405" lon="3.345302"/>
    <trkpt lat="39.688676" lon="3.345593"/>
    <trkpt lat="39.688798" lon="3.345717"/>
    <trkpt lat="39.688861" lon="3.345829"/>
    <trkpt lat="39.688910" lon="3.345929"/>
    <trkpt lat="39.688951" lon="3.346015"/>
    <trkpt lat="39.688964" lon="3.346078"/>
    <trkpt lat="39.688993" lon="3.346132"/>
    <trkpt lat="39.689035" lon="3.346171"/>
    <trkpt lat="39.689083" lon="3.346190"/>
    <trkpt lat="39.689134" lon="3.346187"/>
    <trkpt lat="39.689248" lon="3.346232"/>
    <trkpt lat="39.689364" lon="3.346297"/>
    <trkpt lat="39.689462" lon="3.346389"/>
    <trkpt lat="39.689694" lon="3.346630"/>
    <trkpt lat="39.689956" lon="3.346902"/>
    <trkpt lat="39.689968" lon="3.346915"/>
    <trkpt lat="39.690039" lon="3.346988"/>
    <trkpt lat="39.690529" lon="3.347492"/>
    <trkpt lat="39.690683" lon="3.347658"/>
    <trkpt lat="39.690833" lon="3.347816"/>
    <trkpt lat="39.690860" lon="3.347849"/>
    <trkpt lat="39.691061" lon="3.348050"/>
    <trkpt lat="39.691065" lon="3.348138"/>
    <trkpt lat="39.691093" lon="3.348227"/>
    <trkpt lat="39.691083" lon="3.348269"/>
    <trkpt lat="39.691088" lon="3.348313"/>
    <trkpt lat="39.691101" lon="3.348344"/>
    <trkpt lat="39.691121" lon="3.348368"/>
    <trkpt lat="39.691146" lon="3.348382"/>
    <trkpt lat="39.691173" lon="3.348385"/>
    <trkpt lat="39.691199" lon="3.348376"/>
    <trkpt lat="39.691222" lon="3.348357"/>
    <trkpt lat="39.691239" lon="3.348329"/>
    <trkpt lat="39.691246" lon="3.348302"/>
    <trkpt lat="39.691248" lon="3.348288"/>
    <trkpt lat="39.691247" lon="3.348255"/>
    <trkpt lat="39.691238" lon="3.348225"/>
    <trkpt lat="39.691223" lon="3.348199"/>
    <trkpt lat="39.691202" lon="3.348181"/>
    <trkpt lat="39.691179" lon="3.348171"/>
    <trkpt lat="39.691061" lon="3.348050"/>
    <trkpt lat="39.691119" lon="3.347913"/>
    <trkpt lat="39.691166" lon="3.347809"/>
    <trkpt lat="39.691298" lon="3.347515"/>
    <trkpt lat="39.691417" lon="3.347230"/>
    <trkpt lat="39.691564" lon="3.347342"/>
    <trkpt lat="39.691849" lon="3.347558"/>
    <trkpt lat="39.691895" lon="3.347593"/>
    <trkpt lat="39.692164" lon="3.347798"/>
    <trkpt lat="39.692574" lon="3.348115"/>
    <trkpt lat="39.692868" lon="3.348351"/>
    <trkpt lat="39.693063" lon="3.348494"/>
    <trkpt lat="39.693387" lon="3.348750"/>
    <trkpt lat="39.693745" lon="3.348932"/>
    <trkpt lat="39.693987" lon="3.349050"/>
    <trkpt lat="39.693777" lon="3.349531"/>
    <trkpt lat="39.693987" lon="3.349050"/>
    <trkpt lat="39.693745" lon="3.348932"/>
    <trkpt lat="39.693387" lon="3.348750"/>
    <trkpt lat="39.693063" lon="3.348494"/>
    <trkpt lat="39.692868" lon="3.348351"/>
    <trkpt lat="39.692574" lon="3.348115"/>
    <trkpt lat="39.692164" lon="3.347798"/>
    <trkpt lat="39.691895" lon="3.347593"/>
    <trkpt lat="39.691638" lon="3.348652"/>
    <trkpt lat="39.691349" lon="3.348395"/>
    <trkpt lat="39.691328" lon="3.348376"/>
    <trkpt lat="39.691246" lon="3.348302"/>
    <trkpt lat="39.691248" lon="3.348288"/>
    <trkpt lat="39.691247" lon="3.348255"/>
    <trkpt lat="39.691238" lon="3.348225"/>
    <trkpt lat="39.691223" lon="3.348199"/>
    <trkpt lat="39.691202" lon="3.348181"/>
    <trkpt lat="39.691179" lon="3.348171"/>
    <trkpt lat="39.691145" lon="3.348173"/>
    <trkpt lat="39.691114" lon="3.348193"/>
    <trkpt lat="39.691093" lon="3.348227"/>
    <trkpt lat="39.691083" lon="3.348269"/>
    <trkpt lat="39.691088" lon="3.348313"/>
    <trkpt lat="39.691151" lon="3.348572"/>
    <trkpt lat="39.691141" lon="3.348679"/>
    <trkpt lat="39.691102" lon="3.349000"/>
    <trkpt lat="39.691098" lon="3.349035"/>
    <trkpt lat="39.691022" lon="3.349694"/>
    <trkpt lat="39.690976" lon="3.350103"/>
    <trkpt lat="39.690945" lon="3.350375"/>
    <trkpt lat="39.690930" lon="3.350504"/>
    <trkpt lat="39.690880" lon="3.350929"/>
    <trkpt lat="39.690797" lon="3.351656"/>
    <trkpt lat="39.690791" lon="3.351713"/>
    <trkpt lat="39.690690" lon="3.352593"/>
    <trkpt lat="39.690653" lon="3.352692"/>
    <trkpt lat="39.690565" lon="3.353398"/>
    <trkpt lat="39.690558" lon="3.353416"/>
    <trkpt lat="39.690553" lon="3.353434"/>
    <trkpt lat="39.690550" lon="3.353453"/>
    <trkpt lat="39.690548" lon="3.353473"/>
    <trkpt lat="39.690549" lon="3.353493"/>
    <trkpt lat="39.690552" lon="3.353512"/>
    <trkpt lat="39.690556" lon="3.353531"/>
    <trkpt lat="39.690563" lon="3.353549"/>
    <trkpt lat="39.690571" lon="3.353565"/>
    <trkpt lat="39.690581" lon="3.353580"/>
    <trkpt lat="39.690592" lon="3.353593"/>
    <trkpt lat="39.690604" lon="3.353604"/>
    <trkpt lat="39.690618" lon="3.353613"/>
    <trkpt lat="39.690632" lon="3.353619"/>
    <trkpt lat="39.690646" lon="3.353623"/>
    <trkpt lat="39.690661" lon="3.353625"/>
    <trkpt lat="39.690676" lon="3.353624"/>
    <trkpt lat="39.690691" lon="3.353620"/>
    <trkpt lat="39.690705" lon="3.353614"/>
    <trkpt lat="39.690824" lon="3.353689"/>
    <trkpt lat="39.691131" lon="3.354053"/>
    <trkpt lat="39.692892" lon="3.356210"/>
    <trkpt lat="39.692947" lon="3.356283"/>
    <trkpt lat="39.692934" lon="3.356321"/>
    <trkpt lat="39.692930" lon="3.356362"/>
    <trkpt lat="39.692934" lon="3.356404"/>
    <trkpt lat="39.692947" lon="3.356442"/>
    <trkpt lat="39.692968" lon="3.356474"/>
    <trkpt lat="39.692997" lon="3.356498"/>
    <trkpt lat="39.693030" lon="3.356511"/>
    <trkpt lat="39.693065" lon="3.356510"/>
    <trkpt lat="39.693097" lon="3.356496"/>
    <trkpt lat="39.693174" lon="3.356540"/>
    <trkpt lat="39.693268" lon="3.356626"/>
    <trkpt lat="39.694035" lon="3.357561"/>
    <trkpt lat="39.694180" lon="3.357737"/>
    <trkpt lat="39.694474" lon="3.358097"/>
    <trkpt lat="39.694875" lon="3.358596"/>
    <trkpt lat="39.695044" lon="3.358841"/>
    <trkpt lat="39.695208" lon="3.359122"/>
    <trkpt lat="39.695318" lon="3.359362"/>
    <trkpt lat="39.695543" lon="3.360040"/>
    <trkpt lat="39.695613" lon="3.360466"/>
    <trkpt lat="39.695636" lon="3.360600"/>
    <trkpt lat="39.695669" lon="3.360892"/>
    <trkpt lat="39.695723" lon="3.361345"/>
    <trkpt lat="39.695740" lon="3.361506"/>
    <trkpt lat="39.695839" lon="3.362346"/>
    <trkpt lat="39.695880" lon="3.362821"/>
    <trkpt lat="39.695902" lon="3.363191"/>
    <trkpt lat="39.695896" lon="3.363466"/>
    <trkpt lat="39.695860" lon="3.363808"/>
    <trkpt lat="39.695793" lon="3.364179"/>
    <trkpt lat="39.695710" lon="3.364485"/>
    <trkpt lat="39.695618" lon="3.364768"/>
    <trkpt lat="39.695527" lon="3.365000"/>
    <trkpt lat="39.695405" lon="3.365247"/>
    <trkpt lat="39.695232" lon="3.365542"/>
    <trkpt lat="39.695017" lon="3.365861"/>
    <trkpt lat="39.694583" lon="3.366522"/>
    <trkpt lat="39.694527" lon="3.366608"/>
    <trkpt lat="39.694081" lon="3.367287"/>
    <trkpt lat="39.693958" lon="3.367517"/>
    <trkpt lat="39.693853" lon="3.367711"/>
    <trkpt lat="39.693635" lon="3.368188"/>
    <trkpt lat="39.693501" lon="3.368568"/>
    <trkpt lat="39.693443" lon="3.368755"/>
    <trkpt lat="39.693421" lon="3.368827"/>
    <trkpt lat="39.693362" lon="3.369017"/>
    <trkpt lat="39.693286" lon="3.369385"/>
    <trkpt lat="39.693203" lon="3.369885"/>
    <trkpt lat="39.693152" lon="3.370392"/>
    <trkpt lat="39.693139" lon="3.370758"/>
    <trkpt lat="39.693137" lon="3.370830"/>
    <trkpt lat="39.693138" lon="3.371123"/>
    <trkpt lat="39.693139" lon="3.371285"/>
    <trkpt lat="39.693142" lon="3.371441"/>
    <trkpt lat="39.693151" lon="3.371845"/>
    <trkpt lat="39.693154" lon="3.371977"/>
    <trkpt lat="39.693194" lon="3.372711"/>
    <trkpt lat="39.693245" lon="3.373286"/>
    <trkpt lat="39.693300" lon="3.373776"/>
    <trkpt lat="39.693353" lon="3.374172"/>
    <trkpt lat="39.693366" lon="3.374264"/>
    <trkpt lat="39.693432" lon="3.374710"/>
    <trkpt lat="39.693515" lon="3.375154"/>
    <trkpt lat="39.693621" lon="3.375622"/>
    <trkpt lat="39.693771" lon="3.376108"/>
    <trkpt lat="39.693961" lon="3.376572"/>
    <trkpt lat="39.694132" lon="3.376942"/>
    <trkpt lat="39.694253" lon="3.377174"/>
    <trkpt lat="39.694445" lon="3.377572"/>
    <trkpt lat="39.694587" lon="3.377860"/>
    <trkpt lat="39.694904" lon="3.378523"/>
    <trkpt lat="39.695188" lon="3.379162"/>
    <trkpt lat="39.695398" lon="3.379834"/>
    <trkpt lat="39.695441" lon="3.379942"/>
    <trkpt lat="39.695599" lon="3.380482"/>
    <trkpt lat="39.695694" lon="3.380973"/>
    <trkpt lat="39.695792" lon="3.381620"/>
    <trkpt lat="39.695859" lon="3.382316"/>
    <trkpt lat="39.695903" lon="3.383099"/>
    <trkpt lat="39.695913" lon="3.383247"/>
    <trkpt lat="39.696051" lon="3.385200"/>
    <trkpt lat="39.696083" lon="3.385663"/>
    <trkpt lat="39.696168" lon="3.386755"/>
    <trkpt lat="39.696183" lon="3.387412"/>
    <trkpt lat="39.696172" lon="3.388105"/>
    <trkpt lat="39.696162" lon="3.388401"/>
    <trkpt lat="39.696149" lon="3.388802"/>
    <trkpt lat="39.696139" lon="3.389425"/>
    <trkpt lat="39.696150" lon="3.389870"/>
    <trkpt lat="39.696164" lon="3.390092"/>
    <trkpt lat="39.696181" lon="3.390359"/>
    <trkpt lat="39.696252" lon="3.391010"/>
    <trkpt lat="39.696326" lon="3.391488"/>
    <trkpt lat="39.696421" lon="3.391956"/>
    <trkpt lat="39.696515" lon="3.392348"/>
    <trkpt lat="39.696530" lon="3.392404"/>
    <trkpt lat="39.696668" lon="3.392905"/>
    <trkpt lat="39.696855" lon="3.393574"/>
    <trkpt lat="39.696972" lon="3.394027"/>
    <trkpt lat="39.697093" lon="3.394552"/>
    <trkpt lat="39.697176" lon="3.395090"/>
    <trkpt lat="39.697210" lon="3.395652"/>
    <trkpt lat="39.697207" lon="3.396144"/>
    <trkpt lat="39.697177" lon="3.396629"/>
    <trkpt lat="39.697116" lon="3.397117"/>
    <trkpt lat="39.697058" lon="3.397414"/>
    <trkpt lat="39.696947" lon="3.397874"/>
    <trkpt lat="39.696829" lon="3.398247"/>
    <trkpt lat="39.696667" lon="3.398693"/>
    <trkpt lat="39.696499" lon="3.399059"/>
    <trkpt lat="39.696305" lon="3.399478"/>
    <trkpt lat="39.696132" lon="3.399863"/>
    <trkpt lat="39.695912" lon="3.400415"/>
    <trkpt lat="39.695805" lon="3.400710"/>
    <trkpt lat="39.695683" lon="3.401142"/>
    <trkpt lat="39.695587" lon="3.401542"/>
    <trkpt lat="39.695508" lon="3.402019"/>
    <trkpt lat="39.695465" lon="3.402433"/>
    <trkpt lat="39.695433" lon="3.402824"/>
    <trkpt lat="39.695436" lon="3.403356"/>
    <trkpt lat="39.695448" lon="3.403580"/>
    <trkpt lat="39.695465" lon="3.403887"/>
    <trkpt lat="39.695524" lon="3.404444"/>
    <trkpt lat="39.695652" lon="3.405022"/>
    <trkpt lat="39.695799" lon="3.405575"/>
    <trkpt lat="39.695986" lon="3.406103"/>
    <trkpt lat="39.696211" lon="3.406668"/>
    <trkpt lat="39.696457" lon="3.407190"/>
    <trkpt lat="39.696830" lon="3.407885"/>
    <trkpt lat="39.697361" lon="3.408778"/>
    <trkpt lat="39.697523" lon="3.409050"/>
    <trkpt lat="39.698242" lon="3.410234"/>
    <trkpt lat="39.698514" lon="3.410700"/>
    <trkpt lat="39.698546" lon="3.410760"/>
    <trkpt lat="39.699005" lon="3.411653"/>
    <trkpt lat="39.699371" lon="3.412533"/>
    <trkpt lat="39.699469" lon="3.412761"/>
    <trkpt lat="39.699697" lon="3.413450"/>
    <trkpt lat="39.699801" lon="3.413800"/>
    <trkpt lat="39.699868" lon="3.414055"/>
    <trkpt lat="39.699908" lon="3.414195"/>
    <trkpt lat="39.700033" lon="3.414754"/>
    <trkpt lat="39.700073" lon="3.414967"/>
    <trkpt lat="39.700138" lon="3.415326"/>
    <trkpt lat="39.700195" lon="3.415750"/>
    <trkpt lat="39.700217" lon="3.415920"/>
    <trkpt lat="39.700379" lon="3.417390"/>
    <trkpt lat="39.700401" lon="3.417568"/>
    <trkpt lat="39.700465" lon="3.418168"/>
    <trkpt lat="39.700503" lon="3.418656"/>
    <trkpt lat="39.700605" lon="3.419659"/>
    <trkpt lat="39.700733" lon="3.420792"/>
    <trkpt lat="39.700799" lon="3.421340"/>
    <trkpt lat="39.700874" lon="3.422115"/>
    <trkpt lat="39.700818" lon="3.422315"/>
    <trkpt lat="39.700781" lon="3.422342"/>
    <trkpt lat="39.700759" lon="3.422366"/>
    <trkpt lat="39.700736" lon="3.422399"/>
    <trkpt lat="39.700712" lon="3.422453"/>
    <trkpt lat="39.700698" lon="3.422515"/>
    <trkpt lat="39.700695" lon="3.422579"/>
    <trkpt lat="39.700703" lon="3.422639"/>
    <trkpt lat="39.700716" lon="3.422681"/>
    <trkpt lat="39.700736" lon="3.422724"/>
    <trkpt lat="39.700775" lon="3.422775"/>
    <trkpt lat="39.700810" lon="3.422803"/>
    <trkpt lat="39.700830" lon="3.422912"/>
    <trkpt lat="39.700837" lon="3.423043"/>
    <trkpt lat="39.700816" lon="3.423172"/>
    <trkpt lat="39.700810" lon="3.423201"/>
    <trkpt lat="39.700744" lon="3.423509"/>
    <trkpt lat="39.700685" lon="3.423729"/>
    <trkpt lat="39.700627" lon="3.423950"/>
    <trkpt lat="39.700587" lon="3.424112"/>
    <trkpt lat="39.700517" lon="3.424381"/>
    <trkpt lat="39.700494" lon="3.424490"/>
    <trkpt lat="39.700476" lon="3.424606"/>
    <trkpt lat="39.700468" lon="3.424705"/>
    <trkpt lat="39.700453" lon="3.424989"/>
    <trkpt lat="39.700440" lon="3.425312"/>
    <trkpt lat="39.700431" lon="3.425611"/>
    <trkpt lat="39.700403" lon="3.426147"/>
    <trkpt lat="39.700367" lon="3.426695"/>
    <trkpt lat="39.700351" lon="3.426869"/>
    <trkpt lat="39.700322" lon="3.426994"/>
    <trkpt lat="39.700293" lon="3.427062"/>
    <trkpt lat="39.700064" lon="3.427465"/>
    <trkpt lat="39.699839" lon="3.427830"/>
    <trkpt lat="39.699620" lon="3.428208"/>
    <trkpt lat="39.699513" lon="3.428331"/>
    <trkpt lat="39.699503" lon="3.428335"/>
    <trkpt lat="39.699493" lon="3.428341"/>
    <trkpt lat="39.699481" lon="3.428356"/>
    <trkpt lat="39.699472" lon="3.428374"/>
    <trkpt lat="39.699467" lon="3.428395"/>
    <trkpt lat="39.699467" lon="3.428417"/>
    <trkpt lat="39.699471" lon="3.428438"/>
    <trkpt lat="39.699478" lon="3.428454"/>
    <trkpt lat="39.699488" lon="3.428467"/>
    <trkpt lat="39.699500" lon="3.428477"/>
    <trkpt lat="39.699630" lon="3.428656"/>
    <trkpt lat="39.699872" lon="3.428951"/>
    <trkpt lat="39.700115" lon="3.429284"/>
    <trkpt lat="39.700333" lon="3.429541"/>
    <trkpt lat="39.700592" lon="3.429868"/>
    <trkpt lat="39.700668" lon="3.430012"/>
    <trkpt lat="39.700722" lon="3.430135"/>
    <trkpt lat="39.700868" lon="3.430538"/>
    <trkpt lat="39.701093" lon="3.431179"/>
    <trkpt lat="39.701162" lon="3.431367"/>
    <trkpt lat="39.701228" lon="3.431543"/>
    <trkpt lat="39.701325" lon="3.431773"/>
    <trkpt lat="39.701408" lon="3.431956"/>
    <trkpt lat="39.701506" lon="3.432155"/>
    <trkpt lat="39.701667" lon="3.432445"/>
    <trkpt lat="39.701717" lon="3.432539"/>
    <trkpt lat="39.701863" lon="3.432809"/>
    <trkpt lat="39.701737" lon="3.432879"/>
    <trkpt lat="39.701630" lon="3.432941"/>
    <trkpt lat="39.701594" lon="3.432967"/>
    <trkpt lat="39.701558" lon="3.433032"/>
    <trkpt lat="39.701536" lon="3.433114"/>
    <trkpt lat="39.701502" lon="3.433377"/>
    <trkpt lat="39.701480" lon="3.433519"/>
    <trkpt lat="39.701473" lon="3.433620"/>
    <trkpt lat="39.701459" lon="3.433799"/>
    <trkpt lat="39.701467" lon="3.433854"/>
    <trkpt lat="39.701499" lon="3.434005"/>
    <trkpt lat="39.701517" lon="3.434056"/>
    <trkpt lat="39.701548" lon="3.434058"/>
    <trkpt lat="39.702087" lon="3.433852"/>
    <trkpt lat="39.702080" lon="3.433821"/>
    <trkpt lat="39.702048" lon="3.433647"/>
    <trkpt lat="39.701993" lon="3.433344"/>
    <trkpt lat="39.701916" lon="3.432918"/>
    <trkpt lat="39.701890" lon="3.432859"/>
    <trkpt lat="39.702198" lon="3.432727"/>
    <trkpt lat="39.702355" lon="3.433374"/>
    <trkpt lat="39.702441" lon="3.433681"/>
    <trkpt lat="39.702514" lon="3.433935"/>
    <trkpt lat="39.702560" lon="3.434101"/>
    <trkpt lat="39.702921" lon="3.435293"/>
    <trkpt lat="39.703018" lon="3.435600"/>
    <trkpt lat="39.703029" lon="3.435663"/>
    <trkpt lat="39.703034" lon="3.435732"/>
    <trkpt lat="39.703002" lon="3.436026"/>
    <trkpt lat="39.702943" lon="3.436564"/>
    <trkpt lat="39.702891" lon="3.437106"/>
    <trkpt lat="39.702875" lon="3.437267"/>
    <trkpt lat="39.702848" lon="3.437503"/>
    <trkpt lat="39.702791" lon="3.437646"/>
    <trkpt lat="39.702727" lon="3.437779"/>
    <trkpt lat="39.702502" lon="3.438223"/>
    <trkpt lat="39.702295" lon="3.438666"/>
    <trkpt lat="39.702079" lon="3.439117"/>
    <trkpt lat="39.701866" lon="3.439548"/>
    <trkpt lat="39.701850" lon="3.439575"/>
    <trkpt lat="39.701762" lon="3.439723"/>
    <trkpt lat="39.701734" lon="3.439753"/>
    <trkpt lat="39.701687" lon="3.439822"/>
    <trkpt lat="39.701704" lon="3.439984"/>
    <trkpt lat="39.701910" lon="3.440265"/>
    <trkpt lat="39.701924" lon="3.440285"/>
    <trkpt lat="39.701941" lon="3.440306"/>
    <trkpt lat="39.701992" lon="3.440379"/>
    <trkpt lat="39.702471" lon="3.441068"/>
    <trkpt lat="39.702598" lon="3.441256"/>
    <trkpt lat="39.702971" lon="3.441810"/>
    <trkpt lat="39.703006" lon="3.441862"/>
    <trkpt lat="39.703097" lon="3.442022"/>
    <trkpt lat="39.703152" lon="3.442146"/>
    <trkpt lat="39.703195" lon="3.442284"/>
    <trkpt lat="39.703294" lon="3.442775"/>
    <trkpt lat="39.703350" lon="3.443056"/>
    <trkpt lat="39.703467" lon="3.443626"/>
    <trkpt lat="39.703501" lon="3.443786"/>
    <trkpt lat="39.703526" lon="3.443986"/>
    <trkpt lat="39.703499" lon="3.444016"/>
    <trkpt lat="39.703478" lon="3.444053"/>
    <trkpt lat="39.703458" lon="3.444116"/>
    <trkpt lat="39.703453" lon="3.444154"/>
    <trkpt lat="39.703458" lon="3.444222"/>
    <trkpt lat="39.703478" lon="3.444288"/>
    <trkpt lat="39.703506" lon="3.444333"/>
    <trkpt lat="39.703541" lon="3.444368"/>
    <trkpt lat="39.703644" lon="3.444488"/>
    <trkpt lat="39.703689" lon="3.444600"/>
    <trkpt lat="39.703768" lon="3.445043"/>
    <trkpt lat="39.704005" lon="3.446144"/>
    <trkpt lat="39.704082" lon="3.446530"/>
    <trkpt lat="39.704119" lon="3.446715"/>
    <trkpt lat="39.704507" lon="3.448602"/>
    <trkpt lat="39.704714" lon="3.449610"/>
    <trkpt lat="39.704834" lon="3.450204"/>
    <trkpt lat="39.704868" lon="3.450362"/>
    <trkpt lat="39.704936" lon="3.450680"/>
    <trkpt lat="39.704958" lon="3.450780"/>
    <trkpt lat="39.704995" lon="3.451010"/>
    <trkpt lat="39.705007" lon="3.451048"/>
    <trkpt lat="39.705034" lon="3.451118"/>
    <trkpt lat="39.705031" lon="3.451151"/>
    <trkpt lat="39.705032" lon="3.451184"/>
    <trkpt lat="39.705038" lon="3.451217"/>
    <trkpt lat="39.705049" lon="3.451248"/>
    <trkpt lat="39.705078" lon="3.451291"/>
    <trkpt lat="39.705115" lon="3.451320"/>
    <trkpt lat="39.705139" lon="3.451329"/>
    <trkpt lat="39.705163" lon="3.451332"/>
    <trkpt lat="39.705195" lon="3.451327"/>
    <trkpt lat="39.705226" lon="3.451312"/>
    <trkpt lat="39.705260" lon="3.451278"/>
    <trkpt lat="39.705322" lon="3.451292"/>
    <trkpt lat="39.705355" lon="3.451330"/>
    <trkpt lat="39.705453" lon="3.451464"/>
    <trkpt lat="39.706056" lon="3.452328"/>
    <trkpt lat="39.707265" lon="3.454074"/>
    <trkpt lat="39.707804" lon="3.454873"/>
    <trkpt lat="39.707838" lon="3.454919"/>
    <trkpt lat="39.708087" lon="3.455300"/>
    <trkpt lat="39.708100" lon="3.455320"/>
    <trkpt lat="39.708242" lon="3.455496"/>
    <trkpt lat="39.708278" lon="3.455580"/>
    <trkpt lat="39.708383" lon="3.455827"/>
    <trkpt lat="39.708704" lon="3.456580"/>
    <trkpt lat="39.708766" lon="3.456722"/>
    <trkpt lat="39.709042" lon="3.457363"/>
    <trkpt lat="39.709080" lon="3.457450"/>
    <trkpt lat="39.709281" lon="3.457917"/>
    <trkpt lat="39.709430" lon="3.458264"/>
    <trkpt lat="39.709461" lon="3.458336"/>
    <trkpt lat="39.709720" lon="3.458935"/>
    <trkpt lat="39.709760" lon="3.459028"/>
    <trkpt lat="39.709995" lon="3.459582"/>
    <trkpt lat="39.710201" lon="3.460053"/>
    <trkpt lat="39.710235" lon="3.460130"/>
    <trkpt lat="39.710363" lon="3.460427"/>
    <trkpt lat="39.710447" lon="3.460623"/>
    <trkpt lat="39.710497" lon="3.460742"/>
    <trkpt lat="39.710604" lon="3.461001"/>
    <trkpt lat="39.710776" lon="3.461387"/>
    <trkpt lat="39.710798" lon="3.461431"/>
    <trkpt lat="39.710997" lon="3.461897"/>
    <trkpt lat="39.711164" lon="3.462287"/>
    <trkpt lat="39.711188" lon="3.462343"/>
    <trkpt lat="39.711231" lon="3.462312"/>
    <trkpt lat="39.711550" lon="3.462094"/>
    <trkpt lat="39.711604" lon="3.462055"/>
    <trkpt lat="39.711720" lon="3.461972"/>
    <trkpt lat="39.711932" lon="3.461819"/>
    <trkpt lat="39.711981" lon="3.461783"/>
    <trkpt lat="39.712033" lon="3.461746"/>
    <trkpt lat="39.712309" lon="3.461542"/>
    <trkpt lat="39.712359" lon="3.461508"/>
    <trkpt lat="39.712418" lon="3.461468"/>
    <trkpt lat="39.712682" lon="3.461277"/>
    <trkpt lat="39.712738" lon="3.461236"/>
    <trkpt lat="39.712755" lon="3.461286"/>
    <trkpt lat="39.713050" lon="3.462142"/>
    <trkpt lat="39.713171" lon="3.462481"/>
    <trkpt lat="39.713198" lon="3.462557"/>
    <trkpt lat="39.713152" lon="3.462584"/>
    <trkpt lat="39.712798" lon="3.462773"/>
    <trkpt lat="39.712652" lon="3.462854"/>
    <trkpt lat="39.712408" lon="3.462990"/>
    <trkpt lat="39.712254" lon="3.462574"/>
    <trkpt lat="39.712004" lon="3.461848"/>
    <trkpt lat="39.711981" lon="3.461783"/>
    <trkpt lat="39.712033" lon="3.461746"/>
    <trkpt lat="39.712309" lon="3.461542"/>
    <trkpt lat="39.712359" lon="3.461508"/>
    <trkpt lat="39.712342" lon="3.461468"/>
    <trkpt lat="39.712301" lon="3.461371"/>
    <trkpt lat="39.712233" lon="3.461210"/>
    <trkpt lat="39.712171" lon="3.461063"/>
    <trkpt lat="39.711979" lon="3.460605"/>
    <trkpt lat="39.711923" lon="3.460475"/>
    <trkpt lat="39.711782" lon="3.460141"/>
    <trkpt lat="39.711624" lon="3.459773"/>
    <trkpt lat="39.711565" lon="3.459635"/>
    <trkpt lat="39.711466" lon="3.459404"/>
    <trkpt lat="39.711415" lon="3.459285"/>
    <trkpt lat="39.711178" lon="3.458720"/>
    <trkpt lat="39.711131" lon="3.458611"/>
    <trkpt lat="39.710979" lon="3.458262"/>
    <trkpt lat="39.710935" lon="3.458160"/>
    <trkpt lat="39.710791" lon="3.457836"/>
    <trkpt lat="39.710739" lon="3.457741"/>
    <trkpt lat="39.710682" lon="3.457665"/>
    <trkpt lat="39.710628" lon="3.457608"/>
    <trkpt lat="39.710508" lon="3.457490"/>
    <trkpt lat="39.710284" lon="3.457249"/>
    <trkpt lat="39.710217" lon="3.457162"/>
    <trkpt lat="39.710148" lon="3.457063"/>
    <trkpt lat="39.710112" lon="3.456996"/>
    <trkpt lat="39.710078" lon="3.456914"/>
    <trkpt lat="39.710018" lon="3.456764"/>
    <trkpt lat="39.709903" lon="3.456500"/>
    <trkpt lat="39.709860" lon="3.456432"/>
    <trkpt lat="39.709828" lon="3.456386"/>
    <trkpt lat="39.709784" lon="3.456335"/>
    <trkpt lat="39.709723" lon="3.456274"/>
    <trkpt lat="39.709656" lon="3.456225"/>
    <trkpt lat="39.709589" lon="3.456184"/>
    <trkpt lat="39.709543" lon="3.456170"/>
    <trkpt lat="39.709451" lon="3.456154"/>
    <trkpt lat="39.709362" lon="3.456165"/>
    <trkpt lat="39.709338" lon="3.456179"/>
    <trkpt lat="39.709128" lon="3.456303"/>
    <trkpt lat="39.708812" lon="3.456509"/>
    <trkpt lat="39.708704" lon="3.456580"/>
    <trkpt lat="39.708383" lon="3.455827"/>
    <trkpt lat="39.708278" lon="3.455580"/>
    <trkpt lat="39.708242" lon="3.455496"/>
    <trkpt lat="39.708135" lon="3.455250"/>
    <trkpt lat="39.708054" lon="3.455119"/>
    <trkpt lat="39.707909" lon="3.454841"/>
    <trkpt lat="39.707890" lon="3.454812"/>
    <trkpt lat="39.707713" lon="3.454543"/>
    <trkpt lat="39.707571" lon="3.454347"/>
    <trkpt lat="39.707418" lon="3.454135"/>
    <trkpt lat="39.707095" lon="3.453685"/>
    <trkpt lat="39.706597" lon="3.452957"/>
    <trkpt lat="39.706167" lon="3.452336"/>
    <trkpt lat="39.705796" lon="3.451783"/>
    <trkpt lat="39.705467" lon="3.451328"/>
    <trkpt lat="39.705439" lon="3.451290"/>
    <trkpt lat="39.705345" lon="3.451174"/>
    <trkpt lat="39.705295" lon="3.451123"/>
    <trkpt lat="39.705286" lon="3.451087"/>
    <trkpt lat="39.705270" lon="3.451054"/>
    <trkpt lat="39.705237" lon="3.451013"/>
    <trkpt lat="39.705197" lon="3.450990"/>
    <trkpt lat="39.705140" lon="3.450851"/>
    <trkpt lat="39.705074" lon="3.450734"/>
    <trkpt lat="39.705029" lon="3.450654"/>
    <trkpt lat="39.704994" lon="3.450563"/>
    <trkpt lat="39.704967" lon="3.450480"/>
    <trkpt lat="39.704948" lon="3.450372"/>
    <trkpt lat="39.704764" lon="3.449439"/>
    <trkpt lat="39.704563" lon="3.448460"/>
    <trkpt lat="39.704419" lon="3.447756"/>
    <trkpt lat="39.704336" lon="3.447351"/>
    <trkpt lat="39.704206" lon="3.446714"/>
    <trkpt lat="39.704071" lon="3.446098"/>
    <trkpt lat="39.703950" lon="3.445522"/>
    <trkpt lat="39.703794" lon="3.444756"/>
    <trkpt lat="39.703758" lon="3.444578"/>
    <trkpt lat="39.703761" lon="3.444318"/>
    <trkpt lat="39.703781" lon="3.444278"/>
    <trkpt lat="39.703795" lon="3.444234"/>
    <trkpt lat="39.703802" lon="3.444188"/>
    <trkpt lat="39.703801" lon="3.444146"/>
    <trkpt lat="39.703795" lon="3.444105"/>
    <trkpt lat="39.703958" lon="3.444061"/>
    <trkpt lat="39.704292" lon="3.443937"/>
    <trkpt lat="39.704509" lon="3.443844"/>
    <trkpt lat="39.704775" lon="3.443707"/>
    <trkpt lat="39.704945" lon="3.443592"/>
    <trkpt lat="39.705188" lon="3.443418"/>
    <trkpt lat="39.705345" lon="3.443288"/>
    <trkpt lat="39.705485" lon="3.443147"/>
    <trkpt lat="39.705552" lon="3.443079"/>
    <trkpt lat="39.705615" lon="3.442999"/>
    <trkpt lat="39.705665" lon="3.442935"/>
    <trkpt lat="39.705819" lon="3.442733"/>
    <trkpt lat="39.706090" lon="3.442317"/>
    <trkpt lat="39.706471" lon="3.441703"/>
    <trkpt lat="39.706572" lon="3.441541"/>
    <trkpt lat="39.706659" lon="3.441392"/>
    <trkpt lat="39.707100" lon="3.440650"/>
    <trkpt lat="39.707397" lon="3.440183"/>
    <trkpt lat="39.707589" lon="3.439803"/>
    <trkpt lat="39.707744" lon="3.439433"/>
    <trkpt lat="39.707848" lon="3.439173"/>
    <trkpt lat="39.707962" lon="3.438839"/>
    <trkpt lat="39.708097" lon="3.438374"/>
    <trkpt lat="39.708205" lon="3.437879"/>
    <trkpt lat="39.708263" lon="3.437542"/>
    <trkpt lat="39.708299" lon="3.437311"/>
    <trkpt lat="39.708311" lon="3.437212"/>
    <trkpt lat="39.708322" lon="3.437114"/>
    <trkpt lat="39.708377" lon="3.436589"/>
    <trkpt lat="39.708383" lon="3.436480"/>
    <trkpt lat="39.708388" lon="3.436390"/>
    <trkpt lat="39.708410" lon="3.435938"/>
    <trkpt lat="39.708437" lon="3.435465"/>
    <trkpt lat="39.708444" lon="3.435318"/>
    <trkpt lat="39.708446" lon="3.435174"/>
    <trkpt lat="39.708440" lon="3.434963"/>
    <trkpt lat="39.708427" lon="3.434739"/>
    <trkpt lat="39.708405" lon="3.434507"/>
    <trkpt lat="39.708363" lon="3.434297"/>
    <trkpt lat="39.708332" lon="3.434143"/>
    <trkpt lat="39.708268" lon="3.433880"/>
    <trkpt lat="39.708226" lon="3.433726"/>
    <trkpt lat="39.708155" lon="3.433479"/>
    <trkpt lat="39.708090" lon="3.433302"/>
    <trkpt lat="39.707981" lon="3.433038"/>
    <trkpt lat="39.707838" lon="3.432734"/>
    <trkpt lat="39.707641" lon="3.432399"/>
    <trkpt lat="39.707496" lon="3.432182"/>
    <trkpt lat="39.707376" lon="3.432044"/>
    <trkpt lat="39.707256" lon="3.431910"/>
    <trkpt lat="39.707120" lon="3.431771"/>
    <trkpt lat="39.706871" lon="3.431542"/>
    <trkpt lat="39.706501" lon="3.431190"/>
    <trkpt lat="39.706303" lon="3.430991"/>
    <trkpt lat="39.706161" lon="3.430842"/>
    <trkpt lat="39.706052" lon="3.430588"/>
    <trkpt lat="39.706056" lon="3.430567"/>
    <trkpt lat="39.706062" lon="3.430499"/>
    <trkpt lat="39.706057" lon="3.430450"/>
    <trkpt lat="39.706029" lon="3.430367"/>
    <trkpt lat="39.705987" lon="3.430307"/>
    <trkpt lat="39.705924" lon="3.430264"/>
    <trkpt lat="39.705850" lon="3.430253"/>
    <trkpt lat="39.705783" lon="3.430274"/>
    <trkpt lat="39.705667" lon="3.430216"/>
    <trkpt lat="39.705583" lon="3.430156"/>
    <trkpt lat="39.705436" lon="3.429966"/>
    <trkpt lat="39.704367" lon="3.428149"/>
    <trkpt lat="39.703637" lon="3.426909"/>
    <trkpt lat="39.702486" lon="3.424975"/>
    <trkpt lat="39.701411" lon="3.423118"/>
    <trkpt lat="39.701266" lon="3.422904"/>
    <trkpt lat="39.701149" lon="3.422762"/>
    <trkpt lat="39.701109" lon="3.422581"/>
    <trkpt lat="39.701109" lon="3.422534"/>
    <trkpt lat="39.701103" lon="3.422496"/>
    <trkpt lat="39.701086" lon="3.422437"/>
    <trkpt lat="39.701072" lon="3.422407"/>
    <trkpt lat="39.701046" lon="3.422367"/>
    <trkpt lat="39.701012" lon="3.422333"/>
    <trkpt lat="39.700979" lon="3.422311"/>
    <trkpt lat="39.700939" lon="3.422296"/>
    <trkpt lat="39.700903" lon="3.422292"/>
    <trkpt lat="39.700874" lon="3.422294"/>
    <trkpt lat="39.700818" lon="3.422315"/>
    <trkpt lat="39.700781" lon="3.422342"/>
    <trkpt lat="39.700603" lon="3.422288"/>
    <trkpt lat="39.700443" lon="3.422196"/>
    <trkpt lat="39.700309" lon="3.422136"/>
    <trkpt lat="39.700134" lon="3.422087"/>
    <trkpt lat="39.699964" lon="3.422055"/>
    <trkpt lat="39.699765" lon="3.422045"/>
    <trkpt lat="39.699572" lon="3.422062"/>
    <trkpt lat="39.699349" lon="3.422109"/>
    <trkpt lat="39.699161" lon="3.422166"/>
    <trkpt lat="39.698964" lon="3.422258"/>
    <trkpt lat="39.698742" lon="3.422384"/>
    <trkpt lat="39.696910" lon="3.423618"/>
    <trkpt lat="39.695818" lon="3.424340"/>
    <trkpt lat="39.695491" lon="3.424544"/>
    <trkpt lat="39.695411" lon="3.424605"/>
    <trkpt lat="39.695295" lon="3.424620"/>
    <trkpt lat="39.695221" lon="3.424618"/>
    <trkpt lat="39.695159" lon="3.424616"/>
    <trkpt lat="39.695129" lon="3.424603"/>
    <trkpt lat="39.695084" lon="3.424597"/>
    <trkpt lat="39.695040" lon="3.424605"/>
    <trkpt lat="39.694998" lon="3.424628"/>
    <trkpt lat="39.694920" lon="3.424640"/>
    <trkpt lat="39.694867" lon="3.424634"/>
    <trkpt lat="39.694738" lon="3.424598"/>
    <trkpt lat="39.694166" lon="3.424197"/>
    <trkpt lat="39.693309" lon="3.423573"/>
    <trkpt lat="39.692766" lon="3.423143"/>
    <trkpt lat="39.692564" lon="3.422988"/>
    <trkpt lat="39.692373" lon="3.422828"/>
    <trkpt lat="39.692317" lon="3.422781"/>
    <trkpt lat="39.691947" lon="3.422451"/>
    <trkpt lat="39.691157" lon="3.421670"/>
    <trkpt lat="39.691104" lon="3.421618"/>
    <trkpt lat="39.690904" lon="3.421421"/>
    <trkpt lat="39.689023" lon="3.419472"/>
    <trkpt lat="39.688383" lon="3.418810"/>
    <trkpt lat="39.688125" lon="3.418554"/>
    <trkpt lat="39.687649" lon="3.418062"/>
    <trkpt lat="39.687140" lon="3.417534"/>
    <trkpt lat="39.686965" lon="3.417353"/>
    <trkpt lat="39.686640" lon="3.417026"/>
    <trkpt lat="39.685770" lon="3.416124"/>
    <trkpt lat="39.684471" lon="3.414803"/>
    <trkpt lat="39.684140" lon="3.414455"/>
    <trkpt lat="39.683975" lon="3.414275"/>
    <trkpt lat="39.682913" lon="3.413147"/>
    <trkpt lat="39.681390" lon="3.411568"/>
    <trkpt lat="39.680846" lon="3.411014"/>
    <trkpt lat="39.680813" lon="3.410973"/>
    <trkpt lat="39.679785" lon="3.409930"/>
    <trkpt lat="39.678809" lon="3.408935"/>
    <trkpt lat="39.678338" lon="3.408447"/>
    <trkpt lat="39.678247" lon="3.408361"/>
    <trkpt lat="39.678174" lon="3.408286"/>
    <trkpt lat="39.677638" lon="3.407743"/>
    <trkpt lat="39.677081" lon="3.407178"/>
    <trkpt lat="39.676021" lon="3.406091"/>
    <trkpt lat="39.675575" lon="3.405634"/>
    <trkpt lat="39.674426" lon="3.404445"/>
    <trkpt lat="39.673852" lon="3.403857"/>
    <trkpt lat="39.673753" lon="3.403749"/>
    <trkpt lat="39.673594" lon="3.403575"/>
    <trkpt lat="39.673503" lon="3.403456"/>
    <trkpt lat="39.673445" lon="3.403307"/>
    <trkpt lat="39.673455" lon="3.403241"/>
    <trkpt lat="39.673453" lon="3.403174"/>
    <trkpt lat="39.673429" lon="3.403080"/>
    <trkpt lat="39.673404" lon="3.403031"/>
    <trkpt lat="39.673372" lon="3.402990"/>
    <trkpt lat="39.673309" lon="3.402943"/>
    <trkpt lat="39.673266" lon="3.402928"/>
    <trkpt lat="39.673221" lon="3.402925"/>
    <trkpt lat="39.673178" lon="3.402933"/>
    <trkpt lat="39.673136" lon="3.402951"/>
    <trkpt lat="39.672986" lon="3.402889"/>
    <trkpt lat="39.672835" lon="3.402806"/>
    <trkpt lat="39.672560" lon="3.402520"/>
    <trkpt lat="39.672002" lon="3.401947"/>
    <trkpt lat="39.671279" lon="3.401221"/>
    <trkpt lat="39.670885" lon="3.400787"/>
    <trkpt lat="39.670458" lon="3.400363"/>
    <trkpt lat="39.670050" lon="3.399955"/>
    <trkpt lat="39.669883" lon="3.399774"/>
    <trkpt lat="39.668977" lon="3.398703"/>
    <trkpt lat="39.667217" lon="3.396421"/>
    <trkpt lat="39.666711" lon="3.395834"/>
    <trkpt lat="39.666459" lon="3.395577"/>
    <trkpt lat="39.666340" lon="3.395449"/>
    <trkpt lat="39.666162" lon="3.395278"/>
    <trkpt lat="39.665705" lon="3.394886"/>
    <trkpt lat="39.665126" lon="3.394434"/>
    <trkpt lat="39.664466" lon="3.394003"/>
    <trkpt lat="39.663872" lon="3.393645"/>
    <trkpt lat="39.663406" lon="3.393361"/>
    <trkpt lat="39.663081" lon="3.393134"/>
    <trkpt lat="39.662781" lon="3.392924"/>
    <trkpt lat="39.662596" lon="3.392771"/>
    <trkpt lat="39.662501" lon="3.392693"/>
    <trkpt lat="39.662447" lon="3.392648"/>
    <trkpt lat="39.661892" lon="3.392157"/>
    <trkpt lat="39.661149" lon="3.391489"/>
    <trkpt lat="39.660376" lon="3.390699"/>
    <trkpt lat="39.659428" lon="3.389673"/>
    <trkpt lat="39.658129" lon="3.388237"/>
    <trkpt lat="39.657172" lon="3.387209"/>
    <trkpt lat="39.656763" lon="3.386752"/>
    <trkpt lat="39.656423" lon="3.386347"/>
    <trkpt lat="39.655353" lon="3.384920"/>
    <trkpt lat="39.655064" lon="3.384537"/>
    <trkpt lat="39.654833" lon="3.384231"/>
    <trkpt lat="39.654629" lon="3.383996"/>
    <trkpt lat="39.654402" lon="3.383770"/>
    <trkpt lat="39.654153" lon="3.383572"/>
    <trkpt lat="39.653855" lon="3.383373"/>
    <trkpt lat="39.653657" lon="3.383262"/>
    <trkpt lat="39.653423" lon="3.383163"/>
    <trkpt lat="39.653052" lon="3.383049"/>
    <trkpt lat="39.652621" lon="3.382934"/>
    <trkpt lat="39.652047" lon="3.382815"/>
    <trkpt lat="39.651560" lon="3.382711"/>
    <trkpt lat="39.651316" lon="3.382644"/>
    <trkpt lat="39.651084" lon="3.382572"/>
    <trkpt lat="39.650730" lon="3.382420"/>
    <trkpt lat="39.650447" lon="3.382249"/>
    <trkpt lat="39.650071" lon="3.381952"/>
    <trkpt lat="39.647782" lon="3.379814"/>
    <trkpt lat="39.647445" lon="3.379524"/>
    <trkpt lat="39.647274" lon="3.379370"/>
    <trkpt lat="39.647179" lon="3.379283"/>
    <trkpt lat="39.645745" lon="3.377969"/>
    <trkpt lat="39.644972" lon="3.377180"/>
    <trkpt lat="39.644679" lon="3.376813"/>
    <trkpt lat="39.644497" lon="3.376491"/>
    <trkpt lat="39.644259" lon="3.376008"/>
    <trkpt lat="39.644127" lon="3.375753"/>
    <trkpt lat="39.643814" lon="3.375054"/>
    <trkpt lat="39.643502" lon="3.374395"/>
    <trkpt lat="39.643319" lon="3.374074"/>
    <trkpt lat="39.643112" lon="3.373808"/>
    <trkpt lat="39.642699" lon="3.373316"/>
    <trkpt lat="39.642040" lon="3.372769"/>
    <trkpt lat="39.640384" lon="3.371516"/>
    <trkpt lat="39.639539" lon="3.370860"/>
    <trkpt lat="39.638864" lon="3.370333"/>
    <trkpt lat="39.638465" lon="3.370023"/>
    <trkpt lat="39.638211" lon="3.369742"/>
    <trkpt lat="39.637926" lon="3.369361"/>
    <trkpt lat="39.637521" lon="3.368811"/>
    <trkpt lat="39.637352" lon="3.368525"/>
    <trkpt lat="39.637281" lon="3.368404"/>
    <trkpt lat="39.637171" lon="3.368223"/>
    <trkpt lat="39.637096" lon="3.368120"/>
    <trkpt lat="39.636790" lon="3.367704"/>
    <trkpt lat="39.636614" lon="3.367510"/>
    <trkpt lat="39.636403" lon="3.367310"/>
    <trkpt lat="39.635577" lon="3.366588"/>
    <trkpt lat="39.634947" lon="3.366034"/>
    <trkpt lat="39.634639" lon="3.365793"/>
    <trkpt lat="39.634472" lon="3.365567"/>
    <trkpt lat="39.634473" lon="3.365466"/>
    <trkpt lat="39.634445" lon="3.365371"/>
    <trkpt lat="39.634393" lon="3.365297"/>
    <trkpt lat="39.634323" lon="3.365252"/>
    <trkpt lat="39.634245" lon="3.365243"/>
    <trkpt lat="39.634171" lon="3.365272"/>
    <trkpt lat="39.633928" lon="3.365189"/>
    <trkpt lat="39.633782" lon="3.365075"/>
    <trkpt lat="39.633575" lon="3.364891"/>
    <trkpt lat="39.633490" lon="3.364815"/>
    <trkpt lat="39.633360" lon="3.364699"/>
    <trkpt lat="39.633026" lon="3.364253"/>
    <trkpt lat="39.632748" lon="3.363850"/>
    <trkpt lat="39.632513" lon="3.363415"/>
    <trkpt lat="39.632423" lon="3.363222"/>
    <trkpt lat="39.632208" lon="3.362759"/>
    <trkpt lat="39.631992" lon="3.362309"/>
    <trkpt lat="39.631772" lon="3.361850"/>
    <trkpt lat="39.631698" lon="3.361722"/>
    <trkpt lat="39.631536" lon="3.361442"/>
    <trkpt lat="39.631353" lon="3.361180"/>
    <trkpt lat="39.631176" lon="3.360965"/>
    <trkpt lat="39.631052" lon="3.360821"/>
    <trkpt lat="39.630862" lon="3.360628"/>
    <trkpt lat="39.630541" lon="3.360378"/>
    <trkpt lat="39.630182" lon="3.360135"/>
    <trkpt lat="39.629866" lon="3.359916"/>
    <trkpt lat="39.629643" lon="3.359728"/>
    <trkpt lat="39.629319" lon="3.359399"/>
    <trkpt lat="39.629048" lon="3.359005"/>
    <trkpt lat="39.628849" lon="3.359056"/>
    <trkpt lat="39.628825" lon="3.359077"/>
    <trkpt lat="39.628712" lon="3.359157"/>
    <trkpt lat="39.628655" lon="3.359184"/>
    <trkpt lat="39.628545" lon="3.359212"/>
    <trkpt lat="39.628393" lon="3.359118"/>
    <trkpt lat="39.628191" lon="3.359003"/>
    <trkpt lat="39.628008" lon="3.358889"/>
    <trkpt lat="39.627518" lon="3.358578"/>
    <trkpt lat="39.627253" lon="3.358431"/>
    <trkpt lat="39.627012" lon="3.358314"/>
    <trkpt lat="39.626623" lon="3.358040"/>
    <trkpt lat="39.626030" lon="3.357738"/>
    <trkpt lat="39.625915" lon="3.357683"/>
    <trkpt lat="39.625521" lon="3.357495"/>
    <trkpt lat="39.624862" lon="3.358038"/>
    <trkpt lat="39.624638" lon="3.358212"/>
    <trkpt lat="39.624436" lon="3.358349"/>
    <trkpt lat="39.624243" lon="3.358502"/>
    <trkpt lat="39.624023" lon="3.358691"/>
    <trkpt lat="39.623399" lon="3.359216"/>
    <trkpt lat="39.623135" lon="3.359445"/>
    <trkpt lat="39.622766" lon="3.359780"/>
    <trkpt lat="39.622671" lon="3.359866"/>
    <trkpt lat="39.622308" lon="3.360195"/>
    <trkpt lat="39.621854" lon="3.360598"/>
    <trkpt lat="39.621266" lon="3.361121"/>
    <trkpt lat="39.621035" lon="3.361313"/>
    <trkpt lat="39.620919" lon="3.361060"/>
    <trkpt lat="39.620806" lon="3.360815"/>
    <trkpt lat="39.620810" lon="3.360725"/>
    <trkpt lat="39.620795" lon="3.360674"/>
    <trkpt lat="39.620697" lon="3.360602"/>
    <trkpt lat="39.620652" lon="3.360589"/>
    <trkpt lat="39.620637" lon="3.360564"/>
    <trkpt lat="39.620652" lon="3.360589"/>
    <trkpt lat="39.620697" lon="3.360602"/>
    <trkpt lat="39.620909" lon="3.360382"/>
    <trkpt lat="39.621023" lon="3.360619"/>
    <trkpt lat="39.621301" lon="3.360331"/>
    <trkpt lat="39.621153" lon="3.359938"/>
    <trkpt lat="39.621450" lon="3.359805"/>
    <trkpt lat="39.621584" lon="3.359707"/>
    <trkpt lat="39.621701" lon="3.359592"/>
    <trkpt lat="39.621761" lon="3.359533"/>
    <trkpt lat="39.621827" lon="3.359454"/>
    <trkpt lat="39.621927" lon="3.359366"/>
    <trkpt lat="39.622094" lon="3.359131"/>
    <trkpt lat="39.622299" lon="3.358813"/>
    <trkpt lat="39.622595" lon="3.358475"/>
    <trkpt lat="39.622727" lon="3.358353"/>
    <trkpt lat="39.622802" lon="3.358283"/>
    <trkpt lat="39.623067" lon="3.358005"/>
    <trkpt lat="39.623133" lon="3.357957"/>
    <trkpt lat="39.623373" lon="3.357819"/>
    <trkpt lat="39.623778" lon="3.357486"/>
    <trkpt lat="39.623821" lon="3.357367"/>
    <trkpt lat="39.624211" lon="3.356749"/>
    <trkpt lat="39.624366" lon="3.356496"/>
    <trkpt lat="39.624521" lon="3.356242"/>
    <trkpt lat="39.624622" lon="3.356114"/>
    <trkpt lat="39.624790" lon="3.355902"/>
    <trkpt lat="39.625117" lon="3.355511"/>
    <trkpt lat="39.625152" lon="3.355458"/>
    <trkpt lat="39.625175" lon="3.355406"/>
    <trkpt lat="39.625241" lon="3.355277"/>
    <trkpt lat="39.625271" lon="3.355119"/>
    <trkpt lat="39.625347" lon="3.354564"/>
    <trkpt lat="39.625401" lon="3.354187"/>
    <trkpt lat="39.625404" lon="3.354177"/>
    <trkpt lat="39.625457" lon="3.354127"/>
    <trkpt lat="39.625518" lon="3.354070"/>
    <trkpt lat="39.625617" lon="3.354040"/>
    <trkpt lat="39.625683" lon="3.354025"/>
    <trkpt lat="39.625714" lon="3.354039"/>
    <trkpt lat="39.625746" lon="3.354045"/>
    <trkpt lat="39.625804" lon="3.354039"/>
    <trkpt lat="39.625858" lon="3.354010"/>
    <trkpt lat="39.625902" lon="3.353961"/>
    <trkpt lat="39.625933" lon="3.353897"/>
    <trkpt lat="39.625948" lon="3.353823"/>
    <trkpt lat="39.625951" lon="3.353757"/>
    <trkpt lat="39.625935" lon="3.353682"/>
    <trkpt lat="39.625898" lon="3.353623"/>
    <trkpt lat="39.625852" lon="3.353575"/>
    <trkpt lat="39.625791" lon="3.353550"/>
    <trkpt lat="39.625753" lon="3.353547"/>
    <trkpt lat="39.625707" lon="3.353556"/>
    <trkpt lat="39.625589" lon="3.353547"/>
    <trkpt lat="39.625510" lon="3.353524"/>
    <trkpt lat="39.625296" lon="3.353264"/>
    <trkpt lat="39.625030" lon="3.352944"/>
    <trkpt lat="39.625006" lon="3.352916"/>
    <trkpt lat="39.624804" lon="3.352668"/>
    <trkpt lat="39.624730" lon="3.352579"/>
    <trkpt lat="39.624398" lon="3.352228"/>
    <trkpt lat="39.624075" lon="3.351852"/>
    <trkpt lat="39.623776" lon="3.351471"/>
    <trkpt lat="39.623621" lon="3.351221"/>
    <trkpt lat="39.623579" lon="3.351155"/>
    <trkpt lat="39.623494" lon="3.351017"/>
    <trkpt lat="39.623353" lon="3.350765"/>
    <trkpt lat="39.623307" lon="3.350677"/>
    <trkpt lat="39.623171" lon="3.350411"/>
    <trkpt lat="39.622908" lon="3.349759"/>
    <trkpt lat="39.622710" lon="3.349166"/>
    <trkpt lat="39.622548" lon="3.348684"/>
    <trkpt lat="39.622426" lon="3.348322"/>
    <trkpt lat="39.621960" lon="3.346900"/>
    <trkpt lat="39.621841" lon="3.346535"/>
    <trkpt lat="39.621752" lon="3.346193"/>
    <trkpt lat="39.621710" lon="3.345849"/>
    <trkpt lat="39.621689" lon="3.345572"/>
    <trkpt lat="39.621653" lon="3.345101"/>
    <trkpt lat="39.621597" lon="3.344403"/>
    <trkpt lat="39.621592" lon="3.344346"/>
    <trkpt lat="39.621573" lon="3.344107"/>
    <trkpt lat="39.621543" lon="3.343740"/>
    <trkpt lat="39.621427" lon="3.342351"/>
    <trkpt lat="39.621395" lon="3.341965"/>
    <trkpt lat="39.621361" lon="3.341611"/>
    <trkpt lat="39.621311" lon="3.341265"/>
    <trkpt lat="39.621232" lon="3.340871"/>
    <trkpt lat="39.621134" lon="3.340538"/>
    <trkpt lat="39.621040" lon="3.340264"/>
    <trkpt lat="39.620937" lon="3.340011"/>
    <trkpt lat="39.620773" lon="3.339712"/>
    <trkpt lat="39.620494" lon="3.339277"/>
    <trkpt lat="39.620169" lon="3.338903"/>
    <trkpt lat="39.619737" lon="3.338512"/>
    <trkpt lat="39.619453" lon="3.338338"/>
    <trkpt lat="39.619257" lon="3.338218"/>
    <trkpt lat="39.618939" lon="3.338040"/>
    <trkpt lat="39.617527" lon="3.337250"/>
    <trkpt lat="39.616781" lon="3.336837"/>
    <trkpt lat="39.616265" lon="3.336538"/>
    <trkpt lat="39.616020" lon="3.336388"/>
    <trkpt lat="39.615855" lon="3.336276"/>
    <trkpt lat="39.615722" lon="3.336172"/>
    <trkpt lat="39.615579" lon="3.336050"/>
    <trkpt lat="39.615440" lon="3.335920"/>
    <trkpt lat="39.615296" lon="3.335771"/>
    <trkpt lat="39.615113" lon="3.335562"/>
    <trkpt lat="39.614974" lon="3.335371"/>
    <trkpt lat="39.614862" lon="3.335203"/>
    <trkpt lat="39.614740" lon="3.335015"/>
    <trkpt lat="39.614646" lon="3.334842"/>
    <trkpt lat="39.614556" lon="3.334661"/>
    <trkpt lat="39.614468" lon="3.334467"/>
    <trkpt lat="39.614399" lon="3.334302"/>
    <trkpt lat="39.614382" lon="3.334257"/>
    <trkpt lat="39.614212" lon="3.333808"/>
    <trkpt lat="39.613789" lon="3.332652"/>
    <trkpt lat="39.613592" lon="3.332076"/>
    <trkpt lat="39.613526" lon="3.331852"/>
    <trkpt lat="39.613485" lon="3.331669"/>
    <trkpt lat="39.613483" lon="3.331657"/>
    <trkpt lat="39.613454" lon="3.331497"/>
    <trkpt lat="39.613432" lon="3.331357"/>
    <trkpt lat="39.613410" lon="3.331197"/>
    <trkpt lat="39.613388" lon="3.331028"/>
    <trkpt lat="39.613207" lon="3.329306"/>
    <trkpt lat="39.613024" lon="3.327405"/>
    <trkpt lat="39.612390" lon="3.321033"/>
    <trkpt lat="39.612179" lon="3.319174"/>
    <trkpt lat="39.611948" lon="3.316803"/>
    <trkpt lat="39.611623" lon="3.313514"/>
    <trkpt lat="39.611354" lon="3.310788"/>
    <trkpt lat="39.611292" lon="3.310082"/>
    <trkpt lat="39.611203" lon="3.309213"/>
    <trkpt lat="39.611045" lon="3.308368"/>
    <trkpt lat="39.611017" lon="3.308290"/>
    <trkpt lat="39.610637" lon="3.307317"/>
    <trkpt lat="39.610009" lon="3.306201"/>
    <trkpt lat="39.609507" lon="3.305326"/>
    <trkpt lat="39.609208" lon="3.304658"/>
    <trkpt lat="39.609005" lon="3.303886"/>
    <trkpt lat="39.608929" lon="3.302795"/>
    <trkpt lat="39.609000" lon="3.302189"/>
    <trkpt lat="39.609031" lon="3.302045"/>
    <trkpt lat="39.609088" lon="3.301784"/>
    <trkpt lat="39.609192" lon="3.301377"/>
    <trkpt lat="39.609383" lon="3.300795"/>
    <trkpt lat="39.609434" lon="3.300641"/>
    <trkpt lat="39.609564" lon="3.300183"/>
    <trkpt lat="39.609630" lon="3.299944"/>
    <trkpt lat="39.609741" lon="3.299314"/>
    <trkpt lat="39.609802" lon="3.299322"/>
    <trkpt lat="39.609861" lon="3.299312"/>
    <trkpt lat="39.609907" lon="3.299294"/>
    <trkpt lat="39.609982" lon="3.299242"/>
    <trkpt lat="39.610056" lon="3.299142"/>
    <trkpt lat="39.610102" lon="3.299008"/>
    <trkpt lat="39.610104" lon="3.298996"/>
    <trkpt lat="39.610108" lon="3.298966"/>
    <trkpt lat="39.610103" lon="3.298829"/>
    <trkpt lat="39.610088" lon="3.298763"/>
    <trkpt lat="39.610049" lon="3.298673"/>
    <trkpt lat="39.610005" lon="3.298610"/>
    <trkpt lat="39.609949" lon="3.298559"/>
    <trkpt lat="39.609884" lon="3.298524"/>
    <trkpt lat="39.609764" lon="3.298508"/>
    <trkpt lat="39.609769" lon="3.298393"/>
    <trkpt lat="39.609746" lon="3.298134"/>
    <trkpt lat="39.609725" lon="3.297946"/>
    <trkpt lat="39.609673" lon="3.297599"/>
    <trkpt lat="39.609451" lon="3.296622"/>
    <trkpt lat="39.609100" lon="3.295075"/>
    <trkpt lat="39.608928" lon="3.294306"/>
    <trkpt lat="39.608870" lon="3.294031"/>
    <trkpt lat="39.608822" lon="3.293684"/>
    <trkpt lat="39.608771" lon="3.293139"/>
    <trkpt lat="39.608749" lon="3.292571"/>
    <trkpt lat="39.608741" lon="3.292331"/>
    <trkpt lat="39.608708" lon="3.291354"/>
    <trkpt lat="39.608691" lon="3.290871"/>
    <trkpt lat="39.608637" lon="3.289324"/>
    <trkpt lat="39.608606" lon="3.288446"/>
    <trkpt lat="39.608599" lon="3.288236"/>
    <trkpt lat="39.608584" lon="3.287832"/>
    <trkpt lat="39.608583" lon="3.287741"/>
    <trkpt lat="39.608578" lon="3.287649"/>
    <trkpt lat="39.608553" lon="3.286933"/>
    <trkpt lat="39.608549" lon="3.286747"/>
    <trkpt lat="39.608534" lon="3.286015"/>
    <trkpt lat="39.608533" lon="3.285965"/>
    <trkpt lat="39.608524" lon="3.285661"/>
    <trkpt lat="39.608509" lon="3.285111"/>
    <trkpt lat="39.608505" lon="3.285007"/>
    <trkpt lat="39.608479" lon="3.284278"/>
    <trkpt lat="39.608474" lon="3.284139"/>
    <trkpt lat="39.608472" lon="3.284054"/>
    <trkpt lat="39.608457" lon="3.283501"/>
    <trkpt lat="39.608720" lon="3.283356"/>
    <trkpt lat="39.609548" lon="3.282888"/>
    <trkpt lat="39.609763" lon="3.283296"/>
    <trkpt lat="39.609921" lon="3.283174"/>
    <trkpt lat="39.609932" lon="3.282949"/>
    <trkpt lat="39.609942" lon="3.282663"/>
    <trkpt lat="39.609964" lon="3.282509"/>
    <trkpt lat="39.610009" lon="3.282457"/>
    <trkpt lat="39.610105" lon="3.282588"/>
    <trkpt lat="39.610556" lon="3.282973"/>
    <trkpt lat="39.610714" lon="3.283106"/>
    <trkpt lat="39.611029" lon="3.283395"/>
    <trkpt lat="39.611068" lon="3.283435"/>
    <trkpt lat="39.611124" lon="3.283507"/>
    <trkpt lat="39.611182" lon="3.283583"/>
    <trkpt lat="39.611009" lon="3.283875"/>
    <trkpt lat="39.610956" lon="3.283966"/>
    <trkpt lat="39.610857" lon="3.284143"/>
    <trkpt lat="39.610528" lon="3.284728"/>
    <trkpt lat="39.610763" lon="3.285216"/>
    <trkpt lat="39.610792" lon="3.285273"/>
    <trkpt lat="39.610922" lon="3.285541"/>
    <trkpt lat="39.610870" lon="3.285589"/>
    <trkpt lat="39.610870" lon="3.285632"/>
    <trkpt lat="39.610897" lon="3.285715"/>
    <trkpt lat="39.610906" lon="3.285742"/>
    <trkpt lat="39.610991" lon="3.286050"/>
    <trkpt lat="39.610492" lon="3.286399"/>
    <trkpt lat="39.610011" lon="3.286752"/>
    <trkpt lat="39.609291" lon="3.287250"/>
    <trkpt lat="39.608875" lon="3.287539"/>
    <trkpt lat="39.608583" lon="3.287741"/>
    <trkpt lat="39.608578" lon="3.287649"/>
    <trkpt lat="39.608553" lon="3.286933"/>
    <trkpt lat="39.608549" lon="3.286747"/>
    <trkpt lat="39.608534" lon="3.286015"/>
    <trkpt lat="39.608533" lon="3.285965"/>
    <trkpt lat="39.608524" lon="3.285661"/>
    <trkpt lat="39.608509" lon="3.285111"/>
    <trkpt lat="39.608505" lon="3.285007"/>
    <trkpt lat="39.608479" lon="3.284278"/>
    <trkpt lat="39.608474" lon="3.284139"/>
    <trkpt lat="39.608472" lon="3.284054"/>
    <trkpt lat="39.608457" lon="3.283501"/>
    <trkpt lat="39.608431" lon="3.282501"/>
    <trkpt lat="39.608425" lon="3.282302"/>
    <trkpt lat="39.608423" lon="3.282217"/>
    <trkpt lat="39.608415" lon="3.281953"/>
    <trkpt lat="39.608409" lon="3.281783"/>
    <trkpt lat="39.608393" lon="3.281251"/>
    <trkpt lat="39.608374" lon="3.280881"/>
    <trkpt lat="39.608356" lon="3.280707"/>
    <trkpt lat="39.608346" lon="3.280650"/>
    <trkpt lat="39.608301" lon="3.280406"/>
    <trkpt lat="39.608307" lon="3.280326"/>
    <trkpt lat="39.608288" lon="3.280105"/>
    <trkpt lat="39.608302" lon="3.280064"/>
    <trkpt lat="39.608317" lon="3.279997"/>
    <trkpt lat="39.608302" lon="3.279941"/>
    <trkpt lat="39.608288" lon="3.279886"/>
    <trkpt lat="39.608248" lon="3.279792"/>
    <trkpt lat="39.608202" lon="3.279732"/>
    <trkpt lat="39.608142" lon="3.279680"/>
    <trkpt lat="39.607911" lon="3.279321"/>
    <trkpt lat="39.607278" lon="3.278179"/>
    <trkpt lat="39.607024" lon="3.277767"/>
    <trkpt lat="39.606891" lon="3.277562"/>
    <trkpt lat="39.606753" lon="3.277372"/>
    <trkpt lat="39.606542" lon="3.277118"/>
    <trkpt lat="39.606272" lon="3.276897"/>
    <trkpt lat="39.606214" lon="3.276849"/>
    <trkpt lat="39.605786" lon="3.276531"/>
    <trkpt lat="39.605709" lon="3.276473"/>
    <trkpt lat="39.605575" lon="3.276372"/>
    <trkpt lat="39.605046" lon="3.275991"/>
    <trkpt lat="39.604770" lon="3.275765"/>
    <trkpt lat="39.604523" lon="3.275528"/>
    <trkpt lat="39.604185" lon="3.275169"/>
    <trkpt lat="39.603660" lon="3.274551"/>
    <trkpt lat="39.603147" lon="3.273947"/>
    <trkpt lat="39.602436" lon="3.273110"/>
    <trkpt lat="39.602343" lon="3.272911"/>
    <trkpt lat="39.602325" lon="3.272753"/>
    <trkpt lat="39.602301" lon="3.272606"/>
    <trkpt lat="39.602236" lon="3.272500"/>
    <trkpt lat="39.602159" lon="3.272392"/>
    <trkpt lat="39.602110" lon="3.272242"/>
    <trkpt lat="39.602085" lon="3.272114"/>
    <trkpt lat="39.602032" lon="3.272006"/>
    <trkpt lat="39.601964" lon="3.271933"/>
    <trkpt lat="39.601873" lon="3.271885"/>
    <trkpt lat="39.601797" lon="3.271875"/>
    <trkpt lat="39.601696" lon="3.271901"/>
    <trkpt lat="39.601646" lon="3.271934"/>
    <trkpt lat="39.601455" lon="3.271925"/>
    <trkpt lat="39.601365" lon="3.271900"/>
    <trkpt lat="39.601257" lon="3.271826"/>
    <trkpt lat="39.600875" lon="3.271268"/>
    <trkpt lat="39.600346" lon="3.270616"/>
    <trkpt lat="39.600079" lon="3.270326"/>
    <trkpt lat="39.600056" lon="3.270299"/>
    <trkpt lat="39.599570" lon="3.269724"/>
    <trkpt lat="39.599171" lon="3.269260"/>
    <trkpt lat="39.598501" lon="3.268530"/>
    <trkpt lat="39.598044" lon="3.268092"/>
    <trkpt lat="39.597568" lon="3.267663"/>
    <trkpt lat="39.597257" lon="3.267406"/>
    <trkpt lat="39.596920" lon="3.267097"/>
    <trkpt lat="39.596583" lon="3.266805"/>
    <trkpt lat="39.596259" lon="3.266461"/>
    <trkpt lat="39.596180" lon="3.266370"/>
    <trkpt lat="39.596100" lon="3.266266"/>
    <trkpt lat="39.596031" lon="3.266175"/>
    <trkpt lat="39.595820" lon="3.265846"/>
    <trkpt lat="39.595628" lon="3.265495"/>
    <trkpt lat="39.595407" lon="3.264946"/>
    <trkpt lat="39.594840" lon="3.263303"/>
    <trkpt lat="39.594701" lon="3.262952"/>
    <trkpt lat="39.594559" lon="3.262613"/>
    <trkpt lat="39.594426" lon="3.262347"/>
    <trkpt lat="39.594323" lon="3.262155"/>
    <trkpt lat="39.594257" lon="3.262030"/>
    <trkpt lat="39.593438" lon="3.260629"/>
    <trkpt lat="39.593218" lon="3.260277"/>
    <trkpt lat="39.593091" lon="3.260074"/>
    <trkpt lat="39.592783" lon="3.259537"/>
    <trkpt lat="39.592506" lon="3.259070"/>
    <trkpt lat="39.592232" lon="3.258611"/>
    <trkpt lat="39.591788" lon="3.257864"/>
    <trkpt lat="39.591606" lon="3.257557"/>
    <trkpt lat="39.591428" lon="3.257240"/>
    <trkpt lat="39.591060" lon="3.256590"/>
    <trkpt lat="39.590620" lon="3.255763"/>
    <trkpt lat="39.590052" lon="3.254723"/>
    <trkpt lat="39.589480" lon="3.253683"/>
    <trkpt lat="39.589251" lon="3.253259"/>
    <trkpt lat="39.588796" lon="3.252429"/>
    <trkpt lat="39.588553" lon="3.251982"/>
    <trkpt lat="39.588344" lon="3.251596"/>
    <trkpt lat="39.588109" lon="3.251152"/>
    <trkpt lat="39.587741" lon="3.250485"/>
    <trkpt lat="39.587563" lon="3.250156"/>
    <trkpt lat="39.587394" lon="3.249839"/>
    <trkpt lat="39.587337" lon="3.249718"/>
    <trkpt lat="39.587176" lon="3.249372"/>
    <trkpt lat="39.587024" lon="3.249013"/>
    <trkpt lat="39.586862" lon="3.248577"/>
    <trkpt lat="39.586699" lon="3.248071"/>
    <trkpt lat="39.586623" lon="3.247853"/>
    <trkpt lat="39.586553" lon="3.247624"/>
    <trkpt lat="39.586237" lon="3.246584"/>
    <trkpt lat="39.586079" lon="3.246064"/>
    <trkpt lat="39.585893" lon="3.245418"/>
    <trkpt lat="39.585609" lon="3.244508"/>
    <trkpt lat="39.585473" lon="3.244055"/>
    <trkpt lat="39.585351" lon="3.243639"/>
    <trkpt lat="39.585230" lon="3.243237"/>
    <trkpt lat="39.584941" lon="3.242293"/>
    <trkpt lat="39.584805" lon="3.241816"/>
    <trkpt lat="39.584673" lon="3.241301"/>
    <trkpt lat="39.584535" lon="3.240598"/>
    <trkpt lat="39.584478" lon="3.240136"/>
    <trkpt lat="39.584453" lon="3.239903"/>
    <trkpt lat="39.584429" lon="3.239674"/>
    <trkpt lat="39.584363" lon="3.238676"/>
    <trkpt lat="39.584353" lon="3.238530"/>
    <trkpt lat="39.584288" lon="3.237538"/>
    <trkpt lat="39.584198" lon="3.236027"/>
    <trkpt lat="39.584195" lon="3.235979"/>
    <trkpt lat="39.584191" lon="3.235904"/>
    <trkpt lat="39.584114" lon="3.234668"/>
    <trkpt lat="39.584048" lon="3.233599"/>
    <trkpt lat="39.584059" lon="3.233528"/>
    <trkpt lat="39.584061" lon="3.233390"/>
    <trkpt lat="39.584062" lon="3.233270"/>
    <trkpt lat="39.584064" lon="3.233215"/>
    <trkpt lat="39.584068" lon="3.233158"/>
    <trkpt lat="39.584075" lon="3.233102"/>
    <trkpt lat="39.584125" lon="3.232923"/>
    <trkpt lat="39.584180" lon="3.232883"/>
    <trkpt lat="39.584279" lon="3.232738"/>
    <trkpt lat="39.584306" lon="3.232641"/>
    <trkpt lat="39.584312" lon="3.232504"/>
    <trkpt lat="39.584350" lon="3.232423"/>
    <trkpt lat="39.584379" lon="3.232341"/>
    <trkpt lat="39.584543" lon="3.232169"/>
    <trkpt lat="39.584633" lon="3.232091"/>
    <trkpt lat="39.584673" lon="3.232030"/>
    <trkpt lat="39.584771" lon="3.231912"/>
    <trkpt lat="39.584910" lon="3.231759"/>
    <trkpt lat="39.585283" lon="3.231256"/>
    <trkpt lat="39.585608" lon="3.230663"/>
    <trkpt lat="39.585847" lon="3.230051"/>
    <trkpt lat="39.585963" lon="3.229712"/>
    <trkpt lat="39.586022" lon="3.229446"/>
    <trkpt lat="39.586108" lon="3.229051"/>
    <trkpt lat="39.586153" lon="3.228637"/>
    <trkpt lat="39.586233" lon="3.227529"/>
    <trkpt lat="39.586344" lon="3.225331"/>
    <trkpt lat="39.586369" lon="3.224474"/>
    <trkpt lat="39.586373" lon="3.223131"/>
    <trkpt lat="39.586352" lon="3.221639"/>
    <trkpt lat="39.586233" lon="3.219041"/>
    <trkpt lat="39.585963" lon="3.216280"/>
    <trkpt lat="39.585752" lon="3.214674"/>
    <trkpt lat="39.585488" lon="3.213093"/>
    <trkpt lat="39.585256" lon="3.211836"/>
    <trkpt lat="39.584985" lon="3.210630"/>
    <trkpt lat="39.584628" lon="3.209216"/>
    <trkpt lat="39.584600" lon="3.209119"/>
    <trkpt lat="39.584362" lon="3.208280"/>
    <trkpt lat="39.584238" lon="3.207878"/>
    <trkpt lat="39.583864" lon="3.206696"/>
    <trkpt lat="39.583805" lon="3.206508"/>
    <trkpt lat="39.583639" lon="3.206099"/>
    <trkpt lat="39.583593" lon="3.205940"/>
    <trkpt lat="39.583568" lon="3.205819"/>
    <trkpt lat="39.583577" lon="3.205622"/>
    <trkpt lat="39.583620" lon="3.205536"/>
    <trkpt lat="39.583643" lon="3.205445"/>
    <trkpt lat="39.583644" lon="3.205291"/>
    <trkpt lat="39.583636" lon="3.205250"/>
    <trkpt lat="39.583583" lon="3.205119"/>
    <trkpt lat="39.583500" lon="3.205024"/>
    <trkpt lat="39.583412" lon="3.204978"/>
    <trkpt lat="39.583325" lon="3.204968"/>
    <trkpt lat="39.583200" lon="3.204837"/>
    <trkpt lat="39.583115" lon="3.204668"/>
    <trkpt lat="39.582889" lon="3.204035"/>
    <trkpt lat="39.582730" lon="3.203609"/>
    <trkpt lat="39.582648" lon="3.203391"/>
    <trkpt lat="39.582362" lon="3.202632"/>
    <trkpt lat="39.581963" lon="3.201661"/>
    <trkpt lat="39.581727" lon="3.201119"/>
    <trkpt lat="39.581364" lon="3.200304"/>
    <trkpt lat="39.580925" lon="3.199357"/>
    <trkpt lat="39.580681" lon="3.198858"/>
    <trkpt lat="39.580021" lon="3.197574"/>
    <trkpt lat="39.579857" lon="3.197266"/>
    <trkpt lat="39.578802" lon="3.195433"/>
    <trkpt lat="39.577692" lon="3.193600"/>
    <trkpt lat="39.575734" lon="3.190530"/>
    <trkpt lat="39.575056" lon="3.189436"/>
    <trkpt lat="39.574984" lon="3.189319"/>
    <trkpt lat="39.574379" lon="3.188357"/>
    <trkpt lat="39.574151" lon="3.188032"/>
    <trkpt lat="39.573929" lon="3.187737"/>
    <trkpt lat="39.573764" lon="3.187559"/>
    <trkpt lat="39.573626" lon="3.187425"/>
    <trkpt lat="39.573503" lon="3.187294"/>
    <trkpt lat="39.573390" lon="3.187147"/>
    <trkpt lat="39.573305" lon="3.186957"/>
    <trkpt lat="39.573301" lon="3.186804"/>
    <trkpt lat="39.573288" lon="3.186748"/>
    <trkpt lat="39.573268" lon="3.186696"/>
    <trkpt lat="39.573243" lon="3.186647"/>
    <trkpt lat="39.573213" lon="3.186604"/>
    <trkpt lat="39.573179" lon="3.186567"/>
    <trkpt lat="39.573125" lon="3.186151"/>
    <trkpt lat="39.573129" lon="3.185952"/>
    <trkpt lat="39.573139" lon="3.185494"/>
    <trkpt lat="39.573168" lon="3.184862"/>
    <trkpt lat="39.573201" lon="3.183408"/>
    <trkpt lat="39.573299" lon="3.181638"/>
    <trkpt lat="39.573318" lon="3.181294"/>
    <trkpt lat="39.573372" lon="3.180662"/>
    <trkpt lat="39.573558" lon="3.178065"/>
    <trkpt lat="39.573624" lon="3.177182"/>
    <trkpt lat="39.573767" lon="3.175416"/>
    <trkpt lat="39.573863" lon="3.174225"/>
    <trkpt lat="39.573932" lon="3.173382"/>
    <trkpt lat="39.574181" lon="3.170646"/>
    <trkpt lat="39.574282" lon="3.169420"/>
    <trkpt lat="39.574322" lon="3.168939"/>
    <trkpt lat="39.574429" lon="3.167658"/>
    <trkpt lat="39.574546" lon="3.166028"/>
    <trkpt lat="39.575096" lon="3.159537"/>
    <trkpt lat="39.575225" lon="3.157772"/>
    <trkpt lat="39.575366" lon="3.156194"/>
    <trkpt lat="39.575397" lon="3.155855"/>
    <trkpt lat="39.575592" lon="3.154383"/>
    <trkpt lat="39.575766" lon="3.152776"/>
    <trkpt lat="39.575817" lon="3.152288"/>
    <trkpt lat="39.575911" lon="3.151283"/>
    <trkpt lat="39.576201" lon="3.147748"/>
    <trkpt lat="39.576292" lon="3.146564"/>
    <trkpt lat="39.576375" lon="3.145394"/>
    <trkpt lat="39.576405" lon="3.144665"/>
    <trkpt lat="39.576344" lon="3.143019"/>
    <trkpt lat="39.576330" lon="3.142583"/>
    <trkpt lat="39.576262" lon="3.141173"/>
    <trkpt lat="39.576159" lon="3.138824"/>
    <trkpt lat="39.576063" lon="3.136806"/>
    <trkpt lat="39.576025" lon="3.135948"/>
    <trkpt lat="39.575986" lon="3.135074"/>
    <trkpt lat="39.575930" lon="3.133895"/>
    <trkpt lat="39.575863" lon="3.132385"/>
    <trkpt lat="39.575533" lon="3.124721"/>
    <trkpt lat="39.575482" lon="3.123553"/>
    <trkpt lat="39.575439" lon="3.122548"/>
    <trkpt lat="39.575426" lon="3.122250"/>
    <trkpt lat="39.575406" lon="3.121796"/>
    <trkpt lat="39.575401" lon="3.121672"/>
    <trkpt lat="39.575396" lon="3.121550"/>
    <trkpt lat="39.575401" lon="3.121412"/>
    <trkpt lat="39.575403" lon="3.121360"/>
    <trkpt lat="39.575433" lon="3.121269"/>
    <trkpt lat="39.575485" lon="3.121148"/>
    <trkpt lat="39.575533" lon="3.121095"/>
    <trkpt lat="39.575578" lon="3.121039"/>
    <trkpt lat="39.575607" lon="3.120926"/>
    <trkpt lat="39.575616" lon="3.120775"/>
    <trkpt lat="39.575587" lon="3.120644"/>
    <trkpt lat="39.575548" lon="3.120567"/>
    <trkpt lat="39.575490" lon="3.120495"/>
    <trkpt lat="39.575437" lon="3.120455"/>
    <trkpt lat="39.575364" lon="3.120305"/>
    <trkpt lat="39.575343" lon="3.120177"/>
    <trkpt lat="39.575328" lon="3.119982"/>
    <trkpt lat="39.575309" lon="3.119683"/>
    <trkpt lat="39.575264" lon="3.118984"/>
    <trkpt lat="39.575197" lon="3.118287"/>
    <trkpt lat="39.575085" lon="3.117464"/>
    <trkpt lat="39.574923" lon="3.116537"/>
    <trkpt lat="39.574744" lon="3.115700"/>
    <trkpt lat="39.574478" lon="3.114644"/>
    <trkpt lat="39.574010" lon="3.112803"/>
    <trkpt lat="39.573074" lon="3.109077"/>
    <trkpt lat="39.572921" lon="3.108486"/>
    <trkpt lat="39.572777" lon="3.107952"/>
    <trkpt lat="39.572629" lon="3.107471"/>
    <trkpt lat="39.572482" lon="3.107088"/>
    <trkpt lat="39.572255" lon="3.106596"/>
    <trkpt lat="39.572062" lon="3.106243"/>
    <trkpt lat="39.571823" lon="3.105880"/>
    <trkpt lat="39.571502" lon="3.105457"/>
    <trkpt lat="39.571288" lon="3.105212"/>
    <trkpt lat="39.571036" lon="3.104957"/>
    <trkpt lat="39.570202" lon="3.104193"/>
    <trkpt lat="39.567623" lon="3.101848"/>
    <trkpt lat="39.566330" lon="3.100682"/>
    <trkpt lat="39.565155" lon="3.099606"/>
    <trkpt lat="39.564809" lon="3.099262"/>
    <trkpt lat="39.564437" lon="3.098842"/>
    <trkpt lat="39.564130" lon="3.098444"/>
    <trkpt lat="39.563858" lon="3.098039"/>
    <trkpt lat="39.563603" lon="3.097615"/>
    <trkpt lat="39.563348" lon="3.097114"/>
    <trkpt lat="39.563160" lon="3.096707"/>
    <trkpt lat="39.563003" lon="3.096311"/>
    <trkpt lat="39.562858" lon="3.095883"/>
    <trkpt lat="39.562695" lon="3.095334"/>
    <trkpt lat="39.562606" lon="3.094968"/>
    <trkpt lat="39.562504" lon="3.094481"/>
    <trkpt lat="39.562414" lon="3.093880"/>
    <trkpt lat="39.562359" lon="3.093216"/>
    <trkpt lat="39.562331" lon="3.092606"/>
    <trkpt lat="39.562336" lon="3.091483"/>
    <trkpt lat="39.562330" lon="3.090330"/>
    <trkpt lat="39.562341" lon="3.088651"/>
    <trkpt lat="39.562345" lon="3.086343"/>
    <trkpt lat="39.562348" lon="3.086090"/>
    <trkpt lat="39.562379" lon="3.085518"/>
    <trkpt lat="39.562465" lon="3.084876"/>
    <trkpt lat="39.562599" lon="3.084284"/>
    <trkpt lat="39.562771" lon="3.083715"/>
    <trkpt lat="39.562988" lon="3.083147"/>
    <trkpt lat="39.563287" lon="3.082554"/>
    <trkpt lat="39.563623" lon="3.082026"/>
    <trkpt lat="39.563971" lon="3.081593"/>
    <trkpt lat="39.564263" lon="3.081278"/>
    <trkpt lat="39.564919" lon="3.080650"/>
    <trkpt lat="39.565681" lon="3.079937"/>
    <trkpt lat="39.566541" lon="3.079124"/>
    <trkpt lat="39.567713" lon="3.078021"/>
    <trkpt lat="39.568707" lon="3.077095"/>
    <trkpt lat="39.569292" lon="3.076541"/>
    <trkpt lat="39.569592" lon="3.076249"/>
    <trkpt lat="39.569861" lon="3.075947"/>
    <trkpt lat="39.570060" lon="3.075685"/>
    <trkpt lat="39.570237" lon="3.075422"/>
    <trkpt lat="39.570402" lon="3.075146"/>
    <trkpt lat="39.570559" lon="3.074852"/>
    <trkpt lat="39.570736" lon="3.074451"/>
    <trkpt lat="39.570919" lon="3.073952"/>
    <trkpt lat="39.571037" lon="3.073524"/>
    <trkpt lat="39.571098" lon="3.073251"/>
    <trkpt lat="39.571161" lon="3.072914"/>
    <trkpt lat="39.571177" lon="3.072790"/>
    <trkpt lat="39.571208" lon="3.072557"/>
    <trkpt lat="39.571244" lon="3.072122"/>
    <trkpt lat="39.571248" lon="3.071684"/>
    <trkpt lat="39.571226" lon="3.071219"/>
    <trkpt lat="39.571184" lon="3.070838"/>
    <trkpt lat="39.571145" lon="3.070559"/>
    <trkpt lat="39.571099" lon="3.070284"/>
    <trkpt lat="39.571031" lon="3.070004"/>
    <trkpt lat="39.570983" lon="3.069831"/>
    <trkpt lat="39.570950" lon="3.069671"/>
    <trkpt lat="39.570951" lon="3.069527"/>
    <trkpt lat="39.570964" lon="3.069442"/>
    <trkpt lat="39.570996" lon="3.069386"/>
    <trkpt lat="39.571018" lon="3.069331"/>
    <trkpt lat="39.571046" lon="3.069206"/>
    <trkpt lat="39.571045" lon="3.069072"/>
    <trkpt lat="39.571026" lon="3.068979"/>
    <trkpt lat="39.570980" lon="3.068870"/>
    <trkpt lat="39.570929" lon="3.068801"/>
    <trkpt lat="39.570867" lon="3.068743"/>
    <trkpt lat="39.570813" lon="3.068710"/>
    <trkpt lat="39.570718" lon="3.068685"/>
    <trkpt lat="39.570693" lon="3.068685"/>
    <trkpt lat="39.570645" lon="3.068689"/>
    <trkpt lat="39.570569" lon="3.068624"/>
    <trkpt lat="39.570511" lon="3.068568"/>
    <trkpt lat="39.570354" lon="3.068341"/>
    <trkpt lat="39.570324" lon="3.068295"/>
    <trkpt lat="39.570053" lon="3.067873"/>
    <trkpt lat="39.569857" lon="3.067578"/>
    <trkpt lat="39.569624" lon="3.067255"/>
    <trkpt lat="39.569223" lon="3.066680"/>
    <trkpt lat="39.568509" lon="3.065656"/>
    <trkpt lat="39.567781" lon="3.064591"/>
    <trkpt lat="39.567554" lon="3.064267"/>
    <trkpt lat="39.567373" lon="3.063993"/>
    <trkpt lat="39.567243" lon="3.063763"/>
    <trkpt lat="39.567158" lon="3.063588"/>
    <trkpt lat="39.567082" lon="3.063403"/>
    <trkpt lat="39.566974" lon="3.063115"/>
    <trkpt lat="39.566783" lon="3.062537"/>
    <trkpt lat="39.565883" lon="3.059728"/>
    <trkpt lat="39.565254" lon="3.057780"/>
    <trkpt lat="39.565071" lon="3.057216"/>
    <trkpt lat="39.564632" lon="3.055862"/>
    <trkpt lat="39.564468" lon="3.055313"/>
    <trkpt lat="39.564385" lon="3.054960"/>
    <trkpt lat="39.564330" lon="3.054635"/>
    <trkpt lat="39.564296" lon="3.054296"/>
    <trkpt lat="39.564287" lon="3.053976"/>
    <trkpt lat="39.564303" lon="3.053388"/>
    <trkpt lat="39.564377" lon="3.051946"/>
    <trkpt lat="39.564441" lon="3.050460"/>
    <trkpt lat="39.564570" lon="3.047594"/>
    <trkpt lat="39.564599" lon="3.047168"/>
    <trkpt lat="39.564653" lon="3.046757"/>
    <trkpt lat="39.564756" lon="3.046349"/>
    <trkpt lat="39.564872" lon="3.046015"/>
    <trkpt lat="39.565106" lon="3.045491"/>
    <trkpt lat="39.565301" lon="3.045066"/>
    <trkpt lat="39.565438" lon="3.044691"/>
    <trkpt lat="39.565538" lon="3.044324"/>
    <trkpt lat="39.565595" lon="3.044001"/>
    <trkpt lat="39.565631" lon="3.043691"/>
    <trkpt lat="39.565643" lon="3.043288"/>
    <trkpt lat="39.565620" lon="3.042888"/>
    <trkpt lat="39.565540" lon="3.041958"/>
    <trkpt lat="39.565444" lon="3.040982"/>
    <trkpt lat="39.565371" lon="3.040588"/>
    <trkpt lat="39.565325" lon="3.040386"/>
    <trkpt lat="39.565186" lon="3.039944"/>
    <trkpt lat="39.565078" lon="3.039674"/>
    <trkpt lat="39.564903" lon="3.039305"/>
    <trkpt lat="39.564710" lon="3.038902"/>
    <trkpt lat="39.564253" lon="3.037906"/>
    <trkpt lat="39.564158" lon="3.037698"/>
    <trkpt lat="39.564007" lon="3.037366"/>
    <trkpt lat="39.563923" lon="3.037182"/>
    <trkpt lat="39.563812" lon="3.036883"/>
    <trkpt lat="39.563726" lon="3.036623"/>
    <trkpt lat="39.563636" lon="3.036181"/>
    <trkpt lat="39.563601" lon="3.035877"/>
    <trkpt lat="39.563564" lon="3.035447"/>
    <trkpt lat="39.563486" lon="3.034122"/>
    <trkpt lat="39.563229" lon="3.029917"/>
    <trkpt lat="39.563195" lon="3.029233"/>
    <trkpt lat="39.563145" lon="3.028542"/>
    <trkpt lat="39.563100" lon="3.027777"/>
    <trkpt lat="39.563055" lon="3.027155"/>
    <trkpt lat="39.562991" lon="3.026655"/>
    <trkpt lat="39.562885" lon="3.026052"/>
    <trkpt lat="39.562252" lon="3.022495"/>
    <trkpt lat="39.561850" lon="3.020268"/>
    <trkpt lat="39.561399" lon="3.017750"/>
    <trkpt lat="39.560716" lon="3.014067"/>
    <trkpt lat="39.560388" lon="3.012274"/>
    <trkpt lat="39.560159" lon="3.011050"/>
    <trkpt lat="39.560049" lon="3.010398"/>
    <trkpt lat="39.559993" lon="3.009935"/>
    <trkpt lat="39.559982" lon="3.009793"/>
    <trkpt lat="39.559963" lon="3.009358"/>
    <trkpt lat="39.559966" lon="3.008568"/>
    <trkpt lat="39.559975" lon="3.007110"/>
    <trkpt lat="39.559987" lon="3.006050"/>
    <trkpt lat="39.560008" lon="3.005568"/>
    <trkpt lat="39.560052" lon="3.005179"/>
    <trkpt lat="39.560110" lon="3.004896"/>
    <trkpt lat="39.560200" lon="3.004570"/>
    <trkpt lat="39.560331" lon="3.004203"/>
    <trkpt lat="39.560383" lon="3.004073"/>
    <trkpt lat="39.560599" lon="3.003507"/>
    <trkpt lat="39.560703" lon="3.003214"/>
    <trkpt lat="39.560800" lon="3.002861"/>
    <trkpt lat="39.560865" lon="3.002530"/>
    <trkpt lat="39.560899" lon="3.002245"/>
    <trkpt lat="39.560923" lon="3.001857"/>
    <trkpt lat="39.560922" lon="3.001288"/>
    <trkpt lat="39.560839" lon="2.997345"/>
    <trkpt lat="39.560806" lon="2.995172"/>
    <trkpt lat="39.560797" lon="2.994715"/>
    <trkpt lat="39.560776" lon="2.994044"/>
    <trkpt lat="39.560768" lon="2.993789"/>
    <trkpt lat="39.560759" lon="2.993167"/>
    <trkpt lat="39.560726" lon="2.992180"/>
    <trkpt lat="39.560668" lon="2.990863"/>
    <trkpt lat="39.560650" lon="2.990149"/>
    <trkpt lat="39.560592" lon="2.987945"/>
    <trkpt lat="39.560571" lon="2.986319"/>
    <trkpt lat="39.560522" lon="2.983910"/>
    <trkpt lat="39.560532" lon="2.982674"/>
    <trkpt lat="39.560523" lon="2.981402"/>
    <trkpt lat="39.560506" lon="2.980866"/>
    <trkpt lat="39.560494" lon="2.980502"/>
    <trkpt lat="39.560461" lon="2.979632"/>
    <trkpt lat="39.560456" lon="2.979398"/>
    <trkpt lat="39.560455" lon="2.978961"/>
    <trkpt lat="39.560466" lon="2.978461"/>
    <trkpt lat="39.560511" lon="2.977919"/>
    <trkpt lat="39.560591" lon="2.977348"/>
    <trkpt lat="39.560657" lon="2.976983"/>
    <trkpt lat="39.560721" lon="2.976664"/>
    <trkpt lat="39.560905" lon="2.975920"/>
    <trkpt lat="39.561328" lon="2.974351"/>
    <trkpt lat="39.561597" lon="2.973315"/>
    <trkpt lat="39.561836" lon="2.972283"/>
    <trkpt lat="39.561883" lon="2.972040"/>
    <trkpt lat="39.561925" lon="2.971917"/>
    <trkpt lat="39.561965" lon="2.971826"/>
    <trkpt lat="39.562036" lon="2.971798"/>
    <trkpt lat="39.562088" lon="2.971757"/>
    <trkpt lat="39.562103" lon="2.971741"/>
    <trkpt lat="39.562165" lon="2.971625"/>
    <trkpt lat="39.562183" lon="2.971540"/>
    <trkpt lat="39.562177" lon="2.971406"/>
    <trkpt lat="39.562158" lon="2.971343"/>
    <trkpt lat="39.562127" lon="2.971282"/>
    <trkpt lat="39.562101" lon="2.971246"/>
    <trkpt lat="39.562071" lon="2.971115"/>
    <trkpt lat="39.562070" lon="2.970948"/>
    <trkpt lat="39.562097" lon="2.970741"/>
    <trkpt lat="39.562152" lon="2.970329"/>
    <trkpt lat="39.562231" lon="2.969495"/>
    <trkpt lat="39.562280" lon="2.968588"/>
    <trkpt lat="39.562293" lon="2.967845"/>
    <trkpt lat="39.562281" lon="2.966656"/>
    <trkpt lat="39.562224" lon="2.964240"/>
    <trkpt lat="39.562222" lon="2.963567"/>
    <trkpt lat="39.562239" lon="2.963003"/>
    <trkpt lat="39.562277" lon="2.962479"/>
    <trkpt lat="39.562357" lon="2.961779"/>
    <trkpt lat="39.562465" lon="2.961038"/>
    <trkpt lat="39.562995" lon="2.957802"/>
    <trkpt lat="39.563011" lon="2.957702"/>
    <trkpt lat="39.563137" lon="2.956932"/>
    <trkpt lat="39.563243" lon="2.956379"/>
    <trkpt lat="39.563360" lon="2.955948"/>
    <trkpt lat="39.563520" lon="2.955488"/>
    <trkpt lat="39.563725" lon="2.955010"/>
    <trkpt lat="39.564493" lon="2.953215"/>
    <trkpt lat="39.565295" lon="2.951349"/>
    <trkpt lat="39.565585" lon="2.950678"/>
    <trkpt lat="39.565822" lon="2.950124"/>
    <trkpt lat="39.565992" lon="2.949681"/>
    <trkpt lat="39.566109" lon="2.949304"/>
    <trkpt lat="39.566201" lon="2.948974"/>
    <trkpt lat="39.566294" lon="2.948536"/>
    <trkpt lat="39.566363" lon="2.948105"/>
    <trkpt lat="39.566411" lon="2.947597"/>
    <trkpt lat="39.566447" lon="2.946884"/>
    <trkpt lat="39.566529" lon="2.945017"/>
    <trkpt lat="39.566612" lon="2.943087"/>
    <trkpt lat="39.566630" lon="2.942158"/>
    <trkpt lat="39.566631" lon="2.941171"/>
    <trkpt lat="39.566620" lon="2.939257"/>
    <trkpt lat="39.566607" lon="2.938672"/>
    <trkpt lat="39.566579" lon="2.937947"/>
    <trkpt lat="39.566484" lon="2.936259"/>
    <trkpt lat="39.566440" lon="2.935285"/>
    <trkpt lat="39.566444" lon="2.934435"/>
    <trkpt lat="39.566478" lon="2.933818"/>
    <trkpt lat="39.566709" lon="2.931192"/>
    <trkpt lat="39.566755" lon="2.930717"/>
    <trkpt lat="39.566879" lon="2.929073"/>
    <trkpt lat="39.566978" lon="2.926732"/>
    <trkpt lat="39.567123" lon="2.923205"/>
    <trkpt lat="39.567175" lon="2.922457"/>
    <trkpt lat="39.567245" lon="2.921903"/>
    <trkpt lat="39.567328" lon="2.921265"/>
    <trkpt lat="39.567401" lon="2.920599"/>
    <trkpt lat="39.567444" lon="2.920116"/>
    <trkpt lat="39.567482" lon="2.919362"/>
    <trkpt lat="39.567489" lon="2.918627"/>
    <trkpt lat="39.567473" lon="2.917999"/>
    <trkpt lat="39.567424" lon="2.917263"/>
    <trkpt lat="39.567330" lon="2.916384"/>
    <trkpt lat="39.567248" lon="2.915766"/>
    <trkpt lat="39.567043" lon="2.914721"/>
    <trkpt lat="39.566907" lon="2.914169"/>
    <trkpt lat="39.566876" lon="2.914047"/>
    <trkpt lat="39.566770" lon="2.913641"/>
    <trkpt lat="39.566627" lon="2.913019"/>
    <trkpt lat="39.566524" lon="2.912441"/>
    <trkpt lat="39.566474" lon="2.911911"/>
    <trkpt lat="39.566465" lon="2.911688"/>
    <trkpt lat="39.566480" lon="2.911548"/>
    <trkpt lat="39.566503" lon="2.911469"/>
    <trkpt lat="39.566518" lon="2.911415"/>
    <trkpt lat="39.566548" lon="2.911402"/>
    <trkpt lat="39.566576" lon="2.911385"/>
    <trkpt lat="39.566602" lon="2.911363"/>
    <trkpt lat="39.566633" lon="2.911329"/>
    <trkpt lat="39.566659" lon="2.911289"/>
    <trkpt lat="39.566681" lon="2.911245"/>
    <trkpt lat="39.566697" lon="2.911197"/>
    <trkpt lat="39.566704" lon="2.911164"/>
    <trkpt lat="39.566708" lon="2.911131"/>
    <trkpt lat="39.566711" lon="2.911097"/>
    <trkpt lat="39.566708" lon="2.911034"/>
    <trkpt lat="39.566695" lon="2.910972"/>
    <trkpt lat="39.566675" lon="2.910914"/>
    <trkpt lat="39.566633" lon="2.910843"/>
    <trkpt lat="39.566588" lon="2.910798"/>
    <trkpt lat="39.566553" lon="2.910731"/>
    <trkpt lat="39.566528" lon="2.910641"/>
    <trkpt lat="39.566521" lon="2.910524"/>
    <trkpt lat="39.566548" lon="2.910275"/>
    <trkpt lat="39.566645" lon="2.909756"/>
    <trkpt lat="39.566748" lon="2.909321"/>
    <trkpt lat="39.566889" lon="2.908885"/>
    <trkpt lat="39.567203" lon="2.908104"/>
    <trkpt lat="39.567674" lon="2.907020"/>
    <trkpt lat="39.567832" lon="2.906637"/>
    <trkpt lat="39.568180" lon="2.905728"/>
    <trkpt lat="39.568444" lon="2.904947"/>
    <trkpt lat="39.568668" lon="2.904216"/>
    <trkpt lat="39.568915" lon="2.903317"/>
    <trkpt lat="39.569082" lon="2.902584"/>
    <trkpt lat="39.569196" lon="2.902033"/>
    <trkpt lat="39.569315" lon="2.901390"/>
    <trkpt lat="39.569413" lon="2.900756"/>
    <trkpt lat="39.569490" lon="2.900194"/>
    <trkpt lat="39.569568" lon="2.899491"/>
    <trkpt lat="39.569618" lon="2.898918"/>
    <trkpt lat="39.569644" lon="2.898489"/>
    <trkpt lat="39.569666" lon="2.898028"/>
    <trkpt lat="39.569686" lon="2.897452"/>
    <trkpt lat="39.569690" lon="2.896877"/>
    <trkpt lat="39.569683" lon="2.896281"/>
    <trkpt lat="39.569665" lon="2.895732"/>
    <trkpt lat="39.569646" lon="2.895298"/>
    <trkpt lat="39.569620" lon="2.894877"/>
    <trkpt lat="39.569575" lon="2.894325"/>
    <trkpt lat="39.569529" lon="2.893898"/>
    <trkpt lat="39.569464" lon="2.893346"/>
    <trkpt lat="39.569382" lon="2.892772"/>
    <trkpt lat="39.569289" lon="2.892198"/>
    <trkpt lat="39.569155" lon="2.891512"/>
    <trkpt lat="39.568935" lon="2.890459"/>
    <trkpt lat="39.568729" lon="2.889448"/>
    <trkpt lat="39.568578" lon="2.888562"/>
    <trkpt lat="39.568523" lon="2.888131"/>
    <trkpt lat="39.568451" lon="2.887436"/>
    <trkpt lat="39.568402" lon="2.886594"/>
    <trkpt lat="39.568396" lon="2.886413"/>
    <trkpt lat="39.568393" lon="2.886256"/>
    <trkpt lat="39.568406" lon="2.885595"/>
    <trkpt lat="39.568414" lon="2.885163"/>
    <trkpt lat="39.568435" lon="2.884686"/>
    <trkpt lat="39.568453" lon="2.884264"/>
    <trkpt lat="39.568471" lon="2.884007"/>
    <trkpt lat="39.568509" lon="2.883619"/>
    <trkpt lat="39.568629" lon="2.882737"/>
    <trkpt lat="39.568753" lon="2.882048"/>
    <trkpt lat="39.568846" lon="2.881590"/>
    <trkpt lat="39.568955" lon="2.881011"/>
    <trkpt lat="39.569277" lon="2.879428"/>
    <trkpt lat="39.569329" lon="2.879257"/>
    <trkpt lat="39.569512" lon="2.878307"/>
    <trkpt lat="39.569607" lon="2.877765"/>
    <trkpt lat="39.569691" lon="2.877197"/>
    <trkpt lat="39.569750" lon="2.876630"/>
    <trkpt lat="39.569793" lon="2.876003"/>
    <trkpt lat="39.569798" lon="2.875809"/>
    <trkpt lat="39.569819" lon="2.875419"/>
    <trkpt lat="39.569900" lon="2.873796"/>
    <trkpt lat="39.570109" lon="2.869533"/>
    <trkpt lat="39.570191" lon="2.867814"/>
    <trkpt lat="39.570257" lon="2.866181"/>
    <trkpt lat="39.570267" lon="2.865595"/>
    <trkpt lat="39.570251" lon="2.865099"/>
    <trkpt lat="39.570192" lon="2.864097"/>
    <trkpt lat="39.569764" lon="2.857505"/>
    <trkpt lat="39.569657" lon="2.855751"/>
    <trkpt lat="39.569639" lon="2.854942"/>
    <trkpt lat="39.569633" lon="2.854014"/>
    <trkpt lat="39.569652" lon="2.852816"/>
    <trkpt lat="39.569681" lon="2.851597"/>
    <trkpt lat="39.569762" lon="2.847944"/>
    <trkpt lat="39.569785" lon="2.847339"/>
    <trkpt lat="39.569955" lon="2.844235"/>
    <trkpt lat="39.570088" lon="2.841771"/>
    <trkpt lat="39.570113" lon="2.840916"/>
    <trkpt lat="39.570098" lon="2.840329"/>
    <trkpt lat="39.570053" lon="2.839580"/>
    <trkpt lat="39.570015" lon="2.839133"/>
    <trkpt lat="39.569939" lon="2.838644"/>
    <trkpt lat="39.569854" lon="2.838240"/>
    <trkpt lat="39.569709" lon="2.837783"/>
    <trkpt lat="39.569524" lon="2.837272"/>
    <trkpt lat="39.569109" lon="2.836114"/>
    <trkpt lat="39.568908" lon="2.835586"/>
    <trkpt lat="39.568650" lon="2.834891"/>
    <trkpt lat="39.568520" lon="2.834494"/>
    <trkpt lat="39.568435" lon="2.834149"/>
    <trkpt lat="39.568367" lon="2.833741"/>
    <trkpt lat="39.568349" lon="2.833553"/>
    <trkpt lat="39.568341" lon="2.833390"/>
    <trkpt lat="39.568340" lon="2.833028"/>
    <trkpt lat="39.568374" lon="2.832647"/>
    <trkpt lat="39.568430" lon="2.832316"/>
    <trkpt lat="39.568515" lon="2.831988"/>
    <trkpt lat="39.568637" lon="2.831633"/>
    <trkpt lat="39.568785" lon="2.831309"/>
    <trkpt lat="39.568936" lon="2.831043"/>
    <trkpt lat="39.569080" lon="2.830831"/>
    <trkpt lat="39.569243" lon="2.830618"/>
    <trkpt lat="39.570721" lon="2.828851"/>
    <trkpt lat="39.570975" lon="2.828500"/>
    <trkpt lat="39.571178" lon="2.828178"/>
    <trkpt lat="39.571358" lon="2.827816"/>
    <trkpt lat="39.571529" lon="2.827418"/>
    <trkpt lat="39.571686" lon="2.826966"/>
    <trkpt lat="39.571804" lon="2.826519"/>
    <trkpt lat="39.571966" lon="2.825852"/>
    <trkpt lat="39.572083" lon="2.825236"/>
    <trkpt lat="39.572180" lon="2.824588"/>
    <trkpt lat="39.572241" lon="2.823918"/>
    <trkpt lat="39.572275" lon="2.823190"/>
    <trkpt lat="39.572281" lon="2.822504"/>
    <trkpt lat="39.572262" lon="2.822041"/>
    <trkpt lat="39.572225" lon="2.821615"/>
    <trkpt lat="39.572141" lon="2.821019"/>
    <trkpt lat="39.572032" lon="2.820284"/>
    <trkpt lat="39.571922" lon="2.819593"/>
    <trkpt lat="39.571770" lon="2.818591"/>
    <trkpt lat="39.571394" lon="2.816196"/>
    <trkpt lat="39.571298" lon="2.815593"/>
    <trkpt lat="39.571215" lon="2.815112"/>
    <trkpt lat="39.571129" lon="2.814715"/>
    <trkpt lat="39.571022" lon="2.814343"/>
    <trkpt lat="39.570900" lon="2.813953"/>
    <trkpt lat="39.570711" lon="2.813334"/>
    <trkpt lat="39.570630" lon="2.812990"/>
    <trkpt lat="39.570545" lon="2.812545"/>
    <trkpt lat="39.570498" lon="2.812093"/>
    <trkpt lat="39.570481" lon="2.811744"/>
    <trkpt lat="39.570465" lon="2.809512"/>
    <trkpt lat="39.570468" lon="2.809347"/>
    <trkpt lat="39.570472" lon="2.808870"/>
    <trkpt lat="39.570487" lon="2.808426"/>
    <trkpt lat="39.570536" lon="2.807659"/>
    <trkpt lat="39.570610" lon="2.806864"/>
    <trkpt lat="39.570700" lon="2.806100"/>
    <trkpt lat="39.570914" lon="2.804305"/>
    <trkpt lat="39.571010" lon="2.803513"/>
    <trkpt lat="39.571046" lon="2.803107"/>
    <trkpt lat="39.571053" lon="2.802714"/>
    <trkpt lat="39.571040" lon="2.802373"/>
    <trkpt lat="39.570979" lon="2.801784"/>
    <trkpt lat="39.570920" lon="2.801428"/>
    <trkpt lat="39.570831" lon="2.801063"/>
    <trkpt lat="39.570629" lon="2.800432"/>
    <trkpt lat="39.570482" lon="2.799992"/>
    <trkpt lat="39.570367" lon="2.799590"/>
    <trkpt lat="39.570271" lon="2.799127"/>
    <trkpt lat="39.570208" lon="2.798669"/>
    <trkpt lat="39.570170" lon="2.798077"/>
    <trkpt lat="39.570151" lon="2.797424"/>
    <trkpt lat="39.570070" lon="2.794728"/>
    <trkpt lat="39.570025" lon="2.793317"/>
    <trkpt lat="39.570004" lon="2.792661"/>
    <trkpt lat="39.569970" lon="2.792014"/>
    <trkpt lat="39.569877" lon="2.790811"/>
    <trkpt lat="39.569755" lon="2.789278"/>
    <trkpt lat="39.569568" lon="2.786909"/>
    <trkpt lat="39.569316" lon="2.783763"/>
    <trkpt lat="39.569237" lon="2.782780"/>
    <trkpt lat="39.569174" lon="2.781874"/>
    <trkpt lat="39.569117" lon="2.780481"/>
    <trkpt lat="39.569109" lon="2.779853"/>
    <trkpt lat="39.569117" lon="2.779546"/>
    <trkpt lat="39.569111" lon="2.778188"/>
    <trkpt lat="39.569087" lon="2.777472"/>
    <trkpt lat="39.569042" lon="2.776704"/>
    <trkpt lat="39.568964" lon="2.775818"/>
    <trkpt lat="39.568822" lon="2.774175"/>
    <trkpt lat="39.568662" lon="2.772523"/>
    <trkpt lat="39.568456" lon="2.770697"/>
    <trkpt lat="39.568230" lon="2.769085"/>
    <trkpt lat="39.568107" lon="2.768271"/>
    <trkpt lat="39.568002" lon="2.767488"/>
    <trkpt lat="39.567909" lon="2.766525"/>
    <trkpt lat="39.567830" lon="2.765126"/>
    <trkpt lat="39.567735" lon="2.763096"/>
    <trkpt lat="39.567654" lon="2.761346"/>
    <trkpt lat="39.567648" lon="2.760834"/>
    <trkpt lat="39.567672" lon="2.760478"/>
    <trkpt lat="39.567718" lon="2.760106"/>
    <trkpt lat="39.567815" lon="2.759585"/>
    <trkpt lat="39.567975" lon="2.759027"/>
    <trkpt lat="39.568386" lon="2.757906"/>
    <trkpt lat="39.568558" lon="2.757295"/>
    <trkpt lat="39.568687" lon="2.756705"/>
    <trkpt lat="39.568720" lon="2.756512"/>
    <trkpt lat="39.568792" lon="2.755928"/>
    <trkpt lat="39.568824" lon="2.755539"/>
    <trkpt lat="39.568839" lon="2.755154"/>
    <trkpt lat="39.568841" lon="2.754743"/>
    <trkpt lat="39.568829" lon="2.754317"/>
    <trkpt lat="39.568805" lon="2.753603"/>
    <trkpt lat="39.568791" lon="2.752966"/>
    <trkpt lat="39.568800" lon="2.752513"/>
    <trkpt lat="39.568834" lon="2.751977"/>
    <trkpt lat="39.568903" lon="2.751389"/>
    <trkpt lat="39.568983" lon="2.750885"/>
    <trkpt lat="39.569149" lon="2.750148"/>
    <trkpt lat="39.569402" lon="2.749237"/>
    <trkpt lat="39.569743" lon="2.748130"/>
    <trkpt lat="39.569940" lon="2.747483"/>
    <trkpt lat="39.570149" lon="2.746767"/>
    <trkpt lat="39.570326" lon="2.746090"/>
    <trkpt lat="39.570496" lon="2.745353"/>
    <trkpt lat="39.570611" lon="2.744787"/>
    <trkpt lat="39.570676" lon="2.744395"/>
    <trkpt lat="39.570757" lon="2.743847"/>
    <trkpt lat="39.570809" lon="2.743406"/>
    <trkpt lat="39.570859" lon="2.742876"/>
    <trkpt lat="39.570893" lon="2.742371"/>
    <trkpt lat="39.570918" lon="2.741776"/>
    <trkpt lat="39.570925" lon="2.741198"/>
    <trkpt lat="39.570912" lon="2.740527"/>
    <trkpt lat="39.570879" lon="2.739904"/>
    <trkpt lat="39.570820" lon="2.739252"/>
    <trkpt lat="39.570730" lon="2.738491"/>
    <trkpt lat="39.570588" lon="2.737614"/>
    <trkpt lat="39.570361" lon="2.736484"/>
    <trkpt lat="39.569928" lon="2.734832"/>
    <trkpt lat="39.569901" lon="2.734728"/>
    <trkpt lat="39.569164" lon="2.731954"/>
    <trkpt lat="39.568085" lon="2.727921"/>
    <trkpt lat="39.567448" lon="2.725502"/>
    <trkpt lat="39.567323" lon="2.724928"/>
    <trkpt lat="39.567258" lon="2.724566"/>
    <trkpt lat="39.567156" lon="2.723915"/>
    <trkpt lat="39.567127" lon="2.723710"/>
    <trkpt lat="39.567053" lon="2.722950"/>
    <trkpt lat="39.567013" lon="2.722156"/>
    <trkpt lat="39.566998" lon="2.721356"/>
    <trkpt lat="39.567019" lon="2.720616"/>
    <trkpt lat="39.567027" lon="2.720390"/>
    <trkpt lat="39.567099" lon="2.719242"/>
    <trkpt lat="39.567224" lon="2.718011"/>
    <trkpt lat="39.567365" lon="2.716953"/>
    <trkpt lat="39.567525" lon="2.715867"/>
    <trkpt lat="39.567548" lon="2.715716"/>
    <trkpt lat="39.567978" lon="2.713051"/>
    <trkpt lat="39.568240" lon="2.711425"/>
    <trkpt lat="39.568262" lon="2.711342"/>
    <trkpt lat="39.568284" lon="2.711287"/>
    <trkpt lat="39.568315" lon="2.711229"/>
    <trkpt lat="39.568351" lon="2.711183"/>
    <trkpt lat="39.568389" lon="2.711147"/>
    <trkpt lat="39.568473" lon="2.711100"/>
    <trkpt lat="39.568531" lon="2.711084"/>
    <trkpt lat="39.568587" lon="2.711057"/>
    <trkpt lat="39.568657" lon="2.711016"/>
    <trkpt lat="39.568696" lon="2.710980"/>
    <trkpt lat="39.568749" lon="2.710926"/>
    <trkpt lat="39.568795" lon="2.710846"/>
    <trkpt lat="39.568829" lon="2.710771"/>
    <trkpt lat="39.568846" lon="2.710700"/>
    <trkpt lat="39.568858" lon="2.710637"/>
    <trkpt lat="39.568863" lon="2.710583"/>
    <trkpt lat="39.568865" lon="2.710500"/>
    <trkpt lat="39.568857" lon="2.710426"/>
    <trkpt lat="39.568847" lon="2.710366"/>
    <trkpt lat="39.568827" lon="2.710298"/>
    <trkpt lat="39.568788" lon="2.710211"/>
    <trkpt lat="39.568762" lon="2.710164"/>
    <trkpt lat="39.568721" lon="2.710110"/>
    <trkpt lat="39.568649" lon="2.710043"/>
    <trkpt lat="39.568615" lon="2.709999"/>
    <trkpt lat="39.568587" lon="2.709945"/>
    <trkpt lat="39.568566" lon="2.709897"/>
    <trkpt lat="39.568552" lon="2.709852"/>
    <trkpt lat="39.568537" lon="2.709789"/>
    <trkpt lat="39.568531" lon="2.709710"/>
    <trkpt lat="39.568534" lon="2.709610"/>
    <trkpt lat="39.568550" lon="2.709478"/>
    <trkpt lat="39.568648" lon="2.708908"/>
    <trkpt lat="39.569190" lon="2.705513"/>
    <trkpt lat="39.569351" lon="2.704542"/>
    <trkpt lat="39.569517" lon="2.703744"/>
    <trkpt lat="39.569785" lon="2.702668"/>
    <trkpt lat="39.569917" lon="2.702135"/>
    <trkpt lat="39.570012" lon="2.701647"/>
    <trkpt lat="39.570040" lon="2.701471"/>
    <trkpt lat="39.570074" lon="2.701147"/>
    <trkpt lat="39.570105" lon="2.700810"/>
    <trkpt lat="39.570119" lon="2.700565"/>
    <trkpt lat="39.570124" lon="2.700325"/>
    <trkpt lat="39.570118" lon="2.699882"/>
    <trkpt lat="39.570089" lon="2.699403"/>
    <trkpt lat="39.570037" lon="2.698918"/>
    <trkpt lat="39.569937" lon="2.698044"/>
    <trkpt lat="39.569870" lon="2.697387"/>
    <trkpt lat="39.569835" lon="2.696818"/>
    <trkpt lat="39.569823" lon="2.696252"/>
    <trkpt lat="39.569849" lon="2.695393"/>
    <trkpt lat="39.569885" lon="2.694559"/>
    <trkpt lat="39.569894" lon="2.694315"/>
    <trkpt lat="39.569924" lon="2.693706"/>
    <trkpt lat="39.569977" lon="2.692695"/>
    <trkpt lat="39.570097" lon="2.691166"/>
    <trkpt lat="39.570216" lon="2.689979"/>
    <trkpt lat="39.570339" lon="2.688796"/>
    <trkpt lat="39.570396" lon="2.688196"/>
    <trkpt lat="39.570443" lon="2.687598"/>
    <trkpt lat="39.570477" lon="2.687040"/>
    <trkpt lat="39.570492" lon="2.686671"/>
    <trkpt lat="39.570499" lon="2.686495"/>
    <trkpt lat="39.570499" lon="2.686485"/>
    <trkpt lat="39.570510" lon="2.686420"/>
    <trkpt lat="39.570548" lon="2.686302"/>
    <trkpt lat="39.570589" lon="2.686220"/>
    <trkpt lat="39.570632" lon="2.686171"/>
    <trkpt lat="39.570666" lon="2.686111"/>
    <trkpt lat="39.570685" lon="2.686057"/>
    <trkpt lat="39.570756" lon="2.685972"/>
    <trkpt lat="39.570849" lon="2.685903"/>
    <trkpt lat="39.570967" lon="2.685840"/>
    <trkpt lat="39.571654" lon="2.685773"/>
    <trkpt lat="39.572061" lon="2.685720"/>
    <trkpt lat="39.572218" lon="2.685688"/>
    <trkpt lat="39.572563" lon="2.685615"/>
    <trkpt lat="39.572960" lon="2.685532"/>
    <trkpt lat="39.573641" lon="2.685397"/>
    <trkpt lat="39.573838" lon="2.685353"/>
    <trkpt lat="39.573886" lon="2.685342"/>
    <trkpt lat="39.573963" lon="2.685346"/>
    <trkpt lat="39.574001" lon="2.685351"/>
    <trkpt lat="39.574037" lon="2.685361"/>
    <trkpt lat="39.574079" lon="2.685383"/>
    <trkpt lat="39.574094" lon="2.685411"/>
    <trkpt lat="39.574112" lon="2.685426"/>
    <trkpt lat="39.574140" lon="2.685445"/>
    <trkpt lat="39.574183" lon="2.685456"/>
    <trkpt lat="39.574228" lon="2.685452"/>
    <trkpt lat="39.574274" lon="2.685432"/>
    <trkpt lat="39.574308" lon="2.685404"/>
    <trkpt lat="39.574333" lon="2.685377"/>
    <trkpt lat="39.574350" lon="2.685340"/>
    <trkpt lat="39.574361" lon="2.685304"/>
    <trkpt lat="39.574368" lon="2.685269"/>
    <trkpt lat="39.574369" lon="2.685231"/>
    <trkpt lat="39.574362" lon="2.685189"/>
    <trkpt lat="39.574349" lon="2.685151"/>
    <trkpt lat="39.574328" lon="2.685116"/>
    <trkpt lat="39.574313" lon="2.685047"/>
    <trkpt lat="39.574310" lon="2.684988"/>
    <trkpt lat="39.574313" lon="2.684929"/>
    <trkpt lat="39.574324" lon="2.684794"/>
    <trkpt lat="39.574413" lon="2.684468"/>
    <trkpt lat="39.574862" lon="2.682765"/>
    <trkpt lat="39.575003" lon="2.682229"/>
    <trkpt lat="39.575167" lon="2.681567"/>
    <trkpt lat="39.575356" lon="2.680892"/>
    <trkpt lat="39.575473" lon="2.680432"/>
    <trkpt lat="39.575527" lon="2.680290"/>
    <trkpt lat="39.575542" lon="2.680250"/>
    <trkpt lat="39.575570" lon="2.680182"/>
    <trkpt lat="39.575584" lon="2.680154"/>
    <trkpt lat="39.575605" lon="2.680121"/>
    <trkpt lat="39.575668" lon="2.680055"/>
    <trkpt lat="39.575696" lon="2.680038"/>
    <trkpt lat="39.575722" lon="2.680015"/>
    <trkpt lat="39.575753" lon="2.679977"/>
    <trkpt lat="39.575771" lon="2.679945"/>
    <trkpt lat="39.575784" lon="2.679906"/>
    <trkpt lat="39.575796" lon="2.679849"/>
    <trkpt lat="39.575798" lon="2.679800"/>
    <trkpt lat="39.575794" lon="2.679751"/>
    <trkpt lat="39.575786" lon="2.679703"/>
    <trkpt lat="39.575772" lon="2.679657"/>
    <trkpt lat="39.575756" lon="2.679617"/>
    <trkpt lat="39.575729" lon="2.679575"/>
    <trkpt lat="39.575686" lon="2.679542"/>
    <trkpt lat="39.575659" lon="2.679501"/>
    <trkpt lat="39.575639" lon="2.679452"/>
    <trkpt lat="39.575605" lon="2.679349"/>
    <trkpt lat="39.575126" lon="2.677750"/>
    <trkpt lat="39.575051" lon="2.677501"/>
    <trkpt lat="39.575036" lon="2.677437"/>
    <trkpt lat="39.575026" lon="2.677367"/>
    <trkpt lat="39.575019" lon="2.677298"/>
    <trkpt lat="39.575015" lon="2.677250"/>
    <trkpt lat="39.575013" lon="2.677181"/>
    <trkpt lat="39.575018" lon="2.677119"/>
    <trkpt lat="39.575026" lon="2.677055"/>
    <trkpt lat="39.575037" lon="2.677006"/>
    <trkpt lat="39.575062" lon="2.676946"/>
    <trkpt lat="39.575081" lon="2.676906"/>
    <trkpt lat="39.575106" lon="2.676868"/>
    <trkpt lat="39.575130" lon="2.676838"/>
    <trkpt lat="39.575162" lon="2.676808"/>
    <trkpt lat="39.575192" lon="2.676783"/>
    <trkpt lat="39.575228" lon="2.676761"/>
    <trkpt lat="39.575274" lon="2.676739"/>
    <trkpt lat="39.575328" lon="2.676727"/>
    <trkpt lat="39.575431" lon="2.676721"/>
    <trkpt lat="39.575797" lon="2.676643"/>
    <trkpt lat="39.576109" lon="2.676609"/>
    <trkpt lat="39.576260" lon="2.676607"/>
    <trkpt lat="39.576419" lon="2.676601"/>
    <trkpt lat="39.576570" lon="2.676589"/>
    <trkpt lat="39.576719" lon="2.676572"/>
    <trkpt lat="39.576863" lon="2.676548"/>
    <trkpt lat="39.577019" lon="2.676516"/>
    <trkpt lat="39.577165" lon="2.676479"/>
    <trkpt lat="39.577313" lon="2.676433"/>
    <trkpt lat="39.577466" lon="2.676377"/>
    <trkpt lat="39.577614" lon="2.676314"/>
    <trkpt lat="39.577747" lon="2.676248"/>
    <trkpt lat="39.577886" lon="2.676169"/>
    <trkpt lat="39.578026" lon="2.676082"/>
    <trkpt lat="39.578163" lon="2.675990"/>
    <trkpt lat="39.578296" lon="2.675898"/>
    <trkpt lat="39.578433" lon="2.675801"/>
    <trkpt lat="39.578709" lon="2.675605"/>
    <trkpt lat="39.578977" lon="2.675410"/>
    <trkpt lat="39.579217" lon="2.675229"/>
    <trkpt lat="39.579374" lon="2.675108"/>
    <trkpt lat="39.579633" lon="2.674901"/>
    <trkpt lat="39.579767" lon="2.674785"/>
    <trkpt lat="39.579898" lon="2.674671"/>
    <trkpt lat="39.580024" lon="2.674560"/>
    <trkpt lat="39.580153" lon="2.674442"/>
    <trkpt lat="39.580276" lon="2.674327"/>
    <trkpt lat="39.580398" lon="2.674211"/>
    <trkpt lat="39.580521" lon="2.674090"/>
    <trkpt lat="39.580767" lon="2.673849"/>
    <trkpt lat="39.581011" lon="2.673608"/>
    <trkpt lat="39.581382" lon="2.673241"/>
    <trkpt lat="39.582181" lon="2.672453"/>
    <trkpt lat="39.582716" lon="2.671925"/>
    <trkpt lat="39.583118" lon="2.671747"/>
    <trkpt lat="39.583227" lon="2.671686"/>
    <trkpt lat="39.583328" lon="2.671633"/>
    <trkpt lat="39.583419" lon="2.671588"/>
    <trkpt lat="39.583514" lon="2.671551"/>
    <trkpt lat="39.583667" lon="2.671496"/>
    <trkpt lat="39.583779" lon="2.671447"/>
    <trkpt lat="39.583910" lon="2.671378"/>
    <trkpt lat="39.584031" lon="2.671302"/>
    <trkpt lat="39.584070" lon="2.671251"/>
    <trkpt lat="39.584104" lon="2.671199"/>
    <trkpt lat="39.584136" lon="2.671121"/>
    <trkpt lat="39.584144" lon="2.671077"/>
    <trkpt lat="39.584161" lon="2.670977"/>
    <trkpt lat="39.584207" lon="2.670850"/>
    <trkpt lat="39.583682" lon="2.670113"/>
    <trkpt lat="39.583428" lon="2.669759"/>
    <trkpt lat="39.583401" lon="2.669718"/>
    <trkpt lat="39.583278" lon="2.669527"/>
    <trkpt lat="39.583179" lon="2.669374"/>
    <trkpt lat="39.583099" lon="2.669284"/>
    <trkpt lat="39.582980" lon="2.669172"/>
    <trkpt lat="39.582866" lon="2.669006"/>
    <trkpt lat="39.582810" lon="2.668923"/>
    <trkpt lat="39.582761" lon="2.668850"/>
    <trkpt lat="39.582737" lon="2.668815"/>
    <trkpt lat="39.582504" lon="2.668470"/>
    <trkpt lat="39.582433" lon="2.668367"/>
    <trkpt lat="39.582259" lon="2.668109"/>
    <trkpt lat="39.582080" lon="2.667841"/>
    <trkpt lat="39.582020" lon="2.667751"/>
    <trkpt lat="39.581825" lon="2.667469"/>
    <trkpt lat="39.581779" lon="2.667403"/>
    <trkpt lat="39.581734" lon="2.667344"/>
    <trkpt lat="39.581713" lon="2.667316"/>
    <trkpt lat="39.581379" lon="2.666876"/>
    <trkpt lat="39.581064" lon="2.666460"/>
    <trkpt lat="39.580809" lon="2.666129"/>
    <trkpt lat="39.580755" lon="2.666058"/>
    <trkpt lat="39.580716" lon="2.666005"/>
    <trkpt lat="39.580691" lon="2.665972"/>
    <trkpt lat="39.580484" lon="2.665671"/>
    <trkpt lat="39.580454" lon="2.665626"/>
    <trkpt lat="39.580373" lon="2.665501"/>
    <trkpt lat="39.580352" lon="2.665469"/>
    <trkpt lat="39.580216" lon="2.665259"/>
    <trkpt lat="39.579973" lon="2.664888"/>
    <trkpt lat="39.579732" lon="2.664516"/>
    <trkpt lat="39.579482" lon="2.664137"/>
    <trkpt lat="39.579217" lon="2.663721"/>
    <trkpt lat="39.578964" lon="2.663337"/>
    <trkpt lat="39.578929" lon="2.663283"/>
    <trkpt lat="39.578845" lon="2.663155"/>
    <trkpt lat="39.578827" lon="2.663128"/>
    <trkpt lat="39.578807" lon="2.663097"/>
    <trkpt lat="39.578709" lon="2.662948"/>
    <trkpt lat="39.578662" lon="2.662629"/>
    <trkpt lat="39.578651" lon="2.662555"/>
    <trkpt lat="39.578648" lon="2.662520"/>
    <trkpt lat="39.578646" lon="2.662482"/>
    <trkpt lat="39.578608" lon="2.661492"/>
    <trkpt lat="39.578558" lon="2.659890"/>
    <trkpt lat="39.578496" lon="2.658913"/>
    <trkpt lat="39.578444" lon="2.658841"/>
    <trkpt lat="39.578308" lon="2.658603"/>
    <trkpt lat="39.578187" lon="2.658439"/>
    <trkpt lat="39.577618" lon="2.657669"/>
    <trkpt lat="39.576990" lon="2.656787"/>
    <trkpt lat="39.576606" lon="2.656231"/>
    <trkpt lat="39.576477" lon="2.656045"/>
    <trkpt lat="39.576404" lon="2.655945"/>
    <trkpt lat="39.576372" lon="2.655770"/>
    <trkpt lat="39.576140" lon="2.655437"/>
    <trkpt lat="39.576024" lon="2.655272"/>
  </trkseg></trk>
</gpx>
