<?xml version="1.0" encoding="UTF-8"?>
<gpx version="1.1" creator="top-gas" xmlns="http://www.topografix.com/GPX/1/1" xmlns:xsi="http://www.w3.org/2001/XMLSchema-instance" xsi:schemaLocation="http://www.topografix.com/GPX/1/1 http://www.topografix.com/GPX/1/1/gpx.xsd">
  <metadata><name>09 · Cap de Formentor (Media)</name><desc>Carretera espectacular hasta el faro. Salir temprano: tramo estrecho, ciclistas y mucho tráfico a partir de media mañana. Dificultad: Media. Distancia aprox.: 167 km.</desc><keywords>moto, mallorca, media</keywords></metadata>
  <wpt lat="39.576000" lon="2.655300"><name>Palma (Plaça d'Espanya)</name></wpt>
  <wpt lat="39.721100" lon="2.911100"><name>Inca</name></wpt>
  <wpt lat="39.907500" lon="3.084200"><name>Port de Pollença</name></wpt>
  <wpt lat="39.923500" lon="3.117800"><name>Mirador Es Colomer</name></wpt>
  <wpt lat="39.961900" lon="3.212300"><name>Faro de Formentor</name></wpt>
  <wpt lat="39.877200" lon="3.016100"><name>Pollença</name></wpt>
  <trk><name>09 · Cap de Formentor (Media)</name><desc>Carretera espectacular hasta el faro. Salir temprano: tramo estrecho, ciclistas y mucho tráfico a partir de media mañana. Dificultad: Media. Distancia aprox.: 167 km.</desc><type>Moto</type><trkseg>
    <trkpt lat="39.576024" lon="2.655272"/>
    <trkpt lat="39.575429" lon="2.654423"/>
    <trkpt lat="39.575697" lon="2.654084"/>
    <trkpt lat="39.575734" lon="2.654057"/>
    <trkpt lat="39.575901" lon="2.653860"/>
    <trkpt lat="39.575926" lon="2.653835"/>
    <trkpt lat="39.575951" lon="2.653820"/>
    <trkpt lat="39.575996" lon="2.653802"/>
    <trkpt lat="39.576082" lon="2.653788"/>
    <trkpt lat="39.576092" lon="2.653774"/>
    <trkpt lat="39.576237" lon="2.653617"/>
    <trkpt lat="39.576267" lon="2.653590"/>
    <trkpt lat="39.576335" lon="2.653538"/>
    <trkpt lat="39.576487" lon="2.653436"/>
    <trkpt lat="39.576799" lon="2.653225"/>
    <trkpt lat="39.577450" lon="2.653772"/>
    <trkpt lat="39.577935" lon="2.654166"/>
    <trkpt lat="39.578490" lon="2.654626"/>
    <trkpt lat="39.578937" lon="2.654992"/>
    <trkpt lat="39.579255" lon="2.655197"/>
    <trkpt lat="39.579651" lon="2.655462"/>
    <trkpt lat="39.579563" lon="2.656366"/>
    <trkpt lat="39.579458" lon="2.657352"/>
    <trkpt lat="39.579422" lon="2.657782"/>
    <trkpt lat="39.579371" lon="2.657865"/>
    <trkpt lat="39.579345" lon="2.657908"/>
    <trkpt lat="39.579308" lon="2.657963"/>
    <trkpt lat="39.579000" lon="2.658326"/>
    <trkpt lat="39.578920" lon="2.658418"/>
    <trkpt lat="39.578901" lon="2.658441"/>
    <trkpt lat="39.578496" lon="2.658913"/>
    <trkpt lat="39.577870" lon="2.659222"/>
    <trkpt lat="39.577317" lon="2.659530"/>
    <trkpt lat="39.576835" lon="2.659782"/>
    <trkpt lat="39.576803" lon="2.659799"/>
    <trkpt lat="39.576671" lon="2.659868"/>
    <trkpt lat="39.576735" lon="2.659941"/>
    <trkpt lat="39.576833" lon="2.660070"/>
    <trkpt lat="39.576852" lon="2.660098"/>
    <trkpt lat="39.577501" lon="2.661093"/>
    <trkpt lat="39.577925" lon="2.661741"/>
    <trkpt lat="39.577943" lon="2.661768"/>
    <trkpt lat="39.577985" lon="2.661835"/>
    <trkpt lat="39.578014" lon="2.661880"/>
    <trkpt lat="39.578405" lon="2.662480"/>
    <trkpt lat="39.578426" lon="2.662513"/>
    <trkpt lat="39.578448" lon="2.662547"/>
    <trkpt lat="39.578514" lon="2.662649"/>
    <trkpt lat="39.578562" lon="2.662721"/>
    <trkpt lat="39.578709" lon="2.662948"/>
    <trkpt lat="39.578807" lon="2.663097"/>
    <trkpt lat="39.578827" lon="2.663128"/>
    <trkpt lat="39.578845" lon="2.663155"/>
    <trkpt lat="39.578929" lon="2.663283"/>
    <trkpt lat="39.578964" lon="2.663337"/>
    <trkpt lat="39.579217" lon="2.663721"/>
    <trkpt lat="39.579482" lon="2.664137"/>
    <trkpt lat="39.579732" lon="2.664516"/>
    <trkpt lat="39.579973" lon="2.664888"/>
    <trkpt lat="39.580216" lon="2.665259"/>
    <trkpt lat="39.580352" lon="2.665469"/>
    <trkpt lat="39.580373" lon="2.665501"/>
    <trkpt lat="39.580454" lon="2.665626"/>
    <trkpt lat="39.580484" lon="2.665671"/>
    <trkpt lat="39.580691" lon="2.665972"/>
    <trkpt lat="39.580716" lon="2.666005"/>
    <trkpt lat="39.580755" lon="2.666058"/>
    <trkpt lat="39.580809" lon="2.666129"/>
    <trkpt lat="39.581064" lon="2.666460"/>
    <trkpt lat="39.581379" lon="2.666876"/>
    <trkpt lat="39.581713" lon="2.667316"/>
    <trkpt lat="39.581734" lon="2.667344"/>
    <trkpt lat="39.581779" lon="2.667403"/>
    <trkpt lat="39.581825" lon="2.667469"/>
    <trkpt lat="39.582020" lon="2.667751"/>
    <trkpt lat="39.582080" lon="2.667841"/>
    <trkpt lat="39.582259" lon="2.668109"/>
    <trkpt lat="39.582433" lon="2.668367"/>
    <trkpt lat="39.582504" lon="2.668470"/>
    <trkpt lat="39.582737" lon="2.668815"/>
    <trkpt lat="39.582761" lon="2.668850"/>
    <trkpt lat="39.582810" lon="2.668923"/>
    <trkpt lat="39.582866" lon="2.669006"/>
    <trkpt lat="39.582980" lon="2.669172"/>
    <trkpt lat="39.583132" lon="2.669488"/>
    <trkpt lat="39.583188" lon="2.669575"/>
    <trkpt lat="39.583275" lon="2.669698"/>
    <trkpt lat="39.583430" lon="2.669934"/>
    <trkpt lat="39.583628" lon="2.670216"/>
    <trkpt lat="39.584084" lon="2.670866"/>
    <trkpt lat="39.584207" lon="2.670850"/>
    <trkpt lat="39.584241" lon="2.670836"/>
    <trkpt lat="39.584271" lon="2.670821"/>
    <trkpt lat="39.584291" lon="2.670808"/>
    <trkpt lat="39.584322" lon="2.670778"/>
    <trkpt lat="39.584368" lon="2.670716"/>
    <trkpt lat="39.584448" lon="2.670601"/>
    <trkpt lat="39.584702" lon="2.670143"/>
    <trkpt lat="39.584793" lon="2.669978"/>
    <trkpt lat="39.584979" lon="2.669653"/>
    <trkpt lat="39.585180" lon="2.669313"/>
    <trkpt lat="39.585427" lon="2.668930"/>
    <trkpt lat="39.585583" lon="2.668694"/>
    <trkpt lat="39.585642" lon="2.668506"/>
    <trkpt lat="39.586165" lon="2.667775"/>
    <trkpt lat="39.586612" lon="2.667126"/>
    <trkpt lat="39.586710" lon="2.667074"/>
    <trkpt lat="39.586835" lon="2.666944"/>
    <trkpt lat="39.586909" lon="2.666876"/>
    <trkpt lat="39.586986" lon="2.666846"/>
    <trkpt lat="39.587050" lon="2.666827"/>
    <trkpt lat="39.587107" lon="2.666815"/>
    <trkpt lat="39.587148" lon="2.666812"/>
    <trkpt lat="39.587185" lon="2.666811"/>
    <trkpt lat="39.587220" lon="2.666815"/>
    <trkpt lat="39.587261" lon="2.666824"/>
    <trkpt lat="39.587300" lon="2.666835"/>
    <trkpt lat="39.587339" lon="2.666850"/>
    <trkpt lat="39.587383" lon="2.666871"/>
    <trkpt lat="39.587426" lon="2.666896"/>
    <trkpt lat="39.587463" lon="2.666921"/>
    <trkpt lat="39.587499" lon="2.666953"/>
    <trkpt lat="39.587531" lon="2.666985"/>
    <trkpt lat="39.587561" lon="2.667023"/>
    <trkpt lat="39.587594" lon="2.667068"/>
    <trkpt lat="39.587624" lon="2.667114"/>
    <trkpt lat="39.587653" lon="2.667171"/>
    <trkpt lat="39.587678" lon="2.667230"/>
    <trkpt lat="39.587699" lon="2.667297"/>
    <trkpt lat="39.587714" lon="2.667360"/>
    <trkpt lat="39.587727" lon="2.667435"/>
    <trkpt lat="39.587762" lon="2.667832"/>
    <trkpt lat="39.587771" lon="2.667911"/>
    <trkpt lat="39.587778" lon="2.667972"/>
    <trkpt lat="39.587791" lon="2.668076"/>
    <trkpt lat="39.587812" lon="2.668211"/>
    <trkpt lat="39.587833" lon="2.668332"/>
    <trkpt lat="39.587858" lon="2.668468"/>
    <trkpt lat="39.587885" lon="2.668604"/>
    <trkpt lat="39.587913" lon="2.668737"/>
    <trkpt lat="39.587944" lon="2.668869"/>
    <trkpt lat="39.587983" lon="2.669007"/>
    <trkpt lat="39.588022" lon="2.669128"/>
    <trkpt lat="39.588070" lon="2.669255"/>
    <trkpt lat="39.588130" lon="2.669402"/>
    <trkpt lat="39.588197" lon="2.669551"/>
    <trkpt lat="39.588278" lon="2.669720"/>
    <trkpt lat="39.588351" lon="2.669862"/>
    <trkpt lat="39.588467" lon="2.670076"/>
    <trkpt lat="39.588632" lon="2.670356"/>
    <trkpt lat="39.588772" lon="2.670549"/>
    <trkpt lat="39.588944" lon="2.670762"/>
    <trkpt lat="39.589188" lon="2.671041"/>
    <trkpt lat="39.589320" lon="2.671224"/>
    <trkpt lat="39.589597" lon="2.671426"/>
    <trkpt lat="39.589804" lon="2.671587"/>
    <trkpt lat="39.590090" lon="2.671777"/>
    <trkpt lat="39.590627" lon="2.672016"/>
    <trkpt lat="39.590759" lon="2.672058"/>
    <trkpt lat="39.591061" lon="2.672117"/>
    <trkpt lat="39.591392" lon="2.672191"/>
    <trkpt lat="39.591712" lon="2.672261"/>
    <trkpt lat="39.592277" lon="2.672388"/>
    <trkpt lat="39.592569" lon="2.672452"/>
    <trkpt lat="39.592859" lon="2.672520"/>
    <trkpt lat="39.593145" lon="2.672591"/>
    <trkpt lat="39.593438" lon="2.672665"/>
    <trkpt lat="39.593743" lon="2.672750"/>
    <trkpt lat="39.594006" lon="2.672822"/>
    <trkpt lat="39.594289" lon="2.672905"/>
    <trkpt lat="39.594711" lon="2.673034"/>
    <trkpt lat="39.595028" lon="2.673132"/>
    <trkpt lat="39.595290" lon="2.673226"/>
    <trkpt lat="39.595570" lon="2.673332"/>
    <trkpt lat="39.595848" lon="2.673451"/>
    <trkpt lat="39.596127" lon="2.673570"/>
    <trkpt lat="39.596402" lon="2.673704"/>
    <trkpt lat="39.596671" lon="2.673849"/>
    <trkpt lat="39.596913" lon="2.673982"/>
    <trkpt lat="39.597209" lon="2.674154"/>
    <trkpt lat="39.597472" lon="2.674323"/>
    <trkpt lat="39.597729" lon="2.674495"/>
    <trkpt lat="39.597985" lon="2.674671"/>
    <trkpt lat="39.598243" lon="2.674865"/>
    <trkpt lat="39.598493" lon="2.675065"/>
    <trkpt lat="39.598724" lon="2.675254"/>
    <trkpt lat="39.599107" lon="2.675590"/>
    <trkpt lat="39.599340" lon="2.675805"/>
    <trkpt lat="39.599570" lon="2.676031"/>
    <trkpt lat="39.599806" lon="2.676272"/>
    <trkpt lat="39.600027" lon="2.676510"/>
    <trkpt lat="39.600249" lon="2.676758"/>
    <trkpt lat="39.600470" lon="2.677022"/>
    <trkpt lat="39.600682" lon="2.677274"/>
    <trkpt lat="39.600894" lon="2.677536"/>
    <trkpt lat="39.601102" lon="2.677804"/>
    <trkpt lat="39.601308" lon="2.678076"/>
    <trkpt lat="39.601504" lon="2.678349"/>
    <trkpt lat="39.601807" lon="2.678773"/>
    <trkpt lat="39.602097" lon="2.679200"/>
    <trkpt lat="39.602383" lon="2.679621"/>
    <trkpt lat="39.602653" lon="2.680026"/>
    <trkpt lat="39.602863" lon="2.680355"/>
    <trkpt lat="39.603134" lon="2.680795"/>
    <trkpt lat="39.603407" lon="2.681242"/>
    <trkpt lat="39.603592" lon="2.681538"/>
    <trkpt lat="39.603774" lon="2.681835"/>
    <trkpt lat="39.603955" lon="2.682134"/>
    <trkpt lat="39.604230" lon="2.682580"/>
    <trkpt lat="39.604501" lon="2.683022"/>
    <trkpt lat="39.604774" lon="2.683465"/>
    <trkpt lat="39.605074" lon="2.683949"/>
    <trkpt lat="39.605421" lon="2.684510"/>
    <trkpt lat="39.605601" lon="2.684804"/>
    <trkpt lat="39.605875" lon="2.685246"/>
    <trkpt lat="39.606053" lon="2.685540"/>
    <trkpt lat="39.606237" lon="2.685838"/>
    <trkpt lat="39.606792" lon="2.686737"/>
    <trkpt lat="39.607774" lon="2.688334"/>
    <trkpt lat="39.608702" lon="2.689842"/>
    <trkpt lat="39.609339" lon="2.690876"/>
    <trkpt lat="39.610158" lon="2.692207"/>
    <trkpt lat="39.611259" lon="2.693990"/>
    <trkpt lat="39.612724" lon="2.696372"/>
    <trkpt lat="39.613270" lon="2.697258"/>
    <trkpt lat="39.613756" lon="2.698046"/>
    <trkpt lat="39.614158" lon="2.698692"/>
    <trkpt lat="39.614999" lon="2.700053"/>
    <trkpt lat="39.616118" lon="2.701877"/>
    <trkpt lat="39.616635" lon="2.702712"/>
    <trkpt lat="39.616824" lon="2.703023"/>
    <trkpt lat="39.617732" lon="2.704467"/>
    <trkpt lat="39.618502" lon="2.705638"/>
    <trkpt lat="39.618714" lon="2.705953"/>
    <trkpt lat="39.618912" lon="2.706245"/>
    <trkpt lat="39.619118" lon="2.706540"/>
    <trkpt lat="39.619317" lon="2.706834"/>
    <trkpt lat="39.619521" lon="2.707122"/>
    <trkpt lat="39.619937" lon="2.707703"/>
    <trkpt lat="39.620252" lon="2.708138"/>
    <trkpt lat="39.620562" lon="2.708559"/>
    <trkpt lat="39.620875" lon="2.708975"/>
    <trkpt lat="39.621201" lon="2.709400"/>
    <trkpt lat="39.621523" lon="2.709816"/>
    <trkpt lat="39.621847" lon="2.710229"/>
    <trkpt lat="39.622176" lon="2.710644"/>
    <trkpt lat="39.622396" lon="2.710916"/>
    <trkpt lat="39.622615" lon="2.711189"/>
    <trkpt lat="39.622810" lon="2.711450"/>
    <trkpt lat="39.623401" lon="2.712128"/>
    <trkpt lat="39.623626" lon="2.712391"/>
    <trkpt lat="39.623849" lon="2.712655"/>
    <trkpt lat="39.624062" lon="2.712898"/>
    <trkpt lat="39.624563" lon="2.713457"/>
    <trkpt lat="39.624662" lon="2.713568"/>
    <trkpt lat="39.624890" lon="2.713819"/>
    <trkpt lat="39.625126" lon="2.714076"/>
    <trkpt lat="39.625360" lon="2.714330"/>
    <trkpt lat="39.625596" lon="2.714583"/>
    <trkpt lat="39.625830" lon="2.714846"/>
    <trkpt lat="39.626056" lon="2.715106"/>
    <trkpt lat="39.626339" lon="2.715442"/>
    <trkpt lat="39.626502" lon="2.715651"/>
    <trkpt lat="39.626719" lon="2.715935"/>
    <trkpt lat="39.626929" lon="2.716217"/>
    <trkpt lat="39.627140" lon="2.716509"/>
    <trkpt lat="39.627344" lon="2.716802"/>
    <trkpt lat="39.627544" lon="2.717096"/>
    <trkpt lat="39.627744" lon="2.717399"/>
    <trkpt lat="39.627931" lon="2.717707"/>
    <trkpt lat="39.628112" lon="2.718021"/>
    <trkpt lat="39.628284" lon="2.718353"/>
    <trkpt lat="39.628444" lon="2.718687"/>
    <trkpt lat="39.628592" lon="2.719029"/>
    <trkpt lat="39.628737" lon="2.719375"/>
    <trkpt lat="39.628870" lon="2.719728"/>
    <trkpt lat="39.628998" lon="2.720085"/>
    <trkpt lat="39.629117" lon="2.720450"/>
    <trkpt lat="39.629226" lon="2.720820"/>
    <trkpt lat="39.629325" lon="2.721184"/>
    <trkpt lat="39.629416" lon="2.721555"/>
    <trkpt lat="39.629495" lon="2.721937"/>
    <trkpt lat="39.629565" lon="2.722320"/>
    <trkpt lat="39.629709" lon="2.723291"/>
    <trkpt lat="39.629749" lon="2.723677"/>
    <trkpt lat="39.629780" lon="2.724068"/>
    <trkpt lat="39.629806" lon="2.724460"/>
    <trkpt lat="39.629831" lon="2.724859"/>
    <trkpt lat="39.629848" lon="2.725248"/>
    <trkpt lat="39.629860" lon="2.725644"/>
    <trkpt lat="39.629870" lon="2.726038"/>
    <trkpt lat="39.629873" lon="2.726433"/>
    <trkpt lat="39.629873" lon="2.726827"/>
    <trkpt lat="39.629873" lon="2.727418"/>
    <trkpt lat="39.629869" lon="2.727816"/>
    <trkpt lat="39.629865" lon="2.728408"/>
    <trkpt lat="39.629863" lon="2.729003"/>
    <trkpt lat="39.629859" lon="2.729594"/>
    <trkpt lat="39.629860" lon="2.730186"/>
    <trkpt lat="39.629850" lon="2.730788"/>
    <trkpt lat="39.629835" lon="2.731380"/>
    <trkpt lat="39.629831" lon="2.731970"/>
    <trkpt lat="39.629830" lon="2.732325"/>
    <trkpt lat="39.629820" lon="2.733588"/>
    <trkpt lat="39.629817" lon="2.733920"/>
    <trkpt lat="39.629815" lon="2.734150"/>
    <trkpt lat="39.629813" lon="2.734546"/>
    <trkpt lat="39.629811" lon="2.734947"/>
    <trkpt lat="39.629806" lon="2.735350"/>
    <trkpt lat="39.629800" lon="2.735953"/>
    <trkpt lat="39.629801" lon="2.736158"/>
    <trkpt lat="39.629805" lon="2.736342"/>
    <trkpt lat="39.629812" lon="2.736536"/>
    <trkpt lat="39.629823" lon="2.736768"/>
    <trkpt lat="39.629870" lon="2.737445"/>
    <trkpt lat="39.629903" lon="2.737860"/>
    <trkpt lat="39.629933" lon="2.738152"/>
    <trkpt lat="39.629961" lon="2.738397"/>
    <trkpt lat="39.629983" lon="2.738602"/>
    <trkpt lat="39.630019" lon="2.738896"/>
    <trkpt lat="39.630070" lon="2.739254"/>
    <trkpt lat="39.630104" lon="2.739458"/>
    <trkpt lat="39.630139" lon="2.739663"/>
    <trkpt lat="39.630173" lon="2.739857"/>
    <trkpt lat="39.630209" lon="2.740055"/>
    <trkpt lat="39.630298" lon="2.740481"/>
    <trkpt lat="39.630429" lon="2.741058"/>
    <trkpt lat="39.630679" lon="2.742001"/>
    <trkpt lat="39.630735" lon="2.742188"/>
    <trkpt lat="39.630791" lon="2.742376"/>
    <trkpt lat="39.630912" lon="2.742743"/>
    <trkpt lat="39.631036" lon="2.743107"/>
    <trkpt lat="39.631169" lon="2.743468"/>
    <trkpt lat="39.631304" lon="2.743820"/>
    <trkpt lat="39.631451" lon="2.744176"/>
    <trkpt lat="39.631545" lon="2.744395"/>
    <trkpt lat="39.631687" lon="2.744708"/>
    <trkpt lat="39.631935" lon="2.745225"/>
    <trkpt lat="39.632102" lon="2.745558"/>
    <trkpt lat="39.632189" lon="2.745726"/>
    <trkpt lat="39.632273" lon="2.745884"/>
    <trkpt lat="39.632458" lon="2.746216"/>
    <trkpt lat="39.632650" lon="2.746539"/>
    <trkpt lat="39.632840" lon="2.746846"/>
    <trkpt lat="39.633041" lon="2.747162"/>
    <trkpt lat="39.633144" lon="2.747320"/>
    <trkpt lat="39.633349" lon="2.747621"/>
    <trkpt lat="39.633555" lon="2.747907"/>
    <trkpt lat="39.633771" lon="2.748198"/>
    <trkpt lat="39.633848" lon="2.748289"/>
    <trkpt lat="39.634002" lon="2.748478"/>
    <trkpt lat="39.634232" lon="2.748758"/>
    <trkpt lat="39.634553" lon="2.749190"/>
    <trkpt lat="39.634874" lon="2.749624"/>
    <trkpt lat="39.635082" lon="2.749923"/>
    <trkpt lat="39.635288" lon="2.750237"/>
    <trkpt lat="39.635482" lon="2.750545"/>
    <trkpt lat="39.635669" lon="2.750869"/>
    <trkpt lat="39.635846" lon="2.751190"/>
    <trkpt lat="39.636024" lon="2.751531"/>
    <trkpt lat="39.636187" lon="2.751870"/>
    <trkpt lat="39.636345" lon="2.752214"/>
    <trkpt lat="39.636493" lon="2.752558"/>
    <trkpt lat="39.636638" lon="2.752923"/>
    <trkpt lat="39.636700" lon="2.753092"/>
    <trkpt lat="39.636772" lon="2.753288"/>
    <trkpt lat="39.636896" lon="2.753655"/>
    <trkpt lat="39.637012" lon="2.754024"/>
    <trkpt lat="39.637123" lon="2.754403"/>
    <trkpt lat="39.637225" lon="2.754782"/>
    <trkpt lat="39.637318" lon="2.755162"/>
    <trkpt lat="39.637399" lon="2.755546"/>
    <trkpt lat="39.637473" lon="2.755939"/>
    <trkpt lat="39.637539" lon="2.756327"/>
    <trkpt lat="39.637597" lon="2.756724"/>
    <trkpt lat="39.637645" lon="2.757116"/>
    <trkpt lat="39.637687" lon="2.757527"/>
    <trkpt lat="39.637717" lon="2.757918"/>
    <trkpt lat="39.637738" lon="2.758319"/>
    <trkpt lat="39.637743" lon="2.758444"/>
    <trkpt lat="39.637751" lon="2.758720"/>
    <trkpt lat="39.637756" lon="2.759123"/>
    <trkpt lat="39.637752" lon="2.759518"/>
    <trkpt lat="39.637738" lon="2.759926"/>
    <trkpt lat="39.637716" lon="2.760322"/>
    <trkpt lat="39.637683" lon="2.760724"/>
    <trkpt lat="39.637644" lon="2.761119"/>
    <trkpt lat="39.637595" lon="2.761521"/>
    <trkpt lat="39.637542" lon="2.761911"/>
    <trkpt lat="39.637483" lon="2.762308"/>
    <trkpt lat="39.637422" lon="2.762704"/>
    <trkpt lat="39.637360" lon="2.763095"/>
    <trkpt lat="39.637295" lon="2.763492"/>
    <trkpt lat="39.637230" lon="2.763888"/>
    <trkpt lat="39.637012" lon="2.765054"/>
    <trkpt lat="39.636957" lon="2.765419"/>
    <trkpt lat="39.636905" lon="2.765800"/>
    <trkpt lat="39.636862" lon="2.766136"/>
    <trkpt lat="39.636824" lon="2.766499"/>
    <trkpt lat="39.636803" lon="2.766715"/>
    <trkpt lat="39.636788" lon="2.766913"/>
    <trkpt lat="39.636775" lon="2.767106"/>
    <trkpt lat="39.636755" lon="2.767480"/>
    <trkpt lat="39.636741" lon="2.767858"/>
    <trkpt lat="39.636737" lon="2.768052"/>
    <trkpt lat="39.636740" lon="2.768419"/>
    <trkpt lat="39.636746" lon="2.768807"/>
    <trkpt lat="39.636752" lon="2.768995"/>
    <trkpt lat="39.636760" lon="2.769184"/>
    <trkpt lat="39.636770" lon="2.769373"/>
    <trkpt lat="39.636782" lon="2.769564"/>
    <trkpt lat="39.636797" lon="2.769760"/>
    <trkpt lat="39.636809" lon="2.769900"/>
    <trkpt lat="39.636827" lon="2.770080"/>
    <trkpt lat="39.636855" lon="2.770331"/>
    <trkpt lat="39.636877" lon="2.770509"/>
    <trkpt lat="39.636902" lon="2.770702"/>
    <trkpt lat="39.636926" lon="2.770883"/>
    <trkpt lat="39.636954" lon="2.771070"/>
    <trkpt lat="39.636985" lon="2.771253"/>
    <trkpt lat="39.637018" lon="2.771441"/>
    <trkpt lat="39.637052" lon="2.771625"/>
    <trkpt lat="39.637089" lon="2.771813"/>
    <trkpt lat="39.637131" lon="2.772008"/>
    <trkpt lat="39.637167" lon="2.772176"/>
    <trkpt lat="39.637209" lon="2.772360"/>
    <trkpt lat="39.637255" lon="2.772544"/>
    <trkpt lat="39.637303" lon="2.772733"/>
    <trkpt lat="39.637353" lon="2.772923"/>
    <trkpt lat="39.637407" lon="2.773114"/>
    <trkpt lat="39.637461" lon="2.773301"/>
    <trkpt lat="39.637518" lon="2.773487"/>
    <trkpt lat="39.637575" lon="2.773672"/>
    <trkpt lat="39.637636" lon="2.773859"/>
    <trkpt lat="39.637700" lon="2.774041"/>
    <trkpt lat="39.637766" lon="2.774225"/>
    <trkpt lat="39.637897" lon="2.774576"/>
    <trkpt lat="39.637972" lon="2.774768"/>
    <trkpt lat="39.638117" lon="2.775123"/>
    <trkpt lat="39.638190" lon="2.775294"/>
    <trkpt lat="39.638602" lon="2.776227"/>
    <trkpt lat="39.638810" lon="2.776681"/>
    <trkpt lat="39.638968" lon="2.777026"/>
    <trkpt lat="39.639126" lon="2.777376"/>
    <trkpt lat="39.639283" lon="2.777715"/>
    <trkpt lat="39.639443" lon="2.778067"/>
    <trkpt lat="39.639598" lon="2.778408"/>
    <trkpt lat="39.639755" lon="2.778751"/>
    <trkpt lat="39.639929" lon="2.779141"/>
    <trkpt lat="39.640508" lon="2.780404"/>
    <trkpt lat="39.640692" lon="2.780808"/>
    <trkpt lat="39.641251" lon="2.782044"/>
    <trkpt lat="39.641484" lon="2.782551"/>
    <trkpt lat="39.641644" lon="2.782899"/>
    <trkpt lat="39.641802" lon="2.783245"/>
    <trkpt lat="39.641963" lon="2.783592"/>
    <trkpt lat="39.642124" lon="2.783936"/>
    <trkpt lat="39.642289" lon="2.784279"/>
    <trkpt lat="39.642454" lon="2.784617"/>
    <trkpt lat="39.642622" lon="2.784956"/>
    <trkpt lat="39.642788" lon="2.785288"/>
    <trkpt lat="39.642960" lon="2.785630"/>
    <trkpt lat="39.643133" lon="2.785964"/>
    <trkpt lat="39.643308" lon="2.786297"/>
    <trkpt lat="39.643486" lon="2.786630"/>
    <trkpt lat="39.643661" lon="2.786954"/>
    <trkpt lat="39.643842" lon="2.787283"/>
    <trkpt lat="39.644022" lon="2.787609"/>
    <trkpt lat="39.644207" lon="2.787936"/>
    <trkpt lat="39.644394" lon="2.788262"/>
    <trkpt lat="39.644581" lon="2.788583"/>
    <trkpt lat="39.644768" lon="2.788904"/>
    <trkpt lat="39.644955" lon="2.789214"/>
    <trkpt lat="39.645062" lon="2.789391"/>
    <trkpt lat="39.645248" lon="2.789695"/>
    <trkpt lat="39.645463" lon="2.790041"/>
    <trkpt lat="39.645634" lon="2.790311"/>
    <trkpt lat="39.645836" lon="2.790627"/>
    <trkpt lat="39.646033" lon="2.790935"/>
    <trkpt lat="39.646235" lon="2.791242"/>
    <trkpt lat="39.646433" lon="2.791543"/>
    <trkpt lat="39.646640" lon="2.791850"/>
    <trkpt lat="39.646847" lon="2.792151"/>
    <trkpt lat="39.647049" lon="2.792444"/>
    <trkpt lat="39.647261" lon="2.792744"/>
    <trkpt lat="39.647472" lon="2.793040"/>
    <trkpt lat="39.647680" lon="2.793331"/>
    <trkpt lat="39.647896" lon="2.793627"/>
    <trkpt lat="39.648112" lon="2.793919"/>
    <trkpt lat="39.648326" lon="2.794204"/>
    <trkpt lat="39.648548" lon="2.794493"/>
    <trkpt lat="39.648766" lon="2.794776"/>
    <trkpt lat="39.648985" lon="2.795055"/>
    <trkpt lat="39.649203" lon="2.795331"/>
    <trkpt lat="39.649433" lon="2.795614"/>
    <trkpt lat="39.649657" lon="2.795888"/>
    <trkpt lat="39.649885" lon="2.796165"/>
    <trkpt lat="39.650110" lon="2.796434"/>
    <trkpt lat="39.650344" lon="2.796712"/>
    <trkpt lat="39.650467" lon="2.796852"/>
    <trkpt lat="39.650587" lon="2.796990"/>
    <trkpt lat="39.650806" lon="2.797241"/>
    <trkpt lat="39.651046" lon="2.797512"/>
    <trkpt lat="39.651266" lon="2.797758"/>
    <trkpt lat="39.651463" lon="2.797976"/>
    <trkpt lat="39.651714" lon="2.798251"/>
    <trkpt lat="39.651888" lon="2.798438"/>
    <trkpt lat="39.652358" lon="2.798965"/>
    <trkpt lat="39.653044" lon="2.799697"/>
    <trkpt lat="39.653562" lon="2.800277"/>
    <trkpt lat="39.654182" lon="2.800935"/>
    <trkpt lat="39.654405" lon="2.801178"/>
    <trkpt lat="39.654637" lon="2.801431"/>
    <trkpt lat="39.654856" lon="2.801672"/>
    <trkpt lat="39.655078" lon="2.801913"/>
    <trkpt lat="39.656299" lon="2.803284"/>
    <trkpt lat="39.656514" lon="2.803538"/>
    <trkpt lat="39.656733" lon="2.803797"/>
    <trkpt lat="39.657029" lon="2.804148"/>
    <trkpt lat="39.657405" lon="2.804630"/>
    <trkpt lat="39.657894" lon="2.805269"/>
    <trkpt lat="39.658054" lon="2.805470"/>
    <trkpt lat="39.658381" lon="2.805921"/>
    <trkpt lat="39.658667" lon="2.806313"/>
    <trkpt lat="39.659165" lon="2.807027"/>
    <trkpt lat="39.659544" lon="2.807599"/>
    <trkpt lat="39.659841" lon="2.808051"/>
    <trkpt lat="39.660373" lon="2.808898"/>
    <trkpt lat="39.661065" lon="2.810067"/>
    <trkpt lat="39.662587" lon="2.812774"/>
    <trkpt lat="39.663210" lon="2.813901"/>
    <trkpt lat="39.664122" lon="2.815526"/>
    <trkpt lat="39.664825" lon="2.816781"/>
    <trkpt lat="39.666260" lon="2.819344"/>
    <trkpt lat="39.666832" lon="2.820366"/>
    <trkpt lat="39.667361" lon="2.821315"/>
    <trkpt lat="39.667582" lon="2.821716"/>
    <trkpt lat="39.668256" lon="2.822937"/>
    <trkpt lat="39.668901" lon="2.824110"/>
    <trkpt lat="39.669122" lon="2.824498"/>
    <trkpt lat="39.669308" lon="2.824839"/>
    <trkpt lat="39.669838" lon="2.825810"/>
    <trkpt lat="39.670979" lon="2.827830"/>
    <trkpt lat="39.671102" lon="2.828059"/>
    <trkpt lat="39.671707" lon="2.829145"/>
    <trkpt lat="39.672034" lon="2.829737"/>
    <trkpt lat="39.672358" lon="2.830370"/>
    <trkpt lat="39.672734" lon="2.831115"/>
    <trkpt lat="39.673364" lon="2.832455"/>
    <trkpt lat="39.674006" lon="2.833931"/>
    <trkpt lat="39.674270" lon="2.834581"/>
    <trkpt lat="39.674881" lon="2.836086"/>
    <trkpt lat="39.675788" lon="2.838326"/>
    <trkpt lat="39.676399" lon="2.839835"/>
    <trkpt lat="39.676985" lon="2.841285"/>
    <trkpt lat="39.678169" lon="2.844194"/>
    <trkpt lat="39.678456" lon="2.844899"/>
    <trkpt lat="39.678835" lon="2.845832"/>
    <trkpt lat="39.679466" lon="2.847398"/>
    <trkpt lat="39.680002" lon="2.848725"/>
    <trkpt lat="39.680601" lon="2.850195"/>
    <trkpt lat="39.681328" lon="2.851994"/>
    <trkpt lat="39.682129" lon="2.853891"/>
    <trkpt lat="39.682544" lon="2.854809"/>
    <trkpt lat="39.682725" lon="2.855179"/>
    <trkpt lat="39.682870" lon="2.855477"/>
    <trkpt lat="39.683169" lon="2.856036"/>
    <trkpt lat="39.683527" lon="2.856662"/>
    <trkpt lat="39.684041" lon="2.857480"/>
    <trkpt lat="39.684509" lon="2.858136"/>
    <trkpt lat="39.685184" lon="2.858983"/>
    <trkpt lat="39.685574" lon="2.859426"/>
    <trkpt lat="39.686050" lon="2.859927"/>
    <trkpt lat="39.686829" lon="2.860752"/>
    <trkpt lat="39.687279" lon="2.861249"/>
    <trkpt lat="39.687637" lon="2.861671"/>
    <trkpt lat="39.688237" lon="2.862457"/>
    <trkpt lat="39.688739" lon="2.863205"/>
    <trkpt lat="39.688795" lon="2.863289"/>
    <trkpt lat="39.688964" lon="2.863559"/>
    <trkpt lat="39.689134" lon="2.863850"/>
    <trkpt lat="39.689573" lon="2.864644"/>
    <trkpt lat="39.689879" lon="2.865231"/>
    <trkpt lat="39.690140" lon="2.865837"/>
    <trkpt lat="39.690314" lon="2.866257"/>
    <trkpt lat="39.690519" lon="2.866750"/>
    <trkpt lat="39.690755" lon="2.867432"/>
    <trkpt lat="39.690913" lon="2.867953"/>
    <trkpt lat="39.691033" lon="2.868367"/>
    <trkpt lat="39.691273" lon="2.869260"/>
    <trkpt lat="39.691519" lon="2.870198"/>
    <trkpt lat="39.691664" lon="2.870755"/>
    <trkpt lat="39.691818" lon="2.871306"/>
    <trkpt lat="39.691998" lon="2.871892"/>
    <trkpt lat="39.692182" lon="2.872441"/>
    <trkpt lat="39.692379" lon="2.872979"/>
    <trkpt lat="39.692522" lon="2.873368"/>
    <trkpt lat="39.692722" lon="2.873819"/>
    <trkpt lat="39.692865" lon="2.874134"/>
    <trkpt lat="39.693004" lon="2.874423"/>
    <trkpt lat="39.693181" lon="2.874790"/>
    <trkpt lat="39.693343" lon="2.875103"/>
    <trkpt lat="39.693519" lon="2.875434"/>
    <trkpt lat="39.693681" lon="2.875735"/>
    <trkpt lat="39.693850" lon="2.876046"/>
    <trkpt lat="39.694022" lon="2.876363"/>
    <trkpt lat="39.694192" lon="2.876675"/>
    <trkpt lat="39.694442" lon="2.877132"/>
    <trkpt lat="39.695558" lon="2.879204"/>
    <trkpt lat="39.695950" lon="2.879927"/>
    <trkpt lat="39.695997" lon="2.880013"/>
    <trkpt lat="39.697233" lon="2.882291"/>
    <trkpt lat="39.697645" lon="2.883070"/>
    <trkpt lat="39.697830" lon="2.883432"/>
    <trkpt lat="39.698278" lon="2.884350"/>
    <trkpt lat="39.698537" lon="2.884876"/>
    <trkpt lat="39.698818" lon="2.885484"/>
    <trkpt lat="39.699044" lon="2.885975"/>
    <trkpt lat="39.699212" lon="2.886352"/>
    <trkpt lat="39.699509" lon="2.887021"/>
    <trkpt lat="39.700047" lon="2.888315"/>
    <trkpt lat="39.700607" lon="2.889719"/>
    <trkpt lat="39.701120" lon="2.891023"/>
    <trkpt lat="39.701524" lon="2.892042"/>
    <trkpt lat="39.702083" lon="2.893451"/>
    <trkpt lat="39.702870" lon="2.895431"/>
    <trkpt lat="39.703127" lon="2.896070"/>
    <trkpt lat="39.703262" lon="2.896411"/>
    <trkpt lat="39.703464" lon="2.896922"/>
    <trkpt lat="39.703666" lon="2.897430"/>
    <trkpt lat="39.703867" lon="2.897939"/>
    <trkpt lat="39.704331" lon="2.899109"/>
    <trkpt lat="39.704738" lon="2.900135"/>
    <trkpt lat="39.704970" lon="2.900720"/>
    <trkpt lat="39.705110" lon="2.901075"/>
    <trkpt lat="39.705250" lon="2.901429"/>
    <trkpt lat="39.705387" lon="2.901773"/>
    <trkpt lat="39.705528" lon="2.902130"/>
    <trkpt lat="39.705598" lon="2.902307"/>
    <trkpt lat="39.705804" lon="2.902829"/>
    <trkpt lat="39.705946" lon="2.903187"/>
    <trkpt lat="39.706083" lon="2.903534"/>
    <trkpt lat="39.706202" lon="2.903836"/>
    <trkpt lat="39.706288" lon="2.904054"/>
    <trkpt lat="39.706497" lon="2.904580"/>
    <trkpt lat="39.706640" lon="2.904941"/>
    <trkpt lat="39.706776" lon="2.905284"/>
    <trkpt lat="39.706917" lon="2.905641"/>
    <trkpt lat="39.707054" lon="2.905985"/>
    <trkpt lat="39.707193" lon="2.906339"/>
    <trkpt lat="39.707332" lon="2.906690"/>
    <trkpt lat="39.707474" lon="2.907047"/>
    <trkpt lat="39.707682" lon="2.907573"/>
    <trkpt lat="39.707886" lon="2.908090"/>
    <trkpt lat="39.708098" lon="2.908625"/>
    <trkpt lat="39.708234" lon="2.908970"/>
    <trkpt lat="39.708374" lon="2.909326"/>
    <trkpt lat="39.708496" lon="2.909641"/>
    <trkpt lat="39.708651" lon="2.910024"/>
    <trkpt lat="39.708790" lon="2.910377"/>
    <trkpt lat="39.708929" lon="2.910728"/>
    <trkpt lat="39.709068" lon="2.911079"/>
    <trkpt lat="39.709206" lon="2.911427"/>
    <trkpt lat="39.709346" lon="2.911784"/>
    <trkpt lat="39.709486" lon="2.912137"/>
    <trkpt lat="39.709624" lon="2.912486"/>
    <trkpt lat="39.709764" lon="2.912837"/>
    <trkpt lat="39.709904" lon="2.913189"/>
    <trkpt lat="39.710040" lon="2.913536"/>
    <trkpt lat="39.710183" lon="2.913891"/>
    <trkpt lat="39.710323" lon="2.914248"/>
    <trkpt lat="39.710597" lon="2.914947"/>
    <trkpt lat="39.710735" lon="2.915295"/>
    <trkpt lat="39.710878" lon="2.915656"/>
    <trkpt lat="39.711084" lon="2.916176"/>
    <trkpt lat="39.711223" lon="2.916522"/>
    <trkpt lat="39.711362" lon="2.916869"/>
    <trkpt lat="39.711504" lon="2.917217"/>
    <trkpt lat="39.711647" lon="2.917562"/>
    <trkpt lat="39.712026" lon="2.918437"/>
    <trkpt lat="39.712059" lon="2.918639"/>
    <trkpt lat="39.712255" lon="2.919110"/>
    <trkpt lat="39.712446" lon="2.919554"/>
    <trkpt lat="39.712614" lon="2.919906"/>
    <trkpt lat="39.712752" lon="2.920169"/>
    <trkpt lat="39.712951" lon="2.920527"/>
    <trkpt lat="39.713243" lon="2.921041"/>
    <trkpt lat="39.713313" lon="2.921169"/>
    <trkpt lat="39.713342" lon="2.921235"/>
    <trkpt lat="39.713370" lon="2.921314"/>
    <trkpt lat="39.713388" lon="2.921391"/>
    <trkpt lat="39.713400" lon="2.921457"/>
    <trkpt lat="39.713408" lon="2.921518"/>
    <trkpt lat="39.713410" lon="2.921587"/>
    <trkpt lat="39.713409" lon="2.921664"/>
    <trkpt lat="39.713393" lon="2.921762"/>
    <trkpt lat="39.713368" lon="2.921883"/>
    <trkpt lat="39.713350" lon="2.921940"/>
    <trkpt lat="39.713338" lon="2.922010"/>
    <trkpt lat="39.713334" lon="2.922060"/>
    <trkpt lat="39.713331" lon="2.922119"/>
    <trkpt lat="39.713334" lon="2.922185"/>
    <trkpt lat="39.713343" lon="2.922247"/>
    <trkpt lat="39.713359" lon="2.922316"/>
    <trkpt lat="39.713383" lon="2.922389"/>
    <trkpt lat="39.713406" lon="2.922436"/>
    <trkpt lat="39.713437" lon="2.922489"/>
    <trkpt lat="39.713466" lon="2.922527"/>
    <trkpt lat="39.713497" lon="2.922563"/>
    <trkpt lat="39.713526" lon="2.922589"/>
    <trkpt lat="39.713581" lon="2.922620"/>
    <trkpt lat="39.713626" lon="2.922640"/>
    <trkpt lat="39.713689" lon="2.922654"/>
    <trkpt lat="39.713785" lon="2.922653"/>
    <trkpt lat="39.713841" lon="2.922642"/>
    <trkpt lat="39.713918" lon="2.922599"/>
    <trkpt lat="39.713981" lon="2.922549"/>
    <trkpt lat="39.714043" lon="2.922484"/>
    <trkpt lat="39.714503" lon="2.921979"/>
    <trkpt lat="39.714533" lon="2.921930"/>
    <trkpt lat="39.714582" lon="2.921854"/>
    <trkpt lat="39.714609" lon="2.921793"/>
    <trkpt lat="39.714629" lon="2.921728"/>
    <trkpt lat="39.714639" lon="2.921667"/>
    <trkpt lat="39.714644" lon="2.921610"/>
    <trkpt lat="39.714646" lon="2.921552"/>
    <trkpt lat="39.714635" lon="2.921454"/>
    <trkpt lat="39.714623" lon="2.921391"/>
    <trkpt lat="39.714607" lon="2.921331"/>
    <trkpt lat="39.714578" lon="2.921217"/>
    <trkpt lat="39.714567" lon="2.921161"/>
    <trkpt lat="39.714565" lon="2.921111"/>
    <trkpt lat="39.714566" lon="2.921061"/>
    <trkpt lat="39.714571" lon="2.921016"/>
    <trkpt lat="39.714583" lon="2.920961"/>
    <trkpt lat="39.714649" lon="2.920697"/>
    <trkpt lat="39.714660" lon="2.920659"/>
    <trkpt lat="39.714807" lon="2.920158"/>
    <trkpt lat="39.714951" lon="2.919720"/>
    <trkpt lat="39.714984" lon="2.919659"/>
    <trkpt lat="39.715036" lon="2.919602"/>
    <trkpt lat="39.715087" lon="2.919557"/>
    <trkpt lat="39.715113" lon="2.919552"/>
    <trkpt lat="39.715153" lon="2.919531"/>
    <trkpt lat="39.715184" lon="2.919504"/>
    <trkpt lat="39.715211" lon="2.919462"/>
    <trkpt lat="39.715231" lon="2.919414"/>
    <trkpt lat="39.715240" lon="2.919363"/>
    <trkpt lat="39.715240" lon="2.919325"/>
    <trkpt lat="39.715234" lon="2.919282"/>
    <trkpt lat="39.715224" lon="2.919232"/>
    <trkpt lat="39.715205" lon="2.919186"/>
    <trkpt lat="39.715188" lon="2.919071"/>
    <trkpt lat="39.715185" lon="2.918992"/>
    <trkpt lat="39.715195" lon="2.918913"/>
    <trkpt lat="39.715550" lon="2.917745"/>
    <trkpt lat="39.715658" lon="2.917389"/>
    <trkpt lat="39.715789" lon="2.916948"/>
    <trkpt lat="39.715940" lon="2.916516"/>
    <trkpt lat="39.716089" lon="2.916116"/>
    <trkpt lat="39.716129" lon="2.916009"/>
    <trkpt lat="39.716192" lon="2.915825"/>
    <trkpt lat="39.716236" lon="2.915707"/>
    <trkpt lat="39.716282" lon="2.915577"/>
    <trkpt lat="39.716321" lon="2.915520"/>
    <trkpt lat="39.716336" lon="2.915497"/>
    <trkpt lat="39.716373" lon="2.915449"/>
    <trkpt lat="39.716432" lon="2.915403"/>
    <trkpt lat="39.716452" lon="2.915401"/>
    <trkpt lat="39.716473" lon="2.915395"/>
    <trkpt lat="39.716492" lon="2.915386"/>
    <trkpt lat="39.716531" lon="2.915353"/>
    <trkpt lat="39.716558" lon="2.915310"/>
    <trkpt lat="39.716575" lon="2.915258"/>
    <trkpt lat="39.716580" lon="2.915202"/>
    <trkpt lat="39.716578" lon="2.915171"/>
    <trkpt lat="39.716571" lon="2.915142"/>
    <trkpt lat="39.716563" lon="2.915118"/>
    <trkpt lat="39.716553" lon="2.915095"/>
    <trkpt lat="39.716561" lon="2.915045"/>
    <trkpt lat="39.716579" lon="2.914987"/>
    <trkpt lat="39.716608" lon="2.914926"/>
    <trkpt lat="39.716639" lon="2.914855"/>
    <trkpt lat="39.716815" lon="2.914400"/>
    <trkpt lat="39.717046" lon="2.913798"/>
    <trkpt lat="39.717079" lon="2.913711"/>
    <trkpt lat="39.717136" lon="2.913561"/>
    <trkpt lat="39.717353" lon="2.912989"/>
    <trkpt lat="39.717534" lon="2.912536"/>
    <trkpt lat="39.717575" lon="2.912432"/>
    <trkpt lat="39.717635" lon="2.912283"/>
    <trkpt lat="39.717977" lon="2.911518"/>
    <trkpt lat="39.718079" lon="2.911299"/>
    <trkpt lat="39.719058" lon="2.911364"/>
    <trkpt lat="39.719261" lon="2.911550"/>
    <trkpt lat="39.719562" lon="2.911821"/>
    <trkpt lat="39.719923" lon="2.911246"/>
    <trkpt lat="39.720035" lon="2.911051"/>
    <trkpt lat="39.720337" lon="2.911355"/>
    <trkpt lat="39.720555" lon="2.911219"/>
    <trkpt lat="39.720671" lon="2.911317"/>
    <trkpt lat="39.720712" lon="2.911331"/>
    <trkpt lat="39.720832" lon="2.911443"/>
    <trkpt lat="39.720749" lon="2.911539"/>
    <trkpt lat="39.720550" lon="2.911769"/>
    <trkpt lat="39.720704" lon="2.911960"/>
    <trkpt lat="39.720496" lon="2.912168"/>
    <trkpt lat="39.719997" lon="2.912562"/>
    <trkpt lat="39.720020" lon="2.912677"/>
    <trkpt lat="39.720041" lon="2.912768"/>
    <trkpt lat="39.719923" lon="2.913202"/>
    <trkpt lat="39.719644" lon="2.913332"/>
    <trkpt lat="39.718983" lon="2.913686"/>
    <trkpt lat="39.718790" lon="2.913784"/>
    <trkpt lat="39.718428" lon="2.913978"/>
    <trkpt lat="39.718168" lon="2.914155"/>
    <trkpt lat="39.717942" lon="2.914274"/>
    <trkpt lat="39.717634" lon="2.914908"/>
    <trkpt lat="39.717373" lon="2.915637"/>
    <trkpt lat="39.717250" lon="2.915562"/>
    <trkpt lat="39.717010" lon="2.915417"/>
    <trkpt lat="39.716941" lon="2.915375"/>
    <trkpt lat="39.716799" lon="2.915290"/>
    <trkpt lat="39.716700" lon="2.915230"/>
    <trkpt lat="39.716657" lon="2.915191"/>
    <trkpt lat="39.716619" lon="2.915165"/>
    <trkpt lat="39.716571" lon="2.915142"/>
    <trkpt lat="39.716563" lon="2.915118"/>
    <trkpt lat="39.716553" lon="2.915095"/>
    <trkpt lat="39.716533" lon="2.915067"/>
    <trkpt lat="39.716510" lon="2.915044"/>
    <trkpt lat="39.716484" lon="2.915027"/>
    <trkpt lat="39.716456" lon="2.915017"/>
    <trkpt lat="39.716427" lon="2.915014"/>
    <trkpt lat="39.716409" lon="2.915016"/>
    <trkpt lat="39.716391" lon="2.915020"/>
    <trkpt lat="39.716358" lon="2.915038"/>
    <trkpt lat="39.716334" lon="2.915060"/>
    <trkpt lat="39.716314" lon="2.915087"/>
    <trkpt lat="39.716298" lon="2.915118"/>
    <trkpt lat="39.716287" lon="2.915153"/>
    <trkpt lat="39.716281" lon="2.915190"/>
    <trkpt lat="39.716281" lon="2.915217"/>
    <trkpt lat="39.716283" lon="2.915243"/>
    <trkpt lat="39.716288" lon="2.915269"/>
    <trkpt lat="39.716297" lon="2.915297"/>
    <trkpt lat="39.716302" lon="2.915308"/>
    <trkpt lat="39.716297" lon="2.915340"/>
    <trkpt lat="39.716295" lon="2.915370"/>
    <trkpt lat="39.716293" lon="2.915413"/>
    <trkpt lat="39.716289" lon="2.915469"/>
    <trkpt lat="39.716285" lon="2.915520"/>
    <trkpt lat="39.716282" lon="2.915577"/>
    <trkpt lat="39.716236" lon="2.915707"/>
    <trkpt lat="39.716192" lon="2.915825"/>
    <trkpt lat="39.716129" lon="2.916009"/>
    <trkpt lat="39.716089" lon="2.916116"/>
    <trkpt lat="39.715940" lon="2.916516"/>
    <trkpt lat="39.715789" lon="2.916948"/>
    <trkpt lat="39.715658" lon="2.917389"/>
    <trkpt lat="39.715550" lon="2.917745"/>
    <trkpt lat="39.715195" lon="2.918913"/>
    <trkpt lat="39.715155" lon="2.918987"/>
    <trkpt lat="39.715111" lon="2.919039"/>
    <trkpt lat="39.715050" lon="2.919097"/>
    <trkpt lat="39.715010" lon="2.919106"/>
    <trkpt lat="39.714966" lon="2.919138"/>
    <trkpt lat="39.714922" lon="2.919189"/>
    <trkpt lat="39.714894" lon="2.919255"/>
    <trkpt lat="39.714884" lon="2.919329"/>
    <trkpt lat="39.714893" lon="2.919404"/>
    <trkpt lat="39.714916" lon="2.919465"/>
    <trkpt lat="39.714938" lon="2.919535"/>
    <trkpt lat="39.714949" lon="2.919594"/>
    <trkpt lat="39.714955" lon="2.919653"/>
    <trkpt lat="39.714951" lon="2.919720"/>
    <trkpt lat="39.714807" lon="2.920158"/>
    <trkpt lat="39.714660" lon="2.920659"/>
    <trkpt lat="39.714649" lon="2.920697"/>
    <trkpt lat="39.714514" lon="2.920906"/>
    <trkpt lat="39.714484" lon="2.920938"/>
    <trkpt lat="39.714442" lon="2.920974"/>
    <trkpt lat="39.714395" lon="2.921000"/>
    <trkpt lat="39.714334" lon="2.921020"/>
    <trkpt lat="39.714252" lon="2.921030"/>
    <trkpt lat="39.714194" lon="2.921032"/>
    <trkpt lat="39.714114" lon="2.921056"/>
    <trkpt lat="39.714049" lon="2.921087"/>
    <trkpt lat="39.713992" lon="2.921132"/>
    <trkpt lat="39.713935" lon="2.921184"/>
    <trkpt lat="39.713505" lon="2.921668"/>
    <trkpt lat="39.713460" lon="2.921726"/>
    <trkpt lat="39.713421" lon="2.921781"/>
    <trkpt lat="39.713395" lon="2.921825"/>
    <trkpt lat="39.713368" lon="2.921883"/>
    <trkpt lat="39.713350" lon="2.921940"/>
    <trkpt lat="39.713338" lon="2.922010"/>
    <trkpt lat="39.713334" lon="2.922060"/>
    <trkpt lat="39.713331" lon="2.922119"/>
    <trkpt lat="39.713334" lon="2.922185"/>
    <trkpt lat="39.713343" lon="2.922247"/>
    <trkpt lat="39.713359" lon="2.922316"/>
    <trkpt lat="39.713383" lon="2.922389"/>
    <trkpt lat="39.713406" lon="2.922436"/>
    <trkpt lat="39.713437" lon="2.922489"/>
    <trkpt lat="39.713466" lon="2.922527"/>
    <trkpt lat="39.713497" lon="2.922563"/>
    <trkpt lat="39.713526" lon="2.922589"/>
    <trkpt lat="39.713581" lon="2.922620"/>
    <trkpt lat="39.713626" lon="2.922640"/>
    <trkpt lat="39.713689" lon="2.922654"/>
    <trkpt lat="39.713785" lon="2.922653"/>
    <trkpt lat="39.713841" lon="2.922642"/>
    <trkpt lat="39.713924" lon="2.922649"/>
    <trkpt lat="39.713988" lon="2.922666"/>
    <trkpt lat="39.714034" lon="2.922693"/>
    <trkpt lat="39.714080" lon="2.922724"/>
    <trkpt lat="39.714128" lon="2.922765"/>
    <trkpt lat="39.714197" lon="2.922841"/>
    <trkpt lat="39.714648" lon="2.923352"/>
    <trkpt lat="39.714967" lon="2.923691"/>
    <trkpt lat="39.715304" lon="2.924025"/>
    <trkpt lat="39.715818" lon="2.924522"/>
    <trkpt lat="39.716000" lon="2.924707"/>
    <trkpt lat="39.716134" lon="2.924767"/>
    <trkpt lat="39.716926" lon="2.925570"/>
    <trkpt lat="39.717238" lon="2.925865"/>
    <trkpt lat="39.717542" lon="2.926138"/>
    <trkpt lat="39.717668" lon="2.926250"/>
    <trkpt lat="39.717921" lon="2.926465"/>
    <trkpt lat="39.718179" lon="2.926675"/>
    <trkpt lat="39.718437" lon="2.926881"/>
    <trkpt lat="39.718570" lon="2.926980"/>
    <trkpt lat="39.718839" lon="2.927182"/>
    <trkpt lat="39.718965" lon="2.927273"/>
    <trkpt lat="39.719101" lon="2.927369"/>
    <trkpt lat="39.719234" lon="2.927462"/>
    <trkpt lat="39.719367" lon="2.927554"/>
    <trkpt lat="39.719636" lon="2.927734"/>
    <trkpt lat="39.719776" lon="2.927824"/>
    <trkpt lat="39.720045" lon="2.927997"/>
    <trkpt lat="39.720183" lon="2.928082"/>
    <trkpt lat="39.720464" lon="2.928254"/>
    <trkpt lat="39.720734" lon="2.928421"/>
    <trkpt lat="39.721000" lon="2.928580"/>
    <trkpt lat="39.721282" lon="2.928747"/>
    <trkpt lat="39.721557" lon="2.928912"/>
    <trkpt lat="39.721962" lon="2.929152"/>
    <trkpt lat="39.722248" lon="2.929323"/>
    <trkpt lat="39.722382" lon="2.929405"/>
    <trkpt lat="39.722515" lon="2.929486"/>
    <trkpt lat="39.722799" lon="2.929661"/>
    <trkpt lat="39.722992" lon="2.929776"/>
    <trkpt lat="39.723340" lon="2.929994"/>
    <trkpt lat="39.723615" lon="2.930167"/>
    <trkpt lat="39.723886" lon="2.930339"/>
    <trkpt lat="39.724151" lon="2.930509"/>
    <trkpt lat="39.724421" lon="2.930682"/>
    <trkpt lat="39.724692" lon="2.930858"/>
    <trkpt lat="39.724970" lon="2.931040"/>
    <trkpt lat="39.725245" lon="2.931221"/>
    <trkpt lat="39.725504" lon="2.931393"/>
    <trkpt lat="39.725758" lon="2.931563"/>
    <trkpt lat="39.726039" lon="2.931755"/>
    <trkpt lat="39.726308" lon="2.931939"/>
    <trkpt lat="39.726578" lon="2.932124"/>
    <trkpt lat="39.726737" lon="2.932234"/>
    <trkpt lat="39.726985" lon="2.932405"/>
    <trkpt lat="39.727250" lon="2.932593"/>
    <trkpt lat="39.727516" lon="2.932783"/>
    <trkpt lat="39.727775" lon="2.932964"/>
    <trkpt lat="39.728044" lon="2.933159"/>
    <trkpt lat="39.728311" lon="2.933353"/>
    <trkpt lat="39.728580" lon="2.933549"/>
    <trkpt lat="39.728709" lon="2.933643"/>
    <trkpt lat="39.728986" lon="2.933850"/>
    <trkpt lat="39.729259" lon="2.934052"/>
    <trkpt lat="39.729543" lon="2.934265"/>
    <trkpt lat="39.729684" lon="2.934370"/>
    <trkpt lat="39.729960" lon="2.934583"/>
    <trkpt lat="39.730240" lon="2.934799"/>
    <trkpt lat="39.730374" lon="2.934908"/>
    <trkpt lat="39.730515" lon="2.935021"/>
    <trkpt lat="39.730650" lon="2.935133"/>
    <trkpt lat="39.730786" lon="2.935247"/>
    <trkpt lat="39.730921" lon="2.935362"/>
    <trkpt lat="39.731058" lon="2.935479"/>
    <trkpt lat="39.731313" lon="2.935709"/>
    <trkpt lat="39.731454" lon="2.935840"/>
    <trkpt lat="39.731708" lon="2.936080"/>
    <trkpt lat="39.731968" lon="2.936334"/>
    <trkpt lat="39.732215" lon="2.936589"/>
    <trkpt lat="39.732338" lon="2.936717"/>
    <trkpt lat="39.732584" lon="2.936982"/>
    <trkpt lat="39.732711" lon="2.937122"/>
    <trkpt lat="39.732958" lon="2.937401"/>
    <trkpt lat="39.733139" lon="2.937613"/>
    <trkpt lat="39.733370" lon="2.937886"/>
    <trkpt lat="39.733594" lon="2.938154"/>
    <trkpt lat="39.733821" lon="2.938427"/>
    <trkpt lat="39.734049" lon="2.938704"/>
    <trkpt lat="39.734281" lon="2.938985"/>
    <trkpt lat="39.734502" lon="2.939251"/>
    <trkpt lat="39.734738" lon="2.939535"/>
    <trkpt lat="39.734862" lon="2.939686"/>
    <trkpt lat="39.735079" lon="2.939947"/>
    <trkpt lat="39.735303" lon="2.940218"/>
    <trkpt lat="39.735530" lon="2.940492"/>
    <trkpt lat="39.735759" lon="2.940770"/>
    <trkpt lat="39.735987" lon="2.941044"/>
    <trkpt lat="39.736218" lon="2.941320"/>
    <trkpt lat="39.736762" lon="2.941991"/>
    <trkpt lat="39.737561" lon="2.942947"/>
    <trkpt lat="39.737809" lon="2.943246"/>
    <trkpt lat="39.738034" lon="2.943520"/>
    <trkpt lat="39.738265" lon="2.943799"/>
    <trkpt lat="39.738490" lon="2.944070"/>
    <trkpt lat="39.738717" lon="2.944343"/>
    <trkpt lat="39.738944" lon="2.944618"/>
    <trkpt lat="39.739169" lon="2.944891"/>
    <trkpt lat="39.739287" lon="2.945033"/>
    <trkpt lat="39.739397" lon="2.945167"/>
    <trkpt lat="39.739512" lon="2.945305"/>
    <trkpt lat="39.739625" lon="2.945443"/>
    <trkpt lat="39.739740" lon="2.945581"/>
    <trkpt lat="39.739854" lon="2.945719"/>
    <trkpt lat="39.740079" lon="2.945991"/>
    <trkpt lat="39.740308" lon="2.946266"/>
    <trkpt lat="39.740534" lon="2.946539"/>
    <trkpt lat="39.740761" lon="2.946814"/>
    <trkpt lat="39.740984" lon="2.947083"/>
    <trkpt lat="39.741214" lon="2.947361"/>
    <trkpt lat="39.741439" lon="2.947634"/>
    <trkpt lat="39.741666" lon="2.947908"/>
    <trkpt lat="39.741895" lon="2.948186"/>
    <trkpt lat="39.742121" lon="2.948458"/>
    <trkpt lat="39.742348" lon="2.948732"/>
    <trkpt lat="39.742575" lon="2.949007"/>
    <trkpt lat="39.742802" lon="2.949282"/>
    <trkpt lat="39.743028" lon="2.949556"/>
    <trkpt lat="39.743253" lon="2.949826"/>
    <trkpt lat="39.743485" lon="2.950106"/>
    <trkpt lat="39.743710" lon="2.950380"/>
    <trkpt lat="39.743821" lon="2.950514"/>
    <trkpt lat="39.744049" lon="2.950789"/>
    <trkpt lat="39.744275" lon="2.951063"/>
    <trkpt lat="39.744501" lon="2.951334"/>
    <trkpt lat="39.744725" lon="2.951607"/>
    <trkpt lat="39.744960" lon="2.951890"/>
    <trkpt lat="39.745182" lon="2.952158"/>
    <trkpt lat="39.745410" lon="2.952435"/>
    <trkpt lat="39.745637" lon="2.952709"/>
    <trkpt lat="39.745866" lon="2.952987"/>
    <trkpt lat="39.746090" lon="2.953255"/>
    <trkpt lat="39.746316" lon="2.953529"/>
    <trkpt lat="39.746549" lon="2.953811"/>
    <trkpt lat="39.746770" lon="2.954079"/>
    <trkpt lat="39.746997" lon="2.954353"/>
    <trkpt lat="39.747226" lon="2.954630"/>
    <trkpt lat="39.747452" lon="2.954904"/>
    <trkpt lat="39.747672" lon="2.955169"/>
    <trkpt lat="39.747903" lon="2.955449"/>
    <trkpt lat="39.748132" lon="2.955727"/>
    <trkpt lat="39.748362" lon="2.956004"/>
    <trkpt lat="39.748587" lon="2.956276"/>
    <trkpt lat="39.748813" lon="2.956550"/>
    <trkpt lat="39.749042" lon="2.956826"/>
    <trkpt lat="39.749274" lon="2.957106"/>
    <trkpt lat="39.749388" lon="2.957242"/>
    <trkpt lat="39.749616" lon="2.957515"/>
    <trkpt lat="39.749845" lon="2.957784"/>
    <trkpt lat="39.750076" lon="2.958050"/>
    <trkpt lat="39.750196" lon="2.958186"/>
    <trkpt lat="39.750422" lon="2.958435"/>
    <trkpt lat="39.750553" lon="2.958575"/>
    <trkpt lat="39.750659" lon="2.958685"/>
    <trkpt lat="39.750795" lon="2.958829"/>
    <trkpt lat="39.751042" lon="2.959079"/>
    <trkpt lat="39.751217" lon="2.959251"/>
    <trkpt lat="39.751409" lon="2.959435"/>
    <trkpt lat="39.751664" lon="2.959671"/>
    <trkpt lat="39.751920" lon="2.959905"/>
    <trkpt lat="39.752178" lon="2.960123"/>
    <trkpt lat="39.752440" lon="2.960340"/>
    <trkpt lat="39.752704" lon="2.960553"/>
    <trkpt lat="39.752838" lon="2.960656"/>
    <trkpt lat="39.753109" lon="2.960861"/>
    <trkpt lat="39.753237" lon="2.960954"/>
    <trkpt lat="39.753382" lon="2.961054"/>
    <trkpt lat="39.753504" lon="2.961142"/>
    <trkpt lat="39.753639" lon="2.961236"/>
    <trkpt lat="39.753783" lon="2.961333"/>
    <trkpt lat="39.753924" lon="2.961424"/>
    <trkpt lat="39.754054" lon="2.961510"/>
    <trkpt lat="39.754198" lon="2.961601"/>
    <trkpt lat="39.754335" lon="2.961687"/>
    <trkpt lat="39.754480" lon="2.961774"/>
    <trkpt lat="39.754621" lon="2.961859"/>
    <trkpt lat="39.754898" lon="2.962014"/>
    <trkpt lat="39.755309" lon="2.962240"/>
    <trkpt lat="39.755458" lon="2.962317"/>
    <trkpt lat="39.755614" lon="2.962394"/>
    <trkpt lat="39.755761" lon="2.962468"/>
    <trkpt lat="39.755902" lon="2.962536"/>
    <trkpt lat="39.756196" lon="2.962670"/>
    <trkpt lat="39.756346" lon="2.962737"/>
    <trkpt lat="39.756490" lon="2.962797"/>
    <trkpt lat="39.756921" lon="2.962968"/>
    <trkpt lat="39.757229" lon="2.963083"/>
    <trkpt lat="39.757551" lon="2.963194"/>
    <trkpt lat="39.757884" lon="2.963307"/>
    <trkpt lat="39.758131" lon="2.963379"/>
    <trkpt lat="39.758448" lon="2.963478"/>
    <trkpt lat="39.759038" lon="2.963650"/>
    <trkpt lat="39.759350" lon="2.963741"/>
    <trkpt lat="39.759442" lon="2.963768"/>
    <trkpt lat="39.759649" lon="2.963828"/>
    <trkpt lat="39.759951" lon="2.963924"/>
    <trkpt lat="39.760250" lon="2.964026"/>
    <trkpt lat="39.760547" lon="2.964139"/>
    <trkpt lat="39.760692" lon="2.964200"/>
    <trkpt lat="39.760844" lon="2.964267"/>
    <trkpt lat="39.760989" lon="2.964335"/>
    <trkpt lat="39.761135" lon="2.964408"/>
    <trkpt lat="39.761284" lon="2.964485"/>
    <trkpt lat="39.761420" lon="2.964559"/>
    <trkpt lat="39.761563" lon="2.964642"/>
    <trkpt lat="39.761699" lon="2.964722"/>
    <trkpt lat="39.761839" lon="2.964810"/>
    <trkpt lat="39.761978" lon="2.964901"/>
    <trkpt lat="39.762114" lon="2.964994"/>
    <trkpt lat="39.762253" lon="2.965094"/>
    <trkpt lat="39.762395" lon="2.965198"/>
    <trkpt lat="39.762523" lon="2.965299"/>
    <trkpt lat="39.762652" lon="2.965403"/>
    <trkpt lat="39.762786" lon="2.965514"/>
    <trkpt lat="39.762917" lon="2.965628"/>
    <trkpt lat="39.763038" lon="2.965737"/>
    <trkpt lat="39.763162" lon="2.965853"/>
    <trkpt lat="39.763281" lon="2.965970"/>
    <trkpt lat="39.763411" lon="2.966100"/>
    <trkpt lat="39.763530" lon="2.966224"/>
    <trkpt lat="39.763651" lon="2.966356"/>
    <trkpt lat="39.763765" lon="2.966482"/>
    <trkpt lat="39.763881" lon="2.966617"/>
    <trkpt lat="39.763994" lon="2.966751"/>
    <trkpt lat="39.764109" lon="2.966894"/>
    <trkpt lat="39.764219" lon="2.967035"/>
    <trkpt lat="39.764322" lon="2.967171"/>
    <trkpt lat="39.764436" lon="2.967329"/>
    <trkpt lat="39.764533" lon="2.967470"/>
    <trkpt lat="39.764636" lon="2.967621"/>
    <trkpt lat="39.764739" lon="2.967778"/>
    <trkpt lat="39.764830" lon="2.967923"/>
    <trkpt lat="39.764924" lon="2.968079"/>
    <trkpt lat="39.765021" lon="2.968241"/>
    <trkpt lat="39.765116" lon="2.968409"/>
    <trkpt lat="39.765207" lon="2.968574"/>
    <trkpt lat="39.765295" lon="2.968742"/>
    <trkpt lat="39.765380" lon="2.968907"/>
    <trkpt lat="39.765462" lon="2.969071"/>
    <trkpt lat="39.765544" lon="2.969237"/>
    <trkpt lat="39.765626" lon="2.969408"/>
    <trkpt lat="39.765707" lon="2.969579"/>
    <trkpt lat="39.765868" lon="2.969920"/>
    <trkpt lat="39.765950" lon="2.970096"/>
    <trkpt lat="39.766029" lon="2.970264"/>
    <trkpt lat="39.766112" lon="2.970437"/>
    <trkpt lat="39.766218" lon="2.970658"/>
    <trkpt lat="39.766356" lon="2.970947"/>
    <trkpt lat="39.766440" lon="2.971118"/>
    <trkpt lat="39.766525" lon="2.971289"/>
    <trkpt lat="39.766611" lon="2.971455"/>
    <trkpt lat="39.766697" lon="2.971622"/>
    <trkpt lat="39.766785" lon="2.971787"/>
    <trkpt lat="39.766871" lon="2.971948"/>
    <trkpt lat="39.766964" lon="2.972113"/>
    <trkpt lat="39.767046" lon="2.972260"/>
    <trkpt lat="39.767139" lon="2.972420"/>
    <trkpt lat="39.767241" lon="2.972590"/>
    <trkpt lat="39.767338" lon="2.972750"/>
    <trkpt lat="39.767435" lon="2.972906"/>
    <trkpt lat="39.767536" lon="2.973064"/>
    <trkpt lat="39.767624" lon="2.973198"/>
    <trkpt lat="39.767735" lon="2.973363"/>
    <trkpt lat="39.767943" lon="2.973667"/>
    <trkpt lat="39.768049" lon="2.973813"/>
    <trkpt lat="39.768264" lon="2.974103"/>
    <trkpt lat="39.768375" lon="2.974248"/>
    <trkpt lat="39.768479" lon="2.974380"/>
    <trkpt lat="39.768595" lon="2.974527"/>
    <trkpt lat="39.768982" lon="2.975002"/>
    <trkpt lat="39.769260" lon="2.975345"/>
    <trkpt lat="39.769487" lon="2.975622"/>
    <trkpt lat="39.769727" lon="2.975929"/>
    <trkpt lat="39.769821" lon="2.976054"/>
    <trkpt lat="39.769902" lon="2.976162"/>
    <trkpt lat="39.770029" lon="2.976339"/>
    <trkpt lat="39.770142" lon="2.976512"/>
    <trkpt lat="39.770277" lon="2.976721"/>
    <trkpt lat="39.770374" lon="2.976887"/>
    <trkpt lat="39.770462" lon="2.977044"/>
    <trkpt lat="39.770555" lon="2.977217"/>
    <trkpt lat="39.770646" lon="2.977395"/>
    <trkpt lat="39.770723" lon="2.977557"/>
    <trkpt lat="39.770804" lon="2.977736"/>
    <trkpt lat="39.770880" lon="2.977914"/>
    <trkpt lat="39.770951" lon="2.978091"/>
    <trkpt lat="39.771019" lon="2.978274"/>
    <trkpt lat="39.771085" lon="2.978456"/>
    <trkpt lat="39.771144" lon="2.978637"/>
    <trkpt lat="39.771203" lon="2.978826"/>
    <trkpt lat="39.771257" lon="2.979017"/>
    <trkpt lat="39.771307" lon="2.979206"/>
    <trkpt lat="39.771354" lon="2.979401"/>
    <trkpt lat="39.771398" lon="2.979595"/>
    <trkpt lat="39.771467" lon="2.979933"/>
    <trkpt lat="39.771515" lon="2.980191"/>
    <trkpt lat="39.771551" lon="2.980390"/>
    <trkpt lat="39.771618" lon="2.980777"/>
    <trkpt lat="39.771689" lon="2.981180"/>
    <trkpt lat="39.771726" lon="2.981386"/>
    <trkpt lat="39.771763" lon="2.981577"/>
    <trkpt lat="39.771804" lon="2.981784"/>
    <trkpt lat="39.771845" lon="2.981976"/>
    <trkpt lat="39.771892" lon="2.982173"/>
    <trkpt lat="39.771938" lon="2.982365"/>
    <trkpt lat="39.771989" lon="2.982561"/>
    <trkpt lat="39.772044" lon="2.982754"/>
    <trkpt lat="39.772100" lon="2.982939"/>
    <trkpt lat="39.772161" lon="2.983130"/>
    <trkpt lat="39.772224" lon="2.983313"/>
    <trkpt lat="39.772292" lon="2.983504"/>
    <trkpt lat="39.772361" lon="2.983684"/>
    <trkpt lat="39.772435" lon="2.983868"/>
    <trkpt lat="39.772512" lon="2.984049"/>
    <trkpt lat="39.772590" lon="2.984225"/>
    <trkpt lat="39.772669" lon="2.984396"/>
    <trkpt lat="39.772753" lon="2.984567"/>
    <trkpt lat="39.772842" lon="2.984739"/>
    <trkpt lat="39.772935" lon="2.984911"/>
    <trkpt lat="39.773026" lon="2.985071"/>
    <trkpt lat="39.773121" lon="2.985234"/>
    <trkpt lat="39.773215" lon="2.985388"/>
    <trkpt lat="39.773319" lon="2.985552"/>
    <trkpt lat="39.773425" lon="2.985714"/>
    <trkpt lat="39.773622" lon="2.986010"/>
    <trkpt lat="39.773827" lon="2.986312"/>
    <trkpt lat="39.773928" lon="2.986461"/>
    <trkpt lat="39.774134" lon="2.986763"/>
    <trkpt lat="39.774244" lon="2.986922"/>
    <trkpt lat="39.774443" lon="2.987215"/>
    <trkpt lat="39.774651" lon="2.987518"/>
    <trkpt lat="39.774752" lon="2.987667"/>
    <trkpt lat="39.774855" lon="2.987818"/>
    <trkpt lat="39.774952" lon="2.987961"/>
    <trkpt lat="39.775158" lon="2.988261"/>
    <trkpt lat="39.775366" lon="2.988566"/>
    <trkpt lat="39.775569" lon="2.988863"/>
    <trkpt lat="39.775777" lon="2.989167"/>
    <trkpt lat="39.775976" lon="2.989460"/>
    <trkpt lat="39.776184" lon="2.989763"/>
    <trkpt lat="39.776305" lon="2.989941"/>
    <trkpt lat="39.776388" lon="2.990063"/>
    <trkpt lat="39.776593" lon="2.990363"/>
    <trkpt lat="39.776801" lon="2.990667"/>
    <trkpt lat="39.777004" lon="2.990966"/>
    <trkpt lat="39.777212" lon="2.991268"/>
    <trkpt lat="39.777334" lon="2.991449"/>
    <trkpt lat="39.777527" lon="2.991731"/>
    <trkpt lat="39.777736" lon="2.992036"/>
    <trkpt lat="39.777950" lon="2.992351"/>
    <trkpt lat="39.778157" lon="2.992654"/>
    <trkpt lat="39.778369" lon="2.992965"/>
    <trkpt lat="39.778582" lon="2.993275"/>
    <trkpt lat="39.778819" lon="2.993623"/>
    <trkpt lat="39.779134" lon="2.994084"/>
    <trkpt lat="39.779359" lon="2.994415"/>
    <trkpt lat="39.779969" lon="2.995309"/>
    <trkpt lat="39.780485" lon="2.996063"/>
    <trkpt lat="39.780897" lon="2.996666"/>
    <trkpt lat="39.781101" lon="2.996966"/>
    <trkpt lat="39.781308" lon="2.997268"/>
    <trkpt lat="39.781618" lon="2.997723"/>
    <trkpt lat="39.781827" lon="2.998029"/>
    <trkpt lat="39.782134" lon="2.998478"/>
    <trkpt lat="39.782375" lon="2.998831"/>
    <trkpt lat="39.783057" lon="2.999831"/>
    <trkpt lat="39.783509" lon="3.000493"/>
    <trkpt lat="39.783630" lon="3.000671"/>
    <trkpt lat="39.783771" lon="3.000876"/>
    <trkpt lat="39.783880" lon="3.001034"/>
    <trkpt lat="39.783981" lon="3.001182"/>
    <trkpt lat="39.784085" lon="3.001339"/>
    <trkpt lat="39.784187" lon="3.001492"/>
    <trkpt lat="39.784283" lon="3.001642"/>
    <trkpt lat="39.784381" lon="3.001798"/>
    <trkpt lat="39.784475" lon="3.001951"/>
    <trkpt lat="39.784575" lon="3.002120"/>
    <trkpt lat="39.784667" lon="3.002281"/>
    <trkpt lat="39.784755" lon="3.002442"/>
    <trkpt lat="39.784841" lon="3.002605"/>
    <trkpt lat="39.784930" lon="3.002779"/>
    <trkpt lat="39.785014" lon="3.002949"/>
    <trkpt lat="39.785095" lon="3.003122"/>
    <trkpt lat="39.785177" lon="3.003302"/>
    <trkpt lat="39.785400" lon="3.003836"/>
    <trkpt lat="39.785468" lon="3.004016"/>
    <trkpt lat="39.785600" lon="3.004383"/>
    <trkpt lat="39.785719" lon="3.004735"/>
    <trkpt lat="39.785841" lon="3.005111"/>
    <trkpt lat="39.785962" lon="3.005487"/>
    <trkpt lat="39.786082" lon="3.005862"/>
    <trkpt lat="39.786200" lon="3.006224"/>
    <trkpt lat="39.786320" lon="3.006598"/>
    <trkpt lat="39.786443" lon="3.006982"/>
    <trkpt lat="39.786559" lon="3.007341"/>
    <trkpt lat="39.786677" lon="3.007708"/>
    <trkpt lat="39.786799" lon="3.008085"/>
    <trkpt lat="39.786917" lon="3.008453"/>
    <trkpt lat="39.786992" lon="3.008686"/>
    <trkpt lat="39.787035" lon="3.008821"/>
    <trkpt lat="39.787153" lon="3.009184"/>
    <trkpt lat="39.787275" lon="3.009560"/>
    <trkpt lat="39.787337" lon="3.009748"/>
    <trkpt lat="39.787398" lon="3.009932"/>
    <trkpt lat="39.787463" lon="3.010123"/>
    <trkpt lat="39.787526" lon="3.010301"/>
    <trkpt lat="39.787594" lon="3.010482"/>
    <trkpt lat="39.787664" lon="3.010665"/>
    <trkpt lat="39.787734" lon="3.010836"/>
    <trkpt lat="39.787806" lon="3.011007"/>
    <trkpt lat="39.787885" lon="3.011189"/>
    <trkpt lat="39.787963" lon="3.011361"/>
    <trkpt lat="39.788044" lon="3.011534"/>
    <trkpt lat="39.788127" lon="3.011702"/>
    <trkpt lat="39.788298" lon="3.012034"/>
    <trkpt lat="39.788389" lon="3.012199"/>
    <trkpt lat="39.788481" lon="3.012360"/>
    <trkpt lat="39.788667" lon="3.012678"/>
    <trkpt lat="39.788858" lon="3.012994"/>
    <trkpt lat="39.788953" lon="3.013149"/>
    <trkpt lat="39.789051" lon="3.013311"/>
    <trkpt lat="39.789147" lon="3.013468"/>
    <trkpt lat="39.789241" lon="3.013623"/>
    <trkpt lat="39.789433" lon="3.013936"/>
    <trkpt lat="39.789626" lon="3.014253"/>
    <trkpt lat="39.790111" lon="3.015046"/>
    <trkpt lat="39.790983" lon="3.016471"/>
    <trkpt lat="39.791168" lon="3.016776"/>
    <trkpt lat="39.791514" lon="3.017439"/>
    <trkpt lat="39.791912" lon="3.018111"/>
    <trkpt lat="39.792320" lon="3.018839"/>
    <trkpt lat="39.793130" lon="3.020205"/>
    <trkpt lat="39.793205" lon="3.020328"/>
    <trkpt lat="39.793512" lon="3.020828"/>
    <trkpt lat="39.793544" lon="3.020890"/>
    <trkpt lat="39.793571" lon="3.020951"/>
    <trkpt lat="39.793592" lon="3.021012"/>
    <trkpt lat="39.793603" lon="3.021067"/>
    <trkpt lat="39.793606" lon="3.021115"/>
    <trkpt lat="39.793607" lon="3.021179"/>
    <trkpt lat="39.793603" lon="3.021244"/>
    <trkpt lat="39.793607" lon="3.021315"/>
    <trkpt lat="39.793614" lon="3.021383"/>
    <trkpt lat="39.793632" lon="3.021447"/>
    <trkpt lat="39.793669" lon="3.021540"/>
    <trkpt lat="39.793705" lon="3.021604"/>
    <trkpt lat="39.793754" lon="3.021668"/>
    <trkpt lat="39.793814" lon="3.021721"/>
    <trkpt lat="39.793862" lon="3.021752"/>
    <trkpt lat="39.793914" lon="3.021774"/>
    <trkpt lat="39.793966" lon="3.021790"/>
    <trkpt lat="39.794025" lon="3.021793"/>
    <trkpt lat="39.794081" lon="3.021789"/>
    <trkpt lat="39.794121" lon="3.021777"/>
    <trkpt lat="39.794191" lon="3.021744"/>
    <trkpt lat="39.794254" lon="3.021701"/>
    <trkpt lat="39.794301" lon="3.021654"/>
    <trkpt lat="39.794344" lon="3.021593"/>
    <trkpt lat="39.794381" lon="3.021524"/>
    <trkpt lat="39.794407" lon="3.021457"/>
    <trkpt lat="39.794425" lon="3.021381"/>
    <trkpt lat="39.794437" lon="3.021302"/>
    <trkpt lat="39.794440" lon="3.021246"/>
    <trkpt lat="39.794437" lon="3.021191"/>
    <trkpt lat="39.794448" lon="3.020995"/>
    <trkpt lat="39.794455" lon="3.020950"/>
    <trkpt lat="39.794470" lon="3.020902"/>
    <trkpt lat="39.794491" lon="3.020866"/>
    <trkpt lat="39.794518" lon="3.020835"/>
    <trkpt lat="39.794551" lon="3.020813"/>
    <trkpt lat="39.794603" lon="3.020787"/>
    <trkpt lat="39.794655" lon="3.020764"/>
    <trkpt lat="39.794752" lon="3.020711"/>
    <trkpt lat="39.794810" lon="3.020703"/>
    <trkpt lat="39.794879" lon="3.020699"/>
    <trkpt lat="39.794939" lon="3.020700"/>
    <trkpt lat="39.794994" lon="3.020706"/>
    <trkpt lat="39.795055" lon="3.020717"/>
    <trkpt lat="39.795118" lon="3.020731"/>
    <trkpt lat="39.795186" lon="3.020754"/>
    <trkpt lat="39.795345" lon="3.020828"/>
    <trkpt lat="39.795436" lon="3.020873"/>
    <trkpt lat="39.795548" lon="3.020928"/>
    <trkpt lat="39.795624" lon="3.020987"/>
    <trkpt lat="39.795745" lon="3.021032"/>
    <trkpt lat="39.795795" lon="3.021048"/>
    <trkpt lat="39.795832" lon="3.021058"/>
    <trkpt lat="39.795870" lon="3.021066"/>
    <trkpt lat="39.795921" lon="3.021073"/>
    <trkpt lat="39.795970" lon="3.021078"/>
    <trkpt lat="39.796043" lon="3.021077"/>
    <trkpt lat="39.796106" lon="3.021071"/>
    <trkpt lat="39.796196" lon="3.021063"/>
    <trkpt lat="39.796313" lon="3.021045"/>
    <trkpt lat="39.796530" lon="3.021008"/>
    <trkpt lat="39.796590" lon="3.021000"/>
    <trkpt lat="39.796922" lon="3.020941"/>
    <trkpt lat="39.796995" lon="3.020910"/>
    <trkpt lat="39.797469" lon="3.020826"/>
    <trkpt lat="39.798060" lon="3.020726"/>
    <trkpt lat="39.798371" lon="3.020675"/>
    <trkpt lat="39.798649" lon="3.020629"/>
    <trkpt lat="39.799444" lon="3.020490"/>
    <trkpt lat="39.799830" lon="3.020430"/>
    <trkpt lat="39.800242" lon="3.020366"/>
    <trkpt lat="39.800676" lon="3.020356"/>
    <trkpt lat="39.801082" lon="3.020386"/>
    <trkpt lat="39.801346" lon="3.020446"/>
    <trkpt lat="39.801605" lon="3.020523"/>
    <trkpt lat="39.801825" lon="3.020617"/>
    <trkpt lat="39.802119" lon="3.020768"/>
    <trkpt lat="39.802145" lon="3.020779"/>
    <trkpt lat="39.802287" lon="3.020870"/>
    <trkpt lat="39.802326" lon="3.020896"/>
    <trkpt lat="39.802517" lon="3.021018"/>
    <trkpt lat="39.802678" lon="3.021103"/>
    <trkpt lat="39.802720" lon="3.021125"/>
    <trkpt lat="39.803040" lon="3.021331"/>
    <trkpt lat="39.803236" lon="3.021457"/>
    <trkpt lat="39.803367" lon="3.021542"/>
    <trkpt lat="39.804160" lon="3.022075"/>
    <trkpt lat="39.804698" lon="3.022421"/>
    <trkpt lat="39.806668" lon="3.023734"/>
    <trkpt lat="39.806762" lon="3.023809"/>
    <trkpt lat="39.807210" lon="3.024090"/>
    <trkpt lat="39.808893" lon="3.025158"/>
    <trkpt lat="39.809174" lon="3.025337"/>
    <trkpt lat="39.809737" lon="3.025657"/>
    <trkpt lat="39.810572" lon="3.025900"/>
    <trkpt lat="39.811218" lon="3.026004"/>
    <trkpt lat="39.811861" lon="3.026124"/>
    <trkpt lat="39.813478" lon="3.026425"/>
    <trkpt lat="39.813899" lon="3.026495"/>
    <trkpt lat="39.816140" lon="3.026760"/>
    <trkpt lat="39.816752" lon="3.026789"/>
    <trkpt lat="39.816846" lon="3.026793"/>
    <trkpt lat="39.818777" lon="3.027105"/>
    <trkpt lat="39.819089" lon="3.027155"/>
    <trkpt lat="39.819405" lon="3.027205"/>
    <trkpt lat="39.820043" lon="3.027359"/>
    <trkpt lat="39.823167" lon="3.028339"/>
    <trkpt lat="39.824266" lon="3.028560"/>
    <trkpt lat="39.825752" lon="3.028745"/>
    <trkpt lat="39.827100" lon="3.028814"/>
    <trkpt lat="39.827565" lon="3.028842"/>
    <trkpt lat="39.828316" lon="3.028891"/>
    <trkpt lat="39.829218" lon="3.028946"/>
    <trkpt lat="39.830978" lon="3.029065"/>
    <trkpt lat="39.832664" lon="3.029152"/>
    <trkpt lat="39.832992" lon="3.029196"/>
    <trkpt lat="39.833812" lon="3.029249"/>
    <trkpt lat="39.833901" lon="3.029258"/>
    <trkpt lat="39.833924" lon="3.029260"/>
    <trkpt lat="39.834857" lon="3.029289"/>
    <trkpt lat="39.836030" lon="3.029364"/>
    <trkpt lat="39.836902" lon="3.029423"/>
    <trkpt lat="39.837318" lon="3.029450"/>
    <trkpt lat="39.837618" lon="3.029462"/>
    <trkpt lat="39.837922" lon="3.029464"/>
    <trkpt lat="39.839367" lon="3.029329"/>
    <trkpt lat="39.839858" lon="3.029279"/>
    <trkpt lat="39.840188" lon="3.029281"/>
    <trkpt lat="39.840457" lon="3.029314"/>
    <trkpt lat="39.840864" lon="3.029432"/>
    <trkpt lat="39.841348" lon="3.029635"/>
    <trkpt lat="39.842953" lon="3.030315"/>
    <trkpt lat="39.843822" lon="3.030694"/>
    <trkpt lat="39.844232" lon="3.030927"/>
    <trkpt lat="39.844583" lon="3.031209"/>
    <trkpt lat="39.845355" lon="3.031861"/>
    <trkpt lat="39.845807" lon="3.032272"/>
    <trkpt lat="39.846546" lon="3.032835"/>
    <trkpt lat="39.846873" lon="3.033022"/>
    <trkpt lat="39.847187" lon="3.033147"/>
    <trkpt lat="39.847498" lon="3.033236"/>
    <trkpt lat="39.847706" lon="3.033282"/>
    <trkpt lat="39.848378" lon="3.033371"/>
    <trkpt lat="39.849189" lon="3.033420"/>
    <trkpt lat="39.849472" lon="3.033437"/>
    <trkpt lat="39.849920" lon="3.033481"/>
    <trkpt lat="39.850217" lon="3.033537"/>
    <trkpt lat="39.850622" lon="3.033674"/>
    <trkpt lat="39.850945" lon="3.033843"/>
    <trkpt lat="39.851225" lon="3.034005"/>
    <trkpt lat="39.851567" lon="3.034184"/>
    <trkpt lat="39.851836" lon="3.034288"/>
    <trkpt lat="39.852093" lon="3.034359"/>
    <trkpt lat="39.852309" lon="3.034403"/>
    <trkpt lat="39.852526" lon="3.034401"/>
    <trkpt lat="39.852669" lon="3.034374"/>
    <trkpt lat="39.852901" lon="3.034314"/>
    <trkpt lat="39.853095" lon="3.034233"/>
    <trkpt lat="39.853306" lon="3.034096"/>
    <trkpt lat="39.853548" lon="3.033886"/>
    <trkpt lat="39.853809" lon="3.033587"/>
    <trkpt lat="39.854258" lon="3.033115"/>
    <trkpt lat="39.855023" lon="3.032286"/>
    <trkpt lat="39.855500" lon="3.031768"/>
    <trkpt lat="39.855863" lon="3.031374"/>
    <trkpt lat="39.856118" lon="3.031050"/>
    <trkpt lat="39.856446" lon="3.030593"/>
    <trkpt lat="39.856993" lon="3.029722"/>
    <trkpt lat="39.857364" lon="3.029125"/>
    <trkpt lat="39.857944" lon="3.028304"/>
    <trkpt lat="39.858626" lon="3.027402"/>
    <trkpt lat="39.859010" lon="3.026872"/>
    <trkpt lat="39.859515" lon="3.026189"/>
    <trkpt lat="39.860307" lon="3.025114"/>
    <trkpt lat="39.860364" lon="3.025036"/>
    <trkpt lat="39.860607" lon="3.024700"/>
    <trkpt lat="39.860826" lon="3.024397"/>
    <trkpt lat="39.860974" lon="3.024202"/>
    <trkpt lat="39.861072" lon="3.024052"/>
    <trkpt lat="39.861132" lon="3.023960"/>
    <trkpt lat="39.861342" lon="3.023640"/>
    <trkpt lat="39.861525" lon="3.023304"/>
    <trkpt lat="39.861597" lon="3.023143"/>
    <trkpt lat="39.861775" lon="3.022696"/>
    <trkpt lat="39.861943" lon="3.022217"/>
    <trkpt lat="39.862023" lon="3.021998"/>
    <trkpt lat="39.862855" lon="3.019699"/>
    <trkpt lat="39.862911" lon="3.019534"/>
    <trkpt lat="39.862937" lon="3.019459"/>
    <trkpt lat="39.863177" lon="3.018786"/>
    <trkpt lat="39.863315" lon="3.018403"/>
    <trkpt lat="39.863501" lon="3.017929"/>
    <trkpt lat="39.863645" lon="3.017585"/>
    <trkpt lat="39.863892" lon="3.017105"/>
    <trkpt lat="39.864066" lon="3.016861"/>
    <trkpt lat="39.864397" lon="3.016350"/>
    <trkpt lat="39.864788" lon="3.015748"/>
    <trkpt lat="39.865070" lon="3.015336"/>
    <trkpt lat="39.865400" lon="3.014930"/>
    <trkpt lat="39.865632" lon="3.014707"/>
    <trkpt lat="39.865796" lon="3.014577"/>
    <trkpt lat="39.865973" lon="3.014433"/>
    <trkpt lat="39.866238" lon="3.014243"/>
    <trkpt lat="39.866423" lon="3.014154"/>
    <trkpt lat="39.866818" lon="3.013989"/>
    <trkpt lat="39.866913" lon="3.013949"/>
    <trkpt lat="39.867676" lon="3.013665"/>
    <trkpt lat="39.867799" lon="3.013619"/>
    <trkpt lat="39.868323" lon="3.013409"/>
    <trkpt lat="39.868479" lon="3.013366"/>
    <trkpt lat="39.868643" lon="3.013321"/>
    <trkpt lat="39.868990" lon="3.013285"/>
    <trkpt lat="39.869078" lon="3.013287"/>
    <trkpt lat="39.869243" lon="3.013290"/>
    <trkpt lat="39.869499" lon="3.013310"/>
    <trkpt lat="39.869572" lon="3.013333"/>
    <trkpt lat="39.869828" lon="3.013414"/>
    <trkpt lat="39.870049" lon="3.013505"/>
    <trkpt lat="39.870333" lon="3.013709"/>
    <trkpt lat="39.870602" lon="3.013929"/>
    <trkpt lat="39.870853" lon="3.014175"/>
    <trkpt lat="39.871062" lon="3.014432"/>
    <trkpt lat="39.871304" lon="3.014830"/>
    <trkpt lat="39.871824" lon="3.015718"/>
    <trkpt lat="39.872429" lon="3.016761"/>
    <trkpt lat="39.872498" lon="3.016875"/>
    <trkpt lat="39.872508" lon="3.016891"/>
    <trkpt lat="39.873364" lon="3.018329"/>
    <trkpt lat="39.873623" lon="3.018767"/>
    <trkpt lat="39.873744" lon="3.018995"/>
    <trkpt lat="39.873890" lon="3.019231"/>
    <trkpt lat="39.874091" lon="3.019577"/>
    <trkpt lat="39.874205" lon="3.019764"/>
    <trkpt lat="39.874269" lon="3.019861"/>
    <trkpt lat="39.874311" lon="3.019924"/>
    <trkpt lat="39.874518" lon="3.020242"/>
    <trkpt lat="39.874718" lon="3.020491"/>
    <trkpt lat="39.874923" lon="3.020726"/>
    <trkpt lat="39.875246" lon="3.021028"/>
    <trkpt lat="39.875440" lon="3.021240"/>
    <trkpt lat="39.875549" lon="3.021421"/>
    <trkpt lat="39.875552" lon="3.021481"/>
    <trkpt lat="39.875565" lon="3.021538"/>
    <trkpt lat="39.875604" lon="3.021620"/>
    <trkpt lat="39.875662" lon="3.021681"/>
    <trkpt lat="39.875684" lon="3.021695"/>
    <trkpt lat="39.875747" lon="3.021716"/>
    <trkpt lat="39.875811" lon="3.021713"/>
    <trkpt lat="39.875852" lon="3.021698"/>
    <trkpt lat="39.876075" lon="3.021747"/>
    <trkpt lat="39.876517" lon="3.021918"/>
    <trkpt lat="39.876603" lon="3.021951"/>
    <trkpt lat="39.877034" lon="3.022209"/>
    <trkpt lat="39.877152" lon="3.022279"/>
    <trkpt lat="39.877230" lon="3.022327"/>
    <trkpt lat="39.877731" lon="3.022624"/>
    <trkpt lat="39.878179" lon="3.022897"/>
    <trkpt lat="39.879040" lon="3.023385"/>
    <trkpt lat="39.879056" lon="3.023395"/>
    <trkpt lat="39.879144" lon="3.023448"/>
    <trkpt lat="39.880015" lon="3.023966"/>
    <trkpt lat="39.880242" lon="3.024081"/>
    <trkpt lat="39.880474" lon="3.024149"/>
    <trkpt lat="39.880633" lon="3.024180"/>
    <trkpt lat="39.880802" lon="3.024207"/>
    <trkpt lat="39.881076" lon="3.024206"/>
    <trkpt lat="39.881258" lon="3.024168"/>
    <trkpt lat="39.881433" lon="3.024127"/>
    <trkpt lat="39.881730" lon="3.024008"/>
    <trkpt lat="39.881988" lon="3.023834"/>
    <trkpt lat="39.882205" lon="3.023674"/>
    <trkpt lat="39.882688" lon="3.023319"/>
    <trkpt lat="39.882998" lon="3.023086"/>
    <trkpt lat="39.883043" lon="3.023052"/>
    <trkpt lat="39.883186" lon="3.022945"/>
    <trkpt lat="39.883382" lon="3.022819"/>
    <trkpt lat="39.883735" lon="3.022659"/>
    <trkpt lat="39.883808" lon="3.022629"/>
    <trkpt lat="39.883948" lon="3.022570"/>
    <trkpt lat="39.884118" lon="3.022511"/>
    <trkpt lat="39.884247" lon="3.022534"/>
    <trkpt lat="39.884401" lon="3.022592"/>
    <trkpt lat="39.884430" lon="3.022622"/>
    <trkpt lat="39.884463" lon="3.022645"/>
    <trkpt lat="39.884560" lon="3.022738"/>
    <trkpt lat="39.884638" lon="3.022825"/>
    <trkpt lat="39.884680" lon="3.022878"/>
    <trkpt lat="39.884721" lon="3.022944"/>
    <trkpt lat="39.884778" lon="3.023058"/>
    <trkpt lat="39.884912" lon="3.023377"/>
    <trkpt lat="39.885041" lon="3.023641"/>
    <trkpt lat="39.885068" lon="3.023705"/>
    <trkpt lat="39.885260" lon="3.024187"/>
    <trkpt lat="39.886036" lon="3.026125"/>
    <trkpt lat="39.886544" lon="3.027400"/>
    <trkpt lat="39.886656" lon="3.027696"/>
    <trkpt lat="39.886831" lon="3.028077"/>
    <trkpt lat="39.887455" lon="3.029167"/>
    <trkpt lat="39.887944" lon="3.029805"/>
    <trkpt lat="39.888410" lon="3.030400"/>
    <trkpt lat="39.888510" lon="3.030512"/>
    <trkpt lat="39.888812" lon="3.030863"/>
    <trkpt lat="39.888994" lon="3.031073"/>
    <trkpt lat="39.889087" lon="3.031181"/>
    <trkpt lat="39.889336" lon="3.031482"/>
    <trkpt lat="39.889441" lon="3.031605"/>
    <trkpt lat="39.889549" lon="3.031731"/>
    <trkpt lat="39.889601" lon="3.031793"/>
    <trkpt lat="39.890245" lon="3.032571"/>
    <trkpt lat="39.890629" lon="3.033034"/>
    <trkpt lat="39.890849" lon="3.033315"/>
    <trkpt lat="39.891105" lon="3.033642"/>
    <trkpt lat="39.891205" lon="3.033800"/>
    <trkpt lat="39.891245" lon="3.033864"/>
    <trkpt lat="39.891413" lon="3.034131"/>
    <trkpt lat="39.891578" lon="3.034393"/>
    <trkpt lat="39.891804" lon="3.034855"/>
    <trkpt lat="39.891887" lon="3.035026"/>
    <trkpt lat="39.892031" lon="3.035383"/>
    <trkpt lat="39.892200" lon="3.035803"/>
    <trkpt lat="39.892222" lon="3.035874"/>
    <trkpt lat="39.892311" lon="3.036158"/>
    <trkpt lat="39.892503" lon="3.036772"/>
    <trkpt lat="39.892607" lon="3.037098"/>
    <trkpt lat="39.892741" lon="3.037543"/>
    <trkpt lat="39.892875" lon="3.037968"/>
    <trkpt lat="39.893202" lon="3.039020"/>
    <trkpt lat="39.893448" lon="3.039731"/>
    <trkpt lat="39.893502" lon="3.039877"/>
    <trkpt lat="39.893579" lon="3.040103"/>
    <trkpt lat="39.893655" lon="3.040320"/>
    <trkpt lat="39.894137" lon="3.041719"/>
    <trkpt lat="39.894298" lon="3.042152"/>
    <trkpt lat="39.894394" lon="3.042419"/>
    <trkpt lat="39.894632" lon="3.043104"/>
    <trkpt lat="39.894999" lon="3.044095"/>
    <trkpt lat="39.895163" lon="3.044616"/>
    <trkpt lat="39.895469" lon="3.045486"/>
    <trkpt lat="39.895510" lon="3.045604"/>
    <trkpt lat="39.895582" lon="3.045829"/>
    <trkpt lat="39.895901" lon="3.046757"/>
    <trkpt lat="39.895913" lon="3.046796"/>
    <trkpt lat="39.895927" lon="3.046844"/>
    <trkpt lat="39.896098" lon="3.047386"/>
    <trkpt lat="39.896295" lon="3.048011"/>
    <trkpt lat="39.896314" lon="3.048091"/>
    <trkpt lat="39.896415" lon="3.048419"/>
    <trkpt lat="39.896713" lon="3.049406"/>
    <trkpt lat="39.896751" lon="3.049533"/>
    <trkpt lat="39.897352" lon="3.051530"/>
    <trkpt lat="39.897388" lon="3.051665"/>
    <trkpt lat="39.897569" lon="3.052267"/>
    <trkpt lat="39.897865" lon="3.053258"/>
    <trkpt lat="39.898185" lon="3.054313"/>
    <trkpt lat="39.899004" lon="3.057097"/>
    <trkpt lat="39.899012" lon="3.057120"/>
    <trkpt lat="39.899160" lon="3.057618"/>
    <trkpt lat="39.899249" lon="3.057915"/>
    <trkpt lat="39.899562" lon="3.058952"/>
    <trkpt lat="39.899587" lon="3.059037"/>
    <trkpt lat="39.899833" lon="3.059829"/>
    <trkpt lat="39.900008" lon="3.060413"/>
    <trkpt lat="39.900185" lon="3.061005"/>
    <trkpt lat="39.900242" lon="3.061195"/>
    <trkpt lat="39.900485" lon="3.062009"/>
    <trkpt lat="39.900529" lon="3.062159"/>
    <trkpt lat="39.900552" lon="3.062235"/>
    <trkpt lat="39.900910" lon="3.063443"/>
    <trkpt lat="39.901052" lon="3.063921"/>
    <trkpt lat="39.901103" lon="3.064093"/>
    <trkpt lat="39.901127" lon="3.064174"/>
    <trkpt lat="39.901501" lon="3.065417"/>
    <trkpt lat="39.901606" lon="3.065765"/>
    <trkpt lat="39.901958" lon="3.066937"/>
    <trkpt lat="39.901970" lon="3.066976"/>
    <trkpt lat="39.902137" lon="3.067534"/>
    <trkpt lat="39.902480" lon="3.068659"/>
    <trkpt lat="39.902587" lon="3.069036"/>
    <trkpt lat="39.902609" lon="3.069115"/>
    <trkpt lat="39.902579" lon="3.069144"/>
    <trkpt lat="39.902557" lon="3.069183"/>
    <trkpt lat="39.902544" lon="3.069229"/>
    <trkpt lat="39.902542" lon="3.069277"/>
    <trkpt lat="39.902557" lon="3.069341"/>
    <trkpt lat="39.902590" lon="3.069392"/>
    <trkpt lat="39.902619" lon="3.069415"/>
    <trkpt lat="39.902652" lon="3.069426"/>
    <trkpt lat="39.902767" lon="3.069681"/>
    <trkpt lat="39.902890" lon="3.070029"/>
    <trkpt lat="39.902950" lon="3.070226"/>
    <trkpt lat="39.903017" lon="3.070448"/>
    <trkpt lat="39.903197" lon="3.071046"/>
    <trkpt lat="39.903325" lon="3.071471"/>
    <trkpt lat="39.903636" lon="3.072502"/>
    <trkpt lat="39.903754" lon="3.072892"/>
    <trkpt lat="39.903905" lon="3.073394"/>
    <trkpt lat="39.904015" lon="3.073759"/>
    <trkpt lat="39.904101" lon="3.074043"/>
    <trkpt lat="39.904254" lon="3.074549"/>
    <trkpt lat="39.904263" lon="3.074578"/>
    <trkpt lat="39.904288" lon="3.074823"/>
    <trkpt lat="39.904290" lon="3.074874"/>
    <trkpt lat="39.904292" lon="3.074911"/>
    <trkpt lat="39.904289" lon="3.074999"/>
    <trkpt lat="39.904277" lon="3.075062"/>
    <trkpt lat="39.904268" lon="3.075088"/>
    <trkpt lat="39.904264" lon="3.075097"/>
    <trkpt lat="39.904247" lon="3.075141"/>
    <trkpt lat="39.904235" lon="3.075187"/>
    <trkpt lat="39.904228" lon="3.075236"/>
    <trkpt lat="39.904226" lon="3.075285"/>
    <trkpt lat="39.904229" lon="3.075334"/>
    <trkpt lat="39.904237" lon="3.075382"/>
    <trkpt lat="39.904250" lon="3.075428"/>
    <trkpt lat="39.904272" lon="3.075478"/>
    <trkpt lat="39.904299" lon="3.075523"/>
    <trkpt lat="39.904331" lon="3.075562"/>
    <trkpt lat="39.904368" lon="3.075594"/>
    <trkpt lat="39.904408" lon="3.075618"/>
    <trkpt lat="39.904450" lon="3.075633"/>
    <trkpt lat="39.904484" lon="3.075661"/>
    <trkpt lat="39.904519" lon="3.075693"/>
    <trkpt lat="39.904561" lon="3.075740"/>
    <trkpt lat="39.904602" lon="3.075805"/>
    <trkpt lat="39.904674" lon="3.075970"/>
    <trkpt lat="39.904743" lon="3.076198"/>
    <trkpt lat="39.904788" lon="3.076349"/>
    <trkpt lat="39.904953" lon="3.076896"/>
    <trkpt lat="39.904980" lon="3.076983"/>
    <trkpt lat="39.905030" lon="3.077151"/>
    <trkpt lat="39.905149" lon="3.077545"/>
    <trkpt lat="39.905235" lon="3.077831"/>
    <trkpt lat="39.905430" lon="3.078474"/>
    <trkpt lat="39.905663" lon="3.079248"/>
    <trkpt lat="39.905851" lon="3.079872"/>
    <trkpt lat="39.905938" lon="3.080157"/>
    <trkpt lat="39.906082" lon="3.080634"/>
    <trkpt lat="39.906170" lon="3.080926"/>
    <trkpt lat="39.906185" lon="3.080981"/>
    <trkpt lat="39.906197" lon="3.081035"/>
    <trkpt lat="39.906205" lon="3.081083"/>
    <trkpt lat="39.906217" lon="3.081173"/>
    <trkpt lat="39.906229" lon="3.081290"/>
    <trkpt lat="39.906273" lon="3.081745"/>
    <trkpt lat="39.906278" lon="3.081808"/>
    <trkpt lat="39.906353" lon="3.082501"/>
    <trkpt lat="39.906351" lon="3.082648"/>
    <trkpt lat="39.906350" lon="3.082689"/>
    <trkpt lat="39.906323" lon="3.082686"/>
    <trkpt lat="39.906297" lon="3.082694"/>
    <trkpt lat="39.906274" lon="3.082712"/>
    <trkpt lat="39.906256" lon="3.082738"/>
    <trkpt lat="39.906244" lon="3.082770"/>
    <trkpt lat="39.906241" lon="3.082802"/>
    <trkpt lat="39.906245" lon="3.082834"/>
    <trkpt lat="39.906255" lon="3.082863"/>
    <trkpt lat="39.906273" lon="3.082890"/>
    <trkpt lat="39.906297" lon="3.082908"/>
    <trkpt lat="39.906324" lon="3.082916"/>
    <trkpt lat="39.906351" lon="3.082913"/>
    <trkpt lat="39.906379" lon="3.082897"/>
    <trkpt lat="39.906401" lon="3.082870"/>
    <trkpt lat="39.906414" lon="3.082835"/>
    <trkpt lat="39.906418" lon="3.082796"/>
    <trkpt lat="39.906411" lon="3.082757"/>
    <trkpt lat="39.906395" lon="3.082724"/>
    <trkpt lat="39.906382" lon="3.082709"/>
    <trkpt lat="39.906436" lon="3.082682"/>
    <trkpt lat="39.906471" lon="3.082661"/>
    <trkpt lat="39.906500" lon="3.082641"/>
    <trkpt lat="39.906533" lon="3.082618"/>
    <trkpt lat="39.906903" lon="3.082329"/>
    <trkpt lat="39.907307" lon="3.082729"/>
    <trkpt lat="39.907973" lon="3.083396"/>
    <trkpt lat="39.908057" lon="3.083480"/>
    <trkpt lat="39.908468" lon="3.083892"/>
    <trkpt lat="39.909170" lon="3.084594"/>
    <trkpt lat="39.909597" lon="3.085036"/>
    <trkpt lat="39.909741" lon="3.085185"/>
    <trkpt lat="39.909812" lon="3.085283"/>
    <trkpt lat="39.910103" lon="3.085713"/>
    <trkpt lat="39.910145" lon="3.085773"/>
    <trkpt lat="39.910393" lon="3.086128"/>
    <trkpt lat="39.910556" lon="3.085956"/>
    <trkpt lat="39.910702" lon="3.086168"/>
    <trkpt lat="39.910725" lon="3.086184"/>
    <trkpt lat="39.910752" lon="3.086188"/>
    <trkpt lat="39.910778" lon="3.086179"/>
    <trkpt lat="39.911230" lon="3.085750"/>
    <trkpt lat="39.911639" lon="3.085358"/>
    <trkpt lat="39.912157" lon="3.084939"/>
    <trkpt lat="39.912323" lon="3.084808"/>
    <trkpt lat="39.912386" lon="3.084751"/>
    <trkpt lat="39.912432" lon="3.084694"/>
    <trkpt lat="39.912480" lon="3.084622"/>
    <trkpt lat="39.912540" lon="3.084584"/>
    <trkpt lat="39.912605" lon="3.084566"/>
    <trkpt lat="39.912630" lon="3.084566"/>
    <trkpt lat="39.912668" lon="3.084601"/>
    <trkpt lat="39.912813" lon="3.084814"/>
    <trkpt lat="39.912935" lon="3.085135"/>
    <trkpt lat="39.912989" lon="3.085272"/>
    <trkpt lat="39.913159" lon="3.085806"/>
    <trkpt lat="39.913280" lon="3.086262"/>
    <trkpt lat="39.913368" lon="3.086709"/>
    <trkpt lat="39.913433" lon="3.087104"/>
    <trkpt lat="39.913469" lon="3.087527"/>
    <trkpt lat="39.913507" lon="3.088165"/>
    <trkpt lat="39.913544" lon="3.088931"/>
    <trkpt lat="39.913580" lon="3.089724"/>
    <trkpt lat="39.913622" lon="3.090606"/>
    <trkpt lat="39.913683" lon="3.091674"/>
    <trkpt lat="39.913753" lon="3.093068"/>
    <trkpt lat="39.913780" lon="3.093620"/>
    <trkpt lat="39.913801" lon="3.094094"/>
    <trkpt lat="39.913808" lon="3.094342"/>
    <trkpt lat="39.913809" lon="3.094525"/>
    <trkpt lat="39.913804" lon="3.094764"/>
    <trkpt lat="39.913793" lon="3.094969"/>
    <trkpt lat="39.913780" lon="3.095159"/>
    <trkpt lat="39.913764" lon="3.095331"/>
    <trkpt lat="39.913738" lon="3.095546"/>
    <trkpt lat="39.913710" lon="3.095746"/>
    <trkpt lat="39.913672" lon="3.095979"/>
    <trkpt lat="39.913617" lon="3.096260"/>
    <trkpt lat="39.913539" lon="3.096602"/>
    <trkpt lat="39.913330" lon="3.097480"/>
    <trkpt lat="39.913220" lon="3.097968"/>
    <trkpt lat="39.913194" lon="3.098081"/>
    <trkpt lat="39.913118" lon="3.098414"/>
    <trkpt lat="39.912954" lon="3.099127"/>
    <trkpt lat="39.912889" lon="3.099290"/>
    <trkpt lat="39.912879" lon="3.099314"/>
    <trkpt lat="39.912867" lon="3.099335"/>
    <trkpt lat="39.912847" lon="3.099355"/>
    <trkpt lat="39.912826" lon="3.099368"/>
    <trkpt lat="39.912803" lon="3.099370"/>
    <trkpt lat="39.912777" lon="3.099376"/>
    <trkpt lat="39.912754" lon="3.099388"/>
    <trkpt lat="39.912733" lon="3.099405"/>
    <trkpt lat="39.912714" lon="3.099427"/>
    <trkpt lat="39.912698" lon="3.099451"/>
    <trkpt lat="39.912685" lon="3.099478"/>
    <trkpt lat="39.912676" lon="3.099508"/>
    <trkpt lat="39.912672" lon="3.099538"/>
    <trkpt lat="39.912670" lon="3.099572"/>
    <trkpt lat="39.912672" lon="3.099600"/>
    <trkpt lat="39.912679" lon="3.099635"/>
    <trkpt lat="39.912691" lon="3.099665"/>
    <trkpt lat="39.912705" lon="3.099692"/>
    <trkpt lat="39.912710" lon="3.099724"/>
    <trkpt lat="39.912711" lon="3.099756"/>
    <trkpt lat="39.912702" lon="3.099835"/>
    <trkpt lat="39.912654" lon="3.100084"/>
    <trkpt lat="39.912576" lon="3.100427"/>
    <trkpt lat="39.912323" lon="3.101521"/>
    <trkpt lat="39.912277" lon="3.101743"/>
    <trkpt lat="39.912256" lon="3.101932"/>
    <trkpt lat="39.912261" lon="3.102116"/>
    <trkpt lat="39.912306" lon="3.102309"/>
    <trkpt lat="39.912375" lon="3.102467"/>
    <trkpt lat="39.912487" lon="3.102604"/>
    <trkpt lat="39.912576" lon="3.102683"/>
    <trkpt lat="39.913087" lon="3.103047"/>
    <trkpt lat="39.913956" lon="3.103653"/>
    <trkpt lat="39.914829" lon="3.104263"/>
    <trkpt lat="39.914880" lon="3.104333"/>
    <trkpt lat="39.914901" lon="3.104397"/>
    <trkpt lat="39.914904" lon="3.104479"/>
    <trkpt lat="39.914895" lon="3.104513"/>
    <trkpt lat="39.914884" lon="3.104555"/>
    <trkpt lat="39.914847" lon="3.104618"/>
    <trkpt lat="39.914789" lon="3.104659"/>
    <trkpt lat="39.914712" lon="3.104666"/>
    <trkpt lat="39.913624" lon="3.104373"/>
    <trkpt lat="39.912505" lon="3.104091"/>
    <trkpt lat="39.912241" lon="3.104063"/>
    <trkpt lat="39.911609" lon="3.104097"/>
    <trkpt lat="39.911550" lon="3.104129"/>
    <trkpt lat="39.911518" lon="3.104200"/>
    <trkpt lat="39.911519" lon="3.104232"/>
    <trkpt lat="39.911521" lon="3.104270"/>
    <trkpt lat="39.911554" lon="3.104329"/>
    <trkpt lat="39.911611" lon="3.104355"/>
    <trkpt lat="39.912016" lon="3.104368"/>
    <trkpt lat="39.912277" lon="3.104391"/>
    <trkpt lat="39.912502" lon="3.104455"/>
    <trkpt lat="39.912700" lon="3.104567"/>
    <trkpt lat="39.913024" lon="3.104838"/>
    <trkpt lat="39.913153" lon="3.104893"/>
    <trkpt lat="39.913364" lon="3.104938"/>
    <trkpt lat="39.913581" lon="3.105008"/>
    <trkpt lat="39.913762" lon="3.105127"/>
    <trkpt lat="39.914227" lon="3.105526"/>
    <trkpt lat="39.914536" lon="3.105803"/>
    <trkpt lat="39.914610" lon="3.105893"/>
    <trkpt lat="39.914955" lon="3.106380"/>
    <trkpt lat="39.915404" lon="3.106885"/>
    <trkpt lat="39.915860" lon="3.107388"/>
    <trkpt lat="39.916214" lon="3.107865"/>
    <trkpt lat="39.916285" lon="3.107924"/>
    <trkpt lat="39.916344" lon="3.107946"/>
    <trkpt lat="39.916409" lon="3.107944"/>
    <trkpt lat="39.916477" lon="3.107922"/>
    <trkpt lat="39.916552" lon="3.107864"/>
    <trkpt lat="39.916927" lon="3.107378"/>
    <trkpt lat="39.917198" lon="3.107025"/>
    <trkpt lat="39.917236" lon="3.106946"/>
    <trkpt lat="39.917250" lon="3.106852"/>
    <trkpt lat="39.917246" lon="3.106748"/>
    <trkpt lat="39.917151" lon="3.106320"/>
    <trkpt lat="39.917105" lon="3.106020"/>
    <trkpt lat="39.917101" lon="3.105913"/>
    <trkpt lat="39.917121" lon="3.105804"/>
    <trkpt lat="39.917163" lon="3.105720"/>
    <trkpt lat="39.917227" lon="3.105660"/>
    <trkpt lat="39.917310" lon="3.105625"/>
    <trkpt lat="39.917382" lon="3.105630"/>
    <trkpt lat="39.917491" lon="3.105657"/>
    <trkpt lat="39.917848" lon="3.105827"/>
    <trkpt lat="39.918493" lon="3.106300"/>
    <trkpt lat="39.918812" lon="3.106473"/>
    <trkpt lat="39.919452" lon="3.106887"/>
    <trkpt lat="39.919628" lon="3.106968"/>
    <trkpt lat="39.919774" lon="3.106995"/>
    <trkpt lat="39.920990" lon="3.107024"/>
    <trkpt lat="39.921151" lon="3.107052"/>
    <trkpt lat="39.921578" lon="3.107214"/>
    <trkpt lat="39.921760" lon="3.107266"/>
    <trkpt lat="39.922210" lon="3.107348"/>
    <trkpt lat="39.922328" lon="3.107391"/>
    <trkpt lat="39.922853" lon="3.107652"/>
    <trkpt lat="39.922990" lon="3.107701"/>
    <trkpt lat="39.923474" lon="3.107812"/>
    <trkpt lat="39.923584" lon="3.107811"/>
    <trkpt lat="39.923716" lon="3.107772"/>
    <trkpt lat="39.924274" lon="3.107489"/>
    <trkpt lat="39.924357" lon="3.107480"/>
    <trkpt lat="39.924440" lon="3.107510"/>
    <trkpt lat="39.924499" lon="3.107567"/>
    <trkpt lat="39.924560" lon="3.107655"/>
    <trkpt lat="39.924842" lon="3.108339"/>
    <trkpt lat="39.924899" lon="3.108414"/>
    <trkpt lat="39.924967" lon="3.108463"/>
    <trkpt lat="39.925043" lon="3.108489"/>
    <trkpt lat="39.925244" lon="3.108480"/>
    <trkpt lat="39.925339" lon="3.108491"/>
    <trkpt lat="39.925405" lon="3.108516"/>
    <trkpt lat="39.925462" lon="3.108564"/>
    <trkpt lat="39.925546" lon="3.108679"/>
    <trkpt lat="39.925636" lon="3.108848"/>
    <trkpt lat="39.925804" lon="3.109224"/>
    <trkpt lat="39.925859" lon="3.109294"/>
    <trkpt lat="39.925923" lon="3.109341"/>
    <trkpt lat="39.925999" lon="3.109359"/>
    <trkpt lat="39.926171" lon="3.109343"/>
    <trkpt lat="39.926330" lon="3.109345"/>
    <trkpt lat="39.926434" lon="3.109366"/>
    <trkpt lat="39.926504" lon="3.109406"/>
    <trkpt lat="39.926581" lon="3.109476"/>
    <trkpt lat="39.926767" lon="3.109703"/>
    <trkpt lat="39.926817" lon="3.109743"/>
    <trkpt lat="39.926869" lon="3.109756"/>
    <trkpt lat="39.926933" lon="3.109738"/>
    <trkpt lat="39.927086" lon="3.109645"/>
    <trkpt lat="39.927174" lon="3.109626"/>
    <trkpt lat="39.927287" lon="3.109658"/>
    <trkpt lat="39.927712" lon="3.109857"/>
    <trkpt lat="39.928044" lon="3.109996"/>
    <trkpt lat="39.928100" lon="3.110010"/>
    <trkpt lat="39.928432" lon="3.110021"/>
    <trkpt lat="39.928511" lon="3.110047"/>
    <trkpt lat="39.928577" lon="3.110102"/>
    <trkpt lat="39.928646" lon="3.110232"/>
    <trkpt lat="39.928704" lon="3.110332"/>
    <trkpt lat="39.928780" lon="3.110484"/>
    <trkpt lat="39.928548" lon="3.110567"/>
    <trkpt lat="39.928452" lon="3.110596"/>
    <trkpt lat="39.928384" lon="3.110605"/>
    <trkpt lat="39.928078" lon="3.110628"/>
    <trkpt lat="39.927748" lon="3.110657"/>
    <trkpt lat="39.927115" lon="3.110722"/>
    <trkpt lat="39.927037" lon="3.110731"/>
    <trkpt lat="39.926985" lon="3.110727"/>
    <trkpt lat="39.926929" lon="3.110716"/>
    <trkpt lat="39.926873" lon="3.110697"/>
    <trkpt lat="39.926596" lon="3.110581"/>
    <trkpt lat="39.926411" lon="3.110513"/>
    <trkpt lat="39.926113" lon="3.110412"/>
    <trkpt lat="39.926088" lon="3.110411"/>
    <trkpt lat="39.926068" lon="3.110422"/>
    <trkpt lat="39.926051" lon="3.110439"/>
    <trkpt lat="39.926040" lon="3.110462"/>
    <trkpt lat="39.926035" lon="3.110491"/>
    <trkpt lat="39.926037" lon="3.110526"/>
    <trkpt lat="39.926046" lon="3.110557"/>
    <trkpt lat="39.926065" lon="3.110581"/>
    <trkpt lat="39.926091" lon="3.110596"/>
    <trkpt lat="39.926329" lon="3.110670"/>
    <trkpt lat="39.926413" lon="3.110712"/>
    <trkpt lat="39.926494" lon="3.110755"/>
    <trkpt lat="39.926569" lon="3.110806"/>
    <trkpt lat="39.926766" lon="3.110944"/>
    <trkpt lat="39.927027" lon="3.111110"/>
    <trkpt lat="39.927253" lon="3.111251"/>
    <trkpt lat="39.927342" lon="3.111327"/>
    <trkpt lat="39.927661" lon="3.111633"/>
    <trkpt lat="39.927875" lon="3.111835"/>
    <trkpt lat="39.927910" lon="3.111880"/>
    <trkpt lat="39.927944" lon="3.111937"/>
    <trkpt lat="39.927980" lon="3.112003"/>
    <trkpt lat="39.928004" lon="3.112063"/>
    <trkpt lat="39.928022" lon="3.112120"/>
    <trkpt lat="39.928109" lon="3.112432"/>
    <trkpt lat="39.928164" lon="3.112664"/>
    <trkpt lat="39.928168" lon="3.112705"/>
    <trkpt lat="39.928166" lon="3.112740"/>
    <trkpt lat="39.928157" lon="3.112772"/>
    <trkpt lat="39.928144" lon="3.112796"/>
    <trkpt lat="39.928126" lon="3.112812"/>
    <trkpt lat="39.928103" lon="3.112823"/>
    <trkpt lat="39.928079" lon="3.112826"/>
    <trkpt lat="39.928056" lon="3.112819"/>
    <trkpt lat="39.928037" lon="3.112808"/>
    <trkpt lat="39.928019" lon="3.112787"/>
    <trkpt lat="39.928001" lon="3.112753"/>
    <trkpt lat="39.927857" lon="3.112320"/>
    <trkpt lat="39.927836" lon="3.112260"/>
    <trkpt lat="39.927803" lon="3.112196"/>
    <trkpt lat="39.927762" lon="3.112149"/>
    <trkpt lat="39.927721" lon="3.112110"/>
    <trkpt lat="39.927667" lon="3.112068"/>
    <trkpt lat="39.927334" lon="3.111852"/>
    <trkpt lat="39.927158" lon="3.111722"/>
    <trkpt lat="39.927114" lon="3.111688"/>
    <trkpt lat="39.927073" lon="3.111649"/>
    <trkpt lat="39.927019" lon="3.111594"/>
    <trkpt lat="39.926964" lon="3.111556"/>
    <trkpt lat="39.926898" lon="3.111525"/>
    <trkpt lat="39.926723" lon="3.111456"/>
    <trkpt lat="39.926619" lon="3.111425"/>
    <trkpt lat="39.926503" lon="3.111400"/>
    <trkpt lat="39.926466" lon="3.111384"/>
    <trkpt lat="39.926438" lon="3.111367"/>
    <trkpt lat="39.926179" lon="3.111177"/>
    <trkpt lat="39.926157" lon="3.111165"/>
    <trkpt lat="39.926133" lon="3.111161"/>
    <trkpt lat="39.926108" lon="3.111165"/>
    <trkpt lat="39.926080" lon="3.111177"/>
    <trkpt lat="39.926037" lon="3.111201"/>
    <trkpt lat="39.925991" lon="3.111210"/>
    <trkpt lat="39.925946" lon="3.111208"/>
    <trkpt lat="39.925899" lon="3.111202"/>
    <trkpt lat="39.925758" lon="3.111167"/>
    <trkpt lat="39.925505" lon="3.111118"/>
    <trkpt lat="39.925449" lon="3.111104"/>
    <trkpt lat="39.925409" lon="3.111081"/>
    <trkpt lat="39.925372" lon="3.111050"/>
    <trkpt lat="39.925340" lon="3.111010"/>
    <trkpt lat="39.925317" lon="3.110968"/>
    <trkpt lat="39.925290" lon="3.110916"/>
    <trkpt lat="39.925243" lon="3.110841"/>
    <trkpt lat="39.925206" lon="3.110796"/>
    <trkpt lat="39.925167" lon="3.110759"/>
    <trkpt lat="39.924776" lon="3.110417"/>
    <trkpt lat="39.924639" lon="3.110299"/>
    <trkpt lat="39.924524" lon="3.110226"/>
    <trkpt lat="39.924335" lon="3.110124"/>
    <trkpt lat="39.924302" lon="3.110113"/>
    <trkpt lat="39.924267" lon="3.110110"/>
    <trkpt lat="39.924236" lon="3.110113"/>
    <trkpt lat="39.924202" lon="3.110123"/>
    <trkpt lat="39.924171" lon="3.110141"/>
    <trkpt lat="39.924142" lon="3.110168"/>
    <trkpt lat="39.924114" lon="3.110203"/>
    <trkpt lat="39.924090" lon="3.110255"/>
    <trkpt lat="39.924077" lon="3.110315"/>
    <trkpt lat="39.924073" lon="3.110377"/>
    <trkpt lat="39.924077" lon="3.110447"/>
    <trkpt lat="39.924086" lon="3.110526"/>
    <trkpt lat="39.924122" lon="3.110737"/>
    <trkpt lat="39.924147" lon="3.110838"/>
    <trkpt lat="39.924180" lon="3.110932"/>
    <trkpt lat="39.924315" lon="3.111254"/>
    <trkpt lat="39.924351" lon="3.111324"/>
    <trkpt lat="39.924383" lon="3.111373"/>
    <trkpt lat="39.924420" lon="3.111418"/>
    <trkpt lat="39.924457" lon="3.111450"/>
    <trkpt lat="39.924501" lon="3.111483"/>
    <trkpt lat="39.924560" lon="3.111506"/>
    <trkpt lat="39.924619" lon="3.111520"/>
    <trkpt lat="39.924804" lon="3.111548"/>
    <trkpt lat="39.925007" lon="3.111591"/>
    <trkpt lat="39.925202" lon="3.111660"/>
    <trkpt lat="39.925350" lon="3.111724"/>
    <trkpt lat="39.925427" lon="3.111769"/>
    <trkpt lat="39.925486" lon="3.111811"/>
    <trkpt lat="39.925545" lon="3.111865"/>
    <trkpt lat="39.925597" lon="3.111923"/>
    <trkpt lat="39.925643" lon="3.111987"/>
    <trkpt lat="39.925679" lon="3.112047"/>
    <trkpt lat="39.925780" lon="3.112259"/>
    <trkpt lat="39.925969" lon="3.112628"/>
    <trkpt lat="39.926052" lon="3.112795"/>
    <trkpt lat="39.926123" lon="3.112960"/>
    <trkpt lat="39.926191" lon="3.113203"/>
    <trkpt lat="39.926260" lon="3.113504"/>
    <trkpt lat="39.926289" lon="3.113648"/>
    <trkpt lat="39.926317" lon="3.113812"/>
    <trkpt lat="39.926410" lon="3.114612"/>
    <trkpt lat="39.926432" lon="3.114768"/>
    <trkpt lat="39.926456" lon="3.114908"/>
    <trkpt lat="39.926505" lon="3.115184"/>
    <trkpt lat="39.926557" lon="3.115521"/>
    <trkpt lat="39.926577" lon="3.115596"/>
    <trkpt lat="39.926603" lon="3.115664"/>
    <trkpt lat="39.926577" lon="3.115596"/>
    <trkpt lat="39.926557" lon="3.115521"/>
    <trkpt lat="39.926505" lon="3.115184"/>
    <trkpt lat="39.926456" lon="3.114908"/>
    <trkpt lat="39.926432" lon="3.114768"/>
    <trkpt lat="39.926410" lon="3.114612"/>
    <trkpt lat="39.926317" lon="3.113812"/>
    <trkpt lat="39.926289" lon="3.113648"/>
    <trkpt lat="39.926260" lon="3.113504"/>
    <trkpt lat="39.926191" lon="3.113203"/>
    <trkpt lat="39.926123" lon="3.112960"/>
    <trkpt lat="39.926052" lon="3.112795"/>
    <trkpt lat="39.925969" lon="3.112628"/>
    <trkpt lat="39.925780" lon="3.112259"/>
    <trkpt lat="39.925679" lon="3.112047"/>
    <trkpt lat="39.925643" lon="3.111987"/>
    <trkpt lat="39.925597" lon="3.111923"/>
    <trkpt lat="39.925545" lon="3.111865"/>
    <trkpt lat="39.925486" lon="3.111811"/>
    <trkpt lat="39.925427" lon="3.111769"/>
    <trkpt lat="39.925350" lon="3.111724"/>
    <trkpt lat="39.925202" lon="3.111660"/>
    <trkpt lat="39.925007" lon="3.111591"/>
    <trkpt lat="39.924804" lon="3.111548"/>
    <trkpt lat="39.924619" lon="3.111520"/>
    <trkpt lat="39.924560" lon="3.111506"/>
    <trkpt lat="39.924501" lon="3.111483"/>
    <trkpt lat="39.924457" lon="3.111450"/>
    <trkpt lat="39.924420" lon="3.111418"/>
    <trkpt lat="39.924383" lon="3.111373"/>
    <trkpt lat="39.924351" lon="3.111324"/>
    <trkpt lat="39.924315" lon="3.111254"/>
    <trkpt lat="39.924180" lon="3.110932"/>
    <trkpt lat="39.924147" lon="3.110838"/>
    <trkpt lat="39.924122" lon="3.110737"/>
    <trkpt lat="39.924086" lon="3.110526"/>
    <trkpt lat="39.924077" lon="3.110447"/>
    <trkpt lat="39.924073" lon="3.110377"/>
    <trkpt lat="39.924077" lon="3.110315"/>
    <trkpt lat="39.924090" lon="3.110255"/>
    <trkpt lat="39.924114" lon="3.110203"/>
    <trkpt lat="39.924142" lon="3.110168"/>
    <trkpt lat="39.924171" lon="3.110141"/>
    <trkpt lat="39.924202" lon="3.110123"/>
    <trkpt lat="39.924236" lon="3.110113"/>
    <trkpt lat="39.924267" lon="3.110110"/>
    <trkpt lat="39.924302" lon="3.110113"/>
    <trkpt lat="39.924335" lon="3.110124"/>
    <trkpt lat="39.924524" lon="3.110226"/>
    <trkpt lat="39.924639" lon="3.110299"/>
    <trkpt lat="39.924776" lon="3.110417"/>
    <trkpt lat="39.925167" lon="3.110759"/>
    <trkpt lat="39.925206" lon="3.110796"/>
    <trkpt lat="39.925243" lon="3.110841"/>
    <trkpt lat="39.925290" lon="3.110916"/>
    <trkpt lat="39.925317" lon="3.110968"/>
    <trkpt lat="39.925340" lon="3.111010"/>
    <trkpt lat="39.925372" lon="3.111050"/>
    <trkpt lat="39.925409" lon="3.111081"/>
    <trkpt lat="39.925449" lon="3.111104"/>
    <trkpt lat="39.925505" lon="3.111118"/>
    <trkpt lat="39.925758" lon="3.111167"/>
    <trkpt lat="39.925899" lon="3.111202"/>
    <trkpt lat="39.925946" lon="3.111208"/>
    <trkpt lat="39.925991" lon="3.111210"/>
    <trkpt lat="39.926037" lon="3.111201"/>
    <trkpt lat="39.926080" lon="3.111177"/>
    <trkpt lat="39.926108" lon="3.111165"/>
    <trkpt lat="39.926133" lon="3.111161"/>
    <trkpt lat="39.926157" lon="3.111165"/>
    <trkpt lat="39.926179" lon="3.111177"/>
    <trkpt lat="39.926438" lon="3.111367"/>
    <trkpt lat="39.926466" lon="3.111384"/>
    <trkpt lat="39.926503" lon="3.111400"/>
    <trkpt lat="39.926619" lon="3.111425"/>
    <trkpt lat="39.926723" lon="3.111456"/>
    <trkpt lat="39.926898" lon="3.111525"/>
    <trkpt lat="39.926964" lon="3.111556"/>
    <trkpt lat="39.927019" lon="3.111594"/>
    <trkpt lat="39.927073" lon="3.111649"/>
    <trkpt lat="39.927114" lon="3.111688"/>
    <trkpt lat="39.927158" lon="3.111722"/>
    <trkpt lat="39.927334" lon="3.111852"/>
    <trkpt lat="39.927667" lon="3.112068"/>
    <trkpt lat="39.927721" lon="3.112110"/>
    <trkpt lat="39.927762" lon="3.112149"/>
    <trkpt lat="39.927803" lon="3.112196"/>
    <trkpt lat="39.927836" lon="3.112260"/>
    <trkpt lat="39.927857" lon="3.112320"/>
    <trkpt lat="39.928001" lon="3.112753"/>
    <trkpt lat="39.928019" lon="3.112787"/>
    <trkpt lat="39.928037" lon="3.112808"/>
    <trkpt lat="39.928056" lon="3.112819"/>
    <trkpt lat="39.928079" lon="3.112826"/>
    <trkpt lat="39.928103" lon="3.112823"/>
    <trkpt lat="39.928126" lon="3.112812"/>
    <trkpt lat="39.928144" lon="3.112796"/>
    <trkpt lat="39.928157" lon="3.112772"/>
    <trkpt lat="39.928166" lon="3.112740"/>
    <trkpt lat="39.928168" lon="3.112705"/>
    <trkpt lat="39.928164" lon="3.112664"/>
    <trkpt lat="39.928109" lon="3.112432"/>
    <trkpt lat="39.928022" lon="3.112120"/>
    <trkpt lat="39.928004" lon="3.112063"/>
    <trkpt lat="39.927980" lon="3.112003"/>
    <trkpt lat="39.927944" lon="3.111937"/>
    <trkpt lat="39.927910" lon="3.111880"/>
    <trkpt lat="39.927875" lon="3.111835"/>
    <trkpt lat="39.927661" lon="3.111633"/>
    <trkpt lat="39.927342" lon="3.111327"/>
    <trkpt lat="39.927253" lon="3.111251"/>
    <trkpt lat="39.927027" lon="3.111110"/>
    <trkpt lat="39.926766" lon="3.110944"/>
    <trkpt lat="39.926569" lon="3.110806"/>
    <trkpt lat="39.926494" lon="3.110755"/>
    <trkpt lat="39.926413" lon="3.110712"/>
    <trkpt lat="39.926329" lon="3.110670"/>
    <trkpt lat="39.926091" lon="3.110596"/>
    <trkpt lat="39.926065" lon="3.110581"/>
    <trkpt lat="39.926046" lon="3.110557"/>
    <trkpt lat="39.926037" lon="3.110526"/>
    <trkpt lat="39.926035" lon="3.110491"/>
    <trkpt lat="39.926040" lon="3.110462"/>
    <trkpt lat="39.926051" lon="3.110439"/>
    <trkpt lat="39.926068" lon="3.110422"/>
    <trkpt lat="39.926088" lon="3.110411"/>
    <trkpt lat="39.926113" lon="3.110412"/>
    <trkpt lat="39.926411" lon="3.110513"/>
    <trkpt lat="39.926596" lon="3.110581"/>
    <trkpt lat="39.926873" lon="3.110697"/>
    <trkpt lat="39.926929" lon="3.110716"/>
    <trkpt lat="39.926985" lon="3.110727"/>
    <trkpt lat="39.927037" lon="3.110731"/>
    <trkpt lat="39.927115" lon="3.110722"/>
    <trkpt lat="39.927748" lon="3.110657"/>
    <trkpt lat="39.928078" lon="3.110628"/>
    <trkpt lat="39.928384" lon="3.110605"/>
    <trkpt lat="39.928452" lon="3.110596"/>
    <trkpt lat="39.928548" lon="3.110567"/>
    <trkpt lat="39.928780" lon="3.110484"/>
    <trkpt lat="39.928818" lon="3.110557"/>
    <trkpt lat="39.928877" lon="3.110688"/>
    <trkpt lat="39.928888" lon="3.110770"/>
    <trkpt lat="39.928874" lon="3.110855"/>
    <trkpt lat="39.928833" lon="3.110940"/>
    <trkpt lat="39.928782" lon="3.111030"/>
    <trkpt lat="39.928726" lon="3.111131"/>
    <trkpt lat="39.928703" lon="3.111198"/>
    <trkpt lat="39.928693" lon="3.111283"/>
    <trkpt lat="39.928700" lon="3.111390"/>
    <trkpt lat="39.928793" lon="3.111830"/>
    <trkpt lat="39.928936" lon="3.112257"/>
    <trkpt lat="39.928989" lon="3.112489"/>
    <trkpt lat="39.929099" lon="3.112969"/>
    <trkpt lat="39.929109" lon="3.112987"/>
    <trkpt lat="39.929126" lon="3.113003"/>
    <trkpt lat="39.929142" lon="3.113011"/>
    <trkpt lat="39.929161" lon="3.113016"/>
    <trkpt lat="39.929182" lon="3.113013"/>
    <trkpt lat="39.929198" lon="3.113002"/>
    <trkpt lat="39.929212" lon="3.112981"/>
    <trkpt lat="39.929220" lon="3.112954"/>
    <trkpt lat="39.929224" lon="3.112920"/>
    <trkpt lat="39.929221" lon="3.112882"/>
    <trkpt lat="39.929137" lon="3.112472"/>
    <trkpt lat="39.929122" lon="3.112338"/>
    <trkpt lat="39.929094" lon="3.111950"/>
    <trkpt lat="39.929099" lon="3.111907"/>
    <trkpt lat="39.929109" lon="3.111865"/>
    <trkpt lat="39.929122" lon="3.111835"/>
    <trkpt lat="39.929139" lon="3.111804"/>
    <trkpt lat="39.929158" lon="3.111782"/>
    <trkpt lat="39.929179" lon="3.111768"/>
    <trkpt lat="39.929198" lon="3.111760"/>
    <trkpt lat="39.929215" lon="3.111760"/>
    <trkpt lat="39.929235" lon="3.111763"/>
    <trkpt lat="39.929253" lon="3.111772"/>
    <trkpt lat="39.929272" lon="3.111787"/>
    <trkpt lat="39.929289" lon="3.111808"/>
    <trkpt lat="39.929302" lon="3.111836"/>
    <trkpt lat="39.929309" lon="3.111860"/>
    <trkpt lat="39.929312" lon="3.111883"/>
    <trkpt lat="39.929340" lon="3.112251"/>
    <trkpt lat="39.929372" lon="3.112758"/>
    <trkpt lat="39.929373" lon="3.112779"/>
    <trkpt lat="39.929402" lon="3.113173"/>
    <trkpt lat="39.929405" lon="3.113274"/>
    <trkpt lat="39.929400" lon="3.113372"/>
    <trkpt lat="39.929378" lon="3.113541"/>
    <trkpt lat="39.929373" lon="3.113603"/>
    <trkpt lat="39.929372" lon="3.113658"/>
    <trkpt lat="39.929380" lon="3.113728"/>
    <trkpt lat="39.929399" lon="3.113787"/>
    <trkpt lat="39.929484" lon="3.114037"/>
    <trkpt lat="39.929504" lon="3.114097"/>
    <trkpt lat="39.929521" lon="3.114155"/>
    <trkpt lat="39.929527" lon="3.114190"/>
    <trkpt lat="39.929527" lon="3.114228"/>
    <trkpt lat="39.929521" lon="3.114273"/>
    <trkpt lat="39.929512" lon="3.114371"/>
    <trkpt lat="39.929511" lon="3.114407"/>
    <trkpt lat="39.929514" lon="3.114439"/>
    <trkpt lat="39.929521" lon="3.114466"/>
    <trkpt lat="39.929530" lon="3.114493"/>
    <trkpt lat="39.929544" lon="3.114523"/>
    <trkpt lat="39.929559" lon="3.114546"/>
    <trkpt lat="39.929595" lon="3.114591"/>
    <trkpt lat="39.929629" lon="3.114619"/>
    <trkpt lat="39.929799" lon="3.114735"/>
    <trkpt lat="39.929880" lon="3.114799"/>
    <trkpt lat="39.930110" lon="3.115028"/>
    <trkpt lat="39.930181" lon="3.115109"/>
    <trkpt lat="39.930282" lon="3.115271"/>
    <trkpt lat="39.930396" lon="3.115464"/>
    <trkpt lat="39.930417" lon="3.115513"/>
    <trkpt lat="39.930431" lon="3.115567"/>
    <trkpt lat="39.930437" lon="3.115622"/>
    <trkpt lat="39.930435" lon="3.115685"/>
    <trkpt lat="39.930418" lon="3.115894"/>
    <trkpt lat="39.930418" lon="3.115984"/>
    <trkpt lat="39.930423" lon="3.116063"/>
    <trkpt lat="39.930432" lon="3.116130"/>
    <trkpt lat="39.930451" lon="3.116209"/>
    <trkpt lat="39.930629" lon="3.116741"/>
    <trkpt lat="39.930644" lon="3.116813"/>
    <trkpt lat="39.930653" lon="3.116894"/>
    <trkpt lat="39.930654" lon="3.116974"/>
    <trkpt lat="39.930650" lon="3.117053"/>
    <trkpt lat="39.930551" lon="3.117638"/>
    <trkpt lat="39.930523" lon="3.117761"/>
    <trkpt lat="39.930487" lon="3.117887"/>
    <trkpt lat="39.930409" lon="3.118085"/>
    <trkpt lat="39.930370" lon="3.118183"/>
    <trkpt lat="39.930347" lon="3.118264"/>
    <trkpt lat="39.930332" lon="3.118341"/>
    <trkpt lat="39.930326" lon="3.118431"/>
    <trkpt lat="39.930328" lon="3.118529"/>
    <trkpt lat="39.930356" lon="3.119000"/>
    <trkpt lat="39.930363" lon="3.119220"/>
    <trkpt lat="39.930365" lon="3.119364"/>
    <trkpt lat="39.930360" lon="3.119540"/>
    <trkpt lat="39.930360" lon="3.119605"/>
    <trkpt lat="39.930368" lon="3.119670"/>
    <trkpt lat="39.930387" lon="3.119734"/>
    <trkpt lat="39.930455" lon="3.119913"/>
    <trkpt lat="39.930475" lon="3.119978"/>
    <trkpt lat="39.930489" lon="3.120055"/>
    <trkpt lat="39.930495" lon="3.120136"/>
    <trkpt lat="39.930502" lon="3.120218"/>
    <trkpt lat="39.930515" lon="3.120300"/>
    <trkpt lat="39.930540" lon="3.120375"/>
    <trkpt lat="39.930570" lon="3.120454"/>
    <trkpt lat="39.930622" lon="3.120595"/>
    <trkpt lat="39.930645" lon="3.120668"/>
    <trkpt lat="39.930659" lon="3.120744"/>
    <trkpt lat="39.930667" lon="3.120834"/>
    <trkpt lat="39.930670" lon="3.120939"/>
    <trkpt lat="39.930667" lon="3.120989"/>
    <trkpt lat="39.930659" lon="3.121033"/>
    <trkpt lat="39.930643" lon="3.121079"/>
    <trkpt lat="39.930586" lon="3.121178"/>
    <trkpt lat="39.930571" lon="3.121214"/>
    <trkpt lat="39.930563" lon="3.121257"/>
    <trkpt lat="39.930562" lon="3.121307"/>
    <trkpt lat="39.930567" lon="3.121355"/>
    <trkpt lat="39.930593" lon="3.121516"/>
    <trkpt lat="39.930606" lon="3.121559"/>
    <trkpt lat="39.930625" lon="3.121588"/>
    <trkpt lat="39.930648" lon="3.121614"/>
    <trkpt lat="39.930692" lon="3.121658"/>
    <trkpt lat="39.930728" lon="3.121681"/>
    <trkpt lat="39.930761" lon="3.121699"/>
    <trkpt lat="39.930857" lon="3.121733"/>
    <trkpt lat="39.930905" lon="3.121758"/>
    <trkpt lat="39.931060" lon="3.121890"/>
    <trkpt lat="39.931083" lon="3.121913"/>
    <trkpt lat="39.931099" lon="3.121952"/>
    <trkpt lat="39.931106" lon="3.121992"/>
    <trkpt lat="39.931105" lon="3.122031"/>
    <trkpt lat="39.931100" lon="3.122075"/>
    <trkpt lat="39.931090" lon="3.122111"/>
    <trkpt lat="39.931073" lon="3.122140"/>
    <trkpt lat="39.931052" lon="3.122168"/>
    <trkpt lat="39.931022" lon="3.122189"/>
    <trkpt lat="39.930849" lon="3.122269"/>
    <trkpt lat="39.930775" lon="3.122312"/>
    <trkpt lat="39.930710" lon="3.122368"/>
    <trkpt lat="39.930354" lon="3.122768"/>
    <trkpt lat="39.930318" lon="3.122825"/>
    <trkpt lat="39.930296" lon="3.122881"/>
    <trkpt lat="39.930281" lon="3.122945"/>
    <trkpt lat="39.930271" lon="3.123012"/>
    <trkpt lat="39.930268" lon="3.123087"/>
    <trkpt lat="39.930293" lon="3.123545"/>
    <trkpt lat="39.930296" lon="3.123662"/>
    <trkpt lat="39.930296" lon="3.123796"/>
    <trkpt lat="39.930291" lon="3.123898"/>
    <trkpt lat="39.930284" lon="3.123993"/>
    <trkpt lat="39.930253" lon="3.124260"/>
    <trkpt lat="39.930233" lon="3.124453"/>
    <trkpt lat="39.930229" lon="3.124516"/>
    <trkpt lat="39.930229" lon="3.124585"/>
    <trkpt lat="39.930234" lon="3.124633"/>
    <trkpt lat="39.930246" lon="3.124680"/>
    <trkpt lat="39.930264" lon="3.124715"/>
    <trkpt lat="39.930282" lon="3.124736"/>
    <trkpt lat="39.930302" lon="3.124750"/>
    <trkpt lat="39.930323" lon="3.124753"/>
    <trkpt lat="39.930341" lon="3.124749"/>
    <trkpt lat="39.930360" lon="3.124733"/>
    <trkpt lat="39.930376" lon="3.124706"/>
    <trkpt lat="39.930388" lon="3.124667"/>
    <trkpt lat="39.930394" lon="3.124622"/>
    <trkpt lat="39.930394" lon="3.124577"/>
    <trkpt lat="39.930376" lon="3.124320"/>
    <trkpt lat="39.930377" lon="3.124249"/>
    <trkpt lat="39.930385" lon="3.124171"/>
    <trkpt lat="39.930405" lon="3.124069"/>
    <trkpt lat="39.930536" lon="3.123551"/>
    <trkpt lat="39.930622" lon="3.123249"/>
    <trkpt lat="39.930638" lon="3.123207"/>
    <trkpt lat="39.930666" lon="3.123161"/>
    <trkpt lat="39.930695" lon="3.123126"/>
    <trkpt lat="39.930720" lon="3.123103"/>
    <trkpt lat="39.930745" lon="3.123088"/>
    <trkpt lat="39.930778" lon="3.123076"/>
    <trkpt lat="39.930809" lon="3.123076"/>
    <trkpt lat="39.930845" lon="3.123083"/>
    <trkpt lat="39.931002" lon="3.123140"/>
    <trkpt lat="39.931046" lon="3.123151"/>
    <trkpt lat="39.931085" lon="3.123154"/>
    <trkpt lat="39.931122" lon="3.123150"/>
    <trkpt lat="39.931422" lon="3.123052"/>
    <trkpt lat="39.931462" lon="3.123048"/>
    <trkpt lat="39.931501" lon="3.123052"/>
    <trkpt lat="39.931537" lon="3.123060"/>
    <trkpt lat="39.931575" lon="3.123074"/>
    <trkpt lat="39.931609" lon="3.123093"/>
    <trkpt lat="39.931641" lon="3.123119"/>
    <trkpt lat="39.931677" lon="3.123157"/>
    <trkpt lat="39.931706" lon="3.123194"/>
    <trkpt lat="39.931731" lon="3.123237"/>
    <trkpt lat="39.931752" lon="3.123283"/>
    <trkpt lat="39.931765" lon="3.123328"/>
    <trkpt lat="39.931978" lon="3.124455"/>
    <trkpt lat="39.932002" lon="3.124558"/>
    <trkpt lat="39.932046" lon="3.124711"/>
    <trkpt lat="39.932076" lon="3.124800"/>
    <trkpt lat="39.932112" lon="3.124878"/>
    <trkpt lat="39.932145" lon="3.124943"/>
    <trkpt lat="39.932179" lon="3.124995"/>
    <trkpt lat="39.932217" lon="3.125042"/>
    <trkpt lat="39.932270" lon="3.125086"/>
    <trkpt lat="39.932316" lon="3.125114"/>
    <trkpt lat="39.932403" lon="3.125161"/>
    <trkpt lat="39.932470" lon="3.125188"/>
    <trkpt lat="39.932588" lon="3.125214"/>
    <trkpt lat="39.932697" lon="3.125229"/>
    <trkpt lat="39.933300" lon="3.125248"/>
    <trkpt lat="39.933387" lon="3.125261"/>
    <trkpt lat="39.933439" lon="3.125276"/>
    <trkpt lat="39.933480" lon="3.125295"/>
    <trkpt lat="39.933515" lon="3.125319"/>
    <trkpt lat="39.933543" lon="3.125343"/>
    <trkpt lat="39.933568" lon="3.125368"/>
    <trkpt lat="39.933586" lon="3.125396"/>
    <trkpt lat="39.933603" lon="3.125427"/>
    <trkpt lat="39.933617" lon="3.125465"/>
    <trkpt lat="39.933628" lon="3.125501"/>
    <trkpt lat="39.933634" lon="3.125544"/>
    <trkpt lat="39.933635" lon="3.125585"/>
    <trkpt lat="39.933632" lon="3.125631"/>
    <trkpt lat="39.933623" lon="3.125678"/>
    <trkpt lat="39.933609" lon="3.125728"/>
    <trkpt lat="39.933576" lon="3.125819"/>
    <trkpt lat="39.933541" lon="3.125902"/>
    <trkpt lat="39.933505" lon="3.125979"/>
    <trkpt lat="39.933140" lon="3.126648"/>
    <trkpt lat="39.933094" lon="3.126726"/>
    <trkpt lat="39.933042" lon="3.126805"/>
    <trkpt lat="39.932986" lon="3.126876"/>
    <trkpt lat="39.932737" lon="3.127156"/>
    <trkpt lat="39.932656" lon="3.127249"/>
    <trkpt lat="39.932601" lon="3.127325"/>
    <trkpt lat="39.932518" lon="3.127456"/>
    <trkpt lat="39.932467" lon="3.127543"/>
    <trkpt lat="39.932393" lon="3.127664"/>
    <trkpt lat="39.932346" lon="3.127749"/>
    <trkpt lat="39.932319" lon="3.127806"/>
    <trkpt lat="39.932302" lon="3.127857"/>
    <trkpt lat="39.932285" lon="3.127932"/>
    <trkpt lat="39.932268" lon="3.128022"/>
    <trkpt lat="39.932148" lon="3.128726"/>
    <trkpt lat="39.932144" lon="3.128778"/>
    <trkpt lat="39.932145" lon="3.128825"/>
    <trkpt lat="39.932150" lon="3.128864"/>
    <trkpt lat="39.932160" lon="3.128906"/>
    <trkpt lat="39.932176" lon="3.128947"/>
    <trkpt lat="39.932448" lon="3.129423"/>
    <trkpt lat="39.932497" lon="3.129517"/>
    <trkpt lat="39.932540" lon="3.129619"/>
    <trkpt lat="39.932770" lon="3.130180"/>
    <trkpt lat="39.932819" lon="3.130285"/>
    <trkpt lat="39.932852" lon="3.130358"/>
    <trkpt lat="39.932886" lon="3.130413"/>
    <trkpt lat="39.932921" lon="3.130464"/>
    <trkpt lat="39.932970" lon="3.130519"/>
    <trkpt lat="39.933062" lon="3.130593"/>
    <trkpt lat="39.933092" lon="3.130619"/>
    <trkpt lat="39.933109" lon="3.130640"/>
    <trkpt lat="39.933122" lon="3.130670"/>
    <trkpt lat="39.933124" lon="3.130702"/>
    <trkpt lat="39.933119" lon="3.130730"/>
    <trkpt lat="39.933107" lon="3.130758"/>
    <trkpt lat="39.933093" lon="3.130781"/>
    <trkpt lat="39.933075" lon="3.130797"/>
    <trkpt lat="39.933054" lon="3.130808"/>
    <trkpt lat="39.933032" lon="3.130809"/>
    <trkpt lat="39.933010" lon="3.130805"/>
    <trkpt lat="39.932979" lon="3.130788"/>
    <trkpt lat="39.932951" lon="3.130765"/>
    <trkpt lat="39.932866" lon="3.130673"/>
    <trkpt lat="39.932769" lon="3.130536"/>
    <trkpt lat="39.932563" lon="3.130240"/>
    <trkpt lat="39.932479" lon="3.130123"/>
    <trkpt lat="39.932269" lon="3.129895"/>
    <trkpt lat="39.932019" lon="3.129638"/>
    <trkpt lat="39.931954" lon="3.129576"/>
    <trkpt lat="39.931896" lon="3.129528"/>
    <trkpt lat="39.931541" lon="3.129312"/>
    <trkpt lat="39.931481" lon="3.129281"/>
    <trkpt lat="39.931437" lon="3.129265"/>
    <trkpt lat="39.931399" lon="3.129256"/>
    <trkpt lat="39.931354" lon="3.129255"/>
    <trkpt lat="39.931315" lon="3.129263"/>
    <trkpt lat="39.931283" lon="3.129281"/>
    <trkpt lat="39.931037" lon="3.129457"/>
    <trkpt lat="39.930422" lon="3.129935"/>
    <trkpt lat="39.930243" lon="3.130077"/>
    <trkpt lat="39.930107" lon="3.130179"/>
    <trkpt lat="39.930047" lon="3.130226"/>
    <trkpt lat="39.930001" lon="3.130266"/>
    <trkpt lat="39.929951" lon="3.130315"/>
    <trkpt lat="39.929921" lon="3.130355"/>
    <trkpt lat="39.929890" lon="3.130407"/>
    <trkpt lat="39.929867" lon="3.130463"/>
    <trkpt lat="39.929846" lon="3.130532"/>
    <trkpt lat="39.929373" lon="3.132551"/>
    <trkpt lat="39.929288" lon="3.132890"/>
    <trkpt lat="39.929188" lon="3.133266"/>
    <trkpt lat="39.929136" lon="3.133455"/>
    <trkpt lat="39.929131" lon="3.133493"/>
    <trkpt lat="39.929128" lon="3.133528"/>
    <trkpt lat="39.929131" lon="3.133568"/>
    <trkpt lat="39.929137" lon="3.133608"/>
    <trkpt lat="39.929145" lon="3.133644"/>
    <trkpt lat="39.929175" lon="3.133711"/>
    <trkpt lat="39.929197" lon="3.133742"/>
    <trkpt lat="39.929224" lon="3.133773"/>
    <trkpt lat="39.929250" lon="3.133801"/>
    <trkpt lat="39.929282" lon="3.133822"/>
    <trkpt lat="39.929313" lon="3.133840"/>
    <trkpt lat="39.929355" lon="3.133855"/>
    <trkpt lat="39.929444" lon="3.133875"/>
    <trkpt lat="39.929522" lon="3.133892"/>
    <trkpt lat="39.929699" lon="3.133921"/>
    <trkpt lat="39.930020" lon="3.134011"/>
    <trkpt lat="39.930290" lon="3.134077"/>
    <trkpt lat="39.930371" lon="3.134103"/>
    <trkpt lat="39.930454" lon="3.134139"/>
    <trkpt lat="39.930618" lon="3.134235"/>
    <trkpt lat="39.930864" lon="3.134395"/>
    <trkpt lat="39.931270" lon="3.134664"/>
    <trkpt lat="39.931600" lon="3.134865"/>
    <trkpt lat="39.932146" lon="3.135122"/>
    <trkpt lat="39.932848" lon="3.135481"/>
    <trkpt lat="39.932983" lon="3.135551"/>
    <trkpt lat="39.933058" lon="3.135595"/>
    <trkpt lat="39.933119" lon="3.135636"/>
    <trkpt lat="39.933180" lon="3.135687"/>
    <trkpt lat="39.933236" lon="3.135742"/>
    <trkpt lat="39.933290" lon="3.135802"/>
    <trkpt lat="39.933325" lon="3.135860"/>
    <trkpt lat="39.933358" lon="3.135920"/>
    <trkpt lat="39.933387" lon="3.135988"/>
    <trkpt lat="39.933405" lon="3.136060"/>
    <trkpt lat="39.933418" lon="3.136140"/>
    <trkpt lat="39.933426" lon="3.136227"/>
    <trkpt lat="39.933437" lon="3.136600"/>
    <trkpt lat="39.933452" lon="3.137184"/>
    <trkpt lat="39.933456" lon="3.137265"/>
    <trkpt lat="39.933464" lon="3.137325"/>
    <trkpt lat="39.933476" lon="3.137395"/>
    <trkpt lat="39.933493" lon="3.137450"/>
    <trkpt lat="39.933512" lon="3.137504"/>
    <trkpt lat="39.933574" lon="3.137627"/>
    <trkpt lat="39.933626" lon="3.137715"/>
    <trkpt lat="39.933870" lon="3.138114"/>
    <trkpt lat="39.934117" lon="3.138537"/>
    <trkpt lat="39.934376" lon="3.138980"/>
    <trkpt lat="39.934530" lon="3.139243"/>
    <trkpt lat="39.934691" lon="3.139505"/>
    <trkpt lat="39.934759" lon="3.139623"/>
    <trkpt lat="39.934806" lon="3.139718"/>
    <trkpt lat="39.934859" lon="3.139836"/>
    <trkpt lat="39.934911" lon="3.139967"/>
    <trkpt lat="39.934994" lon="3.140230"/>
    <trkpt lat="39.935131" lon="3.140615"/>
    <trkpt lat="39.935162" lon="3.140686"/>
    <trkpt lat="39.935196" lon="3.140755"/>
    <trkpt lat="39.935243" lon="3.140826"/>
    <trkpt lat="39.935293" lon="3.140885"/>
    <trkpt lat="39.935338" lon="3.140934"/>
    <trkpt lat="39.935536" lon="3.141117"/>
    <trkpt lat="39.937470" lon="3.143055"/>
    <trkpt lat="39.937885" lon="3.143470"/>
    <trkpt lat="39.938312" lon="3.143901"/>
    <trkpt lat="39.938414" lon="3.144018"/>
    <trkpt lat="39.938583" lon="3.144254"/>
    <trkpt lat="39.938932" lon="3.144853"/>
    <trkpt lat="39.939835" lon="3.146443"/>
    <trkpt lat="39.941463" lon="3.149321"/>
    <trkpt lat="39.941752" lon="3.149835"/>
    <trkpt lat="39.942693" lon="3.151509"/>
    <trkpt lat="39.943579" lon="3.153075"/>
    <trkpt lat="39.945052" lon="3.155677"/>
    <trkpt lat="39.946298" lon="3.157895"/>
    <trkpt lat="39.947549" lon="3.160125"/>
    <trkpt lat="39.947610" lon="3.160249"/>
    <trkpt lat="39.947647" lon="3.160353"/>
    <trkpt lat="39.947677" lon="3.160463"/>
    <trkpt lat="39.947688" lon="3.160580"/>
    <trkpt lat="39.947688" lon="3.160722"/>
    <trkpt lat="39.947671" lon="3.160973"/>
    <trkpt lat="39.947604" lon="3.161424"/>
    <trkpt lat="39.947583" lon="3.161567"/>
    <trkpt lat="39.947542" lon="3.161815"/>
    <trkpt lat="39.947523" lon="3.161975"/>
    <trkpt lat="39.947520" lon="3.162074"/>
    <trkpt lat="39.947523" lon="3.162142"/>
    <trkpt lat="39.947533" lon="3.162197"/>
    <trkpt lat="39.947545" lon="3.162239"/>
    <trkpt lat="39.947591" lon="3.162323"/>
    <trkpt lat="39.947656" lon="3.162410"/>
    <trkpt lat="39.948275" lon="3.163093"/>
    <trkpt lat="39.948308" lon="3.163133"/>
    <trkpt lat="39.948337" lon="3.163177"/>
    <trkpt lat="39.948356" lon="3.163224"/>
    <trkpt lat="39.948369" lon="3.163274"/>
    <trkpt lat="39.948472" lon="3.163867"/>
    <trkpt lat="39.948645" lon="3.164738"/>
    <trkpt lat="39.948906" lon="3.165894"/>
    <trkpt lat="39.948932" lon="3.166016"/>
    <trkpt lat="39.948952" lon="3.166169"/>
    <trkpt lat="39.949025" lon="3.166778"/>
    <trkpt lat="39.949068" lon="3.167211"/>
    <trkpt lat="39.949091" lon="3.167396"/>
    <trkpt lat="39.949232" lon="3.168178"/>
    <trkpt lat="39.949261" lon="3.168349"/>
    <trkpt lat="39.949299" lon="3.168641"/>
    <trkpt lat="39.949305" lon="3.168728"/>
    <trkpt lat="39.949307" lon="3.168826"/>
    <trkpt lat="39.949304" lon="3.168924"/>
    <trkpt lat="39.949293" lon="3.169013"/>
    <trkpt lat="39.949238" lon="3.169324"/>
    <trkpt lat="39.949158" lon="3.169778"/>
    <trkpt lat="39.949148" lon="3.169892"/>
    <trkpt lat="39.949154" lon="3.170004"/>
    <trkpt lat="39.949171" lon="3.170180"/>
    <trkpt lat="39.949195" lon="3.170350"/>
    <trkpt lat="39.949219" lon="3.170502"/>
    <trkpt lat="39.949231" lon="3.170595"/>
    <trkpt lat="39.949231" lon="3.170670"/>
    <trkpt lat="39.949224" lon="3.170750"/>
    <trkpt lat="39.949212" lon="3.170833"/>
    <trkpt lat="39.949187" lon="3.170929"/>
    <trkpt lat="39.949116" lon="3.171151"/>
    <trkpt lat="39.949092" lon="3.171195"/>
    <trkpt lat="39.949066" lon="3.171234"/>
    <trkpt lat="39.949032" lon="3.171271"/>
    <trkpt lat="39.948993" lon="3.171301"/>
    <trkpt lat="39.948952" lon="3.171314"/>
    <trkpt lat="39.948753" lon="3.171325"/>
    <trkpt lat="39.948438" lon="3.171328"/>
    <trkpt lat="39.948385" lon="3.171335"/>
    <trkpt lat="39.948341" lon="3.171350"/>
    <trkpt lat="39.948301" lon="3.171374"/>
    <trkpt lat="39.948260" lon="3.171412"/>
    <trkpt lat="39.948226" lon="3.171460"/>
    <trkpt lat="39.948199" lon="3.171511"/>
    <trkpt lat="39.948182" lon="3.171564"/>
    <trkpt lat="39.948168" lon="3.171630"/>
    <trkpt lat="39.948164" lon="3.171700"/>
    <trkpt lat="39.948170" lon="3.171762"/>
    <trkpt lat="39.948186" lon="3.171824"/>
    <trkpt lat="39.948206" lon="3.171880"/>
    <trkpt lat="39.948241" lon="3.171928"/>
    <trkpt lat="39.948270" lon="3.171959"/>
    <trkpt lat="39.948309" lon="3.171986"/>
    <trkpt lat="39.948739" lon="3.172190"/>
    <trkpt lat="39.948837" lon="3.172240"/>
    <trkpt lat="39.948872" lon="3.172271"/>
    <trkpt lat="39.948897" lon="3.172297"/>
    <trkpt lat="39.948918" lon="3.172329"/>
    <trkpt lat="39.948939" lon="3.172381"/>
    <trkpt lat="39.948946" lon="3.172422"/>
    <trkpt lat="39.948950" lon="3.172468"/>
    <trkpt lat="39.948951" lon="3.172512"/>
    <trkpt lat="39.948947" lon="3.172561"/>
    <trkpt lat="39.948857" lon="3.173086"/>
    <trkpt lat="39.948842" lon="3.173183"/>
    <trkpt lat="39.948835" lon="3.173258"/>
    <trkpt lat="39.948831" lon="3.173340"/>
    <trkpt lat="39.948835" lon="3.173433"/>
    <trkpt lat="39.948842" lon="3.173512"/>
    <trkpt lat="39.948861" lon="3.173609"/>
    <trkpt lat="39.948886" lon="3.173702"/>
    <trkpt lat="39.949101" lon="3.174367"/>
    <trkpt lat="39.949175" lon="3.174544"/>
    <trkpt lat="39.949313" lon="3.174815"/>
    <trkpt lat="39.949367" lon="3.174931"/>
    <trkpt lat="39.949405" lon="3.175050"/>
    <trkpt lat="39.949669" lon="3.176190"/>
    <trkpt lat="39.949681" lon="3.176259"/>
    <trkpt lat="39.949688" lon="3.176322"/>
    <trkpt lat="39.949689" lon="3.176393"/>
    <trkpt lat="39.949681" lon="3.176458"/>
    <trkpt lat="39.949665" lon="3.176514"/>
    <trkpt lat="39.949613" lon="3.176684"/>
    <trkpt lat="39.949499" lon="3.177059"/>
    <trkpt lat="39.949445" lon="3.177291"/>
    <trkpt lat="39.949384" lon="3.177559"/>
    <trkpt lat="39.949356" lon="3.177706"/>
    <trkpt lat="39.949353" lon="3.177791"/>
    <trkpt lat="39.949358" lon="3.177859"/>
    <trkpt lat="39.949374" lon="3.177932"/>
    <trkpt lat="39.949469" lon="3.178310"/>
    <trkpt lat="39.949982" lon="3.180084"/>
    <trkpt lat="39.950099" lon="3.180461"/>
    <trkpt lat="39.950168" lon="3.180710"/>
    <trkpt lat="39.950187" lon="3.180796"/>
    <trkpt lat="39.950246" lon="3.181106"/>
    <trkpt lat="39.950298" lon="3.181336"/>
    <trkpt lat="39.950363" lon="3.181615"/>
    <trkpt lat="39.950563" lon="3.182361"/>
    <trkpt lat="39.950688" lon="3.182858"/>
    <trkpt lat="39.950736" lon="3.183032"/>
    <trkpt lat="39.950768" lon="3.183125"/>
    <trkpt lat="39.950814" lon="3.183220"/>
    <trkpt lat="39.951231" lon="3.184035"/>
    <trkpt lat="39.951300" lon="3.184154"/>
    <trkpt lat="39.951375" lon="3.184268"/>
    <trkpt lat="39.951609" lon="3.184582"/>
    <trkpt lat="39.951766" lon="3.184787"/>
    <trkpt lat="39.951794" lon="3.184829"/>
    <trkpt lat="39.951817" lon="3.184871"/>
    <trkpt lat="39.951833" lon="3.184916"/>
    <trkpt lat="39.951844" lon="3.184958"/>
    <trkpt lat="39.951898" lon="3.185420"/>
    <trkpt lat="39.951908" lon="3.185468"/>
    <trkpt lat="39.951921" lon="3.185514"/>
    <trkpt lat="39.951937" lon="3.185555"/>
    <trkpt lat="39.951959" lon="3.185599"/>
    <trkpt lat="39.951986" lon="3.185646"/>
    <trkpt lat="39.952019" lon="3.185693"/>
    <trkpt lat="39.952165" lon="3.185875"/>
    <trkpt lat="39.952226" lon="3.185945"/>
    <trkpt lat="39.952287" lon="3.186003"/>
    <trkpt lat="39.952380" lon="3.186087"/>
    <trkpt lat="39.952477" lon="3.186152"/>
    <trkpt lat="39.952658" lon="3.186261"/>
    <trkpt lat="39.952703" lon="3.186291"/>
    <trkpt lat="39.952729" lon="3.186317"/>
    <trkpt lat="39.952749" lon="3.186345"/>
    <trkpt lat="39.952761" lon="3.186373"/>
    <trkpt lat="39.952769" lon="3.186411"/>
    <trkpt lat="39.952804" lon="3.186780"/>
    <trkpt lat="39.952845" lon="3.187091"/>
    <trkpt lat="39.952863" lon="3.187195"/>
    <trkpt lat="39.952879" lon="3.187276"/>
    <trkpt lat="39.952897" lon="3.187339"/>
    <trkpt lat="39.952919" lon="3.187396"/>
    <trkpt lat="39.952947" lon="3.187452"/>
    <trkpt lat="39.953094" lon="3.187701"/>
    <trkpt lat="39.953112" lon="3.187738"/>
    <trkpt lat="39.953128" lon="3.187783"/>
    <trkpt lat="39.953136" lon="3.187830"/>
    <trkpt lat="39.953138" lon="3.187870"/>
    <trkpt lat="39.953135" lon="3.187911"/>
    <trkpt lat="39.953029" lon="3.188416"/>
    <trkpt lat="39.953019" lon="3.188490"/>
    <trkpt lat="39.953010" lon="3.188560"/>
    <trkpt lat="39.953009" lon="3.188626"/>
    <trkpt lat="39.953013" lon="3.188666"/>
    <trkpt lat="39.953020" lon="3.188709"/>
    <trkpt lat="39.953038" lon="3.188756"/>
    <trkpt lat="39.953059" lon="3.188795"/>
    <trkpt lat="39.953083" lon="3.188833"/>
    <trkpt lat="39.953119" lon="3.188872"/>
    <trkpt lat="39.953155" lon="3.188899"/>
    <trkpt lat="39.953203" lon="3.188926"/>
    <trkpt lat="39.953272" lon="3.188950"/>
    <trkpt lat="39.953777" lon="3.189085"/>
    <trkpt lat="39.953886" lon="3.189116"/>
    <trkpt lat="39.953937" lon="3.189132"/>
    <trkpt lat="39.953979" lon="3.189157"/>
    <trkpt lat="39.954024" lon="3.189196"/>
    <trkpt lat="39.954056" lon="3.189244"/>
    <trkpt lat="39.954077" lon="3.189285"/>
    <trkpt lat="39.954095" lon="3.189332"/>
    <trkpt lat="39.954108" lon="3.189402"/>
    <trkpt lat="39.954114" lon="3.189457"/>
    <trkpt lat="39.954112" lon="3.189509"/>
    <trkpt lat="39.954105" lon="3.189556"/>
    <trkpt lat="39.954092" lon="3.189605"/>
    <trkpt lat="39.954073" lon="3.189648"/>
    <trkpt lat="39.954045" lon="3.189691"/>
    <trkpt lat="39.954016" lon="3.189730"/>
    <trkpt lat="39.953977" lon="3.189772"/>
    <trkpt lat="39.953488" lon="3.190219"/>
    <trkpt lat="39.953351" lon="3.190406"/>
    <trkpt lat="39.953195" lon="3.190637"/>
    <trkpt lat="39.952781" lon="3.191394"/>
    <trkpt lat="39.952745" lon="3.191461"/>
    <trkpt lat="39.952727" lon="3.191502"/>
    <trkpt lat="39.952715" lon="3.191539"/>
    <trkpt lat="39.952711" lon="3.191577"/>
    <trkpt lat="39.952709" lon="3.191621"/>
    <trkpt lat="39.952711" lon="3.191660"/>
    <trkpt lat="39.952716" lon="3.191703"/>
    <trkpt lat="39.952728" lon="3.191759"/>
    <trkpt lat="39.952742" lon="3.191803"/>
    <trkpt lat="39.952769" lon="3.191872"/>
    <trkpt lat="39.952874" lon="3.192087"/>
    <trkpt lat="39.952892" lon="3.192136"/>
    <trkpt lat="39.952901" lon="3.192174"/>
    <trkpt lat="39.952904" lon="3.192214"/>
    <trkpt lat="39.952900" lon="3.192253"/>
    <trkpt lat="39.952891" lon="3.192289"/>
    <trkpt lat="39.952879" lon="3.192328"/>
    <trkpt lat="39.952862" lon="3.192367"/>
    <trkpt lat="39.952843" lon="3.192393"/>
    <trkpt lat="39.952819" lon="3.192419"/>
    <trkpt lat="39.952791" lon="3.192445"/>
    <trkpt lat="39.952621" lon="3.192546"/>
    <trkpt lat="39.952555" lon="3.192577"/>
    <trkpt lat="39.952491" lon="3.192595"/>
    <trkpt lat="39.952034" lon="3.192691"/>
    <trkpt lat="39.951948" lon="3.192709"/>
    <trkpt lat="39.951896" lon="3.192725"/>
    <trkpt lat="39.951860" lon="3.192739"/>
    <trkpt lat="39.951821" lon="3.192757"/>
    <trkpt lat="39.951793" lon="3.192781"/>
    <trkpt lat="39.951760" lon="3.192819"/>
    <trkpt lat="39.951734" lon="3.192852"/>
    <trkpt lat="39.951629" lon="3.193029"/>
    <trkpt lat="39.951593" lon="3.193093"/>
    <trkpt lat="39.951549" lon="3.193156"/>
    <trkpt lat="39.951511" lon="3.193201"/>
    <trkpt lat="39.951481" lon="3.193235"/>
    <trkpt lat="39.951456" lon="3.193257"/>
    <trkpt lat="39.951248" lon="3.193399"/>
    <trkpt lat="39.951190" lon="3.193445"/>
    <trkpt lat="39.951151" lon="3.193486"/>
    <trkpt lat="39.951113" lon="3.193535"/>
    <trkpt lat="39.951091" lon="3.193576"/>
    <trkpt lat="39.951076" lon="3.193612"/>
    <trkpt lat="39.951067" lon="3.193647"/>
    <trkpt lat="39.951062" lon="3.193682"/>
    <trkpt lat="39.951061" lon="3.193721"/>
    <trkpt lat="39.951063" lon="3.193757"/>
    <trkpt lat="39.951071" lon="3.193797"/>
    <trkpt lat="39.951094" lon="3.193850"/>
    <trkpt lat="39.951113" lon="3.193888"/>
    <trkpt lat="39.951139" lon="3.193927"/>
    <trkpt lat="39.951349" lon="3.194238"/>
    <trkpt lat="39.951378" lon="3.194288"/>
    <trkpt lat="39.951409" lon="3.194350"/>
    <trkpt lat="39.951421" lon="3.194390"/>
    <trkpt lat="39.951430" lon="3.194431"/>
    <trkpt lat="39.951434" lon="3.194473"/>
    <trkpt lat="39.951433" lon="3.194519"/>
    <trkpt lat="39.951430" lon="3.194559"/>
    <trkpt lat="39.951418" lon="3.194600"/>
    <trkpt lat="39.951404" lon="3.194635"/>
    <trkpt lat="39.951383" lon="3.194671"/>
    <trkpt lat="39.951356" lon="3.194707"/>
    <trkpt lat="39.951324" lon="3.194737"/>
    <trkpt lat="39.951267" lon="3.194774"/>
    <trkpt lat="39.951120" lon="3.194847"/>
    <trkpt lat="39.950894" lon="3.194964"/>
    <trkpt lat="39.950862" lon="3.194993"/>
    <trkpt lat="39.950838" lon="3.195023"/>
    <trkpt lat="39.950816" lon="3.195062"/>
    <trkpt lat="39.950789" lon="3.195123"/>
    <trkpt lat="39.950773" lon="3.195168"/>
    <trkpt lat="39.950759" lon="3.195217"/>
    <trkpt lat="39.950750" lon="3.195272"/>
    <trkpt lat="39.950744" lon="3.195337"/>
    <trkpt lat="39.950744" lon="3.195402"/>
    <trkpt lat="39.950749" lon="3.195472"/>
    <trkpt lat="39.950793" lon="3.195799"/>
    <trkpt lat="39.950843" lon="3.196173"/>
    <trkpt lat="39.950866" lon="3.196296"/>
    <trkpt lat="39.950896" lon="3.196421"/>
    <trkpt lat="39.950926" lon="3.196531"/>
    <trkpt lat="39.951009" lon="3.196766"/>
    <trkpt lat="39.951055" lon="3.196872"/>
    <trkpt lat="39.951109" lon="3.196976"/>
    <trkpt lat="39.951287" lon="3.197317"/>
    <trkpt lat="39.951335" lon="3.197441"/>
    <trkpt lat="39.951368" lon="3.197545"/>
    <trkpt lat="39.951400" lon="3.197665"/>
    <trkpt lat="39.951428" lon="3.197810"/>
    <trkpt lat="39.951459" lon="3.198000"/>
    <trkpt lat="39.951472" lon="3.198055"/>
    <trkpt lat="39.951488" lon="3.198099"/>
    <trkpt lat="39.951511" lon="3.198139"/>
    <trkpt lat="39.951538" lon="3.198171"/>
    <trkpt lat="39.951579" lon="3.198205"/>
    <trkpt lat="39.951643" lon="3.198241"/>
    <trkpt lat="39.951696" lon="3.198264"/>
    <trkpt lat="39.951820" lon="3.198292"/>
    <trkpt lat="39.951975" lon="3.198309"/>
    <trkpt lat="39.952506" lon="3.198364"/>
    <trkpt lat="39.952724" lon="3.198377"/>
    <trkpt lat="39.952766" lon="3.198388"/>
    <trkpt lat="39.952801" lon="3.198408"/>
    <trkpt lat="39.952838" lon="3.198437"/>
    <trkpt lat="39.952868" lon="3.198468"/>
    <trkpt lat="39.952902" lon="3.198506"/>
    <trkpt lat="39.952940" lon="3.198560"/>
    <trkpt lat="39.952977" lon="3.198619"/>
    <trkpt lat="39.952997" lon="3.198663"/>
    <trkpt lat="39.953012" lon="3.198708"/>
    <trkpt lat="39.953025" lon="3.198755"/>
    <trkpt lat="39.953031" lon="3.198817"/>
    <trkpt lat="39.953031" lon="3.198891"/>
    <trkpt lat="39.953022" lon="3.198970"/>
    <trkpt lat="39.953010" lon="3.199034"/>
    <trkpt lat="39.952991" lon="3.199091"/>
    <trkpt lat="39.952951" lon="3.199170"/>
    <trkpt lat="39.952808" lon="3.199437"/>
    <trkpt lat="39.952789" lon="3.199485"/>
    <trkpt lat="39.952774" lon="3.199544"/>
    <trkpt lat="39.952762" lon="3.199616"/>
    <trkpt lat="39.952752" lon="3.199687"/>
    <trkpt lat="39.952747" lon="3.199771"/>
    <trkpt lat="39.952744" lon="3.199830"/>
    <trkpt lat="39.952744" lon="3.199923"/>
    <trkpt lat="39.952752" lon="3.199997"/>
    <trkpt lat="39.952761" lon="3.200053"/>
    <trkpt lat="39.952773" lon="3.200115"/>
    <trkpt lat="39.953003" lon="3.200839"/>
    <trkpt lat="39.953016" lon="3.200880"/>
    <trkpt lat="39.953054" lon="3.200984"/>
    <trkpt lat="39.953088" lon="3.201058"/>
    <trkpt lat="39.953324" lon="3.201400"/>
    <trkpt lat="39.953348" lon="3.201439"/>
    <trkpt lat="39.953364" lon="3.201474"/>
    <trkpt lat="39.953382" lon="3.201526"/>
    <trkpt lat="39.953392" lon="3.201587"/>
    <trkpt lat="39.953400" lon="3.201667"/>
    <trkpt lat="39.953406" lon="3.201781"/>
    <trkpt lat="39.953407" lon="3.201921"/>
    <trkpt lat="39.953411" lon="3.202561"/>
    <trkpt lat="39.953418" lon="3.202618"/>
    <trkpt lat="39.953430" lon="3.202663"/>
    <trkpt lat="39.953446" lon="3.202703"/>
    <trkpt lat="39.953465" lon="3.202739"/>
    <trkpt lat="39.953485" lon="3.202766"/>
    <trkpt lat="39.953512" lon="3.202794"/>
    <trkpt lat="39.953536" lon="3.202812"/>
    <trkpt lat="39.953566" lon="3.202827"/>
    <trkpt lat="39.953595" lon="3.202833"/>
    <trkpt lat="39.953625" lon="3.202833"/>
    <trkpt lat="39.953654" lon="3.202828"/>
    <trkpt lat="39.953679" lon="3.202820"/>
    <trkpt lat="39.953711" lon="3.202806"/>
    <trkpt lat="39.953738" lon="3.202788"/>
    <trkpt lat="39.953759" lon="3.202766"/>
    <trkpt lat="39.953784" lon="3.202735"/>
    <trkpt lat="39.953800" lon="3.202703"/>
    <trkpt lat="39.953816" lon="3.202665"/>
    <trkpt lat="39.953829" lon="3.202626"/>
    <trkpt lat="39.953834" lon="3.202592"/>
    <trkpt lat="39.953836" lon="3.202553"/>
    <trkpt lat="39.953831" lon="3.202511"/>
    <trkpt lat="39.953792" lon="3.202280"/>
    <trkpt lat="39.953786" lon="3.202223"/>
    <trkpt lat="39.953786" lon="3.202170"/>
    <trkpt lat="39.953789" lon="3.202116"/>
    <trkpt lat="39.953798" lon="3.202069"/>
    <trkpt lat="39.953809" lon="3.202026"/>
    <trkpt lat="39.953826" lon="3.201988"/>
    <trkpt lat="39.953847" lon="3.201962"/>
    <trkpt lat="39.953872" lon="3.201938"/>
    <trkpt lat="39.953903" lon="3.201918"/>
    <trkpt lat="39.953933" lon="3.201906"/>
    <trkpt lat="39.953963" lon="3.201905"/>
    <trkpt lat="39.954005" lon="3.201909"/>
    <trkpt lat="39.954038" lon="3.201920"/>
    <trkpt lat="39.954078" lon="3.201939"/>
    <trkpt lat="39.954182" lon="3.201985"/>
    <trkpt lat="39.954220" lon="3.202000"/>
    <trkpt lat="39.954245" lon="3.202003"/>
    <trkpt lat="39.954265" lon="3.202000"/>
    <trkpt lat="39.954287" lon="3.201994"/>
    <trkpt lat="39.954309" lon="3.201984"/>
    <trkpt lat="39.954332" lon="3.201965"/>
    <trkpt lat="39.954354" lon="3.201945"/>
    <trkpt lat="39.954375" lon="3.201921"/>
    <trkpt lat="39.954399" lon="3.201886"/>
    <trkpt lat="39.954419" lon="3.201849"/>
    <trkpt lat="39.954440" lon="3.201793"/>
    <trkpt lat="39.954530" lon="3.201499"/>
    <trkpt lat="39.954551" lon="3.201437"/>
    <trkpt lat="39.954572" lon="3.201393"/>
    <trkpt lat="39.954597" lon="3.201359"/>
    <trkpt lat="39.954618" lon="3.201332"/>
    <trkpt lat="39.954646" lon="3.201298"/>
    <trkpt lat="39.954744" lon="3.201214"/>
    <trkpt lat="39.955076" lon="3.200928"/>
    <trkpt lat="39.955121" lon="3.200897"/>
    <trkpt lat="39.955164" lon="3.200878"/>
    <trkpt lat="39.955201" lon="3.200870"/>
    <trkpt lat="39.955239" lon="3.200868"/>
    <trkpt lat="39.955282" lon="3.200876"/>
    <trkpt lat="39.955323" lon="3.200893"/>
    <trkpt lat="39.955358" lon="3.200917"/>
    <trkpt lat="39.955386" lon="3.200948"/>
    <trkpt lat="39.955410" lon="3.200984"/>
    <trkpt lat="39.955430" lon="3.201030"/>
    <trkpt lat="39.955443" lon="3.201081"/>
    <trkpt lat="39.955447" lon="3.201109"/>
    <trkpt lat="39.955451" lon="3.201132"/>
    <trkpt lat="39.955453" lon="3.201184"/>
    <trkpt lat="39.955450" lon="3.201242"/>
    <trkpt lat="39.955445" lon="3.201285"/>
    <trkpt lat="39.955432" lon="3.201347"/>
    <trkpt lat="39.955415" lon="3.201438"/>
    <trkpt lat="39.955387" lon="3.201589"/>
    <trkpt lat="39.955382" lon="3.201673"/>
    <trkpt lat="39.955386" lon="3.201765"/>
    <trkpt lat="39.955482" lon="3.202419"/>
    <trkpt lat="39.955488" lon="3.202498"/>
    <trkpt lat="39.955486" lon="3.202564"/>
    <trkpt lat="39.955477" lon="3.202622"/>
    <trkpt lat="39.955461" lon="3.202675"/>
    <trkpt lat="39.955440" lon="3.202719"/>
    <trkpt lat="39.955404" lon="3.202775"/>
    <trkpt lat="39.955359" lon="3.202831"/>
    <trkpt lat="39.954851" lon="3.203273"/>
    <trkpt lat="39.954770" lon="3.203352"/>
    <trkpt lat="39.954693" lon="3.203444"/>
    <trkpt lat="39.954628" lon="3.203544"/>
    <trkpt lat="39.954077" lon="3.204599"/>
    <trkpt lat="39.954027" lon="3.204724"/>
    <trkpt lat="39.953990" lon="3.204854"/>
    <trkpt lat="39.953839" lon="3.205469"/>
    <trkpt lat="39.953815" lon="3.205546"/>
    <trkpt lat="39.953791" lon="3.205617"/>
    <trkpt lat="39.953647" lon="3.205923"/>
    <trkpt lat="39.953626" lon="3.205984"/>
    <trkpt lat="39.953604" lon="3.206070"/>
    <trkpt lat="39.953594" lon="3.206130"/>
    <trkpt lat="39.953592" lon="3.206191"/>
    <trkpt lat="39.953597" lon="3.206259"/>
    <trkpt lat="39.953661" lon="3.206653"/>
    <trkpt lat="39.953741" lon="3.207187"/>
    <trkpt lat="39.953758" lon="3.207249"/>
    <trkpt lat="39.953780" lon="3.207306"/>
    <trkpt lat="39.953814" lon="3.207362"/>
    <trkpt lat="39.953848" lon="3.207406"/>
    <trkpt lat="39.954044" lon="3.207647"/>
    <trkpt lat="39.954099" lon="3.207690"/>
    <trkpt lat="39.954149" lon="3.207725"/>
    <trkpt lat="39.955046" lon="3.208204"/>
    <trkpt lat="39.955102" lon="3.208229"/>
    <trkpt lat="39.955159" lon="3.208246"/>
    <trkpt lat="39.955219" lon="3.208255"/>
    <trkpt lat="39.955279" lon="3.208258"/>
    <trkpt lat="39.955352" lon="3.208254"/>
    <trkpt lat="39.955418" lon="3.208246"/>
    <trkpt lat="39.955487" lon="3.208230"/>
    <trkpt lat="39.955560" lon="3.208203"/>
    <trkpt lat="39.956044" lon="3.208024"/>
    <trkpt lat="39.956090" lon="3.208017"/>
    <trkpt lat="39.956134" lon="3.208015"/>
    <trkpt lat="39.956195" lon="3.208027"/>
    <trkpt lat="39.956236" lon="3.208042"/>
    <trkpt lat="39.956292" lon="3.208065"/>
    <trkpt lat="39.956413" lon="3.208117"/>
    <trkpt lat="39.956738" lon="3.208259"/>
    <trkpt lat="39.956840" lon="3.208305"/>
    <trkpt lat="39.956878" lon="3.208314"/>
    <trkpt lat="39.956919" lon="3.208317"/>
    <trkpt lat="39.956965" lon="3.208316"/>
    <trkpt lat="39.957003" lon="3.208308"/>
    <trkpt lat="39.957035" lon="3.208290"/>
    <trkpt lat="39.957069" lon="3.208265"/>
    <trkpt lat="39.957103" lon="3.208237"/>
    <trkpt lat="39.957130" lon="3.208210"/>
    <trkpt lat="39.957153" lon="3.208178"/>
    <trkpt lat="39.957172" lon="3.208141"/>
    <trkpt lat="39.957187" lon="3.208100"/>
    <trkpt lat="39.957198" lon="3.208057"/>
    <trkpt lat="39.957205" lon="3.208007"/>
    <trkpt lat="39.957207" lon="3.207937"/>
    <trkpt lat="39.957197" lon="3.207641"/>
    <trkpt lat="39.957198" lon="3.207593"/>
    <trkpt lat="39.957205" lon="3.207547"/>
    <trkpt lat="39.957218" lon="3.207501"/>
    <trkpt lat="39.957235" lon="3.207453"/>
    <trkpt lat="39.957257" lon="3.207409"/>
    <trkpt lat="39.957285" lon="3.207372"/>
    <trkpt lat="39.957315" lon="3.207343"/>
    <trkpt lat="39.957343" lon="3.207324"/>
    <trkpt lat="39.957373" lon="3.207311"/>
    <trkpt lat="39.957407" lon="3.207305"/>
    <trkpt lat="39.957444" lon="3.207303"/>
    <trkpt lat="39.957478" lon="3.207308"/>
    <trkpt lat="39.957514" lon="3.207319"/>
    <trkpt lat="39.957541" lon="3.207334"/>
    <trkpt lat="39.957574" lon="3.207359"/>
    <trkpt lat="39.957602" lon="3.207388"/>
    <trkpt lat="39.957631" lon="3.207429"/>
    <trkpt lat="39.957655" lon="3.207473"/>
    <trkpt lat="39.957694" lon="3.207574"/>
    <trkpt lat="39.957830" lon="3.207942"/>
    <trkpt lat="39.957859" lon="3.208033"/>
    <trkpt lat="39.957875" lon="3.208118"/>
    <trkpt lat="39.957882" lon="3.208205"/>
    <trkpt lat="39.957881" lon="3.208294"/>
    <trkpt lat="39.957876" lon="3.208378"/>
    <trkpt lat="39.957862" lon="3.208467"/>
    <trkpt lat="39.957839" lon="3.208559"/>
    <trkpt lat="39.957804" lon="3.208658"/>
    <trkpt lat="39.957756" lon="3.208754"/>
    <trkpt lat="39.957689" lon="3.208864"/>
    <trkpt lat="39.957573" lon="3.209044"/>
    <trkpt lat="39.957524" lon="3.209111"/>
    <trkpt lat="39.957476" lon="3.209163"/>
    <trkpt lat="39.957418" lon="3.209213"/>
    <trkpt lat="39.957266" lon="3.209346"/>
    <trkpt lat="39.957191" lon="3.209426"/>
    <trkpt lat="39.957133" lon="3.209508"/>
    <trkpt lat="39.956757" lon="3.210092"/>
    <trkpt lat="39.956444" lon="3.210581"/>
    <trkpt lat="39.956362" lon="3.210701"/>
    <trkpt lat="39.956239" lon="3.210846"/>
    <trkpt lat="39.956127" lon="3.210956"/>
    <trkpt lat="39.956005" lon="3.211075"/>
    <trkpt lat="39.955823" lon="3.211240"/>
    <trkpt lat="39.955722" lon="3.211329"/>
    <trkpt lat="39.955674" lon="3.211366"/>
    <trkpt lat="39.955622" lon="3.211406"/>
    <trkpt lat="39.955492" lon="3.211487"/>
    <trkpt lat="39.955422" lon="3.211526"/>
    <trkpt lat="39.955360" lon="3.211565"/>
    <trkpt lat="39.955325" lon="3.211599"/>
    <trkpt lat="39.955306" lon="3.211635"/>
    <trkpt lat="39.955295" lon="3.211678"/>
    <trkpt lat="39.955292" lon="3.211718"/>
    <trkpt lat="39.955297" lon="3.211771"/>
    <trkpt lat="39.955311" lon="3.211816"/>
    <trkpt lat="39.955331" lon="3.211851"/>
    <trkpt lat="39.955353" lon="3.211881"/>
    <trkpt lat="39.955383" lon="3.211906"/>
    <trkpt lat="39.955412" lon="3.211925"/>
    <trkpt lat="39.955447" lon="3.211939"/>
    <trkpt lat="39.955477" lon="3.211944"/>
    <trkpt lat="39.955507" lon="3.211948"/>
    <trkpt lat="39.955542" lon="3.211943"/>
    <trkpt lat="39.955577" lon="3.211933"/>
    <trkpt lat="39.955623" lon="3.211909"/>
    <trkpt lat="39.955668" lon="3.211885"/>
    <trkpt lat="39.956150" lon="3.211593"/>
    <trkpt lat="39.956199" lon="3.211570"/>
    <trkpt lat="39.956243" lon="3.211553"/>
    <trkpt lat="39.956285" lon="3.211543"/>
    <trkpt lat="39.956319" lon="3.211538"/>
    <trkpt lat="39.956364" lon="3.211539"/>
    <trkpt lat="39.956414" lon="3.211547"/>
    <trkpt lat="39.956579" lon="3.211584"/>
    <trkpt lat="39.956829" lon="3.211639"/>
    <trkpt lat="39.957246" lon="3.211737"/>
    <trkpt lat="39.957293" lon="3.211742"/>
    <trkpt lat="39.957336" lon="3.211743"/>
    <trkpt lat="39.957378" lon="3.211740"/>
    <trkpt lat="39.957424" lon="3.211727"/>
    <trkpt lat="39.957467" lon="3.211710"/>
    <trkpt lat="39.957511" lon="3.211688"/>
    <trkpt lat="39.957697" lon="3.211565"/>
    <trkpt lat="39.958009" lon="3.211368"/>
    <trkpt lat="39.958072" lon="3.211331"/>
    <trkpt lat="39.958136" lon="3.211298"/>
    <trkpt lat="39.958189" lon="3.211280"/>
    <trkpt lat="39.958249" lon="3.211264"/>
    <trkpt lat="39.958324" lon="3.211250"/>
    <trkpt lat="39.958572" lon="3.211221"/>
    <trkpt lat="39.958674" lon="3.211204"/>
    <trkpt lat="39.958786" lon="3.211178"/>
    <trkpt lat="39.958833" lon="3.211161"/>
    <trkpt lat="39.958864" lon="3.211142"/>
    <trkpt lat="39.958900" lon="3.211111"/>
    <trkpt lat="39.958931" lon="3.211073"/>
    <trkpt lat="39.958962" lon="3.211026"/>
    <trkpt lat="39.959124" lon="3.210743"/>
    <trkpt lat="39.959359" lon="3.210343"/>
    <trkpt lat="39.959391" lon="3.210295"/>
    <trkpt lat="39.959425" lon="3.210253"/>
    <trkpt lat="39.959464" lon="3.210221"/>
    <trkpt lat="39.959530" lon="3.210179"/>
    <trkpt lat="39.959952" lon="3.209910"/>
    <trkpt lat="39.959997" lon="3.209900"/>
    <trkpt lat="39.960026" lon="3.209898"/>
    <trkpt lat="39.960061" lon="3.209904"/>
    <trkpt lat="39.960091" lon="3.209913"/>
    <trkpt lat="39.960124" lon="3.209929"/>
    <trkpt lat="39.960155" lon="3.209949"/>
    <trkpt lat="39.960182" lon="3.209980"/>
    <trkpt lat="39.960313" lon="3.210167"/>
    <trkpt lat="39.960331" lon="3.210207"/>
    <trkpt lat="39.960343" lon="3.210245"/>
    <trkpt lat="39.960351" lon="3.210289"/>
    <trkpt lat="39.960354" lon="3.210336"/>
    <trkpt lat="39.960352" lon="3.210393"/>
    <trkpt lat="39.960337" lon="3.210529"/>
    <trkpt lat="39.960334" lon="3.210581"/>
    <trkpt lat="39.960338" lon="3.210623"/>
    <trkpt lat="39.960351" lon="3.210669"/>
    <trkpt lat="39.960367" lon="3.210711"/>
    <trkpt lat="39.960393" lon="3.210760"/>
    <trkpt lat="39.960429" lon="3.210820"/>
    <trkpt lat="39.960576" lon="3.211035"/>
    <trkpt lat="39.960606" lon="3.211090"/>
    <trkpt lat="39.960622" lon="3.211137"/>
    <trkpt lat="39.960632" lon="3.211183"/>
    <trkpt lat="39.960637" lon="3.211226"/>
    <trkpt lat="39.960637" lon="3.211283"/>
    <trkpt lat="39.960625" lon="3.211341"/>
    <trkpt lat="39.960602" lon="3.211399"/>
    <trkpt lat="39.960538" lon="3.211547"/>
    <trkpt lat="39.960406" lon="3.211852"/>
    <trkpt lat="39.960367" lon="3.211933"/>
    <trkpt lat="39.960350" lon="3.211987"/>
    <trkpt lat="39.960344" lon="3.212030"/>
    <trkpt lat="39.960348" lon="3.212060"/>
    <trkpt lat="39.960358" lon="3.212093"/>
    <trkpt lat="39.960373" lon="3.212116"/>
    <trkpt lat="39.960388" lon="3.212130"/>
    <trkpt lat="39.960409" lon="3.212139"/>
    <trkpt lat="39.960430" lon="3.212144"/>
    <trkpt lat="39.960450" lon="3.212141"/>
    <trkpt lat="39.960470" lon="3.212133"/>
    <trkpt lat="39.960494" lon="3.212106"/>
    <trkpt lat="39.960516" lon="3.212074"/>
    <trkpt lat="39.960542" lon="3.212019"/>
    <trkpt lat="39.960667" lon="3.211728"/>
    <trkpt lat="39.960726" lon="3.211587"/>
    <trkpt lat="39.960832" lon="3.211335"/>
    <trkpt lat="39.960852" lon="3.211297"/>
    <trkpt lat="39.960871" lon="3.211273"/>
    <trkpt lat="39.960892" lon="3.211249"/>
    <trkpt lat="39.960910" lon="3.211239"/>
    <trkpt lat="39.960930" lon="3.211230"/>
    <trkpt lat="39.960954" lon="3.211226"/>
    <trkpt lat="39.960982" lon="3.211228"/>
    <trkpt lat="39.961004" lon="3.211234"/>
    <trkpt lat="39.961024" lon="3.211246"/>
    <trkpt lat="39.961042" lon="3.211263"/>
    <trkpt lat="39.961059" lon="3.211287"/>
    <trkpt lat="39.961076" lon="3.211317"/>
    <trkpt lat="39.961088" lon="3.211359"/>
    <trkpt lat="39.961093" lon="3.211393"/>
    <trkpt lat="39.961091" lon="3.211421"/>
    <trkpt lat="39.961082" lon="3.211460"/>
    <trkpt lat="39.961061" lon="3.211499"/>
    <trkpt lat="39.961000" lon="3.211573"/>
    <trkpt lat="39.960913" lon="3.211681"/>
    <trkpt lat="39.960857" lon="3.211746"/>
    <trkpt lat="39.960763" lon="3.211857"/>
    <trkpt lat="39.960718" lon="3.211924"/>
    <trkpt lat="39.960699" lon="3.211960"/>
    <trkpt lat="39.960685" lon="3.212001"/>
    <trkpt lat="39.960674" lon="3.212042"/>
    <trkpt lat="39.960670" lon="3.212088"/>
    <trkpt lat="39.960670" lon="3.212133"/>
    <trkpt lat="39.960677" lon="3.212177"/>
    <trkpt lat="39.960686" lon="3.212214"/>
    <trkpt lat="39.960699" lon="3.212253"/>
    <trkpt lat="39.960717" lon="3.212298"/>
    <trkpt lat="39.960739" lon="3.212334"/>
    <trkpt lat="39.960781" lon="3.212394"/>
    <trkpt lat="39.960914" lon="3.212571"/>
    <trkpt lat="39.960957" lon="3.212633"/>
    <trkpt lat="39.960981" lon="3.212675"/>
    <trkpt lat="39.961011" lon="3.212717"/>
    <trkpt lat="39.961037" lon="3.212749"/>
    <trkpt lat="39.961061" lon="3.212771"/>
    <trkpt lat="39.961079" lon="3.212786"/>
    <trkpt lat="39.961100" lon="3.212795"/>
    <trkpt lat="39.961121" lon="3.212800"/>
    <trkpt lat="39.961142" lon="3.212802"/>
    <trkpt lat="39.961165" lon="3.212801"/>
    <trkpt lat="39.961184" lon="3.212793"/>
    <trkpt lat="39.961202" lon="3.212783"/>
    <trkpt lat="39.961218" lon="3.212767"/>
    <trkpt lat="39.961230" lon="3.212747"/>
    <trkpt lat="39.961244" lon="3.212718"/>
    <trkpt lat="39.961254" lon="3.212684"/>
    <trkpt lat="39.961260" lon="3.212652"/>
    <trkpt lat="39.961261" lon="3.212631"/>
    <trkpt lat="39.961257" lon="3.212598"/>
    <trkpt lat="39.961261" lon="3.212631"/>
    <trkpt lat="39.961260" lon="3.212652"/>
    <trkpt lat="39.961254" lon="3.212684"/>
    <trkpt lat="39.961244" lon="3.212718"/>
    <trkpt lat="39.961230" lon="3.212747"/>
    <trkpt lat="39.961218" lon="3.212767"/>
    <trkpt lat="39.961202" lon="3.212783"/>
    <trkpt lat="39.961184" lon="3.212793"/>
    <trkpt lat="39.961165" lon="3.212801"/>
    <trkpt lat="39.961142" lon="3.212802"/>
    <trkpt lat="39.961121" lon="3.212800"/>
    <trkpt lat="39.961100" lon="3.212795"/>
    <trkpt lat="39.961079" lon="3.212786"/>
    <trkpt lat="39.961061" lon="3.212771"/>
    <trkpt lat="39.961037" lon="3.212749"/>
    <trkpt lat="39.961011" lon="3.212717"/>
    <trkpt lat="39.960981" lon="3.212675"/>
    <trkpt lat="39.960957" lon="3.212633"/>
    <trkpt lat="39.960914" lon="3.212571"/>
    <trkpt lat="39.960781" lon="3.212394"/>
    <trkpt lat="39.960739" lon="3.212334"/>
    <trkpt lat="39.960717" lon="3.212298"/>
    <trkpt lat="39.960699" lon="3.212253"/>
    <trkpt lat="39.960686" lon="3.212214"/>
    <trkpt lat="39.960677" lon="3.212177"/>
    <trkpt lat="39.960670" lon="3.212133"/>
    <trkpt lat="39.960670" lon="3.212088"/>
    <trkpt lat="39.960674" lon="3.212042"/>
    <trkpt lat="39.960685" lon="3.212001"/>
    <trkpt lat="39.960699" lon="3.211960"/>
    <trkpt lat="39.960718" lon="3.211924"/>
    <trkpt lat="39.960763" lon="3.211857"/>
    <trkpt lat="39.960857" lon="3.211746"/>
    <trkpt lat="39.960913" lon="3.211681"/>
    <trkpt lat="39.961000" lon="3.211573"/>
    <trkpt lat="39.961061" lon="3.211499"/>
    <trkpt lat="39.961082" lon="3.211460"/>
    <trkpt lat="39.961091" lon="3.211421"/>
    <trkpt lat="39.961093" lon="3.211393"/>
    <trkpt lat="39.961088" lon="3.211359"/>
    <trkpt lat="39.961076" lon="3.211317"/>
    <trkpt lat="39.961059" lon="3.211287"/>
    <trkpt lat="39.961042" lon="3.211263"/>
    <trkpt lat="39.961024" lon="3.211246"/>
    <trkpt lat="39.961004" lon="3.211234"/>
    <trkpt lat="39.960982" lon="3.211228"/>
    <trkpt lat="39.960954" lon="3.211226"/>
    <trkpt lat="39.960930" lon="3.211230"/>
    <trkpt lat="39.960910" lon="3.211239"/>
    <trkpt lat="39.960892" lon="3.211249"/>
    <trkpt lat="39.960871" lon="3.211273"/>
    <trkpt lat="39.960852" lon="3.211297"/>
    <trkpt lat="39.960832" lon="3.211335"/>
    <trkpt lat="39.960726" lon="3.211587"/>
    <trkpt lat="39.960667" lon="3.211728"/>
    <trkpt lat="39.960542" lon="3.212019"/>
    <trkpt lat="39.960516" lon="3.212074"/>
    <trkpt lat="39.960494" lon="3.212106"/>
    <trkpt lat="39.960470" lon="3.212133"/>
    <trkpt lat="39.960450" lon="3.212141"/>
    <trkpt lat="39.960430" lon="3.212144"/>
    <trkpt lat="39.960409" lon="3.212139"/>
    <trkpt lat="39.960388" lon="3.212130"/>
    <trkpt lat="39.960373" lon="3.212116"/>
    <trkpt lat="39.960358" lon="3.212093"/>
    <trkpt lat="39.960348" lon="3.212060"/>
    <trkpt lat="39.960344" lon="3.212030"/>
    <trkpt lat="39.960350" lon="3.211987"/>
    <trkpt lat="39.960367" lon="3.211933"/>
    <trkpt lat="39.960406" lon="3.211852"/>
    <trkpt lat="39.960538" lon="3.211547"/>
    <trkpt lat="39.960602" lon="3.211399"/>
    <trkpt lat="39.960625" lon="3.211341"/>
    <trkpt lat="39.960637" lon="3.211283"/>
    <trkpt lat="39.960637" lon="3.211226"/>
    <trkpt lat="39.960632" lon="3.211183"/>
    <trkpt lat="39.960622" lon="3.211137"/>
    <trkpt lat="39.960606" lon="3.211090"/>
    <trkpt lat="39.960576" lon="3.211035"/>
    <trkpt lat="39.960429" lon="3.210820"/>
    <trkpt lat="39.960393" lon="3.210760"/>
    <trkpt lat="39.960367" lon="3.210711"/>
    <trkpt lat="39.960351" lon="3.210669"/>
    <trkpt lat="39.960338" lon="3.210623"/>
    <trkpt lat="39.960334" lon="3.210581"/>
    <trkpt lat="39.960337" lon="3.210529"/>
    <trkpt lat="39.960352" lon="3.210393"/>
    <trkpt lat="39.960354" lon="3.210336"/>
    <trkpt lat="39.960351" lon="3.210289"/>
    <trkpt lat="39.960343" lon="3.210245"/>
    <trkpt lat="39.960331" lon="3.210207"/>
    <trkpt lat="39.960313" lon="3.210167"/>
    <trkpt lat="39.960182" lon="3.209980"/>
    <trkpt lat="39.960155" lon="3.209949"/>
    <trkpt lat="39.960124" lon="3.209929"/>
    <trkpt lat="39.960091" lon="3.209913"/>
    <trkpt lat="39.960061" lon="3.209904"/>
    <trkpt lat="39.960026" lon="3.209898"/>
    <trkpt lat="39.959997" lon="3.209900"/>
    <trkpt lat="39.959952" lon="3.209910"/>
    <trkpt lat="39.959530" lon="3.210179"/>
    <trkpt lat="39.959464" lon="3.210221"/>
    <trkpt lat="39.959425" lon="3.210253"/>
    <trkpt lat="39.959391" lon="3.210295"/>
    <trkpt lat="39.959359" lon="3.210343"/>
    <trkpt lat="39.959124" lon="3.210743"/>
    <trkpt lat="39.958962" lon="3.211026"/>
    <trkpt lat="39.958931" lon="3.211073"/>
    <trkpt lat="39.958900" lon="3.211111"/>
    <trkpt lat="39.958864" lon="3.211142"/>
    <trkpt lat="39.958833" lon="3.211161"/>
    <trkpt lat="39.958786" lon="3.211178"/>
    <trkpt lat="39.958674" lon="3.211204"/>
    <trkpt lat="39.958572" lon="3.211221"/>
    <trkpt lat="39.958324" lon="3.211250"/>
    <trkpt lat="39.958249" lon="3.211264"/>
    <trkpt lat="39.958189" lon="3.211280"/>
    <trkpt lat="39.958136" lon="3.211298"/>
    <trkpt lat="39.958072" lon="3.211331"/>
    <trkpt lat="39.958009" lon="3.211368"/>
    <trkpt lat="39.957697" lon="3.211565"/>
    <trkpt lat="39.957511" lon="3.211688"/>
    <trkpt lat="39.957467" lon="3.211710"/>
    <trkpt lat="39.957424" lon="3.211727"/>
    <trkpt lat="39.957378" lon="3.211740"/>
    <trkpt lat="39.957336" lon="3.211743"/>
    <trkpt lat="39.957293" lon="3.211742"/>
    <trkpt lat="39.957246" lon="3.211737"/>
    <trkpt lat="39.956829" lon="3.211639"/>
    <trkpt lat="39.956579" lon="3.211584"/>
    <trkpt lat="39.956414" lon="3.211547"/>
    <trkpt lat="39.956364" lon="3.211539"/>
    <trkpt lat="39.956319" lon="3.211538"/>
    <trkpt lat="39.956285" lon="3.211543"/>
    <trkpt lat="39.956243" lon="3.211553"/>
    <trkpt lat="39.956199" lon="3.211570"/>
    <trkpt lat="39.956150" lon="3.211593"/>
    <trkpt lat="39.955668" lon="3.211885"/>
    <trkpt lat="39.955623" lon="3.211909"/>
    <trkpt lat="39.955577" lon="3.211933"/>
    <trkpt lat="39.955542" lon="3.211943"/>
    <trkpt lat="39.955507" lon="3.211948"/>
    <trkpt lat="39.955477" lon="3.211944"/>
    <trkpt lat="39.955447" lon="3.211939"/>
    <trkpt lat="39.955412" lon="3.211925"/>
    <trkpt lat="39.955383" lon="3.211906"/>
    <trkpt lat="39.955353" lon="3.211881"/>
    <trkpt lat="39.955331" lon="3.211851"/>
    <trkpt lat="39.955311" lon="3.211816"/>
    <trkpt lat="39.955297" lon="3.211771"/>
    <trkpt lat="39.955292" lon="3.211718"/>
    <trkpt lat="39.955295" lon="3.211678"/>
    <trkpt lat="39.955306" lon="3.211635"/>
    <trkpt lat="39.955325" lon="3.211599"/>
    <trkpt lat="39.955360" lon="3.211565"/>
    <trkpt lat="39.955422" lon="3.211526"/>
    <trkpt lat="39.955492" lon="3.211487"/>
    <trkpt lat="39.955622" lon="3.211406"/>
    <trkpt lat="39.955674" lon="3.211366"/>
    <trkpt lat="39.955722" lon="3.211329"/>
    <trkpt lat="39.955823" lon="3.211240"/>
    <trkpt lat="39.956005" lon="3.211075"/>
    <trkpt lat="39.956127" lon="3.210956"/>
    <trkpt lat="39.956239" lon="3.210846"/>
    <trkpt lat="39.956362" lon="3.210701"/>
    <trkpt lat="39.956444" lon="3.210581"/>
    <trkpt lat="39.956757" lon="3.210092"/>
    <trkpt lat="39.957133" lon="3.209508"/>
    <trkpt lat="39.957191" lon="3.209426"/>
    <trkpt lat="39.957266" lon="3.209346"/>
    <trkpt lat="39.957418" lon="3.209213"/>
    <trkpt lat="39.957476" lon="3.209163"/>
    <trkpt lat="39.957524" lon="3.209111"/>
    <trkpt lat="39.957573" lon="3.209044"/>
    <trkpt lat="39.957689" lon="3.208864"/>
    <trkpt lat="39.957756" lon="3.208754"/>
    <trkpt lat="39.957804" lon="3.208658"/>
    <trkpt lat="39.957839" lon="3.208559"/>
    <trkpt lat="39.957862" lon="3.208467"/>
    <trkpt lat="39.957876" lon="3.208378"/>
    <trkpt lat="39.957881" lon="3.208294"/>
    <trkpt lat="39.957882" lon="3.208205"/>
    <trkpt lat="39.957875" lon="3.208118"/>
    <trkpt lat="39.957859" lon="3.208033"/>
    <trkpt lat="39.957830" lon="3.207942"/>
    <trkpt lat="39.957694" lon="3.207574"/>
    <trkpt lat="39.957655" lon="3.207473"/>
    <trkpt lat="39.957631" lon="3.207429"/>
    <trkpt lat="39.957602" lon="3.207388"/>
    <trkpt lat="39.957574" lon="3.207359"/>
    <trkpt lat="39.957541" lon="3.207334"/>
    <trkpt lat="39.957514" lon="3.207319"/>
    <trkpt lat="39.957478" lon="3.207308"/>
    <trkpt lat="39.957444" lon="3.207303"/>
    <trkpt lat="39.957407" lon="3.207305"/>
    <trkpt lat="39.957373" lon="3.207311"/>
    <trkpt lat="39.957343" lon="3.207324"/>
    <trkpt lat="39.957315" lon="3.207343"/>
    <trkpt lat="39.957285" lon="3.207372"/>
    <trkpt lat="39.957257" lon="3.207409"/>
    <trkpt lat="39.957235" lon="3.207453"/>
    <trkpt lat="39.957218" lon="3.207501"/>
    <trkpt lat="39.957205" lon="3.207547"/>
    <trkpt lat="39.957198" lon="3.207593"/>
    <trkpt lat="39.957197" lon="3.207641"/>
    <trkpt lat="39.957207" lon="3.207937"/>
    <trkpt lat="39.957205" lon="3.208007"/>
    <trkpt lat="39.957198" lon="3.208057"/>
    <trkpt lat="39.957187" lon="3.208100"/>
    <trkpt lat="39.957172" lon="3.208141"/>
    <trkpt lat="39.957153" lon="3.208178"/>
    <trkpt lat="39.957130" lon="3.208210"/>
    <trkpt lat="39.957103" lon="3.208237"/>
    <trkpt lat="39.957069" lon="3.208265"/>
    <trkpt lat="39.957035" lon="3.208290"/>
    <trkpt lat="39.957003" lon="3.208308"/>
    <trkpt lat="39.956965" lon="3.208316"/>
    <trkpt lat="39.956919" lon="3.208317"/>
    <trkpt lat="39.956878" lon="3.208314"/>
    <trkpt lat="39.956840" lon="3.208305"/>
    <trkpt lat="39.956738" lon="3.208259"/>
    <trkpt lat="39.956413" lon="3.208117"/>
    <trkpt lat="39.956292" lon="3.208065"/>
    <trkpt lat="39.956236" lon="3.208042"/>
    <trkpt lat="39.956195" lon="3.208027"/>
    <trkpt lat="39.956134" lon="3.208015"/>
    <trkpt lat="39.956090" lon="3.208017"/>
    <trkpt lat="39.956044" lon="3.208024"/>
    <trkpt lat="39.955560" lon="3.208203"/>
    <trkpt lat="39.955487" lon="3.208230"/>
    <trkpt lat="39.955418" lon="3.208246"/>
    <trkpt lat="39.955352" lon="3.208254"/>
    <trkpt lat="39.955279" lon="3.208258"/>
    <trkpt lat="39.955219" lon="3.208255"/>
    <trkpt lat="39.955159" lon="3.208246"/>
    <trkpt lat="39.955102" lon="3.208229"/>
    <trkpt lat="39.955046" lon="3.208204"/>
    <trkpt lat="39.954149" lon="3.207725"/>
    <trkpt lat="39.954099" lon="3.207690"/>
    <trkpt lat="39.954044" lon="3.207647"/>
    <trkpt lat="39.953848" lon="3.207406"/>
    <trkpt lat="39.953814" lon="3.207362"/>
    <trkpt lat="39.953780" lon="3.207306"/>
    <trkpt lat="39.953758" lon="3.207249"/>
    <trkpt lat="39.953741" lon="3.207187"/>
    <trkpt lat="39.953661" lon="3.206653"/>
    <trkpt lat="39.953597" lon="3.206259"/>
    <trkpt lat="39.953592" lon="3.206191"/>
    <trkpt lat="39.953594" lon="3.206130"/>
    <trkpt lat="39.953604" lon="3.206070"/>
    <trkpt lat="39.953626" lon="3.205984"/>
    <trkpt lat="39.953647" lon="3.205923"/>
    <trkpt lat="39.953791" lon="3.205617"/>
    <trkpt lat="39.953815" lon="3.205546"/>
    <trkpt lat="39.953839" lon="3.205469"/>
    <trkpt lat="39.953990" lon="3.204854"/>
    <trkpt lat="39.954027" lon="3.204724"/>
    <trkpt lat="39.954077" lon="3.204599"/>
    <trkpt lat="39.954628" lon="3.203544"/>
    <trkpt lat="39.954693" lon="3.203444"/>
    <trkpt lat="39.954770" lon="3.203352"/>
    <trkpt lat="39.954851" lon="3.203273"/>
    <trkpt lat="39.955359" lon="3.202831"/>
    <trkpt lat="39.955404" lon="3.202775"/>
    <trkpt lat="39.955440" lon="3.202719"/>
    <trkpt lat="39.955461" lon="3.202675"/>
    <trkpt lat="39.955477" lon="3.202622"/>
    <trkpt lat="39.955486" lon="3.202564"/>
    <trkpt lat="39.955488" lon="3.202498"/>
    <trkpt lat="39.955482" lon="3.202419"/>
    <trkpt lat="39.955386" lon="3.201765"/>
    <trkpt lat="39.955382" lon="3.201673"/>
    <trkpt lat="39.955387" lon="3.201589"/>
    <trkpt lat="39.955415" lon="3.201438"/>
    <trkpt lat="39.955432" lon="3.201347"/>
    <trkpt lat="39.955445" lon="3.201285"/>
    <trkpt lat="39.955450" lon="3.201242"/>
    <trkpt lat="39.955453" lon="3.201184"/>
    <trkpt lat="39.955451" lon="3.201132"/>
    <trkpt lat="39.955447" lon="3.201109"/>
    <trkpt lat="39.955443" lon="3.201081"/>
    <trkpt lat="39.955430" lon="3.201030"/>
    <trkpt lat="39.955410" lon="3.200984"/>
    <trkpt lat="39.955386" lon="3.200948"/>
    <trkpt lat="39.955358" lon="3.200917"/>
    <trkpt lat="39.955323" lon="3.200893"/>
    <trkpt lat="39.955282" lon="3.200876"/>
    <trkpt lat="39.955239" lon="3.200868"/>
    <trkpt lat="39.955201" lon="3.200870"/>
    <trkpt lat="39.955164" lon="3.200878"/>
    <trkpt lat="39.955121" lon="3.200897"/>
    <trkpt lat="39.955076" lon="3.200928"/>
    <trkpt lat="39.954744" lon="3.201214"/>
    <trkpt lat="39.954646" lon="3.201298"/>
    <trkpt lat="39.954618" lon="3.201332"/>
    <trkpt lat="39.954597" lon="3.201359"/>
    <trkpt lat="39.954572" lon="3.201393"/>
    <trkpt lat="39.954551" lon="3.201437"/>
    <trkpt lat="39.954530" lon="3.201499"/>
    <trkpt lat="39.954440" lon="3.201793"/>
    <trkpt lat="39.954419" lon="3.201849"/>
    <trkpt lat="39.954399" lon="3.201886"/>
    <trkpt lat="39.954375" lon="3.201921"/>
    <trkpt lat="39.954354" lon="3.201945"/>
    <trkpt lat="39.954332" lon="3.201965"/>
    <trkpt lat="39.954309" lon="3.201984"/>
    <trkpt lat="39.954287" lon="3.201994"/>
    <trkpt lat="39.954265" lon="3.202000"/>
    <trkpt lat="39.954245" lon="3.202003"/>
    <trkpt lat="39.954220" lon="3.202000"/>
    <trkpt lat="39.954182" lon="3.201985"/>
    <trkpt lat="39.954078" lon="3.201939"/>
    <trkpt lat="39.954038" lon="3.201920"/>
    <trkpt lat="39.954005" lon="3.201909"/>
    <trkpt lat="39.953963" lon="3.201905"/>
    <trkpt lat="39.953933" lon="3.201906"/>
    <trkpt lat="39.953903" lon="3.201918"/>
    <trkpt lat="39.953872" lon="3.201938"/>
    <trkpt lat="39.953847" lon="3.201962"/>
    <trkpt lat="39.953826" lon="3.201988"/>
    <trkpt lat="39.953809" lon="3.202026"/>
    <trkpt lat="39.953798" lon="3.202069"/>
    <trkpt lat="39.953789" lon="3.202116"/>
    <trkpt lat="39.953786" lon="3.202170"/>
    <trkpt lat="39.953786" lon="3.202223"/>
    <trkpt lat="39.953792" lon="3.202280"/>
    <trkpt lat="39.953831" lon="3.202511"/>
    <trkpt lat="39.953836" lon="3.202553"/>
    <trkpt lat="39.953834" lon="3.202592"/>
    <trkpt lat="39.953829" lon="3.202626"/>
    <trkpt lat="39.953816" lon="3.202665"/>
    <trkpt lat="39.953800" lon="3.202703"/>
    <trkpt lat="39.953784" lon="3.202735"/>
    <trkpt lat="39.953759" lon="3.202766"/>
    <trkpt lat="39.953738" lon="3.202788"/>
    <trkpt lat="39.953711" lon="3.202806"/>
    <trkpt lat="39.953679" lon="3.202820"/>
    <trkpt lat="39.953654" lon="3.202828"/>
    <trkpt lat="39.953625" lon="3.202833"/>
    <trkpt lat="39.953595" lon="3.202833"/>
    <trkpt lat="39.953566" lon="3.202827"/>
    <trkpt lat="39.953536" lon="3.202812"/>
    <trkpt lat="39.953512" lon="3.202794"/>
    <trkpt lat="39.953485" lon="3.202766"/>
    <trkpt lat="39.953465" lon="3.202739"/>
    <trkpt lat="39.953446" lon="3.202703"/>
    <trkpt lat="39.953430" lon="3.202663"/>
    <trkpt lat="39.953418" lon="3.202618"/>
    <trkpt lat="39.953411" lon="3.202561"/>
    <trkpt lat="39.953407" lon="3.201921"/>
    <trkpt lat="39.953406" lon="3.201781"/>
    <trkpt lat="39.953400" lon="3.201667"/>
    <trkpt lat="39.953392" lon="3.201587"/>
    <trkpt lat="39.953382" lon="3.201526"/>
    <trkpt lat="39.953364" lon="3.201474"/>
    <trkpt lat="39.953348" lon="3.201439"/>
    <trkpt lat="39.953324" lon="3.201400"/>
    <trkpt lat="39.953088" lon="3.201058"/>
    <trkpt lat="39.953054" lon="3.200984"/>
    <trkpt lat="39.953016" lon="3.200880"/>
    <trkpt lat="39.953003" lon="3.200839"/>
    <trkpt lat="39.952773" lon="3.200115"/>
    <trkpt lat="39.952761" lon="3.200053"/>
    <trkpt lat="39.952752" lon="3.199997"/>
    <trkpt lat="39.952744" lon="3.199923"/>
    <trkpt lat="39.952744" lon="3.199830"/>
    <trkpt lat="39.952747" lon="3.199771"/>
    <trkpt lat="39.952752" lon="3.199687"/>
    <trkpt lat="39.952762" lon="3.199616"/>
    <trkpt lat="39.952774" lon="3.199544"/>
    <trkpt lat="39.952789" lon="3.199485"/>
    <trkpt lat="39.952808" lon="3.199437"/>
    <trkpt lat="39.952951" lon="3.199170"/>
    <trkpt lat="39.952991" lon="3.199091"/>
    <trkpt lat="39.953010" lon="3.199034"/>
    <trkpt lat="39.953022" lon="3.198970"/>
    <trkpt lat="39.953031" lon="3.198891"/>
    <trkpt lat="39.953031" lon="3.198817"/>
    <trkpt lat="39.953025" lon="3.198755"/>
    <trkpt lat="39.953012" lon="3.198708"/>
    <trkpt lat="39.952997" lon="3.198663"/>
    <trkpt lat="39.952977" lon="3.198619"/>
    <trkpt lat="39.952940" lon="3.198560"/>
    <trkpt lat="39.952902" lon="3.198506"/>
    <trkpt lat="39.952868" lon="3.198468"/>
    <trkpt lat="39.952838" lon="3.198437"/>
    <trkpt lat="39.952801" lon="3.198408"/>
    <trkpt lat="39.952766" lon="3.198388"/>
    <trkpt lat="39.952724" lon="3.198377"/>
    <trkpt lat="39.952506" lon="3.198364"/>
    <trkpt lat="39.951975" lon="3.198309"/>
    <trkpt lat="39.951820" lon="3.198292"/>
    <trkpt lat="39.951696" lon="3.198264"/>
    <trkpt lat="39.951643" lon="3.198241"/>
    <trkpt lat="39.951579" lon="3.198205"/>
    <trkpt lat="39.951538" lon="3.198171"/>
    <trkpt lat="39.951511" lon="3.198139"/>
    <trkpt lat="39.951488" lon="3.198099"/>
    <trkpt lat="39.951472" lon="3.198055"/>
    <trkpt lat="39.951459" lon="3.198000"/>
    <trkpt lat="39.951428" lon="3.197810"/>
    <trkpt lat="39.951400" lon="3.197665"/>
    <trkpt lat="39.951368" lon="3.197545"/>
    <trkpt lat="39.951335" lon="3.197441"/>
    <trkpt lat="39.951287" lon="3.197317"/>
    <trkpt lat="39.951109" lon="3.196976"/>
    <trkpt lat="39.951055" lon="3.196872"/>
    <trkpt lat="39.951009" lon="3.196766"/>
    <trkpt lat="39.950926" lon="3.196531"/>
    <trkpt lat="39.950896" lon="3.196421"/>
    <trkpt lat="39.950866" lon="3.196296"/>
    <trkpt lat="39.950843" lon="3.196173"/>
    <trkpt lat="39.950793" lon="3.195799"/>
    <trkpt lat="39.950749" lon="3.195472"/>
    <trkpt lat="39.950744" lon="3.195402"/>
    <trkpt lat="39.950744" lon="3.195337"/>
    <trkpt lat="39.950750" lon="3.195272"/>
    <trkpt lat="39.950759" lon="3.195217"/>
    <trkpt lat="39.950773" lon="3.195168"/>
    <trkpt lat="39.950789" lon="3.195123"/>
    <trkpt lat="39.950816" lon="3.195062"/>
    <trkpt lat="39.950838" lon="3.195023"/>
    <trkpt lat="39.950862" lon="3.194993"/>
    <trkpt lat="39.950894" lon="3.194964"/>
    <trkpt lat="39.951120" lon="3.194847"/>
    <trkpt lat="39.951267" lon="3.194774"/>
    <trkpt lat="39.951324" lon="3.194737"/>
    <trkpt lat="39.951356" lon="3.194707"/>
    <trkpt lat="39.951383" lon="3.194671"/>
    <trkpt lat="39.951404" lon="3.194635"/>
    <trkpt lat="39.951418" lon="3.194600"/>
    <trkpt lat="39.951430" lon="3.194559"/>
    <trkpt lat="39.951433" lon="3.194519"/>
    <trkpt lat="39.951434" lon="3.194473"/>
    <trkpt lat="39.951430" lon="3.194431"/>
    <trkpt lat="39.951421" lon="3.194390"/>
    <trkpt lat="39.951409" lon="3.194350"/>
    <trkpt lat="39.951378" lon="3.194288"/>
    <trkpt lat="39.951349" lon="3.194238"/>
    <trkpt lat="39.951139" lon="3.193927"/>
    <trkpt lat="39.951113" lon="3.193888"/>
    <trkpt lat="39.951094" lon="3.193850"/>
    <trkpt lat="39.951071" lon="3.193797"/>
    <trkpt lat="39.951063" lon="3.193757"/>
    <trkpt lat="39.951061" lon="3.193721"/>
    <trkpt lat="39.951062" lon="3.193682"/>
    <trkpt lat="39.951067" lon="3.193647"/>
    <trkpt lat="39.951076" lon="3.193612"/>
    <trkpt lat="39.951091" lon="3.193576"/>
    <trkpt lat="39.951113" lon="3.193535"/>
    <trkpt lat="39.951151" lon="3.193486"/>
    <trkpt lat="39.951190" lon="3.193445"/>
    <trkpt lat="39.951248" lon="3.193399"/>
    <trkpt lat="39.951456" lon="3.193257"/>
    <trkpt lat="39.951481" lon="3.193235"/>
    <trkpt lat="39.951511" lon="3.193201"/>
    <trkpt lat="39.951549" lon="3.193156"/>
    <trkpt lat="39.951593" lon="3.193093"/>
    <trkpt lat="39.951629" lon="3.193029"/>
    <trkpt lat="39.951734" lon="3.192852"/>
    <trkpt lat="39.951760" lon="3.192819"/>
    <trkpt lat="39.951793" lon="3.192781"/>
    <trkpt lat="39.951821" lon="3.192757"/>
    <trkpt lat="39.951860" lon="3.192739"/>
    <trkpt lat="39.951896" lon="3.192725"/>
    <trkpt lat="39.951948" lon="3.192709"/>
    <trkpt lat="39.952034" lon="3.192691"/>
    <trkpt lat="39.952491" lon="3.192595"/>
    <trkpt lat="39.952555" lon="3.192577"/>
    <trkpt lat="39.952621" lon="3.192546"/>
    <trkpt lat="39.952791" lon="3.192445"/>
    <trkpt lat="39.952819" lon="3.192419"/>
    <trkpt lat="39.952843" lon="3.192393"/>
    <trkpt lat="39.952862" lon="3.192367"/>
    <trkpt lat="39.952879" lon="3.192328"/>
    <trkpt lat="39.952891" lon="3.192289"/>
    <trkpt lat="39.952900" lon="3.192253"/>
    <trkpt lat="39.952904" lon="3.192214"/>
    <trkpt lat="39.952901" lon="3.192174"/>
    <trkpt lat="39.952892" lon="3.192136"/>
    <trkpt lat="39.952874" lon="3.192087"/>
    <trkpt lat="39.952769" lon="3.191872"/>
    <trkpt lat="39.952742" lon="3.191803"/>
    <trkpt lat="39.952728" lon="3.191759"/>
    <trkpt lat="39.952716" lon="3.191703"/>
    <trkpt lat="39.952711" lon="3.191660"/>
    <trkpt lat="39.952709" lon="3.191621"/>
    <trkpt lat="39.952711" lon="3.191577"/>
    <trkpt lat="39.952715" lon="3.191539"/>
    <trkpt lat="39.952727" lon="3.191502"/>
    <trkpt lat="39.952745" lon="3.191461"/>
    <trkpt lat="39.952781" lon="3.191394"/>
    <trkpt lat="39.953195" lon="3.190637"/>
    <trkpt lat="39.953351" lon="3.190406"/>
    <trkpt lat="39.953488" lon="3.190219"/>
    <trkpt lat="39.953977" lon="3.189772"/>
    <trkpt lat="39.954016" lon="3.189730"/>
    <trkpt lat="39.954045" lon="3.189691"/>
    <trkpt lat="39.954073" lon="3.189648"/>
    <trkpt lat="39.954092" lon="3.189605"/>
    <trkpt lat="39.954105" lon="3.189556"/>
    <trkpt lat="39.954112" lon="3.189509"/>
    <trkpt lat="39.954114" lon="3.189457"/>
    <trkpt lat="39.954108" lon="3.189402"/>
    <trkpt lat="39.954095" lon="3.189332"/>
    <trkpt lat="39.954077" lon="3.189285"/>
    <trkpt lat="39.954056" lon="3.189244"/>
    <trkpt lat="39.954024" lon="3.189196"/>
    <trkpt lat="39.953979" lon="3.189157"/>
    <trkpt lat="39.953937" lon="3.189132"/>
    <trkpt lat="39.953886" lon="3.189116"/>
    <trkpt lat="39.953777" lon="3.189085"/>
    <trkpt lat="39.953272" lon="3.188950"/>
    <trkpt lat="39.953203" lon="3.188926"/>
    <trkpt lat="39.953155" lon="3.188899"/>
    <trkpt lat="39.953119" lon="3.188872"/>
    <trkpt lat="39.953083" lon="3.188833"/>
    <trkpt lat="39.953059" lon="3.188795"/>
    <trkpt lat="39.953038" lon="3.188756"/>
    <trkpt lat="39.953020" lon="3.188709"/>
    <trkpt lat="39.953013" lon="3.188666"/>
    <trkpt lat="39.953009" lon="3.188626"/>
    <trkpt lat="39.953010" lon="3.188560"/>
    <trkpt lat="39.953019" lon="3.188490"/>
    <trkpt lat="39.953029" lon="3.188416"/>
    <trkpt lat="39.953135" lon="3.187911"/>
    <trkpt lat="39.953138" lon="3.187870"/>
    <trkpt lat="39.953136" lon="3.187830"/>
    <trkpt lat="39.953128" lon="3.187783"/>
    <trkpt lat="39.953112" lon="3.187738"/>
    <trkpt lat="39.953094" lon="3.187701"/>
    <trkpt lat="39.952947" lon="3.187452"/>
    <trkpt lat="39.952919" lon="3.187396"/>
    <trkpt lat="39.952897" lon="3.187339"/>
    <trkpt lat="39.952879" lon="3.187276"/>
    <trkpt lat="39.952863" lon="3.187195"/>
    <trkpt lat="39.952845" lon="3.187091"/>
    <trkpt lat="39.952804" lon="3.186780"/>
    <trkpt lat="39.952769" lon="3.186411"/>
    <trkpt lat="39.952761" lon="3.186373"/>
    <trkpt lat="39.952749" lon="3.186345"/>
    <trkpt lat="39.952729" lon="3.186317"/>
    <trkpt lat="39.952703" lon="3.186291"/>
    <trkpt lat="39.952658" lon="3.186261"/>
    <trkpt lat="39.952477" lon="3.186152"/>
    <trkpt lat="39.952380" lon="3.186087"/>
    <trkpt lat="39.952287" lon="3.186003"/>
    <trkpt lat="39.952226" lon="3.185945"/>
    <trkpt lat="39.952165" lon="3.185875"/>
    <trkpt lat="39.952019" lon="3.185693"/>
    <trkpt lat="39.951986" lon="3.185646"/>
    <trkpt lat="39.951959" lon="3.185599"/>
    <trkpt lat="39.951937" lon="3.185555"/>
    <trkpt lat="39.951921" lon="3.185514"/>
    <trkpt lat="39.951908" lon="3.185468"/>
    <trkpt lat="39.951898" lon="3.185420"/>
    <trkpt lat="39.951844" lon="3.184958"/>
    <trkpt lat="39.951833" lon="3.184916"/>
    <trkpt lat="39.951817" lon="3.184871"/>
    <trkpt lat="39.951794" lon="3.184829"/>
    <trkpt lat="39.951766" lon="3.184787"/>
    <trkpt lat="39.951609" lon="3.184582"/>
    <trkpt lat="39.951375" lon="3.184268"/>
    <trkpt lat="39.951300" lon="3.184154"/>
    <trkpt lat="39.951231" lon="3.184035"/>
    <trkpt lat="39.950814" lon="3.183220"/>
    <trkpt lat="39.950768" lon="3.183125"/>
    <trkpt lat="39.950736" lon="3.183032"/>
    <trkpt lat="39.950688" lon="3.182858"/>
    <trkpt lat="39.950563" lon="3.182361"/>
    <trkpt lat="39.950363" lon="3.181615"/>
    <trkpt lat="39.950298" lon="3.181336"/>
    <trkpt lat="39.950246" lon="3.181106"/>
    <trkpt lat="39.950187" lon="3.180796"/>
    <trkpt lat="39.950168" lon="3.180710"/>
    <trkpt lat="39.950099" lon="3.180461"/>
    <trkpt lat="39.949982" lon="3.180084"/>
    <trkpt lat="39.949469" lon="3.178310"/>
    <trkpt lat="39.949374" lon="3.177932"/>
    <trkpt lat="39.949358" lon="3.177859"/>
    <trkpt lat="39.949353" lon="3.177791"/>
    <trkpt lat="39.949356" lon="3.177706"/>
    <trkpt lat="39.949384" lon="3.177559"/>
    <trkpt lat="39.949445" lon="3.177291"/>
    <trkpt lat="39.949499" lon="3.177059"/>
    <trkpt lat="39.949613" lon="3.176684"/>
    <trkpt lat="39.949665" lon="3.176514"/>
    <trkpt lat="39.949681" lon="3.176458"/>
    <trkpt lat="39.949689" lon="3.176393"/>
    <trkpt lat="39.949688" lon="3.176322"/>
    <trkpt lat="39.949681" lon="3.176259"/>
    <trkpt lat="39.949669" lon="3.176190"/>
    <trkpt lat="39.949405" lon="3.175050"/>
    <trkpt lat="39.949367" lon="3.174931"/>
    <trkpt lat="39.949313" lon="3.174815"/>
    <trkpt lat="39.949175" lon="3.174544"/>
    <trkpt lat="39.949101" lon="3.174367"/>
    <trkpt lat="39.948886" lon="3.173702"/>
    <trkpt lat="39.948861" lon="3.173609"/>
    <trkpt lat="39.948842" lon="3.173512"/>
    <trkpt lat="39.948835" lon="3.173433"/>
    <trkpt lat="39.948831" lon="3.173340"/>
    <trkpt lat="39.948835" lon="3.173258"/>
    <trkpt lat="39.948842" lon="3.173183"/>
    <trkpt lat="39.948857" lon="3.173086"/>
    <trkpt lat="39.948947" lon="3.172561"/>
    <trkpt lat="39.948951" lon="3.172512"/>
    <trkpt lat="39.948950" lon="3.172468"/>
    <trkpt lat="39.948946" lon="3.172422"/>
    <trkpt lat="39.948939" lon="3.172381"/>
    <trkpt lat="39.948918" lon="3.172329"/>
    <trkpt lat="39.948897" lon="3.172297"/>
    <trkpt lat="39.948872" lon="3.172271"/>
    <trkpt lat="39.948837" lon="3.172240"/>
    <trkpt lat="39.948739" lon="3.172190"/>
    <trkpt lat="39.948309" lon="3.171986"/>
    <trkpt lat="39.948270" lon="3.171959"/>
    <trkpt lat="39.948241" lon="3.171928"/>
    <trkpt lat="39.948206" lon="3.171880"/>
    <trkpt lat="39.948186" lon="3.171824"/>
    <trkpt lat="39.948170" lon="3.171762"/>
    <trkpt lat="39.948164" lon="3.171700"/>
    <trkpt lat="39.948168" lon="3.171630"/>
    <trkpt lat="39.948182" lon="3.171564"/>
    <trkpt lat="39.948199" lon="3.171511"/>
    <trkpt lat="39.948226" lon="3.171460"/>
    <trkpt lat="39.948260" lon="3.171412"/>
    <trkpt lat="39.948301" lon="3.171374"/>
    <trkpt lat="39.948341" lon="3.171350"/>
    <trkpt lat="39.948385" lon="3.171335"/>
    <trkpt lat="39.948438" lon="3.171328"/>
    <trkpt lat="39.948753" lon="3.171325"/>
    <trkpt lat="39.948952" lon="3.171314"/>
    <trkpt lat="39.948993" lon="3.171301"/>
    <trkpt lat="39.949032" lon="3.171271"/>
    <trkpt lat="39.949066" lon="3.171234"/>
    <trkpt lat="39.949092" lon="3.171195"/>
    <trkpt lat="39.949116" lon="3.171151"/>
    <trkpt lat="39.949187" lon="3.170929"/>
    <trkpt lat="39.949212" lon="3.170833"/>
    <trkpt lat="39.949224" lon="3.170750"/>
    <trkpt lat="39.949231" lon="3.170670"/>
    <trkpt lat="39.949231" lon="3.170595"/>
    <trkpt lat="39.949219" lon="3.170502"/>
    <trkpt lat="39.949195" lon="3.170350"/>
    <trkpt lat="39.949171" lon="3.170180"/>
    <trkpt lat="39.949154" lon="3.170004"/>
    <trkpt lat="39.949148" lon="3.169892"/>
    <trkpt lat="39.949158" lon="3.169778"/>
    <trkpt lat="39.949238" lon="3.169324"/>
    <trkpt lat="39.949293" lon="3.169013"/>
    <trkpt lat="39.949304" lon="3.168924"/>
    <trkpt lat="39.949307" lon="3.168826"/>
    <trkpt lat="39.949305" lon="3.168728"/>
    <trkpt lat="39.949299" lon="3.168641"/>
    <trkpt lat="39.949261" lon="3.168349"/>
    <trkpt lat="39.949232" lon="3.168178"/>
    <trkpt lat="39.949091" lon="3.167396"/>
    <trkpt lat="39.949068" lon="3.167211"/>
    <trkpt lat="39.949025" lon="3.166778"/>
    <trkpt lat="39.948952" lon="3.166169"/>
    <trkpt lat="39.948932" lon="3.166016"/>
    <trkpt lat="39.948906" lon="3.165894"/>
    <trkpt lat="39.948645" lon="3.164738"/>
    <trkpt lat="39.948472" lon="3.163867"/>
    <trkpt lat="39.948369" lon="3.163274"/>
    <trkpt lat="39.948356" lon="3.163224"/>
    <trkpt lat="39.948337" lon="3.163177"/>
    <trkpt lat="39.948308" lon="3.163133"/>
    <trkpt lat="39.948275" lon="3.163093"/>
    <trkpt lat="39.947656" lon="3.162410"/>
    <trkpt lat="39.947591" lon="3.162323"/>
    <trkpt lat="39.947545" lon="3.162239"/>
    <trkpt lat="39.947533" lon="3.162197"/>
    <trkpt lat="39.947523" lon="3.162142"/>
    <trkpt lat="39.947520" lon="3.162074"/>
    <trkpt lat="39.947523" lon="3.161975"/>
    <trkpt lat="39.947542" lon="3.161815"/>
    <trkpt lat="39.947583" lon="3.161567"/>
    <trkpt lat="39.947604" lon="3.161424"/>
    <trkpt lat="39.947671" lon="3.160973"/>
    <trkpt lat="39.947688" lon="3.160722"/>
    <trkpt lat="39.947688" lon="3.160580"/>
    <trkpt lat="39.947677" lon="3.160463"/>
    <trkpt lat="39.947647" lon="3.160353"/>
    <trkpt lat="39.947610" lon="3.160249"/>
    <trkpt lat="39.947549" lon="3.160125"/>
    <trkpt lat="39.946298" lon="3.157895"/>
    <trkpt lat="39.945052" lon="3.155677"/>
    <trkpt lat="39.943579" lon="3.153075"/>
    <trkpt lat="39.942693" lon="3.151509"/>
    <trkpt lat="39.941752" lon="3.149835"/>
    <trkpt lat="39.941463" lon="3.149321"/>
    <trkpt lat="39.939835" lon="3.146443"/>
    <trkpt lat="39.938932" lon="3.144853"/>
    <trkpt lat="39.938583" lon="3.144254"/>
    <trkpt lat="39.938414" lon="3.144018"/>
    <trkpt lat="39.938312" lon="3.143901"/>
    <trkpt lat="39.937885" lon="3.143470"/>
    <trkpt lat="39.937470" lon="3.143055"/>
    <trkpt lat="39.935536" lon="3.141117"/>
    <trkpt lat="39.935338" lon="3.140934"/>
    <trkpt lat="39.935293" lon="3.140885"/>
    <trkpt lat="39.935243" lon="3.140826"/>
    <trkpt lat="39.935196" lon="3.140755"/>
    <trkpt lat="39.935162" lon="3.140686"/>
    <trkpt lat="39.935131" lon="3.140615"/>
    <trkpt lat="39.934994" lon="3.140230"/>
    <trkpt lat="39.934911" lon="3.139967"/>
    <trkpt lat="39.934859" lon="3.139836"/>
    <trkpt lat="39.934806" lon="3.139718"/>
    <trkpt lat="39.934759" lon="3.139623"/>
    <trkpt lat="39.934691" lon="3.139505"/>
    <trkpt lat="39.934530" lon="3.139243"/>
    <trkpt lat="39.934376" lon="3.138980"/>
    <trkpt lat="39.934117" lon="3.138537"/>
    <trkpt lat="39.933870" lon="3.138114"/>
    <trkpt lat="39.933626" lon="3.137715"/>
    <trkpt lat="39.933574" lon="3.137627"/>
    <trkpt lat="39.933512" lon="3.137504"/>
    <trkpt lat="39.933493" lon="3.137450"/>
    <trkpt lat="39.933476" lon="3.137395"/>
    <trkpt lat="39.933464" lon="3.137325"/>
    <trkpt lat="39.933456" lon="3.137265"/>
    <trkpt lat="39.933452" lon="3.137184"/>
    <trkpt lat="39.933437" lon="3.136600"/>
    <trkpt lat="39.933426" lon="3.136227"/>
    <trkpt lat="39.933418" lon="3.136140"/>
    <trkpt lat="39.933405" lon="3.136060"/>
    <trkpt lat="39.933387" lon="3.135988"/>
    <trkpt lat="39.933358" lon="3.135920"/>
    <trkpt lat="39.933325" lon="3.135860"/>
    <trkpt lat="39.933290" lon="3.135802"/>
    <trkpt lat="39.933236" lon="3.135742"/>
    <trkpt lat="39.933180" lon="3.135687"/>
    <trkpt lat="39.933119" lon="3.135636"/>
    <trkpt lat="39.933058" lon="3.135595"/>
    <trkpt lat="39.932983" lon="3.135551"/>
    <trkpt lat="39.932848" lon="3.135481"/>
    <trkpt lat="39.932146" lon="3.135122"/>
    <trkpt lat="39.931600" lon="3.134865"/>
    <trkpt lat="39.931270" lon="3.134664"/>
    <trkpt lat="39.930864" lon="3.134395"/>
    <trkpt lat="39.930618" lon="3.134235"/>
    <trkpt lat="39.930454" lon="3.134139"/>
    <trkpt lat="39.930371" lon="3.134103"/>
    <trkpt lat="39.930290" lon="3.134077"/>
    <trkpt lat="39.930020" lon="3.134011"/>
    <trkpt lat="39.929699" lon="3.133921"/>
    <trkpt lat="39.929522" lon="3.133892"/>
    <trkpt lat="39.929444" lon="3.133875"/>
    <trkpt lat="39.929355" lon="3.133855"/>
    <trkpt lat="39.929313" lon="3.133840"/>
    <trkpt lat="39.929282" lon="3.133822"/>
    <trkpt lat="39.929250" lon="3.133801"/>
    <trkpt lat="39.929224" lon="3.133773"/>
    <trkpt lat="39.929197" lon="3.133742"/>
    <trkpt lat="39.929175" lon="3.133711"/>
    <trkpt lat="39.929145" lon="3.133644"/>
    <trkpt lat="39.929137" lon="3.133608"/>
    <trkpt lat="39.929131" lon="3.133568"/>
    <trkpt lat="39.929128" lon="3.133528"/>
    <trkpt lat="39.929131" lon="3.133493"/>
    <trkpt lat="39.929136" lon="3.133455"/>
    <trkpt lat="39.929188" lon="3.133266"/>
    <trkpt lat="39.929288" lon="3.132890"/>
    <trkpt lat="39.929373" lon="3.132551"/>
    <trkpt lat="39.929846" lon="3.130532"/>
    <trkpt lat="39.929867" lon="3.130463"/>
    <trkpt lat="39.929890" lon="3.130407"/>
    <trkpt lat="39.929921" lon="3.130355"/>
    <trkpt lat="39.929951" lon="3.130315"/>
    <trkpt lat="39.930001" lon="3.130266"/>
    <trkpt lat="39.930047" lon="3.130226"/>
    <trkpt lat="39.930107" lon="3.130179"/>
    <trkpt lat="39.930243" lon="3.130077"/>
    <trkpt lat="39.930422" lon="3.129935"/>
    <trkpt lat="39.931037" lon="3.129457"/>
    <trkpt lat="39.931283" lon="3.129281"/>
    <trkpt lat="39.931315" lon="3.129263"/>
    <trkpt lat="39.931354" lon="3.129255"/>
    <trkpt lat="39.931399" lon="3.129256"/>
    <trkpt lat="39.931437" lon="3.129265"/>
    <trkpt lat="39.931481" lon="3.129281"/>
    <trkpt lat="39.931541" lon="3.129312"/>
    <trkpt lat="39.931896" lon="3.129528"/>
    <trkpt lat="39.931954" lon="3.129576"/>
    <trkpt lat="39.932019" lon="3.129638"/>
    <trkpt lat="39.932269" lon="3.129895"/>
    <trkpt lat="39.932479" lon="3.130123"/>
    <trkpt lat="39.932563" lon="3.130240"/>
    <trkpt lat="39.932769" lon="3.130536"/>
    <trkpt lat="39.932866" lon="3.130673"/>
    <trkpt lat="39.932951" lon="3.130765"/>
    <trkpt lat="39.932979" lon="3.130788"/>
    <trkpt lat="39.933010" lon="3.130805"/>
    <trkpt lat="39.933032" lon="3.130809"/>
    <trkpt lat="39.933054" lon="3.130808"/>
    <trkpt lat="39.933075" lon="3.130797"/>
    <trkpt lat="39.933093" lon="3.130781"/>
    <trkpt lat="39.933107" lon="3.130758"/>
    <trkpt lat="39.933119" lon="3.130730"/>
    <trkpt lat="39.933124" lon="3.130702"/>
    <trkpt lat="39.933122" lon="3.130670"/>
    <trkpt lat="39.933109" lon="3.130640"/>
    <trkpt lat="39.933092" lon="3.130619"/>
    <trkpt lat="39.933062" lon="3.130593"/>
    <trkpt lat="39.932970" lon="3.130519"/>
    <trkpt lat="39.932921" lon="3.130464"/>
    <trkpt lat="39.932886" lon="3.130413"/>
    <trkpt lat="39.932852" lon="3.130358"/>
    <trkpt lat="39.932819" lon="3.130285"/>
    <trkpt lat="39.932770" lon="3.130180"/>
    <trkpt lat="39.932540" lon="3.129619"/>
    <trkpt lat="39.932497" lon="3.129517"/>
    <trkpt lat="39.932448" lon="3.129423"/>
    <trkpt lat="39.932176" lon="3.128947"/>
    <trkpt lat="39.932160" lon="3.128906"/>
    <trkpt lat="39.932150" lon="3.128864"/>
    <trkpt lat="39.932145" lon="3.128825"/>
    <trkpt lat="39.932144" lon="3.128778"/>
    <trkpt lat="39.932148" lon="3.128726"/>
    <trkpt lat="39.932268" lon="3.128022"/>
    <trkpt lat="39.932285" lon="3.127932"/>
    <trkpt lat="39.932302" lon="3.127857"/>
    <trkpt lat="39.932319" lon="3.127806"/>
    <trkpt lat="39.932346" lon="3.127749"/>
    <trkpt lat="39.932393" lon="3.127664"/>
    <trkpt lat="39.932467" lon="3.127543"/>
    <trkpt lat="39.932518" lon="3.127456"/>
    <trkpt lat="39.932601" lon="3.127325"/>
    <trkpt lat="39.932656" lon="3.127249"/>
    <trkpt lat="39.932737" lon="3.127156"/>
    <trkpt lat="39.932986" lon="3.126876"/>
    <trkpt lat="39.933042" lon="3.126805"/>
    <trkpt lat="39.933094" lon="3.126726"/>
    <trkpt lat="39.933140" lon="3.126648"/>
    <trkpt lat="39.933505" lon="3.125979"/>
    <trkpt lat="39.933541" lon="3.125902"/>
    <trkpt lat="39.933576" lon="3.125819"/>
    <trkpt lat="39.933609" lon="3.125728"/>
    <trkpt lat="39.933623" lon="3.125678"/>
    <trkpt lat="39.933632" lon="3.125631"/>
    <trkpt lat="39.933635" lon="3.125585"/>
    <trkpt lat="39.933634" lon="3.125544"/>
    <trkpt lat="39.933628" lon="3.125501"/>
    <trkpt lat="39.933617" lon="3.125465"/>
    <trkpt lat="39.933603" lon="3.125427"/>
    <trkpt lat="39.933586" lon="3.125396"/>
    <trkpt lat="39.933568" lon="3.125368"/>
    <trkpt lat="39.933543" lon="3.125343"/>
    <trkpt lat="39.933515" lon="3.125319"/>
    <trkpt lat="39.933480" lon="3.125295"/>
    <trkpt lat="39.933439" lon="3.125276"/>
    <trkpt lat="39.933387" lon="3.125261"/>
    <trkpt lat="39.933300" lon="3.125248"/>
    <trkpt lat="39.932697" lon="3.125229"/>
    <trkpt lat="39.932588" lon="3.125214"/>
    <trkpt lat="39.932470" lon="3.125188"/>
    <trkpt lat="39.932403" lon="3.125161"/>
    <trkpt lat="39.932316" lon="3.125114"/>
    <trkpt lat="39.932270" lon="3.125086"/>
    <trkpt lat="39.932217" lon="3.125042"/>
    <trkpt lat="39.932179" lon="3.124995"/>
    <trkpt lat="39.932145" lon="3.124943"/>
    <trkpt lat="39.932112" lon="3.124878"/>
    <trkpt lat="39.932076" lon="3.124800"/>
    <trkpt lat="39.932046" lon="3.124711"/>
    <trkpt lat="39.932002" lon="3.124558"/>
    <trkpt lat="39.931978" lon="3.124455"/>
    <trkpt lat="39.931765" lon="3.123328"/>
    <trkpt lat="39.931752" lon="3.123283"/>
    <trkpt lat="39.931731" lon="3.123237"/>
    <trkpt lat="39.931706" lon="3.123194"/>
    <trkpt lat="39.931677" lon="3.123157"/>
    <trkpt lat="39.931641" lon="3.123119"/>
    <trkpt lat="39.931609" lon="3.123093"/>
    <trkpt lat="39.931575" lon="3.123074"/>
    <trkpt lat="39.931537" lon="3.123060"/>
    <trkpt lat="39.931501" lon="3.123052"/>
    <trkpt lat="39.931462" lon="3.123048"/>
    <trkpt lat="39.931422" lon="3.123052"/>
    <trkpt lat="39.931122" lon="3.123150"/>
    <trkpt lat="39.931085" lon="3.123154"/>
    <trkpt lat="39.931046" lon="3.123151"/>
    <trkpt lat="39.931002" lon="3.123140"/>
    <trkpt lat="39.930845" lon="3.123083"/>
    <trkpt lat="39.930809" lon="3.123076"/>
    <trkpt lat="39.930778" lon="3.123076"/>
    <trkpt lat="39.930745" lon="3.123088"/>
    <trkpt lat="39.930720" lon="3.123103"/>
    <trkpt lat="39.930695" lon="3.123126"/>
    <trkpt lat="39.930666" lon="3.123161"/>
    <trkpt lat="39.930638" lon="3.123207"/>
    <trkpt lat="39.930622" lon="3.123249"/>
    <trkpt lat="39.930536" lon="3.123551"/>
    <trkpt lat="39.930405" lon="3.124069"/>
    <trkpt lat="39.930385" lon="3.124171"/>
    <trkpt lat="39.930377" lon="3.124249"/>
    <trkpt lat="39.930376" lon="3.124320"/>
    <trkpt lat="39.930394" lon="3.124577"/>
    <trkpt lat="39.930394" lon="3.124622"/>
    <trkpt lat="39.930388" lon="3.124667"/>
    <trkpt lat="39.930376" lon="3.124706"/>
    <trkpt lat="39.930360" lon="3.124733"/>
    <trkpt lat="39.930341" lon="3.124749"/>
    <trkpt lat="39.930323" lon="3.124753"/>
    <trkpt lat="39.930302" lon="3.124750"/>
    <trkpt lat="39.930282" lon="3.124736"/>
    <trkpt lat="39.930264" lon="3.124715"/>
    <trkpt lat="39.930246" lon="3.124680"/>
    <trkpt lat="39.930234" lon="3.124633"/>
    <trkpt lat="39.930229" lon="3.124585"/>
    <trkpt lat="39.930229" lon="3.124516"/>
    <trkpt lat="39.930233" lon="3.124453"/>
    <trkpt lat="39.930253" lon="3.124260"/>
    <trkpt lat="39.930284" lon="3.123993"/>
    <trkpt lat="39.930291" lon="3.123898"/>
    <trkpt lat="39.930296" lon="3.123796"/>
    <trkpt lat="39.930296" lon="3.123662"/>
    <trkpt lat="39.930293" lon="3.123545"/>
    <trkpt lat="39.930268" lon="3.123087"/>
    <trkpt lat="39.930271" lon="3.123012"/>
    <trkpt lat="39.930281" lon="3.122945"/>
    <trkpt lat="39.930296" lon="3.122881"/>
    <trkpt lat="39.930318" lon="3.122825"/>
    <trkpt lat="39.930354" lon="3.122768"/>
    <trkpt lat="39.930710" lon="3.122368"/>
    <trkpt lat="39.930775" lon="3.122312"/>
    <trkpt lat="39.930849" lon="3.122269"/>
    <trkpt lat="39.931022" lon="3.122189"/>
    <trkpt lat="39.931052" lon="3.122168"/>
    <trkpt lat="39.931073" lon="3.122140"/>
    <trkpt lat="39.931090" lon="3.122111"/>
    <trkpt lat="39.931100" lon="3.122075"/>
    <trkpt lat="39.931105" lon="3.122031"/>
    <trkpt lat="39.931106" lon="3.121992"/>
    <trkpt lat="39.931099" lon="3.121952"/>
    <trkpt lat="39.931083" lon="3.121913"/>
    <trkpt lat="39.931060" lon="3.121890"/>
    <trkpt lat="39.930905" lon="3.121758"/>
    <trkpt lat="39.930857" lon="3.121733"/>
    <trkpt lat="39.930761" lon="3.121699"/>
    <trkpt lat="39.930728" lon="3.121681"/>
    <trkpt lat="39.930692" lon="3.121658"/>
    <trkpt lat="39.930648" lon="3.121614"/>
    <trkpt lat="39.930625" lon="3.121588"/>
    <trkpt lat="39.930606" lon="3.121559"/>
    <trkpt lat="39.930593" lon="3.121516"/>
    <trkpt lat="39.930567" lon="3.121355"/>
    <trkpt lat="39.930562" lon="3.121307"/>
    <trkpt lat="39.930563" lon="3.121257"/>
    <trkpt lat="39.930571" lon="3.121214"/>
    <trkpt lat="39.930586" lon="3.121178"/>
    <trkpt lat="39.930643" lon="3.121079"/>
    <trkpt lat="39.930659" lon="3.121033"/>
    <trkpt lat="39.930667" lon="3.120989"/>
    <trkpt lat="39.930670" lon="3.120939"/>
    <trkpt lat="39.930667" lon="3.120834"/>
    <trkpt lat="39.930659" lon="3.120744"/>
    <trkpt lat="39.930645" lon="3.120668"/>
    <trkpt lat="39.930622" lon="3.120595"/>
    <trkpt lat="39.930570" lon="3.120454"/>
    <trkpt lat="39.930540" lon="3.120375"/>
    <trkpt lat="39.930515" lon="3.120300"/>
    <trkpt lat="39.930502" lon="3.120218"/>
    <trkpt lat="39.930495" lon="3.120136"/>
    <trkpt lat="39.930489" lon="3.120055"/>
    <trkpt lat="39.930475" lon="3.119978"/>
    <trkpt lat="39.930455" lon="3.119913"/>
    <trkpt lat="39.930387" lon="3.119734"/>
    <trkpt lat="39.930368" lon="3.119670"/>
    <trkpt lat="39.930360" lon="3.119605"/>
    <trkpt lat="39.930360" lon="3.119540"/>
    <trkpt lat="39.930365" lon="3.119364"/>
    <trkpt lat="39.930363" lon="3.119220"/>
    <trkpt lat="39.930356" lon="3.119000"/>
    <trkpt lat="39.930328" lon="3.118529"/>
    <trkpt lat="39.930326" lon="3.118431"/>
    <trkpt lat="39.930332" lon="3.118341"/>
    <trkpt lat="39.930347" lon="3.118264"/>
    <trkpt lat="39.930370" lon="3.118183"/>
    <trkpt lat="39.930409" lon="3.118085"/>
    <trkpt lat="39.930487" lon="3.117887"/>
    <trkpt lat="39.930523" lon="3.117761"/>
    <trkpt lat="39.930551" lon="3.117638"/>
    <trkpt lat="39.930650" lon="3.117053"/>
    <trkpt lat="39.930654" lon="3.116974"/>
    <trkpt lat="39.930653" lon="3.116894"/>
    <trkpt lat="39.930644" lon="3.116813"/>
    <trkpt lat="39.930629" lon="3.116741"/>
    <trkpt lat="39.930451" lon="3.116209"/>
    <trkpt lat="39.930432" lon="3.116130"/>
    <trkpt lat="39.930423" lon="3.116063"/>
    <trkpt lat="39.930418" lon="3.115984"/>
    <trkpt lat="39.930418" lon="3.115894"/>
    <trkpt lat="39.930435" lon="3.115685"/>
    <trkpt lat="39.930437" lon="3.115622"/>
    <trkpt lat="39.930431" lon="3.115567"/>
    <trkpt lat="39.930417" lon="3.115513"/>
    <trkpt lat="39.930396" lon="3.115464"/>
    <trkpt lat="39.930282" lon="3.115271"/>
    <trkpt lat="39.930181" lon="3.115109"/>
    <trkpt lat="39.930110" lon="3.115028"/>
    <trkpt lat="39.929880" lon="3.114799"/>
    <trkpt lat="39.929799" lon="3.114735"/>
    <trkpt lat="39.929629" lon="3.114619"/>
    <trkpt lat="39.929595" lon="3.114591"/>
    <trkpt lat="39.929559" lon="3.114546"/>
    <trkpt lat="39.929544" lon="3.114523"/>
    <trkpt lat="39.929530" lon="3.114493"/>
    <trkpt lat="39.929521" lon="3.114466"/>
    <trkpt lat="39.929514" lon="3.114439"/>
    <trkpt lat="39.929511" lon="3.114407"/>
    <trkpt lat="39.929512" lon="3.114371"/>
    <trkpt lat="39.929521" lon="3.114273"/>
    <trkpt lat="39.929527" lon="3.114228"/>
    <trkpt lat="39.929527" lon="3.114190"/>
    <trkpt lat="39.929521" lon="3.114155"/>
    <trkpt lat="39.929504" lon="3.114097"/>
    <trkpt lat="39.929484" lon="3.114037"/>
    <trkpt lat="39.929399" lon="3.113787"/>
    <trkpt lat="39.929380" lon="3.113728"/>
    <trkpt lat="39.929372" lon="3.113658"/>
    <trkpt lat="39.929373" lon="3.113603"/>
    <trkpt lat="39.929378" lon="3.113541"/>
    <trkpt lat="39.929400" lon="3.113372"/>
    <trkpt lat="39.929405" lon="3.113274"/>
    <trkpt lat="39.929402" lon="3.113173"/>
    <trkpt lat="39.929373" lon="3.112779"/>
    <trkpt lat="39.929372" lon="3.112758"/>
    <trkpt lat="39.929340" lon="3.112251"/>
    <trkpt lat="39.929312" lon="3.111883"/>
    <trkpt lat="39.929309" lon="3.111860"/>
    <trkpt lat="39.929302" lon="3.111836"/>
    <trkpt lat="39.929289" lon="3.111808"/>
    <trkpt lat="39.929272" lon="3.111787"/>
    <trkpt lat="39.929253" lon="3.111772"/>
    <trkpt lat="39.929235" lon="3.111763"/>
    <trkpt lat="39.929215" lon="3.111760"/>
    <trkpt lat="39.929198" lon="3.111760"/>
    <trkpt lat="39.929179" lon="3.111768"/>
    <trkpt lat="39.929158" lon="3.111782"/>
    <trkpt lat="39.929139" lon="3.111804"/>
    <trkpt lat="39.929122" lon="3.111835"/>
    <trkpt lat="39.929109" lon="3.111865"/>
    <trkpt lat="39.929099" lon="3.111907"/>
    <trkpt lat="39.929094" lon="3.111950"/>
    <trkpt lat="39.929122" lon="3.112338"/>
    <trkpt lat="39.929137" lon="3.112472"/>
    <trkpt lat="39.929221" lon="3.112882"/>
    <trkpt lat="39.929224" lon="3.112920"/>
    <trkpt lat="39.929220" lon="3.112954"/>
    <trkpt lat="39.929212" lon="3.112981"/>
    <trkpt lat="39.929198" lon="3.113002"/>
    <trkpt lat="39.929182" lon="3.113013"/>
    <trkpt lat="39.929161" lon="3.113016"/>
    <trkpt lat="39.929142" lon="3.113011"/>
    <trkpt lat="39.929126" lon="3.113003"/>
    <trkpt lat="39.929109" lon="3.112987"/>
    <trkpt lat="39.929099" lon="3.112969"/>
    <trkpt lat="39.928989" lon="3.112489"/>
    <trkpt lat="39.928936" lon="3.112257"/>
    <trkpt lat="39.928793" lon="3.111830"/>
    <trkpt lat="39.928700" lon="3.111390"/>
    <trkpt lat="39.928693" lon="3.111283"/>
    <trkpt lat="39.928703" lon="3.111198"/>
    <trkpt lat="39.928726" lon="3.111131"/>
    <trkpt lat="39.928782" lon="3.111030"/>
    <trkpt lat="39.928833" lon="3.110940"/>
    <trkpt lat="39.928874" lon="3.110855"/>
    <trkpt lat="39.928888" lon="3.110770"/>
    <trkpt lat="39.928877" lon="3.110688"/>
    <trkpt lat="39.928818" lon="3.110557"/>
    <trkpt lat="39.928780" lon="3.110484"/>
    <trkpt lat="39.928704" lon="3.110332"/>
    <trkpt lat="39.928646" lon="3.110232"/>
    <trkpt lat="39.928577" lon="3.110102"/>
    <trkpt lat="39.928511" lon="3.110047"/>
    <trkpt lat="39.928432" lon="3.110021"/>
    <trkpt lat="39.928100" lon="3.110010"/>
    <trkpt lat="39.928044" lon="3.109996"/>
    <trkpt lat="39.927712" lon="3.109857"/>
    <trkpt lat="39.927287" lon="3.109658"/>
    <trkpt lat="39.927174" lon="3.109626"/>
    <trkpt lat="39.927086" lon="3.109645"/>
    <trkpt lat="39.926933" lon="3.109738"/>
    <trkpt lat="39.926869" lon="3.109756"/>
    <trkpt lat="39.926817" lon="3.109743"/>
    <trkpt lat="39.926767" lon="3.109703"/>
    <trkpt lat="39.926581" lon="3.109476"/>
    <trkpt lat="39.926504" lon="3.109406"/>
    <trkpt lat="39.926434" lon="3.109366"/>
    <trkpt lat="39.926330" lon="3.109345"/>
    <trkpt lat="39.926171" lon="3.109343"/>
    <trkpt lat="39.925999" lon="3.109359"/>
    <trkpt lat="39.925923" lon="3.109341"/>
    <trkpt lat="39.925859" lon="3.109294"/>
    <trkpt lat="39.925804" lon="3.109224"/>
    <trkpt lat="39.925636" lon="3.108848"/>
    <trkpt lat="39.925546" lon="3.108679"/>
    <trkpt lat="39.925462" lon="3.108564"/>
    <trkpt lat="39.925405" lon="3.108516"/>
    <trkpt lat="39.925339" lon="3.108491"/>
    <trkpt lat="39.925244" lon="3.108480"/>
    <trkpt lat="39.925043" lon="3.108489"/>
    <trkpt lat="39.924967" lon="3.108463"/>
    <trkpt lat="39.924899" lon="3.108414"/>
    <trkpt lat="39.924842" lon="3.108339"/>
    <trkpt lat="39.924560" lon="3.107655"/>
    <trkpt lat="39.924499" lon="3.107567"/>
    <trkpt lat="39.924440" lon="3.107510"/>
    <trkpt lat="39.924357" lon="3.107480"/>
    <trkpt lat="39.924274" lon="3.107489"/>
    <trkpt lat="39.923716" lon="3.107772"/>
    <trkpt lat="39.923584" lon="3.107811"/>
    <trkpt lat="39.923474" lon="3.107812"/>
    <trkpt lat="39.922990" lon="3.107701"/>
    <trkpt lat="39.922853" lon="3.107652"/>
    <trkpt lat="39.922328" lon="3.107391"/>
    <trkpt lat="39.922210" lon="3.107348"/>
    <trkpt lat="39.921760" lon="3.107266"/>
    <trkpt lat="39.921578" lon="3.107214"/>
    <trkpt lat="39.921151" lon="3.107052"/>
    <trkpt lat="39.920990" lon="3.107024"/>
    <trkpt lat="39.919774" lon="3.106995"/>
    <trkpt lat="39.919628" lon="3.106968"/>
    <trkpt lat="39.919452" lon="3.106887"/>
    <trkpt lat="39.918812" lon="3.106473"/>
    <trkpt lat="39.918493" lon="3.106300"/>
    <trkpt lat="39.917848" lon="3.105827"/>
    <trkpt lat="39.917491" lon="3.105657"/>
    <trkpt lat="39.917382" lon="3.105630"/>
    <trkpt lat="39.917310" lon="3.105625"/>
    <trkpt lat="39.917227" lon="3.105660"/>
    <trkpt lat="39.917163" lon="3.105720"/>
    <trkpt lat="39.917121" lon="3.105804"/>
    <trkpt lat="39.917101" lon="3.105913"/>
    <trkpt lat="39.917105" lon="3.106020"/>
    <trkpt lat="39.917151" lon="3.106320"/>
    <trkpt lat="39.917246" lon="3.106748"/>
    <trkpt lat="39.917250" lon="3.106852"/>
    <trkpt lat="39.917236" lon="3.106946"/>
    <trkpt lat="39.917198" lon="3.107025"/>
    <trkpt lat="39.916927" lon="3.107378"/>
    <trkpt lat="39.916552" lon="3.107864"/>
    <trkpt lat="39.916477" lon="3.107922"/>
    <trkpt lat="39.916409" lon="3.107944"/>
    <trkpt lat="39.916344" lon="3.107946"/>
    <trkpt lat="39.916285" lon="3.107924"/>
    <trkpt lat="39.916214" lon="3.107865"/>
    <trkpt lat="39.915860" lon="3.107388"/>
    <trkpt lat="39.915404" lon="3.106885"/>
    <trkpt lat="39.914955" lon="3.106380"/>
    <trkpt lat="39.914610" lon="3.105893"/>
    <trkpt lat="39.914536" lon="3.105803"/>
    <trkpt lat="39.914227" lon="3.105526"/>
    <trkpt lat="39.913762" lon="3.105127"/>
    <trkpt lat="39.913581" lon="3.105008"/>
    <trkpt lat="39.913364" lon="3.104938"/>
    <trkpt lat="39.913153" lon="3.104893"/>
    <trkpt lat="39.913024" lon="3.104838"/>
    <trkpt lat="39.912700" lon="3.104567"/>
    <trkpt lat="39.912502" lon="3.104455"/>
    <trkpt lat="39.912277" lon="3.104391"/>
    <trkpt lat="39.912016" lon="3.104368"/>
    <trkpt lat="39.911611" lon="3.104355"/>
    <trkpt lat="39.911554" lon="3.104329"/>
    <trkpt lat="39.911521" lon="3.104270"/>
    <trkpt lat="39.911519" lon="3.104232"/>
    <trkpt lat="39.911518" lon="3.104200"/>
    <trkpt lat="39.911550" lon="3.104129"/>
    <trkpt lat="39.911609" lon="3.104097"/>
    <trkpt lat="39.912241" lon="3.104063"/>
    <trkpt lat="39.912505" lon="3.104091"/>
    <trkpt lat="39.913624" lon="3.104373"/>
    <trkpt lat="39.914712" lon="3.104666"/>
    <trkpt lat="39.914789" lon="3.104659"/>
    <trkpt lat="39.914847" lon="3.104618"/>
    <trkpt lat="39.914884" lon="3.104555"/>
    <trkpt lat="39.914895" lon="3.104513"/>
    <trkpt lat="39.914904" lon="3.104479"/>
    <trkpt lat="39.914901" lon="3.104397"/>
    <trkpt lat="39.914880" lon="3.104333"/>
    <trkpt lat="39.914829" lon="3.104263"/>
    <trkpt lat="39.913956" lon="3.103653"/>
    <trkpt lat="39.913087" lon="3.103047"/>
    <trkpt lat="39.912576" lon="3.102683"/>
    <trkpt lat="39.912487" lon="3.102604"/>
    <trkpt lat="39.912375" lon="3.102467"/>
    <trkpt lat="39.912306" lon="3.102309"/>
    <trkpt lat="39.912261" lon="3.102116"/>
    <trkpt lat="39.912256" lon="3.101932"/>
    <trkpt lat="39.912277" lon="3.101743"/>
    <trkpt lat="39.912323" lon="3.101521"/>
    <trkpt lat="39.912576" lon="3.100427"/>
    <trkpt lat="39.912654" lon="3.100084"/>
    <trkpt lat="39.912781" lon="3.099846"/>
    <trkpt lat="39.912816" lon="3.099801"/>
    <trkpt lat="39.912890" lon="3.099743"/>
    <trkpt lat="39.912913" lon="3.099723"/>
    <trkpt lat="39.912928" lon="3.099706"/>
    <trkpt lat="39.912948" lon="3.099678"/>
    <trkpt lat="39.912959" lon="3.099649"/>
    <trkpt lat="39.912967" lon="3.099620"/>
    <trkpt lat="39.912973" lon="3.099585"/>
    <trkpt lat="39.912973" lon="3.099552"/>
    <trkpt lat="39.912969" lon="3.099519"/>
    <trkpt lat="39.912960" lon="3.099487"/>
    <trkpt lat="39.912950" lon="3.099460"/>
    <trkpt lat="39.912941" lon="3.099421"/>
    <trkpt lat="39.912937" lon="3.099383"/>
    <trkpt lat="39.912937" lon="3.099340"/>
    <trkpt lat="39.912939" lon="3.099315"/>
    <trkpt lat="39.912954" lon="3.099127"/>
    <trkpt lat="39.913118" lon="3.098414"/>
    <trkpt lat="39.913194" lon="3.098081"/>
    <trkpt lat="39.913220" lon="3.097968"/>
    <trkpt lat="39.913330" lon="3.097480"/>
    <trkpt lat="39.913539" lon="3.096602"/>
    <trkpt lat="39.913617" lon="3.096260"/>
    <trkpt lat="39.913672" lon="3.095979"/>
    <trkpt lat="39.913710" lon="3.095746"/>
    <trkpt lat="39.913738" lon="3.095546"/>
    <trkpt lat="39.913764" lon="3.095331"/>
    <trkpt lat="39.913780" lon="3.095159"/>
    <trkpt lat="39.913793" lon="3.094969"/>
    <trkpt lat="39.913804" lon="3.094764"/>
    <trkpt lat="39.913809" lon="3.094525"/>
    <trkpt lat="39.913808" lon="3.094342"/>
    <trkpt lat="39.913801" lon="3.094094"/>
    <trkpt lat="39.913780" lon="3.093620"/>
    <trkpt lat="39.913753" lon="3.093068"/>
    <trkpt lat="39.913683" lon="3.091674"/>
    <trkpt lat="39.913622" lon="3.090606"/>
    <trkpt lat="39.913580" lon="3.089724"/>
    <trkpt lat="39.913544" lon="3.088931"/>
    <trkpt lat="39.913507" lon="3.088165"/>
    <trkpt lat="39.913469" lon="3.087527"/>
    <trkpt lat="39.913433" lon="3.087104"/>
    <trkpt lat="39.913368" lon="3.086709"/>
    <trkpt lat="39.913280" lon="3.086262"/>
    <trkpt lat="39.913159" lon="3.085806"/>
    <trkpt lat="39.912989" lon="3.085272"/>
    <trkpt lat="39.912935" lon="3.085135"/>
    <trkpt lat="39.912813" lon="3.084814"/>
    <trkpt lat="39.912752" lon="3.084589"/>
    <trkpt lat="39.912751" lon="3.084525"/>
    <trkpt lat="39.912765" lon="3.084472"/>
    <trkpt lat="39.912801" lon="3.084387"/>
    <trkpt lat="39.912813" lon="3.084306"/>
    <trkpt lat="39.912812" lon="3.084236"/>
    <trkpt lat="39.912796" lon="3.084151"/>
    <trkpt lat="39.912777" lon="3.084083"/>
    <trkpt lat="39.912751" lon="3.084033"/>
    <trkpt lat="39.912725" lon="3.083992"/>
    <trkpt lat="39.912681" lon="3.083951"/>
    <trkpt lat="39.912632" lon="3.083919"/>
    <trkpt lat="39.912576" lon="3.083898"/>
    <trkpt lat="39.912537" lon="3.083894"/>
    <trkpt lat="39.912488" lon="3.083866"/>
    <trkpt lat="39.912456" lon="3.083837"/>
    <trkpt lat="39.912431" lon="3.083812"/>
    <trkpt lat="39.912313" lon="3.083645"/>
    <trkpt lat="39.911946" lon="3.082954"/>
    <trkpt lat="39.911602" lon="3.082338"/>
    <trkpt lat="39.911091" lon="3.081516"/>
    <trkpt lat="39.910723" lon="3.080967"/>
    <trkpt lat="39.910529" lon="3.080707"/>
    <trkpt lat="39.910266" lon="3.080342"/>
    <trkpt lat="39.909657" lon="3.079585"/>
    <trkpt lat="39.909418" lon="3.079289"/>
    <trkpt lat="39.909369" lon="3.079124"/>
    <trkpt lat="39.909349" lon="3.079054"/>
    <trkpt lat="39.909331" lon="3.078981"/>
    <trkpt lat="39.909323" lon="3.078928"/>
    <trkpt lat="39.909321" lon="3.078911"/>
    <trkpt lat="39.909317" lon="3.078836"/>
    <trkpt lat="39.909321" lon="3.078790"/>
    <trkpt lat="39.909320" lon="3.078743"/>
    <trkpt lat="39.909312" lon="3.078697"/>
    <trkpt lat="39.909300" lon="3.078653"/>
    <trkpt lat="39.909281" lon="3.078612"/>
    <trkpt lat="39.909258" lon="3.078575"/>
    <trkpt lat="39.909231" lon="3.078544"/>
    <trkpt lat="39.909200" lon="3.078519"/>
    <trkpt lat="39.909167" lon="3.078501"/>
    <trkpt lat="39.909131" lon="3.078490"/>
    <trkpt lat="39.909081" lon="3.078487"/>
    <trkpt lat="39.909032" lon="3.078499"/>
    <trkpt lat="39.908986" lon="3.078524"/>
    <trkpt lat="39.908945" lon="3.078563"/>
    <trkpt lat="39.908935" lon="3.078576"/>
    <trkpt lat="39.908918" lon="3.078602"/>
    <trkpt lat="39.908904" lon="3.078630"/>
    <trkpt lat="39.908892" lon="3.078660"/>
    <trkpt lat="39.908883" lon="3.078691"/>
    <trkpt lat="39.908877" lon="3.078724"/>
    <trkpt lat="39.908873" lon="3.078757"/>
    <trkpt lat="39.908873" lon="3.078791"/>
    <trkpt lat="39.908875" lon="3.078824"/>
    <trkpt lat="39.908887" lon="3.078883"/>
    <trkpt lat="39.908871" lon="3.078923"/>
    <trkpt lat="39.908857" lon="3.078970"/>
    <trkpt lat="39.908837" lon="3.079131"/>
    <trkpt lat="39.908831" lon="3.079181"/>
    <trkpt lat="39.908744" lon="3.079319"/>
    <trkpt lat="39.908628" lon="3.079502"/>
    <trkpt lat="39.908534" lon="3.079654"/>
    <trkpt lat="39.908481" lon="3.079738"/>
    <trkpt lat="39.908010" lon="3.080526"/>
    <trkpt lat="39.907829" lon="3.080819"/>
    <trkpt lat="39.907584" lon="3.081209"/>
    <trkpt lat="39.907572" lon="3.081230"/>
    <trkpt lat="39.907197" lon="3.080849"/>
    <trkpt lat="39.906847" lon="3.080918"/>
    <trkpt lat="39.906197" lon="3.081035"/>
    <trkpt lat="39.906205" lon="3.081083"/>
    <trkpt lat="39.906217" lon="3.081173"/>
    <trkpt lat="39.906229" lon="3.081290"/>
    <trkpt lat="39.906273" lon="3.081745"/>
    <trkpt lat="39.906278" lon="3.081808"/>
    <trkpt lat="39.906353" lon="3.082501"/>
    <trkpt lat="39.906351" lon="3.082648"/>
    <trkpt lat="39.906350" lon="3.082689"/>
    <trkpt lat="39.906323" lon="3.082686"/>
    <trkpt lat="39.906297" lon="3.082694"/>
    <trkpt lat="39.906274" lon="3.082712"/>
    <trkpt lat="39.906256" lon="3.082738"/>
    <trkpt lat="39.906244" lon="3.082770"/>
    <trkpt lat="39.906241" lon="3.082802"/>
    <trkpt lat="39.906245" lon="3.082834"/>
    <trkpt lat="39.906255" lon="3.082863"/>
    <trkpt lat="39.906273" lon="3.082890"/>
    <trkpt lat="39.906297" lon="3.082908"/>
    <trkpt lat="39.906324" lon="3.082916"/>
    <trkpt lat="39.906351" lon="3.082913"/>
    <trkpt lat="39.906379" lon="3.082897"/>
    <trkpt lat="39.906401" lon="3.082870"/>
    <trkpt lat="39.906414" lon="3.082835"/>
    <trkpt lat="39.906418" lon="3.082796"/>
    <trkpt lat="39.906411" lon="3.082757"/>
    <trkpt lat="39.906395" lon="3.082724"/>
    <trkpt lat="39.906382" lon="3.082709"/>
    <trkpt lat="39.906436" lon="3.082682"/>
    <trkpt lat="39.906471" lon="3.082661"/>
    <trkpt lat="39.906500" lon="3.082641"/>
    <trkpt lat="39.906533" lon="3.082618"/>
    <trkpt lat="39.906903" lon="3.082329"/>
    <trkpt lat="39.907307" lon="3.082729"/>
    <trkpt lat="39.907973" lon="3.083396"/>
    <trkpt lat="39.908057" lon="3.083480"/>
    <trkpt lat="39.908468" lon="3.083892"/>
    <trkpt lat="39.909036" lon="3.082953"/>
    <trkpt lat="39.909551" lon="3.082124"/>
    <trkpt lat="39.909600" lon="3.082040"/>
    <trkpt lat="39.910011" lon="3.081347"/>
    <trkpt lat="39.909799" lon="3.081129"/>
    <trkpt lat="39.909580" lon="3.080902"/>
    <trkpt lat="39.908875" lon="3.080155"/>
    <trkpt lat="39.908529" lon="3.079789"/>
    <trkpt lat="39.908481" lon="3.079738"/>
    <trkpt lat="39.908534" lon="3.079654"/>
    <trkpt lat="39.908628" lon="3.079502"/>
    <trkpt lat="39.908744" lon="3.079319"/>
    <trkpt lat="39.908831" lon="3.079181"/>
    <trkpt lat="39.909021" lon="3.079096"/>
    <trkpt lat="39.909062" lon="3.079068"/>
    <trkpt lat="39.909101" lon="3.079071"/>
    <trkpt lat="39.909139" lon="3.079066"/>
    <trkpt lat="39.909176" lon="3.079053"/>
    <trkpt lat="39.909210" lon="3.079032"/>
    <trkpt lat="39.909241" lon="3.079003"/>
    <trkpt lat="39.909268" lon="3.078968"/>
    <trkpt lat="39.909290" lon="3.078928"/>
    <trkpt lat="39.909307" lon="3.078883"/>
    <trkpt lat="39.909317" lon="3.078836"/>
    <trkpt lat="39.909321" lon="3.078790"/>
    <trkpt lat="39.909320" lon="3.078743"/>
    <trkpt lat="39.909312" lon="3.078697"/>
    <trkpt lat="39.909300" lon="3.078653"/>
    <trkpt lat="39.909281" lon="3.078612"/>
    <trkpt lat="39.909258" lon="3.078575"/>
    <trkpt lat="39.909231" lon="3.078544"/>
    <trkpt lat="39.909200" lon="3.078519"/>
    <trkpt lat="39.909167" lon="3.078501"/>
    <trkpt lat="39.909131" lon="3.078490"/>
    <trkpt lat="39.909081" lon="3.078487"/>
    <trkpt lat="39.909032" lon="3.078499"/>
    <trkpt lat="39.908986" lon="3.078524"/>
    <trkpt lat="39.908945" lon="3.078563"/>
    <trkpt lat="39.908935" lon="3.078576"/>
    <trkpt lat="39.908831" lon="3.078548"/>
    <trkpt lat="39.908739" lon="3.078532"/>
    <trkpt lat="39.908691" lon="3.078521"/>
    <trkpt lat="39.908633" lon="3.078502"/>
    <trkpt lat="39.908547" lon="3.078459"/>
    <trkpt lat="39.907505" lon="3.077490"/>
    <trkpt lat="39.907072" lon="3.077152"/>
    <trkpt lat="39.906660" lon="3.076829"/>
    <trkpt lat="39.906406" lon="3.076648"/>
    <trkpt lat="39.905875" lon="3.076269"/>
    <trkpt lat="39.905465" lon="3.075973"/>
    <trkpt lat="39.904920" lon="3.075584"/>
    <trkpt lat="39.904840" lon="3.075481"/>
    <trkpt lat="39.904805" lon="3.075412"/>
    <trkpt lat="39.904787" lon="3.075322"/>
    <trkpt lat="39.904772" lon="3.075205"/>
    <trkpt lat="39.904768" lon="3.075182"/>
    <trkpt lat="39.904752" lon="3.075128"/>
    <trkpt lat="39.904730" lon="3.075078"/>
    <trkpt lat="39.904702" lon="3.075032"/>
    <trkpt lat="39.904669" lon="3.074994"/>
    <trkpt lat="39.904632" lon="3.074962"/>
    <trkpt lat="39.904592" lon="3.074939"/>
    <trkpt lat="39.904505" lon="3.074892"/>
    <trkpt lat="39.904463" lon="3.074862"/>
    <trkpt lat="39.904408" lon="3.074824"/>
    <trkpt lat="39.904368" lon="3.074777"/>
    <trkpt lat="39.904331" lon="3.074720"/>
    <trkpt lat="39.904263" lon="3.074578"/>
    <trkpt lat="39.904254" lon="3.074549"/>
    <trkpt lat="39.904101" lon="3.074043"/>
    <trkpt lat="39.904015" lon="3.073759"/>
    <trkpt lat="39.903905" lon="3.073394"/>
    <trkpt lat="39.903754" lon="3.072892"/>
    <trkpt lat="39.903636" lon="3.072502"/>
    <trkpt lat="39.903325" lon="3.071471"/>
    <trkpt lat="39.903197" lon="3.071046"/>
    <trkpt lat="39.903017" lon="3.070448"/>
    <trkpt lat="39.902950" lon="3.070226"/>
    <trkpt lat="39.902890" lon="3.070029"/>
    <trkpt lat="39.902767" lon="3.069681"/>
    <trkpt lat="39.902777" lon="3.069348"/>
    <trkpt lat="39.902793" lon="3.069295"/>
    <trkpt lat="39.902794" lon="3.069237"/>
    <trkpt lat="39.902782" lon="3.069187"/>
    <trkpt lat="39.902759" lon="3.069145"/>
    <trkpt lat="39.902726" lon="3.069114"/>
    <trkpt lat="39.902687" lon="3.069098"/>
    <trkpt lat="39.902647" lon="3.069098"/>
    <trkpt lat="39.902609" lon="3.069115"/>
    <trkpt lat="39.902587" lon="3.069036"/>
    <trkpt lat="39.902480" lon="3.068659"/>
    <trkpt lat="39.902137" lon="3.067534"/>
    <trkpt lat="39.901970" lon="3.066976"/>
    <trkpt lat="39.901958" lon="3.066937"/>
    <trkpt lat="39.901606" lon="3.065765"/>
    <trkpt lat="39.901501" lon="3.065417"/>
    <trkpt lat="39.901127" lon="3.064174"/>
    <trkpt lat="39.901103" lon="3.064093"/>
    <trkpt lat="39.901052" lon="3.063921"/>
    <trkpt lat="39.900910" lon="3.063443"/>
    <trkpt lat="39.900552" lon="3.062235"/>
    <trkpt lat="39.900529" lon="3.062159"/>
    <trkpt lat="39.900485" lon="3.062009"/>
    <trkpt lat="39.900242" lon="3.061195"/>
    <trkpt lat="39.900185" lon="3.061005"/>
    <trkpt lat="39.900008" lon="3.060413"/>
    <trkpt lat="39.899833" lon="3.059829"/>
    <trkpt lat="39.899587" lon="3.059037"/>
    <trkpt lat="39.899562" lon="3.058952"/>
    <trkpt lat="39.899249" lon="3.057915"/>
    <trkpt lat="39.899160" lon="3.057618"/>
    <trkpt lat="39.899012" lon="3.057120"/>
    <trkpt lat="39.899004" lon="3.057097"/>
    <trkpt lat="39.898185" lon="3.054313"/>
    <trkpt lat="39.897865" lon="3.053258"/>
    <trkpt lat="39.897569" lon="3.052267"/>
    <trkpt lat="39.897388" lon="3.051665"/>
    <trkpt lat="39.897352" lon="3.051530"/>
    <trkpt lat="39.896751" lon="3.049533"/>
    <trkpt lat="39.896713" lon="3.049406"/>
    <trkpt lat="39.896415" lon="3.048419"/>
    <trkpt lat="39.896314" lon="3.048091"/>
    <trkpt lat="39.896295" lon="3.048011"/>
    <trkpt lat="39.896098" lon="3.047386"/>
    <trkpt lat="39.895927" lon="3.046844"/>
    <trkpt lat="39.895913" lon="3.046796"/>
    <trkpt lat="39.895901" lon="3.046757"/>
    <trkpt lat="39.895582" lon="3.045829"/>
    <trkpt lat="39.895510" lon="3.045604"/>
    <trkpt lat="39.895469" lon="3.045486"/>
    <trkpt lat="39.895163" lon="3.044616"/>
    <trkpt lat="39.894999" lon="3.044095"/>
    <trkpt lat="39.894632" lon="3.043104"/>
    <trkpt lat="39.894394" lon="3.042419"/>
    <trkpt lat="39.894298" lon="3.042152"/>
    <trkpt lat="39.894137" lon="3.041719"/>
    <trkpt lat="39.893655" lon="3.040320"/>
    <trkpt lat="39.893579" lon="3.040103"/>
    <trkpt lat="39.893502" lon="3.039877"/>
    <trkpt lat="39.893448" lon="3.039731"/>
    <trkpt lat="39.893202" lon="3.039020"/>
    <trkpt lat="39.892875" lon="3.037968"/>
    <trkpt lat="39.892741" lon="3.037543"/>
    <trkpt lat="39.892607" lon="3.037098"/>
    <trkpt lat="39.892503" lon="3.036772"/>
    <trkpt lat="39.892311" lon="3.036158"/>
    <trkpt lat="39.892222" lon="3.035874"/>
    <trkpt lat="39.892200" lon="3.035803"/>
    <trkpt lat="39.892031" lon="3.035383"/>
    <trkpt lat="39.891887" lon="3.035026"/>
    <trkpt lat="39.891804" lon="3.034855"/>
    <trkpt lat="39.891578" lon="3.034393"/>
    <trkpt lat="39.891413" lon="3.034131"/>
    <trkpt lat="39.891245" lon="3.033864"/>
    <trkpt lat="39.891205" lon="3.033800"/>
    <trkpt lat="39.891105" lon="3.033642"/>
    <trkpt lat="39.890849" lon="3.033315"/>
    <trkpt lat="39.890629" lon="3.033034"/>
    <trkpt lat="39.890245" lon="3.032571"/>
    <trkpt lat="39.889601" lon="3.031793"/>
    <trkpt lat="39.889549" lon="3.031731"/>
    <trkpt lat="39.889441" lon="3.031605"/>
    <trkpt lat="39.889336" lon="3.031482"/>
    <trkpt lat="39.889087" lon="3.031181"/>
    <trkpt lat="39.888994" lon="3.031073"/>
    <trkpt lat="39.888812" lon="3.030863"/>
    <trkpt lat="39.888510" lon="3.030512"/>
    <trkpt lat="39.888410" lon="3.030400"/>
    <trkpt lat="39.887944" lon="3.029805"/>
    <trkpt lat="39.887455" lon="3.029167"/>
    <trkpt lat="39.886831" lon="3.028077"/>
    <trkpt lat="39.886656" lon="3.027696"/>
    <trkpt lat="39.886544" lon="3.027400"/>
    <trkpt lat="39.886036" lon="3.026125"/>
    <trkpt lat="39.885260" lon="3.024187"/>
    <trkpt lat="39.885068" lon="3.023705"/>
    <trkpt lat="39.885041" lon="3.023641"/>
    <trkpt lat="39.884931" lon="3.023194"/>
    <trkpt lat="39.884761" lon="3.022504"/>
    <trkpt lat="39.884714" lon="3.022372"/>
    <trkpt lat="39.884703" lon="3.022327"/>
    <trkpt lat="39.884686" lon="3.022286"/>
    <trkpt lat="39.884664" lon="3.022249"/>
    <trkpt lat="39.884636" lon="3.022219"/>
    <trkpt lat="39.884604" lon="3.022197"/>
    <trkpt lat="39.884570" lon="3.022183"/>
    <trkpt lat="39.884534" lon="3.022178"/>
    <trkpt lat="39.884499" lon="3.022182"/>
    <trkpt lat="39.884464" lon="3.022195"/>
    <trkpt lat="39.884431" lon="3.022217"/>
    <trkpt lat="39.884402" lon="3.022247"/>
    <trkpt lat="39.884379" lon="3.022283"/>
    <trkpt lat="39.884241" lon="3.022397"/>
    <trkpt lat="39.884118" lon="3.022511"/>
    <trkpt lat="39.883948" lon="3.022570"/>
    <trkpt lat="39.883808" lon="3.022629"/>
    <trkpt lat="39.883735" lon="3.022659"/>
    <trkpt lat="39.883382" lon="3.022819"/>
    <trkpt lat="39.883186" lon="3.022945"/>
    <trkpt lat="39.883043" lon="3.023052"/>
    <trkpt lat="39.882998" lon="3.023086"/>
    <trkpt lat="39.882688" lon="3.023319"/>
    <trkpt lat="39.882205" lon="3.023674"/>
    <trkpt lat="39.881988" lon="3.023834"/>
    <trkpt lat="39.881730" lon="3.024008"/>
    <trkpt lat="39.881433" lon="3.024127"/>
    <trkpt lat="39.881258" lon="3.024168"/>
    <trkpt lat="39.881076" lon="3.024206"/>
    <trkpt lat="39.880802" lon="3.024207"/>
    <trkpt lat="39.880633" lon="3.024180"/>
    <trkpt lat="39.880474" lon="3.024149"/>
    <trkpt lat="39.880242" lon="3.024081"/>
    <trkpt lat="39.880015" lon="3.023966"/>
    <trkpt lat="39.879144" lon="3.023448"/>
    <trkpt lat="39.879056" lon="3.023395"/>
    <trkpt lat="39.879040" lon="3.023385"/>
    <trkpt lat="39.878179" lon="3.022897"/>
    <trkpt lat="39.877731" lon="3.022624"/>
    <trkpt lat="39.877292" lon="3.022064"/>
    <trkpt lat="39.877123" lon="3.021770"/>
    <trkpt lat="39.877006" lon="3.021587"/>
    <trkpt lat="39.876902" lon="3.021424"/>
    <trkpt lat="39.876325" lon="3.020458"/>
    <trkpt lat="39.876398" lon="3.020382"/>
    <trkpt lat="39.877063" lon="3.019694"/>
    <trkpt lat="39.877395" lon="3.019465"/>
    <trkpt lat="39.877777" lon="3.019183"/>
    <trkpt lat="39.878369" lon="3.018812"/>
    <trkpt lat="39.878040" lon="3.018109"/>
    <trkpt lat="39.877856" lon="3.017744"/>
    <trkpt lat="39.877758" lon="3.017210"/>
    <trkpt lat="39.877685" lon="3.017003"/>
    <trkpt lat="39.877592" lon="3.016811"/>
    <trkpt lat="39.877380" lon="3.016390"/>
    <trkpt lat="39.877592" lon="3.016811"/>
    <trkpt lat="39.877685" lon="3.017003"/>
    <trkpt lat="39.877758" lon="3.017210"/>
    <trkpt lat="39.877395" lon="3.017415"/>
    <trkpt lat="39.877110" lon="3.017593"/>
    <trkpt lat="39.876711" lon="3.017887"/>
    <trkpt lat="39.876367" lon="3.018144"/>
    <trkpt lat="39.875955" lon="3.018437"/>
    <trkpt lat="39.875867" lon="3.018584"/>
    <trkpt lat="39.875742" lon="3.019007"/>
    <trkpt lat="39.875635" lon="3.019293"/>
    <trkpt lat="39.875537" lon="3.019128"/>
    <trkpt lat="39.875253" lon="3.018648"/>
    <trkpt lat="39.875059" lon="3.018321"/>
    <trkpt lat="39.874704" lon="3.018688"/>
    <trkpt lat="39.874643" lon="3.018618"/>
    <trkpt lat="39.874593" lon="3.018600"/>
    <trkpt lat="39.874537" lon="3.018617"/>
    <trkpt lat="39.874047" lon="3.019101"/>
    <trkpt lat="39.874028" lon="3.019120"/>
    <trkpt lat="39.873984" lon="3.019147"/>
    <trkpt lat="39.873890" lon="3.019231"/>
    <trkpt lat="39.873744" lon="3.018995"/>
    <trkpt lat="39.873623" lon="3.018767"/>
    <trkpt lat="39.873364" lon="3.018329"/>
    <trkpt lat="39.872508" lon="3.016891"/>
    <trkpt lat="39.872498" lon="3.016875"/>
    <trkpt lat="39.872429" lon="3.016761"/>
    <trkpt lat="39.871824" lon="3.015718"/>
    <trkpt lat="39.871304" lon="3.014830"/>
    <trkpt lat="39.871062" lon="3.014432"/>
    <trkpt lat="39.870853" lon="3.014175"/>
    <trkpt lat="39.870602" lon="3.013929"/>
    <trkpt lat="39.870333" lon="3.013709"/>
    <trkpt lat="39.870049" lon="3.013505"/>
    <trkpt lat="39.869828" lon="3.013414"/>
    <trkpt lat="39.869572" lon="3.013333"/>
    <trkpt lat="39.869499" lon="3.013310"/>
    <trkpt lat="39.869243" lon="3.013290"/>
    <trkpt lat="39.869078" lon="3.013287"/>
    <trkpt lat="39.868990" lon="3.013285"/>
    <trkpt lat="39.868643" lon="3.013321"/>
    <trkpt lat="39.868479" lon="3.013366"/>
    <trkpt lat="39.868323" lon="3.013409"/>
    <trkpt lat="39.867799" lon="3.013619"/>
    <trkpt lat="39.867676" lon="3.013665"/>
    <trkpt lat="39.866913" lon="3.013949"/>
    <trkpt lat="39.866818" lon="3.013989"/>
    <trkpt lat="39.866423" lon="3.014154"/>
    <trkpt lat="39.866238" lon="3.014243"/>
    <trkpt lat="39.865973" lon="3.014433"/>
    <trkpt lat="39.865796" lon="3.014577"/>
    <trkpt lat="39.865632" lon="3.014707"/>
    <trkpt lat="39.865400" lon="3.014930"/>
    <trkpt lat="39.865070" lon="3.015336"/>
    <trkpt lat="39.864788" lon="3.015748"/>
    <trkpt lat="39.864397" lon="3.016350"/>
    <trkpt lat="39.864066" lon="3.016861"/>
    <trkpt lat="39.863892" lon="3.017105"/>
    <trkpt lat="39.863645" lon="3.017585"/>
    <trkpt lat="39.863501" lon="3.017929"/>
    <trkpt lat="39.863315" lon="3.018403"/>
    <trkpt lat="39.863177" lon="3.018786"/>
    <trkpt lat="39.862937" lon="3.019459"/>
    <trkpt lat="39.862911" lon="3.019534"/>
    <trkpt lat="39.862855" lon="3.019699"/>
    <trkpt lat="39.862023" lon="3.021998"/>
    <trkpt lat="39.861943" lon="3.022217"/>
    <trkpt lat="39.861775" lon="3.022696"/>
    <trkpt lat="39.861597" lon="3.023143"/>
    <trkpt lat="39.861525" lon="3.023304"/>
    <trkpt lat="39.861342" lon="3.023640"/>
    <trkpt lat="39.861132" lon="3.023960"/>
    <trkpt lat="39.861072" lon="3.024052"/>
    <trkpt lat="39.860974" lon="3.024202"/>
    <trkpt lat="39.860826" lon="3.024397"/>
    <trkpt lat="39.860607" lon="3.024700"/>
    <trkpt lat="39.860364" lon="3.025036"/>
    <trkpt lat="39.860307" lon="3.025114"/>
    <trkpt lat="39.859515" lon="3.026189"/>
    <trkpt lat="39.859010" lon="3.026872"/>
    <trkpt lat="39.858626" lon="3.027402"/>
    <trkpt lat="39.857944" lon="3.028304"/>
    <trkpt lat="39.857364" lon="3.029125"/>
    <trkpt lat="39.856993" lon="3.029722"/>
    <trkpt lat="39.856446" lon="3.030593"/>
    <trkpt lat="39.856118" lon="3.031050"/>
    <trkpt lat="39.855863" lon="3.031374"/>
    <trkpt lat="39.855500" lon="3.031768"/>
    <trkpt lat="39.855023" lon="3.032286"/>
    <trkpt lat="39.854258" lon="3.033115"/>
    <trkpt lat="39.853809" lon="3.033587"/>
    <trkpt lat="39.853548" lon="3.033886"/>
    <trkpt lat="39.853306" lon="3.034096"/>
    <trkpt lat="39.853095" lon="3.034233"/>
    <trkpt lat="39.852901" lon="3.034314"/>
    <trkpt lat="39.852669" lon="3.034374"/>
    <trkpt lat="39.852526" lon="3.034401"/>
    <trkpt lat="39.852309" lon="3.034403"/>
    <trkpt lat="39.852093" lon="3.034359"/>
    <trkpt lat="39.851836" lon="3.034288"/>
    <trkpt lat="39.851567" lon="3.034184"/>
    <trkpt lat="39.851225" lon="3.034005"/>
    <trkpt lat="39.850945" lon="3.033843"/>
    <trkpt lat="39.850622" lon="3.033674"/>
    <trkpt lat="39.850217" lon="3.033537"/>
    <trkpt lat="39.849920" lon="3.033481"/>
    <trkpt lat="39.849472" lon="3.033437"/>
    <trkpt lat="39.849189" lon="3.033420"/>
    <trkpt lat="39.848378" lon="3.033371"/>
    <trkpt lat="39.847706" lon="3.033282"/>
    <trkpt lat="39.847498" lon="3.033236"/>
    <trkpt lat="39.847187" lon="3.033147"/>
    <trkpt lat="39.846873" lon="3.033022"/>
    <trkpt lat="39.846546" lon="3.032835"/>
    <trkpt lat="39.845807" lon="3.032272"/>
    <trkpt lat="39.845355" lon="3.031861"/>
    <trkpt lat="39.844583" lon="3.031209"/>
    <trkpt lat="39.844232" lon="3.030927"/>
    <trkpt lat="39.843822" lon="3.030694"/>
    <trkpt lat="39.842953" lon="3.030315"/>
    <trkpt lat="39.841348" lon="3.029635"/>
    <trkpt lat="39.840864" lon="3.029432"/>
    <trkpt lat="39.840457" lon="3.029314"/>
    <trkpt lat="39.840188" lon="3.029281"/>
    <trkpt lat="39.839858" lon="3.029279"/>
    <trkpt lat="39.839367" lon="3.029329"/>
    <trkpt lat="39.837922" lon="3.029464"/>
    <trkpt lat="39.837618" lon="3.029462"/>
    <trkpt lat="39.837318" lon="3.029450"/>
    <trkpt lat="39.836902" lon="3.029423"/>
    <trkpt lat="39.836030" lon="3.029364"/>
    <trkpt lat="39.834857" lon="3.029289"/>
    <trkpt lat="39.833924" lon="3.029260"/>
    <trkpt lat="39.833901" lon="3.029258"/>
    <trkpt lat="39.833812" lon="3.029249"/>
    <trkpt lat="39.832992" lon="3.029196"/>
    <trkpt lat="39.832664" lon="3.029152"/>
    <trkpt lat="39.830978" lon="3.029065"/>
    <trkpt lat="39.829218" lon="3.028946"/>
    <trkpt lat="39.828316" lon="3.028891"/>
    <trkpt lat="39.827565" lon="3.028842"/>
    <trkpt lat="39.827100" lon="3.028814"/>
    <trkpt lat="39.825752" lon="3.028745"/>
    <trkpt lat="39.824266" lon="3.028560"/>
    <trkpt lat="39.823167" lon="3.028339"/>
    <trkpt lat="39.820043" lon="3.027359"/>
    <trkpt lat="39.819405" lon="3.027205"/>
    <trkpt lat="39.819089" lon="3.027155"/>
    <trkpt lat="39.818777" lon="3.027105"/>
    <trkpt lat="39.816846" lon="3.026793"/>
    <trkpt lat="39.816752" lon="3.026789"/>
    <trkpt lat="39.816140" lon="3.026760"/>
    <trkpt lat="39.813899" lon="3.026495"/>
    <trkpt lat="39.813478" lon="3.026425"/>
    <trkpt lat="39.811861" lon="3.026124"/>
    <trkpt lat="39.811218" lon="3.026004"/>
    <trkpt lat="39.810572" lon="3.025900"/>
    <trkpt lat="39.809737" lon="3.025657"/>
    <trkpt lat="39.809174" lon="3.025337"/>
    <trkpt lat="39.808893" lon="3.025158"/>
    <trkpt lat="39.807210" lon="3.024090"/>
    <trkpt lat="39.806762" lon="3.023809"/>
    <trkpt lat="39.806668" lon="3.023734"/>
    <trkpt lat="39.804698" lon="3.022421"/>
    <trkpt lat="39.804160" lon="3.022075"/>
    <trkpt lat="39.803367" lon="3.021542"/>
    <trkpt lat="39.803236" lon="3.021457"/>
    <trkpt lat="39.803040" lon="3.021331"/>
    <trkpt lat="39.802720" lon="3.021125"/>
    <trkpt lat="39.802678" lon="3.021103"/>
    <trkpt lat="39.802517" lon="3.021018"/>
    <trkpt lat="39.802326" lon="3.020896"/>
    <trkpt lat="39.802287" lon="3.020870"/>
    <trkpt lat="39.802145" lon="3.020779"/>
    <trkpt lat="39.802119" lon="3.020768"/>
    <trkpt lat="39.801825" lon="3.020617"/>
    <trkpt lat="39.801605" lon="3.020523"/>
    <trkpt lat="39.801346" lon="3.020446"/>
    <trkpt lat="39.801082" lon="3.020386"/>
    <trkpt lat="39.800676" lon="3.020356"/>
    <trkpt lat="39.800242" lon="3.020366"/>
    <trkpt lat="39.799830" lon="3.020430"/>
    <trkpt lat="39.799444" lon="3.020490"/>
    <trkpt lat="39.798649" lon="3.020629"/>
    <trkpt lat="39.798371" lon="3.020675"/>
    <trkpt lat="39.798060" lon="3.020726"/>
    <trkpt lat="39.797469" lon="3.020826"/>
    <trkpt lat="39.796995" lon="3.020910"/>
    <trkpt lat="39.796917" lon="3.020901"/>
    <trkpt lat="39.796828" lon="3.020913"/>
    <trkpt lat="39.796734" lon="3.020919"/>
    <trkpt lat="39.796643" lon="3.020915"/>
    <trkpt lat="39.796544" lon="3.020904"/>
    <trkpt lat="39.796461" lon="3.020883"/>
    <trkpt lat="39.796383" lon="3.020855"/>
    <trkpt lat="39.796334" lon="3.020828"/>
    <trkpt lat="39.796289" lon="3.020798"/>
    <trkpt lat="39.796260" lon="3.020772"/>
    <trkpt lat="39.796193" lon="3.020691"/>
    <trkpt lat="39.796180" lon="3.020675"/>
    <trkpt lat="39.796161" lon="3.020657"/>
    <trkpt lat="39.796142" lon="3.020644"/>
    <trkpt lat="39.796123" lon="3.020636"/>
    <trkpt lat="39.796101" lon="3.020632"/>
    <trkpt lat="39.796081" lon="3.020630"/>
    <trkpt lat="39.796057" lon="3.020635"/>
    <trkpt lat="39.796036" lon="3.020644"/>
    <trkpt lat="39.796015" lon="3.020658"/>
    <trkpt lat="39.795997" lon="3.020676"/>
    <trkpt lat="39.795981" lon="3.020697"/>
    <trkpt lat="39.795967" lon="3.020723"/>
    <trkpt lat="39.795958" lon="3.020749"/>
    <trkpt lat="39.795952" lon="3.020779"/>
    <trkpt lat="39.795932" lon="3.020847"/>
    <trkpt lat="39.795913" lon="3.020884"/>
    <trkpt lat="39.795889" lon="3.020911"/>
    <trkpt lat="39.795868" lon="3.020931"/>
    <trkpt lat="39.795848" lon="3.020949"/>
    <trkpt lat="39.795814" lon="3.020967"/>
    <trkpt lat="39.795791" lon="3.020974"/>
    <trkpt lat="39.795766" lon="3.020978"/>
    <trkpt lat="39.795739" lon="3.020977"/>
    <trkpt lat="39.795714" lon="3.020972"/>
    <trkpt lat="39.795678" lon="3.020962"/>
    <trkpt lat="39.795638" lon="3.020947"/>
    <trkpt lat="39.795548" lon="3.020928"/>
    <trkpt lat="39.795436" lon="3.020873"/>
    <trkpt lat="39.795345" lon="3.020828"/>
    <trkpt lat="39.795186" lon="3.020754"/>
    <trkpt lat="39.795118" lon="3.020731"/>
    <trkpt lat="39.795055" lon="3.020717"/>
    <trkpt lat="39.794994" lon="3.020706"/>
    <trkpt lat="39.794939" lon="3.020700"/>
    <trkpt lat="39.794879" lon="3.020699"/>
    <trkpt lat="39.794810" lon="3.020703"/>
    <trkpt lat="39.794752" lon="3.020711"/>
    <trkpt lat="39.794646" lon="3.020722"/>
    <trkpt lat="39.794554" lon="3.020741"/>
    <trkpt lat="39.794502" lon="3.020750"/>
    <trkpt lat="39.794474" lon="3.020753"/>
    <trkpt lat="39.794440" lon="3.020753"/>
    <trkpt lat="39.794402" lon="3.020751"/>
    <trkpt lat="39.794362" lon="3.020744"/>
    <trkpt lat="39.794317" lon="3.020732"/>
    <trkpt lat="39.794273" lon="3.020716"/>
    <trkpt lat="39.794227" lon="3.020697"/>
    <trkpt lat="39.794164" lon="3.020666"/>
    <trkpt lat="39.794087" lon="3.020616"/>
    <trkpt lat="39.793999" lon="3.020554"/>
    <trkpt lat="39.793936" lon="3.020505"/>
    <trkpt lat="39.793871" lon="3.020443"/>
    <trkpt lat="39.793809" lon="3.020382"/>
    <trkpt lat="39.793741" lon="3.020305"/>
    <trkpt lat="39.793522" lon="3.020022"/>
    <trkpt lat="39.792999" lon="3.019148"/>
    <trkpt lat="39.792620" lon="3.018583"/>
    <trkpt lat="39.792452" lon="3.018349"/>
    <trkpt lat="39.792330" lon="3.018173"/>
    <trkpt lat="39.792150" lon="3.017890"/>
    <trkpt lat="39.791525" lon="3.016864"/>
    <trkpt lat="39.791189" lon="3.016415"/>
    <trkpt lat="39.790604" lon="3.015457"/>
    <trkpt lat="39.790414" lon="3.015146"/>
    <trkpt lat="39.789929" lon="3.014352"/>
    <trkpt lat="39.789553" lon="3.013738"/>
    <trkpt lat="39.789257" lon="3.013251"/>
    <trkpt lat="39.788971" lon="3.012782"/>
    <trkpt lat="39.788684" lon="3.012304"/>
    <trkpt lat="39.788410" lon="3.011807"/>
    <trkpt lat="39.788329" lon="3.011652"/>
    <trkpt lat="39.788247" lon="3.011488"/>
    <trkpt lat="39.788159" lon="3.011307"/>
    <trkpt lat="39.788079" lon="3.011133"/>
    <trkpt lat="39.788002" lon="3.010961"/>
    <trkpt lat="39.787927" lon="3.010786"/>
    <trkpt lat="39.787853" lon="3.010602"/>
    <trkpt lat="39.787785" lon="3.010427"/>
    <trkpt lat="39.787717" lon="3.010248"/>
    <trkpt lat="39.787654" lon="3.010076"/>
    <trkpt lat="39.787587" lon="3.009883"/>
    <trkpt lat="39.787525" lon="3.009700"/>
    <trkpt lat="39.787464" lon="3.009513"/>
    <trkpt lat="39.787346" lon="3.009147"/>
    <trkpt lat="39.787213" lon="3.008732"/>
    <trkpt lat="39.787163" lon="3.008579"/>
    <trkpt lat="39.787047" lon="3.008217"/>
    <trkpt lat="39.786928" lon="3.007848"/>
    <trkpt lat="39.786810" lon="3.007483"/>
    <trkpt lat="39.786690" lon="3.007106"/>
    <trkpt lat="39.786566" lon="3.006727"/>
    <trkpt lat="39.786448" lon="3.006359"/>
    <trkpt lat="39.786328" lon="3.005987"/>
    <trkpt lat="39.786208" lon="3.005613"/>
    <trkpt lat="39.786091" lon="3.005251"/>
    <trkpt lat="39.785972" lon="3.004882"/>
    <trkpt lat="39.785851" lon="3.004513"/>
    <trkpt lat="39.785720" lon="3.004143"/>
    <trkpt lat="39.785586" lon="3.003784"/>
    <trkpt lat="39.785520" lon="3.003604"/>
    <trkpt lat="39.785444" lon="3.003418"/>
    <trkpt lat="39.785371" lon="3.003251"/>
    <trkpt lat="39.785291" lon="3.003070"/>
    <trkpt lat="39.785210" lon="3.002893"/>
    <trkpt lat="39.785124" lon="3.002712"/>
    <trkpt lat="39.785045" lon="3.002557"/>
    <trkpt lat="39.784956" lon="3.002388"/>
    <trkpt lat="39.784870" lon="3.002228"/>
    <trkpt lat="39.784779" lon="3.002064"/>
    <trkpt lat="39.784685" lon="3.001901"/>
    <trkpt lat="39.784591" lon="3.001744"/>
    <trkpt lat="39.784492" lon="3.001582"/>
    <trkpt lat="39.784396" lon="3.001432"/>
    <trkpt lat="39.784295" lon="3.001278"/>
    <trkpt lat="39.784193" lon="3.001125"/>
    <trkpt lat="39.784086" lon="3.000967"/>
    <trkpt lat="39.783985" lon="3.000820"/>
    <trkpt lat="39.783784" lon="3.000525"/>
    <trkpt lat="39.783757" lon="3.000487"/>
    <trkpt lat="39.783631" lon="3.000300"/>
    <trkpt lat="39.783166" lon="2.999620"/>
    <trkpt lat="39.782959" lon="2.999317"/>
    <trkpt lat="39.782741" lon="2.998998"/>
    <trkpt lat="39.782544" lon="2.998706"/>
    <trkpt lat="39.782484" lon="2.998620"/>
    <trkpt lat="39.782338" lon="2.998407"/>
    <trkpt lat="39.782134" lon="2.998106"/>
    <trkpt lat="39.781932" lon="2.997812"/>
    <trkpt lat="39.781722" lon="2.997504"/>
    <trkpt lat="39.781519" lon="2.997205"/>
    <trkpt lat="39.781310" lon="2.996901"/>
    <trkpt lat="39.781004" lon="2.996452"/>
    <trkpt lat="39.780695" lon="2.995999"/>
    <trkpt lat="39.780388" lon="2.995550"/>
    <trkpt lat="39.780076" lon="2.995094"/>
    <trkpt lat="39.779560" lon="2.994336"/>
    <trkpt lat="39.779246" lon="2.993878"/>
    <trkpt lat="39.778842" lon="2.993286"/>
    <trkpt lat="39.778632" lon="2.992979"/>
    <trkpt lat="39.778321" lon="2.992521"/>
    <trkpt lat="39.777919" lon="2.991933"/>
    <trkpt lat="39.777612" lon="2.991485"/>
    <trkpt lat="39.777510" lon="2.991334"/>
    <trkpt lat="39.777111" lon="2.990752"/>
    <trkpt lat="39.776933" lon="2.990492"/>
    <trkpt lat="39.776734" lon="2.990198"/>
    <trkpt lat="39.776526" lon="2.989892"/>
    <trkpt lat="39.776437" lon="2.989761"/>
    <trkpt lat="39.776319" lon="2.989587"/>
    <trkpt lat="39.776096" lon="2.989264"/>
    <trkpt lat="39.775900" lon="2.988978"/>
    <trkpt lat="39.775689" lon="2.988667"/>
    <trkpt lat="39.775477" lon="2.988359"/>
    <trkpt lat="39.775267" lon="2.988051"/>
    <trkpt lat="39.775150" lon="2.987879"/>
    <trkpt lat="39.774957" lon="2.987597"/>
    <trkpt lat="39.774749" lon="2.987291"/>
    <trkpt lat="39.774540" lon="2.986983"/>
    <trkpt lat="39.774332" lon="2.986682"/>
    <trkpt lat="39.774120" lon="2.986371"/>
    <trkpt lat="39.773914" lon="2.986070"/>
    <trkpt lat="39.773706" lon="2.985760"/>
    <trkpt lat="39.773498" lon="2.985448"/>
    <trkpt lat="39.773398" lon="2.985292"/>
    <trkpt lat="39.773307" lon="2.985145"/>
    <trkpt lat="39.773199" lon="2.984964"/>
    <trkpt lat="39.773109" lon="2.984804"/>
    <trkpt lat="39.773017" lon="2.984634"/>
    <trkpt lat="39.772928" lon="2.984464"/>
    <trkpt lat="39.772841" lon="2.984289"/>
    <trkpt lat="39.772760" lon="2.984118"/>
    <trkpt lat="39.772682" lon="2.983943"/>
    <trkpt lat="39.772605" lon="2.983759"/>
    <trkpt lat="39.772531" lon="2.983577"/>
    <trkpt lat="39.772463" lon="2.983397"/>
    <trkpt lat="39.772395" lon="2.983208"/>
    <trkpt lat="39.772332" lon="2.983022"/>
    <trkpt lat="39.772270" lon="2.982829"/>
    <trkpt lat="39.772216" lon="2.982647"/>
    <trkpt lat="39.772159" lon="2.982445"/>
    <trkpt lat="39.772110" lon="2.982256"/>
    <trkpt lat="39.772062" lon="2.982058"/>
    <trkpt lat="39.772018" lon="2.981870"/>
    <trkpt lat="39.771976" lon="2.981668"/>
    <trkpt lat="39.771937" lon="2.981467"/>
    <trkpt lat="39.771901" lon="2.981275"/>
    <trkpt lat="39.771828" lon="2.980873"/>
    <trkpt lat="39.771760" lon="2.980477"/>
    <trkpt lat="39.771724" lon="2.980272"/>
    <trkpt lat="39.771688" lon="2.980074"/>
    <trkpt lat="39.771652" lon="2.979881"/>
    <trkpt lat="39.771613" lon="2.979688"/>
    <trkpt lat="39.771571" lon="2.979483"/>
    <trkpt lat="39.771526" lon="2.979287"/>
    <trkpt lat="39.771478" lon="2.979093"/>
    <trkpt lat="39.771427" lon="2.978902"/>
    <trkpt lat="39.771371" lon="2.978711"/>
    <trkpt lat="39.771312" lon="2.978522"/>
    <trkpt lat="39.771250" lon="2.978338"/>
    <trkpt lat="39.771184" lon="2.978151"/>
    <trkpt lat="39.771113" lon="2.977962"/>
    <trkpt lat="39.771042" lon="2.977783"/>
    <trkpt lat="39.770965" lon="2.977603"/>
    <trkpt lat="39.770888" lon="2.977436"/>
    <trkpt lat="39.770805" lon="2.977265"/>
    <trkpt lat="39.770716" lon="2.977088"/>
    <trkpt lat="39.770627" lon="2.976923"/>
    <trkpt lat="39.770532" lon="2.976752"/>
    <trkpt lat="39.770437" lon="2.976590"/>
    <trkpt lat="39.770338" lon="2.976430"/>
    <trkpt lat="39.770227" lon="2.976262"/>
    <trkpt lat="39.770130" lon="2.976122"/>
    <trkpt lat="39.770024" lon="2.975973"/>
    <trkpt lat="39.769915" lon="2.975828"/>
    <trkpt lat="39.769578" lon="2.975393"/>
    <trkpt lat="39.769218" lon="2.974953"/>
    <trkpt lat="39.769002" lon="2.974693"/>
    <trkpt lat="39.768890" lon="2.974555"/>
    <trkpt lat="39.768774" lon="2.974411"/>
    <trkpt lat="39.768659" lon="2.974266"/>
    <trkpt lat="39.768549" lon="2.974125"/>
    <trkpt lat="39.768329" lon="2.973835"/>
    <trkpt lat="39.768220" lon="2.973686"/>
    <trkpt lat="39.768111" lon="2.973536"/>
    <trkpt lat="39.768004" lon="2.973386"/>
    <trkpt lat="39.767898" lon="2.973233"/>
    <trkpt lat="39.767797" lon="2.973081"/>
    <trkpt lat="39.767699" lon="2.972932"/>
    <trkpt lat="39.767595" lon="2.972770"/>
    <trkpt lat="39.767401" lon="2.972458"/>
    <trkpt lat="39.767298" lon="2.972285"/>
    <trkpt lat="39.767107" lon="2.971952"/>
    <trkpt lat="39.766927" lon="2.971624"/>
    <trkpt lat="39.766755" lon="2.971293"/>
    <trkpt lat="39.766585" lon="2.970957"/>
    <trkpt lat="39.766376" lon="2.970527"/>
    <trkpt lat="39.766249" lon="2.970261"/>
    <trkpt lat="39.766086" lon="2.969912"/>
    <trkpt lat="39.765135" lon="2.968028"/>
    <trkpt lat="39.764938" lon="2.967698"/>
    <trkpt lat="39.764747" lon="2.967411"/>
    <trkpt lat="39.764556" lon="2.967136"/>
    <trkpt lat="39.764375" lon="2.966892"/>
    <trkpt lat="39.764194" lon="2.966663"/>
    <trkpt lat="39.764079" lon="2.966520"/>
    <trkpt lat="39.763963" lon="2.966380"/>
    <trkpt lat="39.763839" lon="2.966241"/>
    <trkpt lat="39.763721" lon="2.966111"/>
    <trkpt lat="39.763599" lon="2.965980"/>
    <trkpt lat="39.763476" lon="2.965853"/>
    <trkpt lat="39.763353" lon="2.965732"/>
    <trkpt lat="39.763229" lon="2.965610"/>
    <trkpt lat="39.763098" lon="2.965492"/>
    <trkpt lat="39.762969" lon="2.965378"/>
    <trkpt lat="39.762835" lon="2.965263"/>
    <trkpt lat="39.762702" lon="2.965154"/>
    <trkpt lat="39.762571" lon="2.965049"/>
    <trkpt lat="39.762433" lon="2.964944"/>
    <trkpt lat="39.762295" lon="2.964844"/>
    <trkpt lat="39.762157" lon="2.964747"/>
    <trkpt lat="39.762017" lon="2.964652"/>
    <trkpt lat="39.761876" lon="2.964562"/>
    <trkpt lat="39.761734" lon="2.964473"/>
    <trkpt lat="39.761588" lon="2.964387"/>
    <trkpt lat="39.761441" lon="2.964303"/>
    <trkpt lat="39.761301" lon="2.964227"/>
    <trkpt lat="39.761151" lon="2.964151"/>
    <trkpt lat="39.761006" lon="2.964081"/>
    <trkpt lat="39.760858" lon="2.964014"/>
    <trkpt lat="39.760710" lon="2.963950"/>
    <trkpt lat="39.760555" lon="2.963884"/>
    <trkpt lat="39.760408" lon="2.963829"/>
    <trkpt lat="39.760260" lon="2.963774"/>
    <trkpt lat="39.760101" lon="2.963719"/>
    <trkpt lat="39.759951" lon="2.963670"/>
    <trkpt lat="39.759798" lon="2.963623"/>
    <trkpt lat="39.759643" lon="2.963576"/>
    <trkpt lat="39.759488" lon="2.963529"/>
    <trkpt lat="39.759335" lon="2.963485"/>
    <trkpt lat="39.759185" lon="2.963443"/>
    <trkpt lat="39.759028" lon="2.963397"/>
    <trkpt lat="39.758873" lon="2.963352"/>
    <trkpt lat="39.758724" lon="2.963308"/>
    <trkpt lat="39.758564" lon="2.963263"/>
    <trkpt lat="39.758261" lon="2.963171"/>
    <trkpt lat="39.757962" lon="2.963079"/>
    <trkpt lat="39.757795" lon="2.963026"/>
    <trkpt lat="39.757644" lon="2.962975"/>
    <trkpt lat="39.757489" lon="2.962923"/>
    <trkpt lat="39.757341" lon="2.962871"/>
    <trkpt lat="39.757190" lon="2.962817"/>
    <trkpt lat="39.757047" lon="2.962763"/>
    <trkpt lat="39.756911" lon="2.962711"/>
    <trkpt lat="39.756737" lon="2.962642"/>
    <trkpt lat="39.756584" lon="2.962578"/>
    <trkpt lat="39.756432" lon="2.962513"/>
    <trkpt lat="39.756278" lon="2.962446"/>
    <trkpt lat="39.755995" lon="2.962318"/>
    <trkpt lat="39.755834" lon="2.962241"/>
    <trkpt lat="39.755680" lon="2.962166"/>
    <trkpt lat="39.755527" lon="2.962089"/>
    <trkpt lat="39.755374" lon="2.962008"/>
    <trkpt lat="39.755239" lon="2.961938"/>
    <trkpt lat="39.755097" lon="2.961862"/>
    <trkpt lat="39.754952" lon="2.961781"/>
    <trkpt lat="39.754664" lon="2.961613"/>
    <trkpt lat="39.754511" lon="2.961522"/>
    <trkpt lat="39.754229" lon="2.961349"/>
    <trkpt lat="39.753942" lon="2.961163"/>
    <trkpt lat="39.753664" lon="2.960975"/>
    <trkpt lat="39.753524" lon="2.960877"/>
    <trkpt lat="39.753383" lon="2.960777"/>
    <trkpt lat="39.753106" lon="2.960576"/>
    <trkpt lat="39.752962" lon="2.960465"/>
    <trkpt lat="39.752700" lon="2.960261"/>
    <trkpt lat="39.752431" lon="2.960044"/>
    <trkpt lat="39.752299" lon="2.959932"/>
    <trkpt lat="39.752167" lon="2.959821"/>
    <trkpt lat="39.752035" lon="2.959705"/>
    <trkpt lat="39.751773" lon="2.959473"/>
    <trkpt lat="39.751522" lon="2.959240"/>
    <trkpt lat="39.751391" lon="2.959114"/>
    <trkpt lat="39.751322" lon="2.959049"/>
    <trkpt lat="39.751246" lon="2.958974"/>
    <trkpt lat="39.751123" lon="2.958852"/>
    <trkpt lat="39.750871" lon="2.958595"/>
    <trkpt lat="39.750750" lon="2.958469"/>
    <trkpt lat="39.750515" lon="2.958216"/>
    <trkpt lat="39.750372" lon="2.958058"/>
    <trkpt lat="39.750263" lon="2.957936"/>
    <trkpt lat="39.750031" lon="2.957669"/>
    <trkpt lat="39.749670" lon="2.957246"/>
    <trkpt lat="39.749451" lon="2.956983"/>
    <trkpt lat="39.749108" lon="2.956571"/>
    <trkpt lat="39.748864" lon="2.956277"/>
    <trkpt lat="39.748634" lon="2.955996"/>
    <trkpt lat="39.748403" lon="2.955718"/>
    <trkpt lat="39.748173" lon="2.955438"/>
    <trkpt lat="39.747825" lon="2.955020"/>
    <trkpt lat="39.747599" lon="2.954743"/>
    <trkpt lat="39.747365" lon="2.954463"/>
    <trkpt lat="39.747129" lon="2.954176"/>
    <trkpt lat="39.746896" lon="2.953896"/>
    <trkpt lat="39.746669" lon="2.953621"/>
    <trkpt lat="39.746435" lon="2.953339"/>
    <trkpt lat="39.746204" lon="2.953060"/>
    <trkpt lat="39.745950" lon="2.952753"/>
    <trkpt lat="39.745723" lon="2.952478"/>
    <trkpt lat="39.745500" lon="2.952206"/>
    <trkpt lat="39.745273" lon="2.951933"/>
    <trkpt lat="39.745043" lon="2.951655"/>
    <trkpt lat="39.744816" lon="2.951380"/>
    <trkpt lat="39.744619" lon="2.951141"/>
    <trkpt lat="39.744364" lon="2.950833"/>
    <trkpt lat="39.744137" lon="2.950558"/>
    <trkpt lat="39.743915" lon="2.950289"/>
    <trkpt lat="39.743683" lon="2.950010"/>
    <trkpt lat="39.743463" lon="2.949744"/>
    <trkpt lat="39.743234" lon="2.949467"/>
    <trkpt lat="39.743007" lon="2.949193"/>
    <trkpt lat="39.742779" lon="2.948916"/>
    <trkpt lat="39.742551" lon="2.948642"/>
    <trkpt lat="39.742330" lon="2.948374"/>
    <trkpt lat="39.742101" lon="2.948098"/>
    <trkpt lat="39.741871" lon="2.947820"/>
    <trkpt lat="39.741646" lon="2.947549"/>
    <trkpt lat="39.741426" lon="2.947282"/>
    <trkpt lat="39.741189" lon="2.946996"/>
    <trkpt lat="39.740970" lon="2.946730"/>
    <trkpt lat="39.740744" lon="2.946457"/>
    <trkpt lat="39.740519" lon="2.946187"/>
    <trkpt lat="39.740289" lon="2.945908"/>
    <trkpt lat="39.740059" lon="2.945632"/>
    <trkpt lat="39.739830" lon="2.945352"/>
    <trkpt lat="39.739599" lon="2.945075"/>
    <trkpt lat="39.739378" lon="2.944808"/>
    <trkpt lat="39.739148" lon="2.944528"/>
    <trkpt lat="39.738919" lon="2.944252"/>
    <trkpt lat="39.738693" lon="2.943979"/>
    <trkpt lat="39.738467" lon="2.943706"/>
    <trkpt lat="39.738354" lon="2.943570"/>
    <trkpt lat="39.738125" lon="2.943292"/>
    <trkpt lat="39.737688" lon="2.942768"/>
    <trkpt lat="39.737170" lon="2.942141"/>
    <trkpt lat="39.736386" lon="2.941192"/>
    <trkpt lat="39.736094" lon="2.940838"/>
    <trkpt lat="39.735861" lon="2.940557"/>
    <trkpt lat="39.735639" lon="2.940288"/>
    <trkpt lat="39.735413" lon="2.940016"/>
    <trkpt lat="39.735188" lon="2.939742"/>
    <trkpt lat="39.735060" lon="2.939587"/>
    <trkpt lat="39.734848" lon="2.939332"/>
    <trkpt lat="39.734628" lon="2.939065"/>
    <trkpt lat="39.734405" lon="2.938797"/>
    <trkpt lat="39.734168" lon="2.938511"/>
    <trkpt lat="39.733721" lon="2.937974"/>
    <trkpt lat="39.733607" lon="2.937836"/>
    <trkpt lat="39.733378" lon="2.937563"/>
    <trkpt lat="39.733259" lon="2.937424"/>
    <trkpt lat="39.733033" lon="2.937161"/>
    <trkpt lat="39.732917" lon="2.937028"/>
    <trkpt lat="39.732802" lon="2.936900"/>
    <trkpt lat="39.732566" lon="2.936643"/>
    <trkpt lat="39.732328" lon="2.936390"/>
    <trkpt lat="39.732083" lon="2.936140"/>
    <trkpt lat="39.731838" lon="2.935898"/>
    <trkpt lat="39.731588" lon="2.935661"/>
    <trkpt lat="39.731326" lon="2.935422"/>
    <trkpt lat="39.731074" lon="2.935199"/>
    <trkpt lat="39.730876" lon="2.935032"/>
    <trkpt lat="39.730658" lon="2.934849"/>
    <trkpt lat="39.730521" lon="2.934737"/>
    <trkpt lat="39.730385" lon="2.934628"/>
    <trkpt lat="39.730098" lon="2.934403"/>
    <trkpt lat="39.729974" lon="2.934307"/>
    <trkpt lat="39.729838" lon="2.934204"/>
    <trkpt lat="39.729570" lon="2.934002"/>
    <trkpt lat="39.729286" lon="2.933789"/>
    <trkpt lat="39.729153" lon="2.933688"/>
    <trkpt lat="39.729008" lon="2.933582"/>
    <trkpt lat="39.728872" lon="2.933482"/>
    <trkpt lat="39.728731" lon="2.933377"/>
    <trkpt lat="39.728602" lon="2.933282"/>
    <trkpt lat="39.728471" lon="2.933187"/>
    <trkpt lat="39.728334" lon="2.933087"/>
    <trkpt lat="39.728205" lon="2.932993"/>
    <trkpt lat="39.728068" lon="2.932894"/>
    <trkpt lat="39.727802" lon="2.932704"/>
    <trkpt lat="39.727541" lon="2.932521"/>
    <trkpt lat="39.727272" lon="2.932330"/>
    <trkpt lat="39.727003" lon="2.932140"/>
    <trkpt lat="39.726743" lon="2.931960"/>
    <trkpt lat="39.726465" lon="2.931770"/>
    <trkpt lat="39.726206" lon="2.931592"/>
    <trkpt lat="39.725933" lon="2.931406"/>
    <trkpt lat="39.725662" lon="2.931224"/>
    <trkpt lat="39.725386" lon="2.931038"/>
    <trkpt lat="39.725112" lon="2.930858"/>
    <trkpt lat="39.724843" lon="2.930683"/>
    <trkpt lat="39.724712" lon="2.930597"/>
    <trkpt lat="39.724437" lon="2.930419"/>
    <trkpt lat="39.724164" lon="2.930242"/>
    <trkpt lat="39.723895" lon="2.930072"/>
    <trkpt lat="39.723619" lon="2.929898"/>
    <trkpt lat="39.723346" lon="2.929728"/>
    <trkpt lat="39.723069" lon="2.929555"/>
    <trkpt lat="39.722797" lon="2.929387"/>
    <trkpt lat="39.722524" lon="2.929220"/>
    <trkpt lat="39.722244" lon="2.929051"/>
    <trkpt lat="39.721968" lon="2.928886"/>
    <trkpt lat="39.721807" lon="2.928789"/>
    <trkpt lat="39.721541" lon="2.928630"/>
    <trkpt lat="39.721279" lon="2.928474"/>
    <trkpt lat="39.720997" lon="2.928307"/>
    <trkpt lat="39.720583" lon="2.928058"/>
    <trkpt lat="39.720306" lon="2.927887"/>
    <trkpt lat="39.720173" lon="2.927804"/>
    <trkpt lat="39.719898" lon="2.927629"/>
    <trkpt lat="39.719624" lon="2.927450"/>
    <trkpt lat="39.719487" lon="2.927356"/>
    <trkpt lat="39.719223" lon="2.927175"/>
    <trkpt lat="39.718953" lon="2.926981"/>
    <trkpt lat="39.718689" lon="2.926786"/>
    <trkpt lat="39.718424" lon="2.926580"/>
    <trkpt lat="39.718167" lon="2.926373"/>
    <trkpt lat="39.717912" lon="2.926166"/>
    <trkpt lat="39.717657" lon="2.925944"/>
    <trkpt lat="39.717403" lon="2.925714"/>
    <trkpt lat="39.717280" lon="2.925601"/>
    <trkpt lat="39.717154" lon="2.925484"/>
    <trkpt lat="39.716914" lon="2.925253"/>
    <trkpt lat="39.716789" lon="2.925130"/>
    <trkpt lat="39.716384" lon="2.924709"/>
    <trkpt lat="39.716196" lon="2.924514"/>
    <trkpt lat="39.715961" lon="2.924253"/>
    <trkpt lat="39.715850" lon="2.924128"/>
    <trkpt lat="39.715737" lon="2.923996"/>
    <trkpt lat="39.715513" lon="2.923730"/>
    <trkpt lat="39.715427" lon="2.923625"/>
    <trkpt lat="39.715294" lon="2.923462"/>
    <trkpt lat="39.715077" lon="2.923185"/>
    <trkpt lat="39.714858" lon="2.922899"/>
    <trkpt lat="39.714753" lon="2.922756"/>
    <trkpt lat="39.714543" lon="2.922465"/>
    <trkpt lat="39.714433" lon="2.922308"/>
    <trkpt lat="39.714242" lon="2.922031"/>
    <trkpt lat="39.714140" lon="2.921880"/>
    <trkpt lat="39.714038" lon="2.921726"/>
    <trkpt lat="39.713943" lon="2.921580"/>
    <trkpt lat="39.713853" lon="2.921437"/>
    <trkpt lat="39.713735" lon="2.921248"/>
    <trkpt lat="39.713653" lon="2.921113"/>
    <trkpt lat="39.713467" lon="2.920805"/>
    <trkpt lat="39.713286" lon="2.920487"/>
    <trkpt lat="39.713106" lon="2.920165"/>
    <trkpt lat="39.712930" lon="2.919838"/>
    <trkpt lat="39.712677" lon="2.919348"/>
    <trkpt lat="39.712514" lon="2.919014"/>
    <trkpt lat="39.712355" lon="2.918676"/>
    <trkpt lat="39.712224" lon="2.918388"/>
    <trkpt lat="39.711828" lon="2.917478"/>
    <trkpt lat="39.711684" lon="2.917131"/>
    <trkpt lat="39.711541" lon="2.916783"/>
    <trkpt lat="39.711467" lon="2.916600"/>
    <trkpt lat="39.711327" lon="2.916248"/>
    <trkpt lat="39.711188" lon="2.915897"/>
    <trkpt lat="39.711050" lon="2.915548"/>
    <trkpt lat="39.710908" lon="2.915192"/>
    <trkpt lat="39.710770" lon="2.914844"/>
    <trkpt lat="39.710632" lon="2.914494"/>
    <trkpt lat="39.710490" lon="2.914136"/>
    <trkpt lat="39.710352" lon="2.913785"/>
    <trkpt lat="39.710214" lon="2.913436"/>
    <trkpt lat="39.710077" lon="2.913088"/>
    <trkpt lat="39.709934" lon="2.912730"/>
    <trkpt lat="39.709790" lon="2.912369"/>
    <trkpt lat="39.709658" lon="2.912032"/>
    <trkpt lat="39.709521" lon="2.911686"/>
    <trkpt lat="39.709377" lon="2.911323"/>
    <trkpt lat="39.709241" lon="2.910979"/>
    <trkpt lat="39.709099" lon="2.910616"/>
    <trkpt lat="39.708961" lon="2.910267"/>
    <trkpt lat="39.708824" lon="2.909922"/>
    <trkpt lat="39.708683" lon="2.909568"/>
    <trkpt lat="39.708407" lon="2.908869"/>
    <trkpt lat="39.708133" lon="2.908176"/>
    <trkpt lat="39.707855" lon="2.907473"/>
    <trkpt lat="39.707649" lon="2.906952"/>
    <trkpt lat="39.707373" lon="2.906254"/>
    <trkpt lat="39.707159" lon="2.905714"/>
    <trkpt lat="39.706815" lon="2.904844"/>
    <trkpt lat="39.706454" lon="2.903939"/>
    <trkpt lat="39.706367" lon="2.903717"/>
    <trkpt lat="39.706117" lon="2.903083"/>
    <trkpt lat="39.706053" lon="2.902919"/>
    <trkpt lat="39.705911" lon="2.902560"/>
    <trkpt lat="39.705769" lon="2.902204"/>
    <trkpt lat="39.705697" lon="2.902019"/>
    <trkpt lat="39.705549" lon="2.901647"/>
    <trkpt lat="39.705398" lon="2.901269"/>
    <trkpt lat="39.705259" lon="2.900915"/>
    <trkpt lat="39.705127" lon="2.900579"/>
    <trkpt lat="39.705044" lon="2.900372"/>
    <trkpt lat="39.704717" lon="2.899546"/>
    <trkpt lat="39.704036" lon="2.897825"/>
    <trkpt lat="39.703902" lon="2.897490"/>
    <trkpt lat="39.703765" lon="2.897148"/>
    <trkpt lat="39.703507" lon="2.896521"/>
    <trkpt lat="39.703373" lon="2.896175"/>
    <trkpt lat="39.703033" lon="2.895320"/>
    <trkpt lat="39.702244" lon="2.893332"/>
    <trkpt lat="39.701696" lon="2.891953"/>
    <trkpt lat="39.701295" lon="2.890934"/>
    <trkpt lat="39.700785" lon="2.889633"/>
    <trkpt lat="39.700188" lon="2.888144"/>
    <trkpt lat="39.699694" lon="2.886944"/>
    <trkpt lat="39.699409" lon="2.886301"/>
    <trkpt lat="39.699220" lon="2.885871"/>
    <trkpt lat="39.699008" lon="2.885407"/>
    <trkpt lat="39.698716" lon="2.884786"/>
    <trkpt lat="39.698433" lon="2.884198"/>
    <trkpt lat="39.697996" lon="2.883323"/>
    <trkpt lat="39.697796" lon="2.882939"/>
    <trkpt lat="39.697403" lon="2.882170"/>
    <trkpt lat="39.696162" lon="2.879885"/>
    <trkpt lat="39.696115" lon="2.879799"/>
    <trkpt lat="39.695832" lon="2.879269"/>
    <trkpt lat="39.695014" lon="2.877744"/>
    <trkpt lat="39.694729" lon="2.877237"/>
    <trkpt lat="39.694559" lon="2.876923"/>
    <trkpt lat="39.694391" lon="2.876613"/>
    <trkpt lat="39.694219" lon="2.876299"/>
    <trkpt lat="39.694050" lon="2.875986"/>
    <trkpt lat="39.693885" lon="2.875681"/>
    <trkpt lat="39.693714" lon="2.875366"/>
    <trkpt lat="39.693548" lon="2.875054"/>
    <trkpt lat="39.693385" lon="2.874739"/>
    <trkpt lat="39.693222" lon="2.874415"/>
    <trkpt lat="39.693137" lon="2.874238"/>
    <trkpt lat="39.692984" lon="2.873918"/>
    <trkpt lat="39.692774" lon="2.873456"/>
    <trkpt lat="39.692662" lon="2.873159"/>
    <trkpt lat="39.692526" lon="2.872806"/>
    <trkpt lat="39.692397" lon="2.872451"/>
    <trkpt lat="39.692262" lon="2.872064"/>
    <trkpt lat="39.692148" lon="2.871718"/>
    <trkpt lat="39.691986" lon="2.871182"/>
    <trkpt lat="39.691830" lon="2.870624"/>
    <trkpt lat="39.691702" lon="2.870138"/>
    <trkpt lat="39.691444" lon="2.869142"/>
    <trkpt lat="39.691200" lon="2.868248"/>
    <trkpt lat="39.691082" lon="2.867847"/>
    <trkpt lat="39.690913" lon="2.867302"/>
    <trkpt lat="39.690680" lon="2.866652"/>
    <trkpt lat="39.690494" lon="2.866162"/>
    <trkpt lat="39.690329" lon="2.865776"/>
    <trkpt lat="39.690045" lon="2.865119"/>
    <trkpt lat="39.689749" lon="2.864535"/>
    <trkpt lat="39.689306" lon="2.863724"/>
    <trkpt lat="39.689113" lon="2.863407"/>
    <trkpt lat="39.688928" lon="2.863101"/>
    <trkpt lat="39.688874" lon="2.863018"/>
    <trkpt lat="39.688398" lon="2.862300"/>
    <trkpt lat="39.687828" lon="2.861567"/>
    <trkpt lat="39.687436" lon="2.861107"/>
    <trkpt lat="39.686953" lon="2.860564"/>
    <trkpt lat="39.686151" lon="2.859720"/>
    <trkpt lat="39.685723" lon="2.859263"/>
    <trkpt lat="39.685308" lon="2.858810"/>
    <trkpt lat="39.684660" lon="2.857983"/>
    <trkpt lat="39.684156" lon="2.857283"/>
    <trkpt lat="39.683667" lon="2.856505"/>
    <trkpt lat="39.683318" lon="2.855898"/>
    <trkpt lat="39.683014" lon="2.855298"/>
    <trkpt lat="39.682887" lon="2.855040"/>
    <trkpt lat="39.682702" lon="2.854667"/>
    <trkpt lat="39.682302" lon="2.853802"/>
    <trkpt lat="39.681494" lon="2.851858"/>
    <trkpt lat="39.680777" lon="2.850097"/>
    <trkpt lat="39.680187" lon="2.848649"/>
    <trkpt lat="39.679647" lon="2.847312"/>
    <trkpt lat="39.679001" lon="2.845727"/>
    <trkpt lat="39.678626" lon="2.844798"/>
    <trkpt lat="39.678341" lon="2.844093"/>
    <trkpt lat="39.677164" lon="2.841196"/>
    <trkpt lat="39.676571" lon="2.839720"/>
    <trkpt lat="39.675958" lon="2.838217"/>
    <trkpt lat="39.675045" lon="2.835964"/>
    <trkpt lat="39.674438" lon="2.834479"/>
    <trkpt lat="39.674177" lon="2.833840"/>
    <trkpt lat="39.673533" lon="2.832348"/>
    <trkpt lat="39.672904" lon="2.831011"/>
    <trkpt lat="39.672518" lon="2.830225"/>
    <trkpt lat="39.672256" lon="2.829736"/>
    <trkpt lat="39.672004" lon="2.829263"/>
    <trkpt lat="39.671508" lon="2.828339"/>
    <trkpt lat="39.671020" lon="2.827494"/>
    <trkpt lat="39.670487" lon="2.826539"/>
    <trkpt lat="39.670142" lon="2.825919"/>
    <trkpt lat="39.669764" lon="2.825244"/>
    <trkpt lat="39.669470" lon="2.824721"/>
    <trkpt lat="39.669317" lon="2.824447"/>
    <trkpt lat="39.668961" lon="2.823830"/>
    <trkpt lat="39.668114" lon="2.822318"/>
    <trkpt lat="39.667717" lon="2.821619"/>
    <trkpt lat="39.667301" lon="2.820879"/>
    <trkpt lat="39.666952" lon="2.820257"/>
    <trkpt lat="39.666176" lon="2.818874"/>
    <trkpt lat="39.664241" lon="2.815412"/>
    <trkpt lat="39.663347" lon="2.813793"/>
    <trkpt lat="39.661329" lon="2.810227"/>
    <trkpt lat="39.660480" lon="2.808776"/>
    <trkpt lat="39.659957" lon="2.807938"/>
    <trkpt lat="39.659437" lon="2.807168"/>
    <trkpt lat="39.658907" lon="2.806386"/>
    <trkpt lat="39.658755" lon="2.806173"/>
    <trkpt lat="39.658551" lon="2.805887"/>
    <trkpt lat="39.658196" lon="2.805390"/>
    <trkpt lat="39.657529" lon="2.804531"/>
    <trkpt lat="39.657126" lon="2.804025"/>
    <trkpt lat="39.656833" lon="2.803663"/>
    <trkpt lat="39.656620" lon="2.803409"/>
    <trkpt lat="39.656403" lon="2.803150"/>
    <trkpt lat="39.655416" lon="2.802027"/>
    <trkpt lat="39.655299" lon="2.801909"/>
    <trkpt lat="39.655073" lon="2.801663"/>
    <trkpt lat="39.654853" lon="2.801422"/>
    <trkpt lat="39.654625" lon="2.801174"/>
    <trkpt lat="39.654402" lon="2.800932"/>
    <trkpt lat="39.654182" lon="2.800691"/>
    <trkpt lat="39.653954" lon="2.800442"/>
    <trkpt lat="39.653736" lon="2.800205"/>
    <trkpt lat="39.653504" lon="2.799954"/>
    <trkpt lat="39.653283" lon="2.799712"/>
    <trkpt lat="39.653061" lon="2.799470"/>
    <trkpt lat="39.652835" lon="2.799225"/>
    <trkpt lat="39.652721" lon="2.799099"/>
    <trkpt lat="39.652496" lon="2.798855"/>
    <trkpt lat="39.652272" lon="2.798610"/>
    <trkpt lat="39.651984" lon="2.798298"/>
    <trkpt lat="39.651818" lon="2.798114"/>
    <trkpt lat="39.651584" lon="2.797858"/>
    <trkpt lat="39.651356" lon="2.797606"/>
    <trkpt lat="39.651129" lon="2.797354"/>
    <trkpt lat="39.651014" lon="2.797224"/>
    <trkpt lat="39.650790" lon="2.796968"/>
    <trkpt lat="39.650675" lon="2.796837"/>
    <trkpt lat="39.650557" lon="2.796701"/>
    <trkpt lat="39.650337" lon="2.796446"/>
    <trkpt lat="39.650115" lon="2.796182"/>
    <trkpt lat="39.649892" lon="2.795913"/>
    <trkpt lat="39.649673" lon="2.795648"/>
    <trkpt lat="39.649452" lon="2.795378"/>
    <trkpt lat="39.649237" lon="2.795110"/>
    <trkpt lat="39.649022" lon="2.794837"/>
    <trkpt lat="39.648802" lon="2.794555"/>
    <trkpt lat="39.648592" lon="2.794284"/>
    <trkpt lat="39.648379" lon="2.794006"/>
    <trkpt lat="39.648171" lon="2.793726"/>
    <trkpt lat="39.647962" lon="2.793441"/>
    <trkpt lat="39.647757" lon="2.793159"/>
    <trkpt lat="39.647551" lon="2.792873"/>
    <trkpt lat="39.647345" lon="2.792583"/>
    <trkpt lat="39.647142" lon="2.792292"/>
    <trkpt lat="39.646937" lon="2.791998"/>
    <trkpt lat="39.646740" lon="2.791710"/>
    <trkpt lat="39.646541" lon="2.791414"/>
    <trkpt lat="39.646347" lon="2.791121"/>
    <trkpt lat="39.646151" lon="2.790822"/>
    <trkpt lat="39.645957" lon="2.790523"/>
    <trkpt lat="39.645763" lon="2.790220"/>
    <trkpt lat="39.645570" lon="2.789912"/>
    <trkpt lat="39.645383" lon="2.789608"/>
    <trkpt lat="39.645197" lon="2.789306"/>
    <trkpt lat="39.645015" lon="2.789005"/>
    <trkpt lat="39.644912" lon="2.788832"/>
    <trkpt lat="39.644643" lon="2.788374"/>
    <trkpt lat="39.644464" lon="2.788068"/>
    <trkpt lat="39.644287" lon="2.787755"/>
    <trkpt lat="39.644014" lon="2.787267"/>
    <trkpt lat="39.643838" lon="2.786948"/>
    <trkpt lat="39.643665" lon="2.786627"/>
    <trkpt lat="39.643402" lon="2.786135"/>
    <trkpt lat="39.643234" lon="2.785814"/>
    <trkpt lat="39.643063" lon="2.785482"/>
    <trkpt lat="39.642900" lon="2.785161"/>
    <trkpt lat="39.642733" lon="2.784828"/>
    <trkpt lat="39.641996" lon="2.783271"/>
    <trkpt lat="39.641697" lon="2.782645"/>
    <trkpt lat="39.641551" lon="2.782323"/>
    <trkpt lat="39.641386" lon="2.781964"/>
    <trkpt lat="39.641153" lon="2.781450"/>
    <trkpt lat="39.640846" lon="2.780776"/>
    <trkpt lat="39.640645" lon="2.780322"/>
    <trkpt lat="39.640604" lon="2.780229"/>
    <trkpt lat="39.639461" lon="2.777730"/>
    <trkpt lat="39.639311" lon="2.777400"/>
    <trkpt lat="39.639079" lon="2.776893"/>
    <trkpt lat="39.639004" lon="2.776726"/>
    <trkpt lat="39.638852" lon="2.776390"/>
    <trkpt lat="39.638699" lon="2.776054"/>
    <trkpt lat="39.638550" lon="2.775724"/>
    <trkpt lat="39.638470" lon="2.775546"/>
    <trkpt lat="39.638326" lon="2.775219"/>
    <trkpt lat="39.638184" lon="2.774881"/>
    <trkpt lat="39.638114" lon="2.774709"/>
    <trkpt lat="39.638045" lon="2.774537"/>
    <trkpt lat="39.637977" lon="2.774358"/>
    <trkpt lat="39.637916" lon="2.774190"/>
    <trkpt lat="39.637851" lon="2.774009"/>
    <trkpt lat="39.637789" lon="2.773829"/>
    <trkpt lat="39.637731" lon="2.773656"/>
    <trkpt lat="39.637673" lon="2.773476"/>
    <trkpt lat="39.637615" lon="2.773291"/>
    <trkpt lat="39.637532" lon="2.773006"/>
    <trkpt lat="39.637436" lon="2.772649"/>
    <trkpt lat="39.637347" lon="2.772288"/>
    <trkpt lat="39.637305" lon="2.772102"/>
    <trkpt lat="39.637227" lon="2.771739"/>
    <trkpt lat="39.637157" lon="2.771369"/>
    <trkpt lat="39.637125" lon="2.771185"/>
    <trkpt lat="39.637095" lon="2.770997"/>
    <trkpt lat="39.637067" lon="2.770808"/>
    <trkpt lat="39.637041" lon="2.770626"/>
    <trkpt lat="39.637016" lon="2.770436"/>
    <trkpt lat="39.636994" lon="2.770245"/>
    <trkpt lat="39.636974" lon="2.770057"/>
    <trkpt lat="39.636957" lon="2.769871"/>
    <trkpt lat="39.636941" lon="2.769680"/>
    <trkpt lat="39.636927" lon="2.769494"/>
    <trkpt lat="39.636914" lon="2.769300"/>
    <trkpt lat="39.636904" lon="2.769113"/>
    <trkpt lat="39.636896" lon="2.768920"/>
    <trkpt lat="39.636886" lon="2.768540"/>
    <trkpt lat="39.636884" lon="2.768352"/>
    <trkpt lat="39.636886" lon="2.767971"/>
    <trkpt lat="39.636890" lon="2.767778"/>
    <trkpt lat="39.636897" lon="2.767588"/>
    <trkpt lat="39.636915" lon="2.767211"/>
    <trkpt lat="39.636926" lon="2.767025"/>
    <trkpt lat="39.636940" lon="2.766835"/>
    <trkpt lat="39.636956" lon="2.766638"/>
    <trkpt lat="39.636976" lon="2.766441"/>
    <trkpt lat="39.637019" lon="2.766059"/>
    <trkpt lat="39.637069" lon="2.765666"/>
    <trkpt lat="39.637125" lon="2.765278"/>
    <trkpt lat="39.637185" lon="2.764885"/>
    <trkpt lat="39.637247" lon="2.764498"/>
    <trkpt lat="39.637310" lon="2.764111"/>
    <trkpt lat="39.637374" lon="2.763720"/>
    <trkpt lat="39.637437" lon="2.763330"/>
    <trkpt lat="39.637501" lon="2.762943"/>
    <trkpt lat="39.637564" lon="2.762553"/>
    <trkpt lat="39.637623" lon="2.762168"/>
    <trkpt lat="39.637680" lon="2.761773"/>
    <trkpt lat="39.637707" lon="2.761577"/>
    <trkpt lat="39.637732" lon="2.761382"/>
    <trkpt lat="39.637755" lon="2.761183"/>
    <trkpt lat="39.637775" lon="2.760989"/>
    <trkpt lat="39.637795" lon="2.760794"/>
    <trkpt lat="39.637812" lon="2.760595"/>
    <trkpt lat="39.637827" lon="2.760406"/>
    <trkpt lat="39.637840" lon="2.760199"/>
    <trkpt lat="39.637850" lon="2.760003"/>
    <trkpt lat="39.637858" lon="2.759812"/>
    <trkpt lat="39.637865" lon="2.759607"/>
    <trkpt lat="39.637870" lon="2.759404"/>
    <trkpt lat="39.637872" lon="2.759205"/>
    <trkpt lat="39.637872" lon="2.759007"/>
    <trkpt lat="39.637869" lon="2.758811"/>
    <trkpt lat="39.637864" lon="2.758581"/>
    <trkpt lat="39.637859" lon="2.758417"/>
    <trkpt lat="39.637852" lon="2.758217"/>
    <trkpt lat="39.637840" lon="2.758015"/>
    <trkpt lat="39.637827" lon="2.757821"/>
    <trkpt lat="39.637811" lon="2.757626"/>
    <trkpt lat="39.637795" lon="2.757428"/>
    <trkpt lat="39.637775" lon="2.757231"/>
    <trkpt lat="39.637753" lon="2.757030"/>
    <trkpt lat="39.637728" lon="2.756835"/>
    <trkpt lat="39.637702" lon="2.756641"/>
    <trkpt lat="39.637675" lon="2.756444"/>
    <trkpt lat="39.637646" lon="2.756250"/>
    <trkpt lat="39.637616" lon="2.756062"/>
    <trkpt lat="39.637580" lon="2.755862"/>
    <trkpt lat="39.637543" lon="2.755664"/>
    <trkpt lat="39.637506" lon="2.755481"/>
    <trkpt lat="39.637466" lon="2.755291"/>
    <trkpt lat="39.637423" lon="2.755096"/>
    <trkpt lat="39.637375" lon="2.754901"/>
    <trkpt lat="39.637329" lon="2.754718"/>
    <trkpt lat="39.637281" lon="2.754537"/>
    <trkpt lat="39.637229" lon="2.754343"/>
    <trkpt lat="39.637176" lon="2.754159"/>
    <trkpt lat="39.637121" lon="2.753977"/>
    <trkpt lat="39.637065" lon="2.753793"/>
    <trkpt lat="39.637005" lon="2.753604"/>
    <trkpt lat="39.636943" lon="2.753420"/>
    <trkpt lat="39.636876" lon="2.753229"/>
    <trkpt lat="39.636816" lon="2.753058"/>
    <trkpt lat="39.636747" lon="2.752873"/>
    <trkpt lat="39.636683" lon="2.752705"/>
    <trkpt lat="39.636608" lon="2.752519"/>
    <trkpt lat="39.636539" lon="2.752355"/>
    <trkpt lat="39.636461" lon="2.752176"/>
    <trkpt lat="39.636388" lon="2.752011"/>
    <trkpt lat="39.636247" lon="2.751705"/>
    <trkpt lat="39.636141" lon="2.751490"/>
    <trkpt lat="39.635976" lon="2.751171"/>
    <trkpt lat="39.635888" lon="2.751007"/>
    <trkpt lat="39.635800" lon="2.750847"/>
    <trkpt lat="39.635709" lon="2.750687"/>
    <trkpt lat="39.635609" lon="2.750517"/>
    <trkpt lat="39.635493" lon="2.750321"/>
    <trkpt lat="39.635332" lon="2.750066"/>
    <trkpt lat="39.635233" lon="2.749918"/>
    <trkpt lat="39.635127" lon="2.749763"/>
    <trkpt lat="39.635022" lon="2.749612"/>
    <trkpt lat="39.634917" lon="2.749464"/>
    <trkpt lat="39.634808" lon="2.749315"/>
    <trkpt lat="39.634703" lon="2.749173"/>
    <trkpt lat="39.634596" lon="2.749027"/>
    <trkpt lat="39.634492" lon="2.748887"/>
    <trkpt lat="39.634386" lon="2.748745"/>
    <trkpt lat="39.634279" lon="2.748599"/>
    <trkpt lat="39.634067" lon="2.748313"/>
    <trkpt lat="39.633954" lon="2.748152"/>
    <trkpt lat="39.633859" lon="2.748033"/>
    <trkpt lat="39.633740" lon="2.747871"/>
    <trkpt lat="39.633552" lon="2.747603"/>
    <trkpt lat="39.633442" lon="2.747446"/>
    <trkpt lat="39.633343" lon="2.747299"/>
    <trkpt lat="39.633238" lon="2.747143"/>
    <trkpt lat="39.633138" lon="2.746991"/>
    <trkpt lat="39.633042" lon="2.746838"/>
    <trkpt lat="39.632947" lon="2.746686"/>
    <trkpt lat="39.632853" lon="2.746530"/>
    <trkpt lat="39.632665" lon="2.746211"/>
    <trkpt lat="39.632570" lon="2.746048"/>
    <trkpt lat="39.632395" lon="2.745725"/>
    <trkpt lat="39.632308" lon="2.745562"/>
    <trkpt lat="39.632223" lon="2.745395"/>
    <trkpt lat="39.632140" lon="2.745227"/>
    <trkpt lat="39.632056" lon="2.745056"/>
    <trkpt lat="39.631975" lon="2.744886"/>
    <trkpt lat="39.631897" lon="2.744717"/>
    <trkpt lat="39.631819" lon="2.744547"/>
    <trkpt lat="39.631738" lon="2.744362"/>
    <trkpt lat="39.631667" lon="2.744200"/>
    <trkpt lat="39.631524" lon="2.743850"/>
    <trkpt lat="39.631386" lon="2.743493"/>
    <trkpt lat="39.631321" lon="2.743320"/>
    <trkpt lat="39.631256" lon="2.743138"/>
    <trkpt lat="39.631133" lon="2.742782"/>
    <trkpt lat="39.631067" lon="2.742589"/>
    <trkpt lat="39.631009" lon="2.742406"/>
    <trkpt lat="39.630895" lon="2.742041"/>
    <trkpt lat="39.630789" lon="2.741662"/>
    <trkpt lat="39.630688" lon="2.741289"/>
    <trkpt lat="39.630596" lon="2.740923"/>
    <trkpt lat="39.630549" lon="2.740718"/>
    <trkpt lat="39.630505" lon="2.740523"/>
    <trkpt lat="39.630426" lon="2.740140"/>
    <trkpt lat="39.630389" lon="2.739944"/>
    <trkpt lat="39.630355" lon="2.739750"/>
    <trkpt lat="39.630320" lon="2.739552"/>
    <trkpt lat="39.630288" lon="2.739353"/>
    <trkpt lat="39.630258" lon="2.739169"/>
    <trkpt lat="39.630228" lon="2.738970"/>
    <trkpt lat="39.630200" lon="2.738768"/>
    <trkpt lat="39.630174" lon="2.738574"/>
    <trkpt lat="39.630151" lon="2.738382"/>
    <trkpt lat="39.630129" lon="2.738182"/>
    <trkpt lat="39.630109" lon="2.737984"/>
    <trkpt lat="39.630092" lon="2.737790"/>
    <trkpt lat="39.630075" lon="2.737591"/>
    <trkpt lat="39.630061" lon="2.737392"/>
    <trkpt lat="39.630046" lon="2.737197"/>
    <trkpt lat="39.630033" lon="2.736999"/>
    <trkpt lat="39.630017" lon="2.736704"/>
    <trkpt lat="39.629998" lon="2.736124"/>
    <trkpt lat="39.629996" lon="2.736036"/>
    <trkpt lat="39.629994" lon="2.735846"/>
    <trkpt lat="39.629994" lon="2.735651"/>
    <trkpt lat="39.629998" lon="2.735075"/>
    <trkpt lat="39.630000" lon="2.734695"/>
    <trkpt lat="39.630002" lon="2.734226"/>
    <trkpt lat="39.630003" lon="2.733900"/>
    <trkpt lat="39.630005" lon="2.733112"/>
    <trkpt lat="39.630000" lon="2.731564"/>
    <trkpt lat="39.630003" lon="2.730978"/>
    <trkpt lat="39.630010" lon="2.730381"/>
    <trkpt lat="39.630012" lon="2.729798"/>
    <trkpt lat="39.630017" lon="2.729202"/>
    <trkpt lat="39.630018" lon="2.728610"/>
    <trkpt lat="39.630023" lon="2.728013"/>
    <trkpt lat="39.630024" lon="2.727422"/>
    <trkpt lat="39.630027" lon="2.726827"/>
    <trkpt lat="39.630027" lon="2.726430"/>
    <trkpt lat="39.630022" lon="2.726033"/>
    <trkpt lat="39.630015" lon="2.725637"/>
    <trkpt lat="39.630006" lon="2.725241"/>
    <trkpt lat="39.629989" lon="2.724850"/>
    <trkpt lat="39.629965" lon="2.724452"/>
    <trkpt lat="39.629939" lon="2.724059"/>
    <trkpt lat="39.629907" lon="2.723664"/>
    <trkpt lat="39.629863" lon="2.723271"/>
    <trkpt lat="39.629814" lon="2.722879"/>
    <trkpt lat="39.629687" lon="2.722101"/>
    <trkpt lat="39.629608" lon="2.721717"/>
    <trkpt lat="39.629545" lon="2.721438"/>
    <trkpt lat="39.629476" lon="2.721149"/>
    <trkpt lat="39.629378" lon="2.720774"/>
    <trkpt lat="39.629269" lon="2.720399"/>
    <trkpt lat="39.629153" lon="2.720032"/>
    <trkpt lat="39.629024" lon="2.719668"/>
    <trkpt lat="39.628892" lon="2.719319"/>
    <trkpt lat="39.628673" lon="2.718801"/>
    <trkpt lat="39.628522" lon="2.718461"/>
    <trkpt lat="39.628358" lon="2.718128"/>
    <trkpt lat="39.628183" lon="2.717796"/>
    <trkpt lat="39.628011" lon="2.717480"/>
    <trkpt lat="39.627824" lon="2.717166"/>
    <trkpt lat="39.627629" lon="2.716859"/>
    <trkpt lat="39.627430" lon="2.716565"/>
    <trkpt lat="39.627224" lon="2.716273"/>
    <trkpt lat="39.627010" lon="2.715990"/>
    <trkpt lat="39.626680" lon="2.715575"/>
    <trkpt lat="39.626413" lon="2.715246"/>
    <trkpt lat="39.626113" lon="2.714905"/>
    <trkpt lat="39.625888" lon="2.714649"/>
    <trkpt lat="39.625658" lon="2.714394"/>
    <trkpt lat="39.625429" lon="2.714143"/>
    <trkpt lat="39.624962" lon="2.713626"/>
    <trkpt lat="39.624276" lon="2.712860"/>
    <trkpt lat="39.623935" lon="2.712467"/>
    <trkpt lat="39.623593" lon="2.712074"/>
    <trkpt lat="39.623367" lon="2.711805"/>
    <trkpt lat="39.623031" lon="2.711412"/>
    <trkpt lat="39.622699" lon="2.711005"/>
    <trkpt lat="39.622368" lon="2.710595"/>
    <trkpt lat="39.622089" lon="2.710245"/>
    <trkpt lat="39.621934" lon="2.710055"/>
    <trkpt lat="39.621715" lon="2.709777"/>
    <trkpt lat="39.621492" lon="2.709492"/>
    <trkpt lat="39.621280" lon="2.709219"/>
    <trkpt lat="39.621065" lon="2.708931"/>
    <trkpt lat="39.620857" lon="2.708652"/>
    <trkpt lat="39.620645" lon="2.708373"/>
    <trkpt lat="39.620432" lon="2.708083"/>
    <trkpt lat="39.620226" lon="2.707799"/>
    <trkpt lat="39.619915" lon="2.707370"/>
    <trkpt lat="39.619703" lon="2.707072"/>
    <trkpt lat="39.619500" lon="2.706785"/>
    <trkpt lat="39.619293" lon="2.706492"/>
    <trkpt lat="39.619090" lon="2.706192"/>
    <trkpt lat="39.618892" lon="2.705901"/>
    <trkpt lat="39.618493" lon="2.705306"/>
    <trkpt lat="39.618098" lon="2.704708"/>
    <trkpt lat="39.617901" lon="2.704405"/>
    <trkpt lat="39.617610" lon="2.703948"/>
    <trkpt lat="39.617221" lon="2.703330"/>
    <trkpt lat="39.617031" lon="2.703028"/>
    <trkpt lat="39.616650" lon="2.702410"/>
    <trkpt lat="39.616265" lon="2.701785"/>
    <trkpt lat="39.615056" lon="2.699808"/>
    <trkpt lat="39.613921" lon="2.697979"/>
    <trkpt lat="39.613408" lon="2.697144"/>
    <trkpt lat="39.612748" lon="2.696073"/>
    <trkpt lat="39.611840" lon="2.694599"/>
    <trkpt lat="39.611104" lon="2.693406"/>
    <trkpt lat="39.610283" lon="2.692069"/>
    <trkpt lat="39.609467" lon="2.690743"/>
    <trkpt lat="39.608825" lon="2.689701"/>
    <trkpt lat="39.607928" lon="2.688246"/>
    <trkpt lat="39.607887" lon="2.688180"/>
    <trkpt lat="39.607546" lon="2.687626"/>
    <trkpt lat="39.606904" lon="2.686582"/>
    <trkpt lat="39.606425" lon="2.685809"/>
    <trkpt lat="39.606084" lon="2.685258"/>
    <trkpt lat="39.605900" lon="2.684956"/>
    <trkpt lat="39.605715" lon="2.684658"/>
    <trkpt lat="39.605531" lon="2.684359"/>
    <trkpt lat="39.605357" lon="2.684074"/>
    <trkpt lat="39.604261" lon="2.682293"/>
    <trkpt lat="39.603717" lon="2.681413"/>
    <trkpt lat="39.603352" lon="2.680820"/>
    <trkpt lat="39.603172" lon="2.680528"/>
    <trkpt lat="39.602806" lon="2.679933"/>
    <trkpt lat="39.602515" lon="2.679503"/>
    <trkpt lat="39.602206" lon="2.679039"/>
    <trkpt lat="39.602138" lon="2.678937"/>
    <trkpt lat="39.601939" lon="2.678653"/>
    <trkpt lat="39.601723" lon="2.678351"/>
    <trkpt lat="39.601445" lon="2.677968"/>
    <trkpt lat="39.601129" lon="2.677546"/>
    <trkpt lat="39.600821" lon="2.677162"/>
    <trkpt lat="39.600492" lon="2.676769"/>
    <trkpt lat="39.600176" lon="2.676406"/>
    <trkpt lat="39.599856" lon="2.676064"/>
    <trkpt lat="39.599600" lon="2.675802"/>
    <trkpt lat="39.599367" lon="2.675578"/>
    <trkpt lat="39.599130" lon="2.675360"/>
    <trkpt lat="39.598985" lon="2.675232"/>
    <trkpt lat="39.598760" lon="2.675040"/>
    <trkpt lat="39.598518" lon="2.674843"/>
    <trkpt lat="39.598265" lon="2.674646"/>
    <trkpt lat="39.597984" lon="2.674440"/>
    <trkpt lat="39.597623" lon="2.674189"/>
    <trkpt lat="39.597228" lon="2.673941"/>
    <trkpt lat="39.596961" lon="2.673786"/>
    <trkpt lat="39.596692" lon="2.673640"/>
    <trkpt lat="39.596420" lon="2.673496"/>
    <trkpt lat="39.596140" lon="2.673365"/>
    <trkpt lat="39.595869" lon="2.673238"/>
    <trkpt lat="39.595591" lon="2.673123"/>
    <trkpt lat="39.595309" lon="2.673017"/>
    <trkpt lat="39.595023" lon="2.672918"/>
    <trkpt lat="39.594745" lon="2.672832"/>
    <trkpt lat="39.594731" lon="2.672828"/>
    <trkpt lat="39.594460" lon="2.672747"/>
    <trkpt lat="39.594179" lon="2.672663"/>
    <trkpt lat="39.593802" lon="2.672551"/>
    <trkpt lat="39.593297" lon="2.672401"/>
    <trkpt lat="39.593029" lon="2.672216"/>
    <trkpt lat="39.592962" lon="2.672163"/>
    <trkpt lat="39.592912" lon="2.672121"/>
    <trkpt lat="39.592865" lon="2.672078"/>
    <trkpt lat="39.592820" lon="2.672029"/>
    <trkpt lat="39.592766" lon="2.671961"/>
    <trkpt lat="39.592719" lon="2.671888"/>
    <trkpt lat="39.592674" lon="2.671811"/>
    <trkpt lat="39.592634" lon="2.671722"/>
    <trkpt lat="39.592606" lon="2.671647"/>
    <trkpt lat="39.592584" lon="2.671573"/>
    <trkpt lat="39.592567" lon="2.671496"/>
    <trkpt lat="39.592555" lon="2.671400"/>
    <trkpt lat="39.592550" lon="2.671313"/>
    <trkpt lat="39.592550" lon="2.671242"/>
    <trkpt lat="39.592553" lon="2.671169"/>
    <trkpt lat="39.592561" lon="2.671100"/>
    <trkpt lat="39.592574" lon="2.671014"/>
    <trkpt lat="39.592654" lon="2.670645"/>
    <trkpt lat="39.592837" lon="2.670041"/>
    <trkpt lat="39.592861" lon="2.669959"/>
    <trkpt lat="39.592890" lon="2.669876"/>
    <trkpt lat="39.592910" lon="2.669842"/>
    <trkpt lat="39.592950" lon="2.669782"/>
    <trkpt lat="39.592982" lon="2.669745"/>
    <trkpt lat="39.593048" lon="2.669706"/>
    <trkpt lat="39.593093" lon="2.669682"/>
    <trkpt lat="39.593133" lon="2.669648"/>
    <trkpt lat="39.593178" lon="2.669587"/>
    <trkpt lat="39.593209" lon="2.669512"/>
    <trkpt lat="39.593224" lon="2.669429"/>
    <trkpt lat="39.593222" lon="2.669344"/>
    <trkpt lat="39.593203" lon="2.669263"/>
    <trkpt lat="39.593160" lon="2.669180"/>
    <trkpt lat="39.593101" lon="2.669117"/>
    <trkpt lat="39.593029" lon="2.669081"/>
    <trkpt lat="39.592952" lon="2.669075"/>
    <trkpt lat="39.592927" lon="2.669080"/>
    <trkpt lat="39.592866" lon="2.669064"/>
    <trkpt lat="39.592796" lon="2.669034"/>
    <trkpt lat="39.592636" lon="2.668943"/>
    <trkpt lat="39.592537" lon="2.668877"/>
    <trkpt lat="39.592301" lon="2.668640"/>
    <trkpt lat="39.591776" lon="2.668130"/>
    <trkpt lat="39.591084" lon="2.667535"/>
    <trkpt lat="39.590877" lon="2.667355"/>
    <trkpt lat="39.590806" lon="2.667296"/>
    <trkpt lat="39.590187" lon="2.666789"/>
    <trkpt lat="39.589904" lon="2.666557"/>
    <trkpt lat="39.589783" lon="2.666458"/>
    <trkpt lat="39.589648" lon="2.666365"/>
    <trkpt lat="39.589313" lon="2.666133"/>
    <trkpt lat="39.589262" lon="2.666093"/>
    <trkpt lat="39.588857" lon="2.665780"/>
    <trkpt lat="39.588339" lon="2.665351"/>
    <trkpt lat="39.588211" lon="2.665239"/>
    <trkpt lat="39.587841" lon="2.664867"/>
    <trkpt lat="39.587551" lon="2.664538"/>
    <trkpt lat="39.587155" lon="2.664070"/>
    <trkpt lat="39.586992" lon="2.663863"/>
    <trkpt lat="39.586930" lon="2.663784"/>
    <trkpt lat="39.586867" lon="2.663707"/>
    <trkpt lat="39.586587" lon="2.663358"/>
    <trkpt lat="39.586255" lon="2.662975"/>
    <trkpt lat="39.586073" lon="2.662765"/>
    <trkpt lat="39.585966" lon="2.662666"/>
    <trkpt lat="39.585836" lon="2.662591"/>
    <trkpt lat="39.585666" lon="2.662552"/>
    <trkpt lat="39.585070" lon="2.662560"/>
    <trkpt lat="39.584686" lon="2.662562"/>
    <trkpt lat="39.584479" lon="2.662564"/>
    <trkpt lat="39.584397" lon="2.662542"/>
    <trkpt lat="39.583941" lon="2.662131"/>
    <trkpt lat="39.583670" lon="2.661888"/>
    <trkpt lat="39.583310" lon="2.661564"/>
    <trkpt lat="39.582537" lon="2.660868"/>
    <trkpt lat="39.582466" lon="2.660697"/>
    <trkpt lat="39.582353" lon="2.660588"/>
    <trkpt lat="39.582151" lon="2.660411"/>
    <trkpt lat="39.581581" lon="2.659903"/>
    <trkpt lat="39.580981" lon="2.659348"/>
    <trkpt lat="39.580173" lon="2.658624"/>
    <trkpt lat="39.580118" lon="2.658572"/>
    <trkpt lat="39.579605" lon="2.658090"/>
    <trkpt lat="39.579371" lon="2.657865"/>
    <trkpt lat="39.579345" lon="2.657908"/>
    <trkpt lat="39.579308" lon="2.657963"/>
    <trkpt lat="39.579000" lon="2.658326"/>
    <trkpt lat="39.578920" lon="2.658418"/>
    <trkpt lat="39.578901" lon="2.658441"/>
    <trkpt lat="39.578496" lon="2.658913"/>
    <trkpt lat="39.578444" lon="2.658841"/>
    <trkpt lat="39.578308" lon="2.658603"/>
    <trkpt lat="39.578187" lon="2.658439"/>
    <trkpt lat="39.577618" lon="2.657669"/>
    <trkpt lat="39.576990" lon="2.656787"/>
    <trkpt lat="39.576606" lon="2.656231"/>
    <trkpt lat="39.576477" lon="2.656045"/>
    <trkpt lat="39.576404" lon="2.655945"/>
    <trkpt lat="39.576372" lon="2.655770"/>
    <trkpt lat="39.576140" lon="2.655437"/>
    <trkpt lat="39.576024" lon="2.655272"/>
  </trkseg></trk>
</gpx>
