<?xml version="1.0" encoding="UTF-8"?>
<gpx version="1.1" creator="top-gas" xmlns="http://www.topografix.com/GPX/1/1" xmlns:xsi="http://www.w3.org/2001/XMLSchema-instance" xsi:schemaLocation="http://www.topografix.com/GPX/1/1 http://www.topografix.com/GPX/1/1/gpx.xsd">
  <metadata><name>10 · Orient y Castell d'Alaró (Difícil)</name><desc>Carretera estrecha y bacheada por el valle de Orient, curvas cerradas sin visibilidad y bajada a Alaró. Muy técnica. Dificultad: Difícil. Distancia aprox.: 74 km.</desc><keywords>moto, mallorca, difícil</keywords></metadata>
  <wpt lat="39.576000" lon="2.655300"><name>Palma (Plaça d'Espanya)</name></wpt>
  <wpt lat="39.696100" lon="2.699700"><name>Bunyola</name></wpt>
  <wpt lat="39.729400" lon="2.740800"><name>Orient</name></wpt>
  <wpt lat="39.705800" lon="2.792200"><name>Alaró</name></wpt>
  <wpt lat="39.718600" lon="2.868600"><name>Lloseta</name></wpt>
  <wpt lat="39.650300" lon="2.773600"><name>Santa Maria del Camí</name></wpt>
  <trk><name>10 · Orient y Castell d'Alaró (Difícil)</name><desc>Carretera estrecha y bacheada por el valle de Orient, curvas cerradas sin visibilidad y bajada a Alaró. Muy técnica. Dificultad: Difícil. Distancia aprox.: 74 km.</desc><type>Moto</type><trkseg>
    <trkpt lat="39.576024" lon="2.655272"/>
    <trkpt lat="39.575429" lon="2.654423"/>
    <trkpt lat="39.575697" lon="2.654084"/>
    <trkpt lat="39.575734" lon="2.654057"/>
    <trkpt lat="39.575901" lon="2.653860"/>
    <trkpt lat="39.575926" lon="2.653835"/>
    <trkpt lat="39.575951" lon="2.653820"/>
    <trkpt lat="39.575996" lon="2.653802"/>
    <trkpt lat="39.576082" lon="2.653788"/>
    <trkpt lat="39.576092" lon="2.653774"/>
    <trkpt lat="39.576237" lon="2.653617"/>
    <trkpt lat="39.576267" lon="2.653590"/>
    <trkpt lat="39.576335" lon="2.653538"/>
    <trkpt lat="39.576487" lon="2.653436"/>
    <trkpt lat="39.576799" lon="2.653225"/>
    <trkpt lat="39.577293" lon="2.652892"/>
    <trkpt lat="39.577401" lon="2.652692"/>
    <trkpt lat="39.577417" lon="2.652645"/>
    <trkpt lat="39.577513" lon="2.652360"/>
    <trkpt lat="39.577653" lon="2.652354"/>
    <trkpt lat="39.577972" lon="2.652351"/>
    <trkpt lat="39.578603" lon="2.652343"/>
    <trkpt lat="39.579282" lon="2.652340"/>
    <trkpt lat="39.579821" lon="2.652326"/>
    <trkpt lat="39.579999" lon="2.652321"/>
    <trkpt lat="39.580132" lon="2.652342"/>
    <trkpt lat="39.580604" lon="2.652420"/>
    <trkpt lat="39.581088" lon="2.652497"/>
    <trkpt lat="39.581503" lon="2.652565"/>
    <trkpt lat="39.581678" lon="2.652593"/>
    <trkpt lat="39.582084" lon="2.652682"/>
    <trkpt lat="39.582154" lon="2.652703"/>
    <trkpt lat="39.583115" lon="2.652976"/>
    <trkpt lat="39.583888" lon="2.653009"/>
    <trkpt lat="39.583947" lon="2.653011"/>
    <trkpt lat="39.584632" lon="2.653033"/>
    <trkpt lat="39.584761" lon="2.653034"/>
    <trkpt lat="39.585138" lon="2.653044"/>
    <trkpt lat="39.585717" lon="2.653050"/>
    <trkpt lat="39.585878" lon="2.653055"/>
    <trkpt lat="39.585961" lon="2.653057"/>
    <trkpt lat="39.586297" lon="2.653064"/>
    <trkpt lat="39.586357" lon="2.653067"/>
    <trkpt lat="39.586633" lon="2.653071"/>
    <trkpt lat="39.586979" lon="2.653098"/>
    <trkpt lat="39.587341" lon="2.653125"/>
    <trkpt lat="39.587618" lon="2.653134"/>
    <trkpt lat="39.587984" lon="2.653151"/>
    <trkpt lat="39.588042" lon="2.653174"/>
    <trkpt lat="39.588131" lon="2.653209"/>
    <trkpt lat="39.588195" lon="2.653300"/>
    <trkpt lat="39.588467" lon="2.653538"/>
    <trkpt lat="39.588533" lon="2.653575"/>
    <trkpt lat="39.588579" lon="2.653578"/>
    <trkpt lat="39.588620" lon="2.653560"/>
    <trkpt lat="39.588685" lon="2.653521"/>
    <trkpt lat="39.588714" lon="2.653466"/>
    <trkpt lat="39.588728" lon="2.653422"/>
    <trkpt lat="39.588826" lon="2.653325"/>
    <trkpt lat="39.588960" lon="2.653227"/>
    <trkpt lat="39.589102" lon="2.653192"/>
    <trkpt lat="39.589234" lon="2.653196"/>
    <trkpt lat="39.589591" lon="2.653208"/>
    <trkpt lat="39.589647" lon="2.653159"/>
    <trkpt lat="39.590229" lon="2.653199"/>
    <trkpt lat="39.590261" lon="2.653204"/>
    <trkpt lat="39.590753" lon="2.653284"/>
    <trkpt lat="39.591039" lon="2.653371"/>
    <trkpt lat="39.591103" lon="2.653390"/>
    <trkpt lat="39.591928" lon="2.653640"/>
    <trkpt lat="39.592540" lon="2.653825"/>
    <trkpt lat="39.593152" lon="2.654011"/>
    <trkpt lat="39.593282" lon="2.654050"/>
    <trkpt lat="39.593745" lon="2.654187"/>
    <trkpt lat="39.593840" lon="2.654215"/>
    <trkpt lat="39.594287" lon="2.654356"/>
    <trkpt lat="39.594681" lon="2.654458"/>
    <trkpt lat="39.594813" lon="2.654521"/>
    <trkpt lat="39.594901" lon="2.654551"/>
    <trkpt lat="39.594956" lon="2.654563"/>
    <trkpt lat="39.594996" lon="2.654567"/>
    <trkpt lat="39.595386" lon="2.654603"/>
    <trkpt lat="39.595663" lon="2.654628"/>
    <trkpt lat="39.595868" lon="2.654653"/>
    <trkpt lat="39.595970" lon="2.654666"/>
    <trkpt lat="39.596028" lon="2.654672"/>
    <trkpt lat="39.596112" lon="2.654680"/>
    <trkpt lat="39.596246" lon="2.654688"/>
    <trkpt lat="39.597005" lon="2.654752"/>
    <trkpt lat="39.597231" lon="2.654755"/>
    <trkpt lat="39.597361" lon="2.654766"/>
    <trkpt lat="39.597409" lon="2.654774"/>
    <trkpt lat="39.597451" lon="2.654787"/>
    <trkpt lat="39.597499" lon="2.654810"/>
    <trkpt lat="39.597542" lon="2.654835"/>
    <trkpt lat="39.597593" lon="2.654873"/>
    <trkpt lat="39.597618" lon="2.654905"/>
    <trkpt lat="39.597644" lon="2.654930"/>
    <trkpt lat="39.597673" lon="2.654950"/>
    <trkpt lat="39.597704" lon="2.654964"/>
    <trkpt lat="39.597762" lon="2.654980"/>
    <trkpt lat="39.597791" lon="2.654979"/>
    <trkpt lat="39.597820" lon="2.654974"/>
    <trkpt lat="39.597849" lon="2.654965"/>
    <trkpt lat="39.597876" lon="2.654951"/>
    <trkpt lat="39.597903" lon="2.654932"/>
    <trkpt lat="39.597925" lon="2.654911"/>
    <trkpt lat="39.598016" lon="2.654849"/>
    <trkpt lat="39.598048" lon="2.654830"/>
    <trkpt lat="39.598084" lon="2.654813"/>
    <trkpt lat="39.598123" lon="2.654802"/>
    <trkpt lat="39.598174" lon="2.654793"/>
    <trkpt lat="39.598259" lon="2.654792"/>
    <trkpt lat="39.598443" lon="2.654797"/>
    <trkpt lat="39.598599" lon="2.654827"/>
    <trkpt lat="39.599347" lon="2.654858"/>
    <trkpt lat="39.599496" lon="2.654864"/>
    <trkpt lat="39.603271" lon="2.655001"/>
    <trkpt lat="39.604192" lon="2.655034"/>
    <trkpt lat="39.604213" lon="2.655035"/>
    <trkpt lat="39.604360" lon="2.655040"/>
    <trkpt lat="39.604484" lon="2.655045"/>
    <trkpt lat="39.604627" lon="2.655050"/>
    <trkpt lat="39.604753" lon="2.655054"/>
    <trkpt lat="39.605092" lon="2.655067"/>
    <trkpt lat="39.605161" lon="2.655069"/>
    <trkpt lat="39.605361" lon="2.655077"/>
    <trkpt lat="39.606496" lon="2.655108"/>
    <trkpt lat="39.606650" lon="2.655126"/>
    <trkpt lat="39.606807" lon="2.655174"/>
    <trkpt lat="39.607019" lon="2.655288"/>
    <trkpt lat="39.607234" lon="2.655460"/>
    <trkpt lat="39.607281" lon="2.655497"/>
    <trkpt lat="39.607303" lon="2.655543"/>
    <trkpt lat="39.607332" lon="2.655582"/>
    <trkpt lat="39.607388" lon="2.655628"/>
    <trkpt lat="39.607452" lon="2.655651"/>
    <trkpt lat="39.607518" lon="2.655649"/>
    <trkpt lat="39.607581" lon="2.655623"/>
    <trkpt lat="39.607636" lon="2.655574"/>
    <trkpt lat="39.607700" lon="2.655591"/>
    <trkpt lat="39.607844" lon="2.655617"/>
    <trkpt lat="39.607934" lon="2.655642"/>
    <trkpt lat="39.608109" lon="2.655675"/>
    <trkpt lat="39.608326" lon="2.655778"/>
    <trkpt lat="39.610060" lon="2.656540"/>
    <trkpt lat="39.610219" lon="2.656607"/>
    <trkpt lat="39.610461" lon="2.656706"/>
    <trkpt lat="39.610681" lon="2.656790"/>
    <trkpt lat="39.611115" lon="2.656950"/>
    <trkpt lat="39.611221" lon="2.656989"/>
    <trkpt lat="39.612358" lon="2.657410"/>
    <trkpt lat="39.612450" lon="2.657448"/>
    <trkpt lat="39.612560" lon="2.657493"/>
    <trkpt lat="39.612726" lon="2.657566"/>
    <trkpt lat="39.612922" lon="2.657660"/>
    <trkpt lat="39.613123" lon="2.657765"/>
    <trkpt lat="39.613158" lon="2.657785"/>
    <trkpt lat="39.613274" lon="2.657850"/>
    <trkpt lat="39.613408" lon="2.657929"/>
    <trkpt lat="39.613564" lon="2.658025"/>
    <trkpt lat="39.613718" lon="2.658126"/>
    <trkpt lat="39.613913" lon="2.658263"/>
    <trkpt lat="39.614169" lon="2.658457"/>
    <trkpt lat="39.614396" lon="2.658634"/>
    <trkpt lat="39.614516" lon="2.658729"/>
    <trkpt lat="39.614618" lon="2.658809"/>
    <trkpt lat="39.615005" lon="2.659124"/>
    <trkpt lat="39.615644" lon="2.659643"/>
    <trkpt lat="39.615766" lon="2.659741"/>
    <trkpt lat="39.615888" lon="2.659825"/>
    <trkpt lat="39.615993" lon="2.659887"/>
    <trkpt lat="39.616093" lon="2.659939"/>
    <trkpt lat="39.616185" lon="2.659980"/>
    <trkpt lat="39.616279" lon="2.660016"/>
    <trkpt lat="39.616416" lon="2.660063"/>
    <trkpt lat="39.616542" lon="2.660091"/>
    <trkpt lat="39.616667" lon="2.660112"/>
    <trkpt lat="39.616790" lon="2.660131"/>
    <trkpt lat="39.617883" lon="2.660288"/>
    <trkpt lat="39.618976" lon="2.660451"/>
    <trkpt lat="39.619217" lon="2.660488"/>
    <trkpt lat="39.619506" lon="2.660565"/>
    <trkpt lat="39.620316" lon="2.660692"/>
    <trkpt lat="39.620419" lon="2.660718"/>
    <trkpt lat="39.620598" lon="2.660779"/>
    <trkpt lat="39.620630" lon="2.660788"/>
    <trkpt lat="39.620648" lon="2.660793"/>
    <trkpt lat="39.620664" lon="2.660808"/>
    <trkpt lat="39.620682" lon="2.660818"/>
    <trkpt lat="39.620702" lon="2.660822"/>
    <trkpt lat="39.620721" lon="2.660821"/>
    <trkpt lat="39.620740" lon="2.660813"/>
    <trkpt lat="39.620757" lon="2.660799"/>
    <trkpt lat="39.620859" lon="2.660794"/>
    <trkpt lat="39.621141" lon="2.660812"/>
    <trkpt lat="39.621164" lon="2.660813"/>
    <trkpt lat="39.621614" lon="2.660878"/>
    <trkpt lat="39.621759" lon="2.660858"/>
    <trkpt lat="39.622051" lon="2.660906"/>
    <trkpt lat="39.622355" lon="2.660961"/>
    <trkpt lat="39.622490" lon="2.660986"/>
    <trkpt lat="39.622965" lon="2.661075"/>
    <trkpt lat="39.623453" lon="2.661169"/>
    <trkpt lat="39.623695" lon="2.661216"/>
    <trkpt lat="39.624061" lon="2.661287"/>
    <trkpt lat="39.624479" lon="2.661371"/>
    <trkpt lat="39.624622" lon="2.661401"/>
    <trkpt lat="39.624812" lon="2.661445"/>
    <trkpt lat="39.624932" lon="2.661476"/>
    <trkpt lat="39.625083" lon="2.661513"/>
    <trkpt lat="39.625192" lon="2.661548"/>
    <trkpt lat="39.625304" lon="2.661590"/>
    <trkpt lat="39.625524" lon="2.661685"/>
    <trkpt lat="39.625744" lon="2.661785"/>
    <trkpt lat="39.625991" lon="2.661903"/>
    <trkpt lat="39.627041" lon="2.662407"/>
    <trkpt lat="39.627299" lon="2.662531"/>
    <trkpt lat="39.627836" lon="2.662786"/>
    <trkpt lat="39.628200" lon="2.662959"/>
    <trkpt lat="39.628807" lon="2.663246"/>
    <trkpt lat="39.628999" lon="2.663335"/>
    <trkpt lat="39.629203" lon="2.663422"/>
    <trkpt lat="39.629355" lon="2.663479"/>
    <trkpt lat="39.629521" lon="2.663535"/>
    <trkpt lat="39.629563" lon="2.663548"/>
    <trkpt lat="39.629657" lon="2.663577"/>
    <trkpt lat="39.629842" lon="2.663624"/>
    <trkpt lat="39.630161" lon="2.663697"/>
    <trkpt lat="39.630479" lon="2.663768"/>
    <trkpt lat="39.630803" lon="2.663846"/>
    <trkpt lat="39.630973" lon="2.663889"/>
    <trkpt lat="39.633608" lon="2.664612"/>
    <trkpt lat="39.633901" lon="2.664691"/>
    <trkpt lat="39.634641" lon="2.664891"/>
    <trkpt lat="39.635059" lon="2.665004"/>
    <trkpt lat="39.635177" lon="2.665036"/>
    <trkpt lat="39.635737" lon="2.665187"/>
    <trkpt lat="39.636150" lon="2.665300"/>
    <trkpt lat="39.636856" lon="2.665494"/>
    <trkpt lat="39.637071" lon="2.665552"/>
    <trkpt lat="39.637232" lon="2.665592"/>
    <trkpt lat="39.637403" lon="2.665621"/>
    <trkpt lat="39.637564" lon="2.665644"/>
    <trkpt lat="39.637783" lon="2.665657"/>
    <trkpt lat="39.638137" lon="2.665669"/>
    <trkpt lat="39.638245" lon="2.665670"/>
    <trkpt lat="39.638411" lon="2.665673"/>
    <trkpt lat="39.638559" lon="2.665673"/>
    <trkpt lat="39.638781" lon="2.665692"/>
    <trkpt lat="39.638930" lon="2.665710"/>
    <trkpt lat="39.639007" lon="2.665732"/>
    <trkpt lat="39.639086" lon="2.665763"/>
    <trkpt lat="39.639172" lon="2.665819"/>
    <trkpt lat="39.639237" lon="2.665871"/>
    <trkpt lat="39.639266" lon="2.665895"/>
    <trkpt lat="39.639272" lon="2.665968"/>
    <trkpt lat="39.639303" lon="2.666047"/>
    <trkpt lat="39.639354" lon="2.666107"/>
    <trkpt lat="39.639419" lon="2.666137"/>
    <trkpt lat="39.639474" lon="2.666137"/>
    <trkpt lat="39.639525" lon="2.666116"/>
    <trkpt lat="39.639578" lon="2.666065"/>
    <trkpt lat="39.639827" lon="2.665997"/>
    <trkpt lat="39.640022" lon="2.666069"/>
    <trkpt lat="39.640403" lon="2.666220"/>
    <trkpt lat="39.640892" lon="2.666428"/>
    <trkpt lat="39.641410" lon="2.666628"/>
    <trkpt lat="39.641844" lon="2.666790"/>
    <trkpt lat="39.642712" lon="2.667113"/>
    <trkpt lat="39.643373" lon="2.667350"/>
    <trkpt lat="39.643804" lon="2.667505"/>
    <trkpt lat="39.644360" lon="2.667704"/>
    <trkpt lat="39.644595" lon="2.667794"/>
    <trkpt lat="39.644796" lon="2.667870"/>
    <trkpt lat="39.645164" lon="2.668010"/>
    <trkpt lat="39.645354" lon="2.668085"/>
    <trkpt lat="39.646170" lon="2.668407"/>
    <trkpt lat="39.647127" lon="2.668766"/>
    <trkpt lat="39.650308" lon="2.669958"/>
    <trkpt lat="39.650733" lon="2.670117"/>
    <trkpt lat="39.653608" lon="2.671195"/>
    <trkpt lat="39.655717" lon="2.671992"/>
    <trkpt lat="39.657038" lon="2.672491"/>
    <trkpt lat="39.657275" lon="2.672596"/>
    <trkpt lat="39.657589" lon="2.672711"/>
    <trkpt lat="39.657641" lon="2.672730"/>
    <trkpt lat="39.657649" lon="2.672746"/>
    <trkpt lat="39.657669" lon="2.672771"/>
    <trkpt lat="39.657693" lon="2.672788"/>
    <trkpt lat="39.657721" lon="2.672794"/>
    <trkpt lat="39.657748" lon="2.672790"/>
    <trkpt lat="39.657763" lon="2.672783"/>
    <trkpt lat="39.657911" lon="2.672839"/>
    <trkpt lat="39.658273" lon="2.672975"/>
    <trkpt lat="39.658442" lon="2.673005"/>
    <trkpt lat="39.658938" lon="2.673203"/>
    <trkpt lat="39.660728" lon="2.673862"/>
    <trkpt lat="39.661131" lon="2.674020"/>
    <trkpt lat="39.661839" lon="2.674298"/>
    <trkpt lat="39.662131" lon="2.674408"/>
    <trkpt lat="39.662441" lon="2.674525"/>
    <trkpt lat="39.662554" lon="2.674567"/>
    <trkpt lat="39.662846" lon="2.674670"/>
    <trkpt lat="39.663007" lon="2.674726"/>
    <trkpt lat="39.663141" lon="2.674773"/>
    <trkpt lat="39.663226" lon="2.674802"/>
    <trkpt lat="39.663365" lon="2.674849"/>
    <trkpt lat="39.664534" lon="2.675288"/>
    <trkpt lat="39.666612" lon="2.676064"/>
    <trkpt lat="39.667352" lon="2.676334"/>
    <trkpt lat="39.667526" lon="2.676443"/>
    <trkpt lat="39.667616" lon="2.676514"/>
    <trkpt lat="39.667729" lon="2.676620"/>
    <trkpt lat="39.667772" lon="2.676665"/>
    <trkpt lat="39.667810" lon="2.676739"/>
    <trkpt lat="39.667845" lon="2.676780"/>
    <trkpt lat="39.667878" lon="2.676814"/>
    <trkpt lat="39.667954" lon="2.676863"/>
    <trkpt lat="39.668012" lon="2.676888"/>
    <trkpt lat="39.668079" lon="2.676904"/>
    <trkpt lat="39.668142" lon="2.676910"/>
    <trkpt lat="39.668198" lon="2.676897"/>
    <trkpt lat="39.668246" lon="2.676873"/>
    <trkpt lat="39.668297" lon="2.676841"/>
    <trkpt lat="39.668411" lon="2.676808"/>
    <trkpt lat="39.668528" lon="2.676797"/>
    <trkpt lat="39.668745" lon="2.676814"/>
    <trkpt lat="39.669724" lon="2.677178"/>
    <trkpt lat="39.669958" lon="2.677265"/>
    <trkpt lat="39.672944" lon="2.678382"/>
    <trkpt lat="39.673308" lon="2.678524"/>
    <trkpt lat="39.673772" lon="2.678705"/>
    <trkpt lat="39.674317" lon="2.678935"/>
    <trkpt lat="39.674477" lon="2.679003"/>
    <trkpt lat="39.674692" lon="2.679145"/>
    <trkpt lat="39.674807" lon="2.679248"/>
    <trkpt lat="39.674847" lon="2.679317"/>
    <trkpt lat="39.674864" lon="2.679383"/>
    <trkpt lat="39.674897" lon="2.679439"/>
    <trkpt lat="39.674942" lon="2.679477"/>
    <trkpt lat="39.674980" lon="2.679492"/>
    <trkpt lat="39.675019" lon="2.679495"/>
    <trkpt lat="39.675065" lon="2.679483"/>
    <trkpt lat="39.675106" lon="2.679455"/>
    <trkpt lat="39.675139" lon="2.679412"/>
    <trkpt lat="39.675207" lon="2.679395"/>
    <trkpt lat="39.675270" lon="2.679379"/>
    <trkpt lat="39.675414" lon="2.679338"/>
    <trkpt lat="39.675528" lon="2.679370"/>
    <trkpt lat="39.675953" lon="2.679516"/>
    <trkpt lat="39.676695" lon="2.679787"/>
    <trkpt lat="39.681100" lon="2.681430"/>
    <trkpt lat="39.681142" lon="2.681446"/>
    <trkpt lat="39.681973" lon="2.681754"/>
    <trkpt lat="39.684393" lon="2.682660"/>
    <trkpt lat="39.685013" lon="2.682892"/>
    <trkpt lat="39.687787" lon="2.683929"/>
    <trkpt lat="39.689718" lon="2.684651"/>
    <trkpt lat="39.690661" lon="2.685004"/>
    <trkpt lat="39.690681" lon="2.685012"/>
    <trkpt lat="39.691934" lon="2.685477"/>
    <trkpt lat="39.692365" lon="2.685639"/>
    <trkpt lat="39.693191" lon="2.685950"/>
    <trkpt lat="39.693792" lon="2.686174"/>
    <trkpt lat="39.693967" lon="2.686248"/>
    <trkpt lat="39.694139" lon="2.686330"/>
    <trkpt lat="39.694320" lon="2.686426"/>
    <trkpt lat="39.694497" lon="2.686527"/>
    <trkpt lat="39.694647" lon="2.686621"/>
    <trkpt lat="39.694831" lon="2.686740"/>
    <trkpt lat="39.694936" lon="2.686849"/>
    <trkpt lat="39.695043" lon="2.686966"/>
    <trkpt lat="39.695116" lon="2.687047"/>
    <trkpt lat="39.695178" lon="2.687143"/>
    <trkpt lat="39.695218" lon="2.687219"/>
    <trkpt lat="39.695241" lon="2.687264"/>
    <trkpt lat="39.695248" lon="2.687301"/>
    <trkpt lat="39.695262" lon="2.687335"/>
    <trkpt lat="39.695282" lon="2.687363"/>
    <trkpt lat="39.695309" lon="2.687467"/>
    <trkpt lat="39.695339" lon="2.687567"/>
    <trkpt lat="39.695373" lon="2.687614"/>
    <trkpt lat="39.695408" lon="2.687732"/>
    <trkpt lat="39.695536" lon="2.688098"/>
    <trkpt lat="39.695597" lon="2.688258"/>
    <trkpt lat="39.695669" lon="2.688424"/>
    <trkpt lat="39.695734" lon="2.688572"/>
    <trkpt lat="39.695948" lon="2.689044"/>
    <trkpt lat="39.696076" lon="2.689348"/>
    <trkpt lat="39.696161" lon="2.689582"/>
    <trkpt lat="39.696262" lon="2.689899"/>
    <trkpt lat="39.696410" lon="2.690362"/>
    <trkpt lat="39.696466" lon="2.690506"/>
    <trkpt lat="39.696604" lon="2.690794"/>
    <trkpt lat="39.696893" lon="2.691357"/>
    <trkpt lat="39.696953" lon="2.691496"/>
    <trkpt lat="39.696996" lon="2.691633"/>
    <trkpt lat="39.697040" lon="2.691858"/>
    <trkpt lat="39.697060" lon="2.692044"/>
    <trkpt lat="39.697113" lon="2.692509"/>
    <trkpt lat="39.697150" lon="2.692700"/>
    <trkpt lat="39.697215" lon="2.692930"/>
    <trkpt lat="39.697489" lon="2.693781"/>
    <trkpt lat="39.697617" lon="2.694211"/>
    <trkpt lat="39.697647" lon="2.694362"/>
    <trkpt lat="39.697656" lon="2.694470"/>
    <trkpt lat="39.697636" lon="2.694691"/>
    <trkpt lat="39.697634" lon="2.694734"/>
    <trkpt lat="39.697631" lon="2.694777"/>
    <trkpt lat="39.697630" lon="2.694842"/>
    <trkpt lat="39.697619" lon="2.695003"/>
    <trkpt lat="39.697583" lon="2.695315"/>
    <trkpt lat="39.697580" lon="2.695342"/>
    <trkpt lat="39.697513" lon="2.695824"/>
    <trkpt lat="39.697457" lon="2.696380"/>
    <trkpt lat="39.697433" lon="2.696491"/>
    <trkpt lat="39.697363" lon="2.696870"/>
    <trkpt lat="39.697241" lon="2.697361"/>
    <trkpt lat="39.697074" lon="2.698097"/>
    <trkpt lat="39.697049" lon="2.698200"/>
    <trkpt lat="39.697048" lon="2.698265"/>
    <trkpt lat="39.697056" lon="2.698358"/>
    <trkpt lat="39.697087" lon="2.698803"/>
    <trkpt lat="39.697084" lon="2.698918"/>
    <trkpt lat="39.697045" lon="2.699225"/>
    <trkpt lat="39.697032" lon="2.699261"/>
    <trkpt lat="39.697014" lon="2.699277"/>
    <trkpt lat="39.696818" lon="2.699370"/>
    <trkpt lat="39.696807" lon="2.699376"/>
    <trkpt lat="39.696700" lon="2.699439"/>
    <trkpt lat="39.696622" lon="2.699492"/>
    <trkpt lat="39.696603" lon="2.699501"/>
    <trkpt lat="39.696543" lon="2.699527"/>
    <trkpt lat="39.696393" lon="2.699593"/>
    <trkpt lat="39.696317" lon="2.699627"/>
    <trkpt lat="39.696100" lon="2.699698"/>
    <trkpt lat="39.696317" lon="2.699627"/>
    <trkpt lat="39.696393" lon="2.699593"/>
    <trkpt lat="39.696543" lon="2.699527"/>
    <trkpt lat="39.696603" lon="2.699501"/>
    <trkpt lat="39.696622" lon="2.699492"/>
    <trkpt lat="39.696646" lon="2.699790"/>
    <trkpt lat="39.696662" lon="2.699938"/>
    <trkpt lat="39.696687" lon="2.700173"/>
    <trkpt lat="39.696698" lon="2.700259"/>
    <trkpt lat="39.696741" lon="2.700538"/>
    <trkpt lat="39.696748" lon="2.700578"/>
    <trkpt lat="39.696817" lon="2.700682"/>
    <trkpt lat="39.696977" lon="2.700696"/>
    <trkpt lat="39.697094" lon="2.700687"/>
    <trkpt lat="39.697442" lon="2.700675"/>
    <trkpt lat="39.697519" lon="2.700701"/>
    <trkpt lat="39.697587" lon="2.700767"/>
    <trkpt lat="39.697618" lon="2.700821"/>
    <trkpt lat="39.697650" lon="2.700863"/>
    <trkpt lat="39.697702" lon="2.700902"/>
    <trkpt lat="39.697822" lon="2.700992"/>
    <trkpt lat="39.698039" lon="2.701179"/>
    <trkpt lat="39.698085" lon="2.701255"/>
    <trkpt lat="39.698130" lon="2.701374"/>
    <trkpt lat="39.698212" lon="2.701586"/>
    <trkpt lat="39.698224" lon="2.701638"/>
    <trkpt lat="39.698219" lon="2.701662"/>
    <trkpt lat="39.698204" lon="2.701673"/>
    <trkpt lat="39.698194" lon="2.701680"/>
    <trkpt lat="39.698165" lon="2.701679"/>
    <trkpt lat="39.698137" lon="2.701665"/>
    <trkpt lat="39.698049" lon="2.701586"/>
    <trkpt lat="39.697988" lon="2.701537"/>
    <trkpt lat="39.697966" lon="2.701520"/>
    <trkpt lat="39.697931" lon="2.701516"/>
    <trkpt lat="39.697919" lon="2.701527"/>
    <trkpt lat="39.697905" lon="2.701540"/>
    <trkpt lat="39.697908" lon="2.701575"/>
    <trkpt lat="39.697913" lon="2.701613"/>
    <trkpt lat="39.698098" lon="2.701951"/>
    <trkpt lat="39.698164" lon="2.702073"/>
    <trkpt lat="39.698230" lon="2.702149"/>
    <trkpt lat="39.698308" lon="2.702208"/>
    <trkpt lat="39.698740" lon="2.702345"/>
    <trkpt lat="39.698904" lon="2.702411"/>
    <trkpt lat="39.698971" lon="2.702454"/>
    <trkpt lat="39.699281" lon="2.702726"/>
    <trkpt lat="39.699364" lon="2.702816"/>
    <trkpt lat="39.699423" lon="2.702907"/>
    <trkpt lat="39.699552" lon="2.703147"/>
    <trkpt lat="39.699601" lon="2.703179"/>
    <trkpt lat="39.699689" lon="2.703185"/>
    <trkpt lat="39.699900" lon="2.703302"/>
    <trkpt lat="39.699990" lon="2.703358"/>
    <trkpt lat="39.700286" lon="2.703532"/>
    <trkpt lat="39.700369" lon="2.703605"/>
    <trkpt lat="39.700417" lon="2.703659"/>
    <trkpt lat="39.700434" lon="2.703677"/>
    <trkpt lat="39.700503" lon="2.703760"/>
    <trkpt lat="39.700555" lon="2.703822"/>
    <trkpt lat="39.700643" lon="2.703974"/>
    <trkpt lat="39.700776" lon="2.704215"/>
    <trkpt lat="39.700919" lon="2.704427"/>
    <trkpt lat="39.701049" lon="2.704574"/>
    <trkpt lat="39.701166" lon="2.704677"/>
    <trkpt lat="39.701402" lon="2.704821"/>
    <trkpt lat="39.701618" lon="2.704920"/>
    <trkpt lat="39.701710" lon="2.704994"/>
    <trkpt lat="39.701764" lon="2.705056"/>
    <trkpt lat="39.701896" lon="2.705267"/>
    <trkpt lat="39.702051" lon="2.705507"/>
    <trkpt lat="39.702148" lon="2.705624"/>
    <trkpt lat="39.702217" lon="2.705748"/>
    <trkpt lat="39.702260" lon="2.705863"/>
    <trkpt lat="39.702285" lon="2.706009"/>
    <trkpt lat="39.702378" lon="2.706273"/>
    <trkpt lat="39.702457" lon="2.706440"/>
    <trkpt lat="39.702577" lon="2.706798"/>
    <trkpt lat="39.702641" lon="2.706893"/>
    <trkpt lat="39.703090" lon="2.707321"/>
    <trkpt lat="39.703144" lon="2.707398"/>
    <trkpt lat="39.703235" lon="2.707586"/>
    <trkpt lat="39.703274" lon="2.707832"/>
    <trkpt lat="39.703299" lon="2.708003"/>
    <trkpt lat="39.703335" lon="2.708069"/>
    <trkpt lat="39.703373" lon="2.708100"/>
    <trkpt lat="39.703439" lon="2.708136"/>
    <trkpt lat="39.703574" lon="2.708186"/>
    <trkpt lat="39.703630" lon="2.708215"/>
    <trkpt lat="39.703714" lon="2.708274"/>
    <trkpt lat="39.703829" lon="2.708378"/>
    <trkpt lat="39.703946" lon="2.708518"/>
    <trkpt lat="39.704000" lon="2.708580"/>
    <trkpt lat="39.704076" lon="2.708601"/>
    <trkpt lat="39.704231" lon="2.708588"/>
    <trkpt lat="39.704453" lon="2.708630"/>
    <trkpt lat="39.704705" lon="2.708656"/>
    <trkpt lat="39.704801" lon="2.708659"/>
    <trkpt lat="39.704883" lon="2.708693"/>
    <trkpt lat="39.705043" lon="2.708792"/>
    <trkpt lat="39.705388" lon="2.709081"/>
    <trkpt lat="39.705852" lon="2.709349"/>
    <trkpt lat="39.706372" lon="2.709709"/>
    <trkpt lat="39.706677" lon="2.709873"/>
    <trkpt lat="39.706832" lon="2.709897"/>
    <trkpt lat="39.707270" lon="2.709852"/>
    <trkpt lat="39.707537" lon="2.709879"/>
    <trkpt lat="39.707769" lon="2.709858"/>
    <trkpt lat="39.707888" lon="2.709803"/>
    <trkpt lat="39.707982" lon="2.709672"/>
    <trkpt lat="39.708087" lon="2.709495"/>
    <trkpt lat="39.708207" lon="2.709359"/>
    <trkpt lat="39.708375" lon="2.709288"/>
    <trkpt lat="39.708533" lon="2.709244"/>
    <trkpt lat="39.708774" lon="2.709214"/>
    <trkpt lat="39.708976" lon="2.709245"/>
    <trkpt lat="39.709193" lon="2.709380"/>
    <trkpt lat="39.709369" lon="2.709413"/>
    <trkpt lat="39.709546" lon="2.709390"/>
    <trkpt lat="39.709906" lon="2.709127"/>
    <trkpt lat="39.710342" lon="2.708914"/>
    <trkpt lat="39.710590" lon="2.708891"/>
    <trkpt lat="39.710740" lon="2.708964"/>
    <trkpt lat="39.710940" lon="2.709096"/>
    <trkpt lat="39.711052" lon="2.709206"/>
    <trkpt lat="39.711238" lon="2.709366"/>
    <trkpt lat="39.711329" lon="2.709382"/>
    <trkpt lat="39.711370" lon="2.709348"/>
    <trkpt lat="39.711401" lon="2.709262"/>
    <trkpt lat="39.711408" lon="2.709239"/>
    <trkpt lat="39.711414" lon="2.709118"/>
    <trkpt lat="39.711403" lon="2.708991"/>
    <trkpt lat="39.711396" lon="2.708924"/>
    <trkpt lat="39.711385" lon="2.708824"/>
    <trkpt lat="39.711354" lon="2.708654"/>
    <trkpt lat="39.711317" lon="2.708579"/>
    <trkpt lat="39.711268" lon="2.708516"/>
    <trkpt lat="39.711139" lon="2.708406"/>
    <trkpt lat="39.711023" lon="2.708285"/>
    <trkpt lat="39.710970" lon="2.708205"/>
    <trkpt lat="39.710931" lon="2.708111"/>
    <trkpt lat="39.710939" lon="2.708011"/>
    <trkpt lat="39.710940" lon="2.707995"/>
    <trkpt lat="39.710981" lon="2.707792"/>
    <trkpt lat="39.711031" lon="2.707666"/>
    <trkpt lat="39.711052" lon="2.707645"/>
    <trkpt lat="39.711063" lon="2.707635"/>
    <trkpt lat="39.711098" lon="2.707661"/>
    <trkpt lat="39.711118" lon="2.707738"/>
    <trkpt lat="39.711137" lon="2.707841"/>
    <trkpt lat="39.711157" lon="2.707925"/>
    <trkpt lat="39.711184" lon="2.707987"/>
    <trkpt lat="39.711224" lon="2.708050"/>
    <trkpt lat="39.711294" lon="2.708110"/>
    <trkpt lat="39.711486" lon="2.708218"/>
    <trkpt lat="39.711713" lon="2.708309"/>
    <trkpt lat="39.711770" lon="2.708358"/>
    <trkpt lat="39.711808" lon="2.708424"/>
    <trkpt lat="39.711826" lon="2.708507"/>
    <trkpt lat="39.711830" lon="2.708622"/>
    <trkpt lat="39.711823" lon="2.708723"/>
    <trkpt lat="39.711832" lon="2.708892"/>
    <trkpt lat="39.711878" lon="2.709011"/>
    <trkpt lat="39.711933" lon="2.709103"/>
    <trkpt lat="39.712147" lon="2.709392"/>
    <trkpt lat="39.712343" lon="2.709687"/>
    <trkpt lat="39.712455" lon="2.709831"/>
    <trkpt lat="39.712543" lon="2.709889"/>
    <trkpt lat="39.712638" lon="2.709928"/>
    <trkpt lat="39.713177" lon="2.710040"/>
    <trkpt lat="39.713356" lon="2.710099"/>
    <trkpt lat="39.713464" lon="2.710206"/>
    <trkpt lat="39.713566" lon="2.710331"/>
    <trkpt lat="39.713611" lon="2.710412"/>
    <trkpt lat="39.713630" lon="2.710481"/>
    <trkpt lat="39.713669" lon="2.710758"/>
    <trkpt lat="39.713687" lon="2.710873"/>
    <trkpt lat="39.713691" lon="2.710898"/>
    <trkpt lat="39.713727" lon="2.711016"/>
    <trkpt lat="39.713807" lon="2.711097"/>
    <trkpt lat="39.713932" lon="2.711176"/>
    <trkpt lat="39.714042" lon="2.711279"/>
    <trkpt lat="39.714153" lon="2.711409"/>
    <trkpt lat="39.714543" lon="2.712063"/>
    <trkpt lat="39.714718" lon="2.712321"/>
    <trkpt lat="39.714873" lon="2.712544"/>
    <trkpt lat="39.714933" lon="2.712642"/>
    <trkpt lat="39.714970" lon="2.712747"/>
    <trkpt lat="39.714989" lon="2.712909"/>
    <trkpt lat="39.715014" lon="2.713095"/>
    <trkpt lat="39.715064" lon="2.713231"/>
    <trkpt lat="39.715142" lon="2.713332"/>
    <trkpt lat="39.715421" lon="2.713562"/>
    <trkpt lat="39.715511" lon="2.713641"/>
    <trkpt lat="39.715539" lon="2.713671"/>
    <trkpt lat="39.715559" lon="2.713711"/>
    <trkpt lat="39.715550" lon="2.713741"/>
    <trkpt lat="39.715527" lon="2.713765"/>
    <trkpt lat="39.715493" lon="2.713792"/>
    <trkpt lat="39.715450" lon="2.713785"/>
    <trkpt lat="39.715420" lon="2.713784"/>
    <trkpt lat="39.715298" lon="2.713809"/>
    <trkpt lat="39.715179" lon="2.713849"/>
    <trkpt lat="39.715140" lon="2.713869"/>
    <trkpt lat="39.715102" lon="2.713895"/>
    <trkpt lat="39.715097" lon="2.713944"/>
    <trkpt lat="39.715123" lon="2.713993"/>
    <trkpt lat="39.715171" lon="2.713998"/>
    <trkpt lat="39.715226" lon="2.713998"/>
    <trkpt lat="39.715321" lon="2.714014"/>
    <trkpt lat="39.715401" lon="2.714051"/>
    <trkpt lat="39.715469" lon="2.714096"/>
    <trkpt lat="39.715549" lon="2.714162"/>
    <trkpt lat="39.715612" lon="2.714241"/>
    <trkpt lat="39.715659" lon="2.714296"/>
    <trkpt lat="39.715686" lon="2.714327"/>
    <trkpt lat="39.715911" lon="2.714592"/>
    <trkpt lat="39.716028" lon="2.714701"/>
    <trkpt lat="39.716441" lon="2.715043"/>
    <trkpt lat="39.716677" lon="2.715276"/>
    <trkpt lat="39.716809" lon="2.715438"/>
    <trkpt lat="39.717419" lon="2.716285"/>
    <trkpt lat="39.717567" lon="2.716479"/>
    <trkpt lat="39.717936" lon="2.717123"/>
    <trkpt lat="39.718105" lon="2.717373"/>
    <trkpt lat="39.718288" lon="2.717572"/>
    <trkpt lat="39.718804" lon="2.717846"/>
    <trkpt lat="39.719181" lon="2.718031"/>
    <trkpt lat="39.719380" lon="2.718063"/>
    <trkpt lat="39.719569" lon="2.718047"/>
    <trkpt lat="39.719765" lon="2.718011"/>
    <trkpt lat="39.720159" lon="2.717914"/>
    <trkpt lat="39.720280" lon="2.717884"/>
    <trkpt lat="39.720924" lon="2.717760"/>
    <trkpt lat="39.721036" lon="2.717815"/>
    <trkpt lat="39.721169" lon="2.717942"/>
    <trkpt lat="39.721210" lon="2.717996"/>
    <trkpt lat="39.721227" lon="2.718051"/>
    <trkpt lat="39.721279" lon="2.718328"/>
    <trkpt lat="39.721309" lon="2.718598"/>
    <trkpt lat="39.721336" lon="2.718865"/>
    <trkpt lat="39.721349" lon="2.719141"/>
    <trkpt lat="39.721361" lon="2.719278"/>
    <trkpt lat="39.721407" lon="2.719384"/>
    <trkpt lat="39.721477" lon="2.719414"/>
    <trkpt lat="39.721546" lon="2.719430"/>
    <trkpt lat="39.721641" lon="2.719420"/>
    <trkpt lat="39.721781" lon="2.719378"/>
    <trkpt lat="39.721917" lon="2.719326"/>
    <trkpt lat="39.722026" lon="2.719307"/>
    <trkpt lat="39.722117" lon="2.719327"/>
    <trkpt lat="39.722217" lon="2.719392"/>
    <trkpt lat="39.722329" lon="2.719478"/>
    <trkpt lat="39.722438" lon="2.719599"/>
    <trkpt lat="39.722532" lon="2.719747"/>
    <trkpt lat="39.722581" lon="2.719895"/>
    <trkpt lat="39.722616" lon="2.720100"/>
    <trkpt lat="39.722615" lon="2.720286"/>
    <trkpt lat="39.722616" lon="2.720327"/>
    <trkpt lat="39.722627" lon="2.720360"/>
    <trkpt lat="39.722646" lon="2.720372"/>
    <trkpt lat="39.722661" lon="2.720382"/>
    <trkpt lat="39.722695" lon="2.720366"/>
    <trkpt lat="39.722714" lon="2.720339"/>
    <trkpt lat="39.722724" lon="2.720304"/>
    <trkpt lat="39.722765" lon="2.720181"/>
    <trkpt lat="39.722782" lon="2.720115"/>
    <trkpt lat="39.722809" lon="2.720064"/>
    <trkpt lat="39.722829" lon="2.720032"/>
    <trkpt lat="39.722845" lon="2.720030"/>
    <trkpt lat="39.722862" lon="2.720039"/>
    <trkpt lat="39.722878" lon="2.720056"/>
    <trkpt lat="39.722884" lon="2.720082"/>
    <trkpt lat="39.722887" lon="2.720140"/>
    <trkpt lat="39.722878" lon="2.720317"/>
    <trkpt lat="39.722826" lon="2.720558"/>
    <trkpt lat="39.722808" lon="2.720639"/>
    <trkpt lat="39.722794" lon="2.720700"/>
    <trkpt lat="39.722758" lon="2.720856"/>
    <trkpt lat="39.722767" lon="2.720997"/>
    <trkpt lat="39.722818" lon="2.721078"/>
    <trkpt lat="39.722909" lon="2.721115"/>
    <trkpt lat="39.722999" lon="2.721107"/>
    <trkpt lat="39.723182" lon="2.720950"/>
    <trkpt lat="39.723277" lon="2.720924"/>
    <trkpt lat="39.723361" lon="2.720933"/>
    <trkpt lat="39.723438" lon="2.720983"/>
    <trkpt lat="39.723504" lon="2.721070"/>
    <trkpt lat="39.723644" lon="2.721297"/>
    <trkpt lat="39.723708" lon="2.721364"/>
    <trkpt lat="39.723836" lon="2.721428"/>
    <trkpt lat="39.723881" lon="2.721460"/>
    <trkpt lat="39.723952" lon="2.721510"/>
    <trkpt lat="39.724065" lon="2.721635"/>
    <trkpt lat="39.724280" lon="2.722087"/>
    <trkpt lat="39.724352" lon="2.722306"/>
    <trkpt lat="39.724742" lon="2.723473"/>
    <trkpt lat="39.724802" lon="2.723601"/>
    <trkpt lat="39.724921" lon="2.723767"/>
    <trkpt lat="39.725915" lon="2.724956"/>
    <trkpt lat="39.725973" lon="2.725051"/>
    <trkpt lat="39.726006" lon="2.725176"/>
    <trkpt lat="39.726019" lon="2.725310"/>
    <trkpt lat="39.726019" lon="2.725498"/>
    <trkpt lat="39.725927" lon="2.726634"/>
    <trkpt lat="39.725945" lon="2.726941"/>
    <trkpt lat="39.726066" lon="2.727442"/>
    <trkpt lat="39.726149" lon="2.727715"/>
    <trkpt lat="39.726250" lon="2.727985"/>
    <trkpt lat="39.726275" lon="2.728072"/>
    <trkpt lat="39.726277" lon="2.728099"/>
    <trkpt lat="39.726272" lon="2.728132"/>
    <trkpt lat="39.726254" lon="2.728155"/>
    <trkpt lat="39.726236" lon="2.728157"/>
    <trkpt lat="39.726188" lon="2.728161"/>
    <trkpt lat="39.726140" lon="2.728137"/>
    <trkpt lat="39.725858" lon="2.727978"/>
    <trkpt lat="39.725745" lon="2.727914"/>
    <trkpt lat="39.725256" lon="2.727619"/>
    <trkpt lat="39.725202" lon="2.727627"/>
    <trkpt lat="39.725193" lon="2.727643"/>
    <trkpt lat="39.725175" lon="2.727675"/>
    <trkpt lat="39.725185" lon="2.727743"/>
    <trkpt lat="39.725251" lon="2.727857"/>
    <trkpt lat="39.725414" lon="2.728145"/>
    <trkpt lat="39.725642" lon="2.728548"/>
    <trkpt lat="39.726020" lon="2.729239"/>
    <trkpt lat="39.726105" lon="2.729447"/>
    <trkpt lat="39.726163" lon="2.729633"/>
    <trkpt lat="39.726229" lon="2.729730"/>
    <trkpt lat="39.726288" lon="2.729806"/>
    <trkpt lat="39.726412" lon="2.729883"/>
    <trkpt lat="39.726536" lon="2.729940"/>
    <trkpt lat="39.726629" lon="2.729972"/>
    <trkpt lat="39.726737" lon="2.729973"/>
    <trkpt lat="39.726894" lon="2.729932"/>
    <trkpt lat="39.726972" lon="2.729962"/>
    <trkpt lat="39.727011" lon="2.730042"/>
    <trkpt lat="39.727052" lon="2.730161"/>
    <trkpt lat="39.727078" lon="2.730228"/>
    <trkpt lat="39.727108" lon="2.730281"/>
    <trkpt lat="39.727155" lon="2.730310"/>
    <trkpt lat="39.727209" lon="2.730319"/>
    <trkpt lat="39.727456" lon="2.730241"/>
    <trkpt lat="39.727784" lon="2.730219"/>
    <trkpt lat="39.727895" lon="2.730177"/>
    <trkpt lat="39.727942" lon="2.730170"/>
    <trkpt lat="39.727964" lon="2.730185"/>
    <trkpt lat="39.727966" lon="2.730201"/>
    <trkpt lat="39.727968" lon="2.730215"/>
    <trkpt lat="39.727963" lon="2.730249"/>
    <trkpt lat="39.727923" lon="2.730273"/>
    <trkpt lat="39.727670" lon="2.730448"/>
    <trkpt lat="39.727617" lon="2.730484"/>
    <trkpt lat="39.727170" lon="2.730758"/>
    <trkpt lat="39.727150" lon="2.730795"/>
    <trkpt lat="39.727147" lon="2.730840"/>
    <trkpt lat="39.727161" lon="2.730870"/>
    <trkpt lat="39.727195" lon="2.730880"/>
    <trkpt lat="39.727392" lon="2.730796"/>
    <trkpt lat="39.727441" lon="2.730775"/>
    <trkpt lat="39.727471" lon="2.730784"/>
    <trkpt lat="39.727484" lon="2.730811"/>
    <trkpt lat="39.727490" lon="2.730823"/>
    <trkpt lat="39.727477" lon="2.730860"/>
    <trkpt lat="39.727455" lon="2.730890"/>
    <trkpt lat="39.727297" lon="2.730980"/>
    <trkpt lat="39.727237" lon="2.731032"/>
    <trkpt lat="39.727149" lon="2.731107"/>
    <trkpt lat="39.727138" lon="2.731144"/>
    <trkpt lat="39.727137" lon="2.731179"/>
    <trkpt lat="39.727146" lon="2.731204"/>
    <trkpt lat="39.727169" lon="2.731214"/>
    <trkpt lat="39.727278" lon="2.731188"/>
    <trkpt lat="39.727313" lon="2.731191"/>
    <trkpt lat="39.727336" lon="2.731216"/>
    <trkpt lat="39.727325" lon="2.731258"/>
    <trkpt lat="39.727309" lon="2.731294"/>
    <trkpt lat="39.727230" lon="2.731342"/>
    <trkpt lat="39.727117" lon="2.731482"/>
    <trkpt lat="39.727056" lon="2.731556"/>
    <trkpt lat="39.726737" lon="2.731815"/>
    <trkpt lat="39.726617" lon="2.731901"/>
    <trkpt lat="39.726547" lon="2.732033"/>
    <trkpt lat="39.726518" lon="2.732194"/>
    <trkpt lat="39.726542" lon="2.732480"/>
    <trkpt lat="39.726606" lon="2.732834"/>
    <trkpt lat="39.726665" lon="2.732946"/>
    <trkpt lat="39.726750" lon="2.733070"/>
    <trkpt lat="39.726798" lon="2.733182"/>
    <trkpt lat="39.726825" lon="2.733289"/>
    <trkpt lat="39.726853" lon="2.733566"/>
    <trkpt lat="39.726923" lon="2.733895"/>
    <trkpt lat="39.726928" lon="2.733967"/>
    <trkpt lat="39.726917" lon="2.734116"/>
    <trkpt lat="39.726896" lon="2.734301"/>
    <trkpt lat="39.726886" lon="2.734491"/>
    <trkpt lat="39.726904" lon="2.734774"/>
    <trkpt lat="39.726909" lon="2.734820"/>
    <trkpt lat="39.726918" lon="2.734846"/>
    <trkpt lat="39.726941" lon="2.734855"/>
    <trkpt lat="39.726949" lon="2.734858"/>
    <trkpt lat="39.726975" lon="2.734843"/>
    <trkpt lat="39.727075" lon="2.734532"/>
    <trkpt lat="39.727130" lon="2.734312"/>
    <trkpt lat="39.727164" lon="2.734179"/>
    <trkpt lat="39.727170" lon="2.734120"/>
    <trkpt lat="39.727184" lon="2.734081"/>
    <trkpt lat="39.727205" lon="2.734054"/>
    <trkpt lat="39.727238" lon="2.734060"/>
    <trkpt lat="39.727288" lon="2.734115"/>
    <trkpt lat="39.727309" lon="2.734171"/>
    <trkpt lat="39.727555" lon="2.734653"/>
    <trkpt lat="39.727586" lon="2.734727"/>
    <trkpt lat="39.727590" lon="2.734804"/>
    <trkpt lat="39.727562" lon="2.734889"/>
    <trkpt lat="39.727502" lon="2.734989"/>
    <trkpt lat="39.727429" lon="2.735121"/>
    <trkpt lat="39.727345" lon="2.735270"/>
    <trkpt lat="39.727260" lon="2.735418"/>
    <trkpt lat="39.727260" lon="2.735481"/>
    <trkpt lat="39.727279" lon="2.735518"/>
    <trkpt lat="39.727315" lon="2.735509"/>
    <trkpt lat="39.727345" lon="2.735444"/>
    <trkpt lat="39.727396" lon="2.735380"/>
    <trkpt lat="39.727507" lon="2.735265"/>
    <trkpt lat="39.727647" lon="2.735177"/>
    <trkpt lat="39.727762" lon="2.735130"/>
    <trkpt lat="39.727806" lon="2.735123"/>
    <trkpt lat="39.727842" lon="2.735140"/>
    <trkpt lat="39.727849" lon="2.735175"/>
    <trkpt lat="39.727845" lon="2.735215"/>
    <trkpt lat="39.727807" lon="2.735246"/>
    <trkpt lat="39.727695" lon="2.735272"/>
    <trkpt lat="39.727552" lon="2.735430"/>
    <trkpt lat="39.727533" lon="2.735509"/>
    <trkpt lat="39.727507" lon="2.735617"/>
    <trkpt lat="39.727531" lon="2.735732"/>
    <trkpt lat="39.727548" lon="2.735790"/>
    <trkpt lat="39.727562" lon="2.735818"/>
    <trkpt lat="39.727582" lon="2.735838"/>
    <trkpt lat="39.727614" lon="2.735815"/>
    <trkpt lat="39.727616" lon="2.735772"/>
    <trkpt lat="39.727595" lon="2.735660"/>
    <trkpt lat="39.727593" lon="2.735587"/>
    <trkpt lat="39.727621" lon="2.735530"/>
    <trkpt lat="39.727730" lon="2.735433"/>
    <trkpt lat="39.727788" lon="2.735423"/>
    <trkpt lat="39.727841" lon="2.735414"/>
    <trkpt lat="39.727931" lon="2.735425"/>
    <trkpt lat="39.728026" lon="2.735410"/>
    <trkpt lat="39.728108" lon="2.735368"/>
    <trkpt lat="39.728205" lon="2.735302"/>
    <trkpt lat="39.728306" lon="2.735316"/>
    <trkpt lat="39.728407" lon="2.735365"/>
    <trkpt lat="39.728956" lon="2.735682"/>
    <trkpt lat="39.729116" lon="2.735655"/>
    <trkpt lat="39.729490" lon="2.735565"/>
    <trkpt lat="39.729538" lon="2.735571"/>
    <trkpt lat="39.729550" lon="2.735615"/>
    <trkpt lat="39.729531" lon="2.735647"/>
    <trkpt lat="39.729475" lon="2.735660"/>
    <trkpt lat="39.729179" lon="2.735813"/>
    <trkpt lat="39.729114" lon="2.735847"/>
    <trkpt lat="39.729082" lon="2.735873"/>
    <trkpt lat="39.729055" lon="2.735918"/>
    <trkpt lat="39.729062" lon="2.735955"/>
    <trkpt lat="39.729085" lon="2.735970"/>
    <trkpt lat="39.729289" lon="2.735889"/>
    <trkpt lat="39.729848" lon="2.735825"/>
    <trkpt lat="39.729969" lon="2.735811"/>
    <trkpt lat="39.730559" lon="2.735699"/>
    <trkpt lat="39.730583" lon="2.735705"/>
    <trkpt lat="39.730597" lon="2.735724"/>
    <trkpt lat="39.730599" lon="2.735757"/>
    <trkpt lat="39.730573" lon="2.735795"/>
    <trkpt lat="39.730535" lon="2.735830"/>
    <trkpt lat="39.730063" lon="2.736100"/>
    <trkpt lat="39.729973" lon="2.736152"/>
    <trkpt lat="39.729457" lon="2.736504"/>
    <trkpt lat="39.729427" lon="2.736533"/>
    <trkpt lat="39.729405" lon="2.736594"/>
    <trkpt lat="39.729422" lon="2.736644"/>
    <trkpt lat="39.729459" lon="2.736657"/>
    <trkpt lat="39.730049" lon="2.736545"/>
    <trkpt lat="39.730267" lon="2.736503"/>
    <trkpt lat="39.730745" lon="2.736384"/>
    <trkpt lat="39.730545" lon="2.736538"/>
    <trkpt lat="39.730267" lon="2.736707"/>
    <trkpt lat="39.730209" lon="2.736793"/>
    <trkpt lat="39.730126" lon="2.736965"/>
    <trkpt lat="39.729948" lon="2.737230"/>
    <trkpt lat="39.729851" lon="2.737435"/>
    <trkpt lat="39.729757" lon="2.737542"/>
    <trkpt lat="39.729851" lon="2.737435"/>
    <trkpt lat="39.729948" lon="2.737230"/>
    <trkpt lat="39.730126" lon="2.736965"/>
    <trkpt lat="39.730209" lon="2.736793"/>
    <trkpt lat="39.730267" lon="2.736707"/>
    <trkpt lat="39.730545" lon="2.736538"/>
    <trkpt lat="39.730745" lon="2.736384"/>
    <trkpt lat="39.731370" lon="2.736234"/>
    <trkpt lat="39.731978" lon="2.736071"/>
    <trkpt lat="39.732189" lon="2.736061"/>
    <trkpt lat="39.732386" lon="2.736073"/>
    <trkpt lat="39.732490" lon="2.736088"/>
    <trkpt lat="39.732534" lon="2.736110"/>
    <trkpt lat="39.732576" lon="2.736131"/>
    <trkpt lat="39.732645" lon="2.736217"/>
    <trkpt lat="39.732710" lon="2.736357"/>
    <trkpt lat="39.732778" lon="2.736631"/>
    <trkpt lat="39.732828" lon="2.736952"/>
    <trkpt lat="39.732861" lon="2.737311"/>
    <trkpt lat="39.732948" lon="2.738343"/>
    <trkpt lat="39.733037" lon="2.739436"/>
    <trkpt lat="39.733074" lon="2.739902"/>
    <trkpt lat="39.733079" lon="2.740162"/>
    <trkpt lat="39.733082" lon="2.740249"/>
    <trkpt lat="39.733062" lon="2.740380"/>
    <trkpt lat="39.733013" lon="2.740515"/>
    <trkpt lat="39.732909" lon="2.740599"/>
    <trkpt lat="39.732810" lon="2.740658"/>
    <trkpt lat="39.732773" lon="2.740755"/>
    <trkpt lat="39.732772" lon="2.740851"/>
    <trkpt lat="39.732804" lon="2.741228"/>
    <trkpt lat="39.732798" lon="2.741306"/>
    <trkpt lat="39.732745" lon="2.741448"/>
    <trkpt lat="39.732650" lon="2.741685"/>
    <trkpt lat="39.732564" lon="2.741984"/>
    <trkpt lat="39.732531" lon="2.742037"/>
    <trkpt lat="39.732484" lon="2.742062"/>
    <trkpt lat="39.732451" lon="2.742149"/>
    <trkpt lat="39.732462" lon="2.742198"/>
    <trkpt lat="39.732524" lon="2.742231"/>
    <trkpt lat="39.732618" lon="2.742254"/>
    <trkpt lat="39.732659" lon="2.742275"/>
    <trkpt lat="39.732691" lon="2.742313"/>
    <trkpt lat="39.732743" lon="2.742392"/>
    <trkpt lat="39.732892" lon="2.742727"/>
    <trkpt lat="39.733009" lon="2.742965"/>
    <trkpt lat="39.733031" lon="2.743091"/>
    <trkpt lat="39.732987" lon="2.743651"/>
    <trkpt lat="39.732948" lon="2.744139"/>
    <trkpt lat="39.732921" lon="2.744577"/>
    <trkpt lat="39.732843" lon="2.745837"/>
    <trkpt lat="39.732855" lon="2.745940"/>
    <trkpt lat="39.732883" lon="2.746047"/>
    <trkpt lat="39.733160" lon="2.746657"/>
    <trkpt lat="39.733198" lon="2.746770"/>
    <trkpt lat="39.733212" lon="2.746866"/>
    <trkpt lat="39.733225" lon="2.746949"/>
    <trkpt lat="39.733267" lon="2.747060"/>
    <trkpt lat="39.733334" lon="2.747180"/>
    <trkpt lat="39.733892" lon="2.747875"/>
    <trkpt lat="39.734319" lon="2.748505"/>
    <trkpt lat="39.734409" lon="2.748641"/>
    <trkpt lat="39.734480" lon="2.748783"/>
    <trkpt lat="39.734532" lon="2.749021"/>
    <trkpt lat="39.734603" lon="2.749196"/>
    <trkpt lat="39.735056" lon="2.750313"/>
    <trkpt lat="39.735145" lon="2.750715"/>
    <trkpt lat="39.735202" lon="2.751091"/>
    <trkpt lat="39.735171" lon="2.754019"/>
    <trkpt lat="39.735211" lon="2.754313"/>
    <trkpt lat="39.735758" lon="2.756023"/>
    <trkpt lat="39.735779" lon="2.756089"/>
    <trkpt lat="39.735831" lon="2.756358"/>
    <trkpt lat="39.735848" lon="2.756573"/>
    <trkpt lat="39.735849" lon="2.756853"/>
    <trkpt lat="39.735840" lon="2.756989"/>
    <trkpt lat="39.735829" lon="2.757057"/>
    <trkpt lat="39.735810" lon="2.757118"/>
    <trkpt lat="39.735770" lon="2.757188"/>
    <trkpt lat="39.735759" lon="2.757203"/>
    <trkpt lat="39.735703" lon="2.757281"/>
    <trkpt lat="39.735649" lon="2.757356"/>
    <trkpt lat="39.735592" lon="2.757434"/>
    <trkpt lat="39.735450" lon="2.757676"/>
    <trkpt lat="39.735305" lon="2.757888"/>
    <trkpt lat="39.735235" lon="2.758015"/>
    <trkpt lat="39.735212" lon="2.758110"/>
    <trkpt lat="39.735205" lon="2.758172"/>
    <trkpt lat="39.735211" lon="2.758251"/>
    <trkpt lat="39.735293" lon="2.758570"/>
    <trkpt lat="39.735430" lon="2.759272"/>
    <trkpt lat="39.735429" lon="2.759467"/>
    <trkpt lat="39.735397" lon="2.759639"/>
    <trkpt lat="39.735337" lon="2.759768"/>
    <trkpt lat="39.735257" lon="2.759879"/>
    <trkpt lat="39.734806" lon="2.760244"/>
    <trkpt lat="39.734738" lon="2.760298"/>
    <trkpt lat="39.734686" lon="2.760338"/>
    <trkpt lat="39.734605" lon="2.760404"/>
    <trkpt lat="39.734493" lon="2.760470"/>
    <trkpt lat="39.734382" lon="2.760602"/>
    <trkpt lat="39.734314" lon="2.760724"/>
    <trkpt lat="39.734228" lon="2.760795"/>
    <trkpt lat="39.734071" lon="2.760930"/>
    <trkpt lat="39.733817" lon="2.761193"/>
    <trkpt lat="39.733298" lon="2.761747"/>
    <trkpt lat="39.733283" lon="2.761759"/>
    <trkpt lat="39.733269" lon="2.761765"/>
    <trkpt lat="39.733258" lon="2.761768"/>
    <trkpt lat="39.733242" lon="2.761769"/>
    <trkpt lat="39.733219" lon="2.761766"/>
    <trkpt lat="39.733196" lon="2.761755"/>
    <trkpt lat="39.733181" lon="2.761741"/>
    <trkpt lat="39.732899" lon="2.760995"/>
    <trkpt lat="39.732884" lon="2.760977"/>
    <trkpt lat="39.732863" lon="2.760965"/>
    <trkpt lat="39.732846" lon="2.760961"/>
    <trkpt lat="39.732825" lon="2.760962"/>
    <trkpt lat="39.732802" lon="2.760971"/>
    <trkpt lat="39.732774" lon="2.760998"/>
    <trkpt lat="39.732747" lon="2.761041"/>
    <trkpt lat="39.732732" lon="2.761090"/>
    <trkpt lat="39.732677" lon="2.761422"/>
    <trkpt lat="39.732658" lon="2.761540"/>
    <trkpt lat="39.732550" lon="2.762144"/>
    <trkpt lat="39.732461" lon="2.762527"/>
    <trkpt lat="39.732340" lon="2.762895"/>
    <trkpt lat="39.732287" lon="2.763127"/>
    <trkpt lat="39.732273" lon="2.763425"/>
    <trkpt lat="39.732292" lon="2.763685"/>
    <trkpt lat="39.732334" lon="2.763851"/>
    <trkpt lat="39.732466" lon="2.764173"/>
    <trkpt lat="39.732628" lon="2.764525"/>
    <trkpt lat="39.732775" lon="2.764747"/>
    <trkpt lat="39.732899" lon="2.764919"/>
    <trkpt lat="39.733002" lon="2.765037"/>
    <trkpt lat="39.733106" lon="2.765141"/>
    <trkpt lat="39.733353" lon="2.765426"/>
    <trkpt lat="39.733441" lon="2.765567"/>
    <trkpt lat="39.733485" lon="2.765686"/>
    <trkpt lat="39.733522" lon="2.765858"/>
    <trkpt lat="39.733618" lon="2.766394"/>
    <trkpt lat="39.733695" lon="2.766786"/>
    <trkpt lat="39.733724" lon="2.767086"/>
    <trkpt lat="39.733759" lon="2.767720"/>
    <trkpt lat="39.733789" lon="2.767994"/>
    <trkpt lat="39.733825" lon="2.768146"/>
    <trkpt lat="39.733881" lon="2.768385"/>
    <trkpt lat="39.733962" lon="2.768623"/>
    <trkpt lat="39.734084" lon="2.768950"/>
    <trkpt lat="39.734167" lon="2.769087"/>
    <trkpt lat="39.734689" lon="2.769994"/>
    <trkpt lat="39.734907" lon="2.770373"/>
    <trkpt lat="39.735001" lon="2.770608"/>
    <trkpt lat="39.735158" lon="2.771012"/>
    <trkpt lat="39.735240" lon="2.771347"/>
    <trkpt lat="39.735320" lon="2.771583"/>
    <trkpt lat="39.735422" lon="2.771823"/>
    <trkpt lat="39.735510" lon="2.771995"/>
    <trkpt lat="39.735605" lon="2.772154"/>
    <trkpt lat="39.735675" lon="2.772300"/>
    <trkpt lat="39.735719" lon="2.772470"/>
    <trkpt lat="39.735835" lon="2.772902"/>
    <trkpt lat="39.735935" lon="2.773335"/>
    <trkpt lat="39.735991" lon="2.773506"/>
    <trkpt lat="39.736031" lon="2.773606"/>
    <trkpt lat="39.736056" lon="2.773667"/>
    <trkpt lat="39.736221" lon="2.774053"/>
    <trkpt lat="39.736376" lon="2.774391"/>
    <trkpt lat="39.736458" lon="2.774575"/>
    <trkpt lat="39.736505" lon="2.774685"/>
    <trkpt lat="39.736536" lon="2.774853"/>
    <trkpt lat="39.736548" lon="2.774989"/>
    <trkpt lat="39.736554" lon="2.775114"/>
    <trkpt lat="39.736551" lon="2.775228"/>
    <trkpt lat="39.736538" lon="2.775416"/>
    <trkpt lat="39.736533" lon="2.775566"/>
    <trkpt lat="39.736554" lon="2.775707"/>
    <trkpt lat="39.736585" lon="2.775869"/>
    <trkpt lat="39.736624" lon="2.776024"/>
    <trkpt lat="39.736657" lon="2.776091"/>
    <trkpt lat="39.736785" lon="2.776254"/>
    <trkpt lat="39.736840" lon="2.776323"/>
    <trkpt lat="39.736867" lon="2.776383"/>
    <trkpt lat="39.736923" lon="2.776510"/>
    <trkpt lat="39.736974" lon="2.776652"/>
    <trkpt lat="39.737025" lon="2.776752"/>
    <trkpt lat="39.737074" lon="2.776812"/>
    <trkpt lat="39.737247" lon="2.776994"/>
    <trkpt lat="39.737408" lon="2.777187"/>
    <trkpt lat="39.737547" lon="2.777395"/>
    <trkpt lat="39.737631" lon="2.777563"/>
    <trkpt lat="39.737674" lon="2.777718"/>
    <trkpt lat="39.737727" lon="2.777909"/>
    <trkpt lat="39.737799" lon="2.778161"/>
    <trkpt lat="39.737856" lon="2.778332"/>
    <trkpt lat="39.737949" lon="2.778494"/>
    <trkpt lat="39.738266" lon="2.778943"/>
    <trkpt lat="39.738344" lon="2.779065"/>
    <trkpt lat="39.738595" lon="2.779458"/>
    <trkpt lat="39.738697" lon="2.779656"/>
    <trkpt lat="39.738834" lon="2.780034"/>
    <trkpt lat="39.738940" lon="2.780260"/>
    <trkpt lat="39.739058" lon="2.780439"/>
    <trkpt lat="39.739219" lon="2.780600"/>
    <trkpt lat="39.739429" lon="2.780783"/>
    <trkpt lat="39.739537" lon="2.780899"/>
    <trkpt lat="39.739623" lon="2.781012"/>
    <trkpt lat="39.739883" lon="2.781391"/>
    <trkpt lat="39.740185" lon="2.781815"/>
    <trkpt lat="39.740751" lon="2.782660"/>
    <trkpt lat="39.740818" lon="2.782756"/>
    <trkpt lat="39.740985" lon="2.782996"/>
    <trkpt lat="39.741160" lon="2.783236"/>
    <trkpt lat="39.741281" lon="2.783387"/>
    <trkpt lat="39.741798" lon="2.783951"/>
    <trkpt lat="39.742184" lon="2.784398"/>
    <trkpt lat="39.742239" lon="2.784500"/>
    <trkpt lat="39.742269" lon="2.784596"/>
    <trkpt lat="39.742289" lon="2.784696"/>
    <trkpt lat="39.742293" lon="2.784860"/>
    <trkpt lat="39.742268" lon="2.785031"/>
    <trkpt lat="39.742225" lon="2.785260"/>
    <trkpt lat="39.742198" lon="2.785371"/>
    <trkpt lat="39.742179" lon="2.785487"/>
    <trkpt lat="39.742177" lon="2.785611"/>
    <trkpt lat="39.742193" lon="2.785724"/>
    <trkpt lat="39.742231" lon="2.785825"/>
    <trkpt lat="39.742304" lon="2.785915"/>
    <trkpt lat="39.742319" lon="2.785928"/>
    <trkpt lat="39.742373" lon="2.785984"/>
    <trkpt lat="39.742502" lon="2.786076"/>
    <trkpt lat="39.742705" lon="2.786198"/>
    <trkpt lat="39.742824" lon="2.786305"/>
    <trkpt lat="39.742904" lon="2.786409"/>
    <trkpt lat="39.742984" lon="2.786571"/>
    <trkpt lat="39.743043" lon="2.786770"/>
    <trkpt lat="39.743104" lon="2.786989"/>
    <trkpt lat="39.743127" lon="2.787066"/>
    <trkpt lat="39.743209" lon="2.787241"/>
    <trkpt lat="39.743341" lon="2.787377"/>
    <trkpt lat="39.743490" lon="2.787479"/>
    <trkpt lat="39.743582" lon="2.787595"/>
    <trkpt lat="39.743708" lon="2.787852"/>
    <trkpt lat="39.743915" lon="2.788252"/>
    <trkpt lat="39.744100" lon="2.788716"/>
    <trkpt lat="39.744208" lon="2.789036"/>
    <trkpt lat="39.744292" lon="2.789269"/>
    <trkpt lat="39.744325" lon="2.789385"/>
    <trkpt lat="39.744323" lon="2.789522"/>
    <trkpt lat="39.744313" lon="2.789644"/>
    <trkpt lat="39.744255" lon="2.789935"/>
    <trkpt lat="39.744298" lon="2.790192"/>
    <trkpt lat="39.744368" lon="2.790411"/>
    <trkpt lat="39.744442" lon="2.790696"/>
    <trkpt lat="39.744517" lon="2.791104"/>
    <trkpt lat="39.744609" lon="2.791574"/>
    <trkpt lat="39.744626" lon="2.791731"/>
    <trkpt lat="39.744624" lon="2.791892"/>
    <trkpt lat="39.744604" lon="2.792073"/>
    <trkpt lat="39.744516" lon="2.792364"/>
    <trkpt lat="39.744446" lon="2.792627"/>
    <trkpt lat="39.744412" lon="2.792884"/>
    <trkpt lat="39.744459" lon="2.793083"/>
    <trkpt lat="39.744541" lon="2.793233"/>
    <trkpt lat="39.745015" lon="2.793920"/>
    <trkpt lat="39.745238" lon="2.794258"/>
    <trkpt lat="39.745440" lon="2.794542"/>
    <trkpt lat="39.745523" lon="2.794697"/>
    <trkpt lat="39.745564" lon="2.794805"/>
    <trkpt lat="39.745580" lon="2.794933"/>
    <trkpt lat="39.745543" lon="2.795071"/>
    <trkpt lat="39.745477" lon="2.795212"/>
    <trkpt lat="39.745424" lon="2.795259"/>
    <trkpt lat="39.745333" lon="2.795304"/>
    <trkpt lat="39.745213" lon="2.795330"/>
    <trkpt lat="39.744815" lon="2.795301"/>
    <trkpt lat="39.744454" lon="2.795255"/>
    <trkpt lat="39.744207" lon="2.795223"/>
    <trkpt lat="39.744079" lon="2.795229"/>
    <trkpt lat="39.743988" lon="2.795255"/>
    <trkpt lat="39.743877" lon="2.795325"/>
    <trkpt lat="39.743771" lon="2.795418"/>
    <trkpt lat="39.743614" lon="2.795691"/>
    <trkpt lat="39.743494" lon="2.795936"/>
    <trkpt lat="39.743432" lon="2.796048"/>
    <trkpt lat="39.743304" lon="2.796312"/>
    <trkpt lat="39.743192" lon="2.796580"/>
    <trkpt lat="39.743157" lon="2.796742"/>
    <trkpt lat="39.743143" lon="2.796934"/>
    <trkpt lat="39.743413" lon="2.800306"/>
    <trkpt lat="39.743415" lon="2.800471"/>
    <trkpt lat="39.743391" lon="2.800597"/>
    <trkpt lat="39.743357" lon="2.800688"/>
    <trkpt lat="39.743326" lon="2.800739"/>
    <trkpt lat="39.743263" lon="2.800810"/>
    <trkpt lat="39.743225" lon="2.800849"/>
    <trkpt lat="39.743151" lon="2.800876"/>
    <trkpt lat="39.742244" lon="2.800984"/>
    <trkpt lat="39.742005" lon="2.801012"/>
    <trkpt lat="39.741651" lon="2.801066"/>
    <trkpt lat="39.741529" lon="2.801062"/>
    <trkpt lat="39.741465" lon="2.801051"/>
    <trkpt lat="39.741409" lon="2.801021"/>
    <trkpt lat="39.741340" lon="2.800978"/>
    <trkpt lat="39.741289" lon="2.800927"/>
    <trkpt lat="39.741241" lon="2.800850"/>
    <trkpt lat="39.741138" lon="2.800609"/>
    <trkpt lat="39.741076" lon="2.800491"/>
    <trkpt lat="39.740998" lon="2.800397"/>
    <trkpt lat="39.740872" lon="2.800335"/>
    <trkpt lat="39.740771" lon="2.800335"/>
    <trkpt lat="39.740681" lon="2.800366"/>
    <trkpt lat="39.740579" lon="2.800443"/>
    <trkpt lat="39.740482" lon="2.800600"/>
    <trkpt lat="39.740375" lon="2.800880"/>
    <trkpt lat="39.740309" lon="2.800974"/>
    <trkpt lat="39.740222" lon="2.801049"/>
    <trkpt lat="39.740041" lon="2.801145"/>
    <trkpt lat="39.739821" lon="2.801198"/>
    <trkpt lat="39.739678" lon="2.801215"/>
    <trkpt lat="39.739496" lon="2.801151"/>
    <trkpt lat="39.739181" lon="2.800903"/>
    <trkpt lat="39.738985" lon="2.800765"/>
    <trkpt lat="39.738808" lon="2.800678"/>
    <trkpt lat="39.738674" lon="2.800650"/>
    <trkpt lat="39.738473" lon="2.800654"/>
    <trkpt lat="39.738284" lon="2.800668"/>
    <trkpt lat="39.738224" lon="2.800676"/>
    <trkpt lat="39.738164" lon="2.800692"/>
    <trkpt lat="39.738066" lon="2.800757"/>
    <trkpt lat="39.737998" lon="2.800853"/>
    <trkpt lat="39.737952" lon="2.800961"/>
    <trkpt lat="39.737611" lon="2.801961"/>
    <trkpt lat="39.737574" lon="2.802071"/>
    <trkpt lat="39.737540" lon="2.802144"/>
    <trkpt lat="39.737503" lon="2.802205"/>
    <trkpt lat="39.737445" lon="2.802270"/>
    <trkpt lat="39.737373" lon="2.802325"/>
    <trkpt lat="39.737257" lon="2.802372"/>
    <trkpt lat="39.736873" lon="2.802528"/>
    <trkpt lat="39.736693" lon="2.802605"/>
    <trkpt lat="39.736567" lon="2.802645"/>
    <trkpt lat="39.736506" lon="2.802657"/>
    <trkpt lat="39.736401" lon="2.802669"/>
    <trkpt lat="39.736203" lon="2.802675"/>
    <trkpt lat="39.735899" lon="2.802682"/>
    <trkpt lat="39.735561" lon="2.802683"/>
    <trkpt lat="39.735499" lon="2.802684"/>
    <trkpt lat="39.735260" lon="2.802690"/>
    <trkpt lat="39.735132" lon="2.802717"/>
    <trkpt lat="39.734999" lon="2.802782"/>
    <trkpt lat="39.734835" lon="2.802916"/>
    <trkpt lat="39.734624" lon="2.803114"/>
    <trkpt lat="39.734518" lon="2.803211"/>
    <trkpt lat="39.734385" lon="2.803300"/>
    <trkpt lat="39.734186" lon="2.803401"/>
    <trkpt lat="39.733983" lon="2.803492"/>
    <trkpt lat="39.733920" lon="2.803519"/>
    <trkpt lat="39.733046" lon="2.803912"/>
    <trkpt lat="39.732748" lon="2.804040"/>
    <trkpt lat="39.732632" lon="2.804075"/>
    <trkpt lat="39.732414" lon="2.804108"/>
    <trkpt lat="39.732137" lon="2.804124"/>
    <trkpt lat="39.731853" lon="2.804140"/>
    <trkpt lat="39.731733" lon="2.804163"/>
    <trkpt lat="39.731615" lon="2.804202"/>
    <trkpt lat="39.731345" lon="2.804347"/>
    <trkpt lat="39.730731" lon="2.804686"/>
    <trkpt lat="39.730639" lon="2.804733"/>
    <trkpt lat="39.730574" lon="2.804749"/>
    <trkpt lat="39.730489" lon="2.804768"/>
    <trkpt lat="39.730409" lon="2.804775"/>
    <trkpt lat="39.728538" lon="2.804781"/>
    <trkpt lat="39.728401" lon="2.804797"/>
    <trkpt lat="39.728367" lon="2.804807"/>
    <trkpt lat="39.728270" lon="2.804839"/>
    <trkpt lat="39.728182" lon="2.804867"/>
    <trkpt lat="39.727908" lon="2.804971"/>
    <trkpt lat="39.727687" lon="2.805060"/>
    <trkpt lat="39.727626" lon="2.805076"/>
    <trkpt lat="39.727563" lon="2.805082"/>
    <trkpt lat="39.727504" lon="2.805080"/>
    <trkpt lat="39.727451" lon="2.805068"/>
    <trkpt lat="39.727365" lon="2.805030"/>
    <trkpt lat="39.727267" lon="2.804954"/>
    <trkpt lat="39.727108" lon="2.804797"/>
    <trkpt lat="39.726973" lon="2.804674"/>
    <trkpt lat="39.726864" lon="2.804617"/>
    <trkpt lat="39.726766" lon="2.804591"/>
    <trkpt lat="39.726651" lon="2.804588"/>
    <trkpt lat="39.725747" lon="2.804676"/>
    <trkpt lat="39.725567" lon="2.804671"/>
    <trkpt lat="39.725409" lon="2.804635"/>
    <trkpt lat="39.724924" lon="2.804491"/>
    <trkpt lat="39.724596" lon="2.804397"/>
    <trkpt lat="39.723010" lon="2.803945"/>
    <trkpt lat="39.722535" lon="2.803765"/>
    <trkpt lat="39.720851" lon="2.803126"/>
    <trkpt lat="39.720063" lon="2.803011"/>
    <trkpt lat="39.718955" lon="2.802849"/>
    <trkpt lat="39.717943" lon="2.802701"/>
    <trkpt lat="39.716685" lon="2.802517"/>
    <trkpt lat="39.716478" lon="2.802472"/>
    <trkpt lat="39.716333" lon="2.802439"/>
    <trkpt lat="39.715841" lon="2.802049"/>
    <trkpt lat="39.715820" lon="2.802032"/>
    <trkpt lat="39.715747" lon="2.801974"/>
    <trkpt lat="39.715621" lon="2.801874"/>
    <trkpt lat="39.715213" lon="2.801551"/>
    <trkpt lat="39.714902" lon="2.801304"/>
    <trkpt lat="39.714447" lon="2.801022"/>
    <trkpt lat="39.714182" lon="2.800858"/>
    <trkpt lat="39.713926" lon="2.800627"/>
    <trkpt lat="39.713823" lon="2.800479"/>
    <trkpt lat="39.713717" lon="2.800190"/>
    <trkpt lat="39.713678" lon="2.800151"/>
    <trkpt lat="39.713660" lon="2.800111"/>
    <trkpt lat="39.713647" lon="2.800097"/>
    <trkpt lat="39.713078" lon="2.799506"/>
    <trkpt lat="39.712828" lon="2.799297"/>
    <trkpt lat="39.712542" lon="2.799058"/>
    <trkpt lat="39.711980" lon="2.798642"/>
    <trkpt lat="39.711629" lon="2.798278"/>
    <trkpt lat="39.711502" lon="2.798100"/>
    <trkpt lat="39.711309" lon="2.797741"/>
    <trkpt lat="39.711130" lon="2.797354"/>
    <trkpt lat="39.710607" lon="2.796462"/>
    <trkpt lat="39.710554" lon="2.796359"/>
    <trkpt lat="39.710296" lon="2.795860"/>
    <trkpt lat="39.709966" lon="2.795173"/>
    <trkpt lat="39.709563" lon="2.795591"/>
    <trkpt lat="39.708828" lon="2.796540"/>
    <trkpt lat="39.707407" lon="2.798280"/>
    <trkpt lat="39.707240" lon="2.798471"/>
    <trkpt lat="39.707187" lon="2.798369"/>
    <trkpt lat="39.707161" lon="2.798290"/>
    <trkpt lat="39.707154" lon="2.798210"/>
    <trkpt lat="39.707151" lon="2.797743"/>
    <trkpt lat="39.707159" lon="2.797551"/>
    <trkpt lat="39.707096" lon="2.797493"/>
    <trkpt lat="39.706111" lon="2.795823"/>
    <trkpt lat="39.705663" lon="2.795064"/>
    <trkpt lat="39.705215" lon="2.794304"/>
    <trkpt lat="39.705256" lon="2.794264"/>
    <trkpt lat="39.705602" lon="2.793930"/>
    <trkpt lat="39.705645" lon="2.793889"/>
    <trkpt lat="39.706135" lon="2.793397"/>
    <trkpt lat="39.705712" lon="2.792608"/>
    <trkpt lat="39.705720" lon="2.792304"/>
    <trkpt lat="39.705779" lon="2.792316"/>
    <trkpt lat="39.705720" lon="2.792304"/>
    <trkpt lat="39.705712" lon="2.792608"/>
    <trkpt lat="39.705208" lon="2.793083"/>
    <trkpt lat="39.705645" lon="2.793889"/>
    <trkpt lat="39.706089" lon="2.794668"/>
    <trkpt lat="39.706520" lon="2.795441"/>
    <trkpt lat="39.706974" lon="2.796187"/>
    <trkpt lat="39.707090" lon="2.796431"/>
    <trkpt lat="39.707155" lon="2.796694"/>
    <trkpt lat="39.707174" lon="2.796881"/>
    <trkpt lat="39.707180" lon="2.797072"/>
    <trkpt lat="39.707177" lon="2.797239"/>
    <trkpt lat="39.707162" lon="2.797431"/>
    <trkpt lat="39.707159" lon="2.797551"/>
    <trkpt lat="39.707151" lon="2.797743"/>
    <trkpt lat="39.707154" lon="2.798210"/>
    <trkpt lat="39.707161" lon="2.798290"/>
    <trkpt lat="39.707187" lon="2.798369"/>
    <trkpt lat="39.707240" lon="2.798471"/>
    <trkpt lat="39.707263" lon="2.798517"/>
    <trkpt lat="39.707292" lon="2.798562"/>
    <trkpt lat="39.707330" lon="2.798604"/>
    <trkpt lat="39.707367" lon="2.798649"/>
    <trkpt lat="39.707414" lon="2.798671"/>
    <trkpt lat="39.707465" lon="2.798777"/>
    <trkpt lat="39.707514" lon="2.798893"/>
    <trkpt lat="39.707559" lon="2.799048"/>
    <trkpt lat="39.708212" lon="2.800749"/>
    <trkpt lat="39.708308" lon="2.801144"/>
    <trkpt lat="39.708380" lon="2.801423"/>
    <trkpt lat="39.708463" lon="2.801622"/>
    <trkpt lat="39.709373" lon="2.803411"/>
    <trkpt lat="39.710596" lon="2.806296"/>
    <trkpt lat="39.711222" lon="2.807773"/>
    <trkpt lat="39.711286" lon="2.807924"/>
    <trkpt lat="39.711332" lon="2.808056"/>
    <trkpt lat="39.711825" lon="2.809484"/>
    <trkpt lat="39.712181" lon="2.810223"/>
    <trkpt lat="39.712324" lon="2.810538"/>
    <trkpt lat="39.712405" lon="2.810985"/>
    <trkpt lat="39.712448" lon="2.811205"/>
    <trkpt lat="39.712498" lon="2.811464"/>
    <trkpt lat="39.712562" lon="2.811746"/>
    <trkpt lat="39.712677" lon="2.812023"/>
    <trkpt lat="39.712713" lon="2.812206"/>
    <trkpt lat="39.712747" lon="2.812653"/>
    <trkpt lat="39.712809" lon="2.813142"/>
    <trkpt lat="39.712833" lon="2.813320"/>
    <trkpt lat="39.712799" lon="2.813545"/>
    <trkpt lat="39.712696" lon="2.813873"/>
    <trkpt lat="39.712633" lon="2.814401"/>
    <trkpt lat="39.712648" lon="2.814602"/>
    <trkpt lat="39.712695" lon="2.814757"/>
    <trkpt lat="39.712850" lon="2.815107"/>
    <trkpt lat="39.712934" lon="2.815254"/>
    <trkpt lat="39.713127" lon="2.815497"/>
    <trkpt lat="39.713204" lon="2.815621"/>
    <trkpt lat="39.713390" lon="2.816058"/>
    <trkpt lat="39.713590" lon="2.816532"/>
    <trkpt lat="39.713807" lon="2.816817"/>
    <trkpt lat="39.714100" lon="2.817202"/>
    <trkpt lat="39.714366" lon="2.817428"/>
    <trkpt lat="39.714599" lon="2.817668"/>
    <trkpt lat="39.714853" lon="2.817815"/>
    <trkpt lat="39.715272" lon="2.818282"/>
    <trkpt lat="39.715695" lon="2.818682"/>
    <trkpt lat="39.715754" lon="2.818710"/>
    <trkpt lat="39.715936" lon="2.818769"/>
    <trkpt lat="39.716075" lon="2.818823"/>
    <trkpt lat="39.716176" lon="2.818944"/>
    <trkpt lat="39.716462" lon="2.819318"/>
    <trkpt lat="39.716801" lon="2.819894"/>
    <trkpt lat="39.717290" lon="2.820701"/>
    <trkpt lat="39.717331" lon="2.820836"/>
    <trkpt lat="39.717326" lon="2.821102"/>
    <trkpt lat="39.717417" lon="2.821780"/>
    <trkpt lat="39.717500" lon="2.822216"/>
    <trkpt lat="39.717524" lon="2.822333"/>
    <trkpt lat="39.717602" lon="2.822443"/>
    <trkpt lat="39.717823" lon="2.823125"/>
    <trkpt lat="39.717956" lon="2.823575"/>
    <trkpt lat="39.717971" lon="2.823672"/>
    <trkpt lat="39.717980" lon="2.823734"/>
    <trkpt lat="39.718015" lon="2.823995"/>
    <trkpt lat="39.718164" lon="2.824750"/>
    <trkpt lat="39.718277" lon="2.825326"/>
    <trkpt lat="39.718346" lon="2.825608"/>
    <trkpt lat="39.718510" lon="2.825945"/>
    <trkpt lat="39.718681" lon="2.826143"/>
    <trkpt lat="39.718974" lon="2.826331"/>
    <trkpt lat="39.719310" lon="2.826479"/>
    <trkpt lat="39.719408" lon="2.826522"/>
    <trkpt lat="39.719574" lon="2.826626"/>
    <trkpt lat="39.719699" lon="2.826709"/>
    <trkpt lat="39.719893" lon="2.826892"/>
    <trkpt lat="39.719992" lon="2.826966"/>
    <trkpt lat="39.720272" lon="2.827062"/>
    <trkpt lat="39.720329" lon="2.827093"/>
    <trkpt lat="39.720568" lon="2.827572"/>
    <trkpt lat="39.720746" lon="2.827838"/>
    <trkpt lat="39.720759" lon="2.827857"/>
    <trkpt lat="39.721052" lon="2.828243"/>
    <trkpt lat="39.721174" lon="2.828451"/>
    <trkpt lat="39.721258" lon="2.828783"/>
    <trkpt lat="39.721332" lon="2.829054"/>
    <trkpt lat="39.721394" lon="2.829308"/>
    <trkpt lat="39.721433" lon="2.829439"/>
    <trkpt lat="39.721440" lon="2.829462"/>
    <trkpt lat="39.721543" lon="2.829647"/>
    <trkpt lat="39.721672" lon="2.829828"/>
    <trkpt lat="39.722062" lon="2.830203"/>
    <trkpt lat="39.722138" lon="2.830305"/>
    <trkpt lat="39.722310" lon="2.830656"/>
    <trkpt lat="39.722519" lon="2.830933"/>
    <trkpt lat="39.722594" lon="2.831091"/>
    <trkpt lat="39.722644" lon="2.831307"/>
    <trkpt lat="39.722795" lon="2.831994"/>
    <trkpt lat="39.722824" lon="2.832404"/>
    <trkpt lat="39.722825" lon="2.832782"/>
    <trkpt lat="39.722846" lon="2.832981"/>
    <trkpt lat="39.722877" lon="2.833292"/>
    <trkpt lat="39.722858" lon="2.833705"/>
    <trkpt lat="39.722884" lon="2.834150"/>
    <trkpt lat="39.722878" lon="2.834592"/>
    <trkpt lat="39.722847" lon="2.834944"/>
    <trkpt lat="39.722833" lon="2.835234"/>
    <trkpt lat="39.722878" lon="2.835496"/>
    <trkpt lat="39.722914" lon="2.836151"/>
    <trkpt lat="39.722901" lon="2.836350"/>
    <trkpt lat="39.722861" lon="2.836470"/>
    <trkpt lat="39.722752" lon="2.836629"/>
    <trkpt lat="39.722516" lon="2.837041"/>
    <trkpt lat="39.722272" lon="2.837406"/>
    <trkpt lat="39.721859" lon="2.838012"/>
    <trkpt lat="39.721726" lon="2.838216"/>
    <trkpt lat="39.721648" lon="2.838437"/>
    <trkpt lat="39.721508" lon="2.839142"/>
    <trkpt lat="39.721309" lon="2.839765"/>
    <trkpt lat="39.721159" lon="2.840293"/>
    <trkpt lat="39.720978" lon="2.841129"/>
    <trkpt lat="39.720957" lon="2.841414"/>
    <trkpt lat="39.720871" lon="2.843018"/>
    <trkpt lat="39.720843" lon="2.843260"/>
    <trkpt lat="39.720786" lon="2.843518"/>
    <trkpt lat="39.720532" lon="2.844370"/>
    <trkpt lat="39.720336" lon="2.844924"/>
    <trkpt lat="39.720297" lon="2.845085"/>
    <trkpt lat="39.720302" lon="2.845137"/>
    <trkpt lat="39.720312" lon="2.845257"/>
    <trkpt lat="39.720382" lon="2.845802"/>
    <trkpt lat="39.720453" lon="2.846180"/>
    <trkpt lat="39.720483" lon="2.846249"/>
    <trkpt lat="39.720524" lon="2.846318"/>
    <trkpt lat="39.720634" lon="2.846342"/>
    <trkpt lat="39.720697" lon="2.846333"/>
    <trkpt lat="39.720948" lon="2.846293"/>
    <trkpt lat="39.721060" lon="2.846265"/>
    <trkpt lat="39.721165" lon="2.846282"/>
    <trkpt lat="39.721263" lon="2.846378"/>
    <trkpt lat="39.721636" lon="2.846834"/>
    <trkpt lat="39.721739" lon="2.847006"/>
    <trkpt lat="39.721754" lon="2.847101"/>
    <trkpt lat="39.721735" lon="2.847197"/>
    <trkpt lat="39.721651" lon="2.847307"/>
    <trkpt lat="39.720830" lon="2.847953"/>
    <trkpt lat="39.720152" lon="2.848484"/>
    <trkpt lat="39.719761" lon="2.848876"/>
    <trkpt lat="39.718695" lon="2.849926"/>
    <trkpt lat="39.718433" lon="2.850201"/>
    <trkpt lat="39.717864" lon="2.850775"/>
    <trkpt lat="39.717677" lon="2.850969"/>
    <trkpt lat="39.717549" lon="2.851120"/>
    <trkpt lat="39.717410" lon="2.851344"/>
    <trkpt lat="39.717338" lon="2.851510"/>
    <trkpt lat="39.716878" lon="2.852153"/>
    <trkpt lat="39.716752" lon="2.852334"/>
    <trkpt lat="39.716623" lon="2.852547"/>
    <trkpt lat="39.716562" lon="2.852786"/>
    <trkpt lat="39.716505" lon="2.853145"/>
    <trkpt lat="39.716501" lon="2.853522"/>
    <trkpt lat="39.716554" lon="2.853846"/>
    <trkpt lat="39.716597" lon="2.854152"/>
    <trkpt lat="39.716642" lon="2.854399"/>
    <trkpt lat="39.716651" lon="2.854542"/>
    <trkpt lat="39.716657" lon="2.854654"/>
    <trkpt lat="39.716595" lon="2.854910"/>
    <trkpt lat="39.716469" lon="2.855386"/>
    <trkpt lat="39.716372" lon="2.855673"/>
    <trkpt lat="39.716294" lon="2.855819"/>
    <trkpt lat="39.716183" lon="2.855930"/>
    <trkpt lat="39.716028" lon="2.856088"/>
    <trkpt lat="39.715155" lon="2.856765"/>
    <trkpt lat="39.715069" lon="2.856832"/>
    <trkpt lat="39.714959" lon="2.856873"/>
    <trkpt lat="39.713975" lon="2.857081"/>
    <trkpt lat="39.713894" lon="2.857111"/>
    <trkpt lat="39.713760" lon="2.857222"/>
    <trkpt lat="39.713253" lon="2.857803"/>
    <trkpt lat="39.712894" lon="2.858232"/>
    <trkpt lat="39.712826" lon="2.858323"/>
    <trkpt lat="39.712765" lon="2.858426"/>
    <trkpt lat="39.712624" lon="2.858730"/>
    <trkpt lat="39.712022" lon="2.859812"/>
    <trkpt lat="39.711875" lon="2.860028"/>
    <trkpt lat="39.711315" lon="2.860740"/>
    <trkpt lat="39.711232" lon="2.860857"/>
    <trkpt lat="39.711169" lon="2.860915"/>
    <trkpt lat="39.710862" lon="2.861076"/>
    <trkpt lat="39.710822" lon="2.861096"/>
    <trkpt lat="39.710792" lon="2.861030"/>
    <trkpt lat="39.710747" lon="2.860981"/>
    <trkpt lat="39.710692" lon="2.860955"/>
    <trkpt lat="39.710633" lon="2.860955"/>
    <trkpt lat="39.710578" lon="2.860982"/>
    <trkpt lat="39.710533" lon="2.861031"/>
    <trkpt lat="39.710504" lon="2.861098"/>
    <trkpt lat="39.710495" lon="2.861159"/>
    <trkpt lat="39.710499" lon="2.861222"/>
    <trkpt lat="39.710517" lon="2.861280"/>
    <trkpt lat="39.710548" lon="2.861331"/>
    <trkpt lat="39.710589" lon="2.861368"/>
    <trkpt lat="39.710637" lon="2.861387"/>
    <trkpt lat="39.710687" lon="2.861388"/>
    <trkpt lat="39.710736" lon="2.861368"/>
    <trkpt lat="39.710825" lon="2.861380"/>
    <trkpt lat="39.710868" lon="2.861404"/>
    <trkpt lat="39.710913" lon="2.861435"/>
    <trkpt lat="39.710981" lon="2.861469"/>
    <trkpt lat="39.711063" lon="2.861564"/>
    <trkpt lat="39.711189" lon="2.861741"/>
    <trkpt lat="39.711351" lon="2.862013"/>
    <trkpt lat="39.711468" lon="2.862200"/>
    <trkpt lat="39.711576" lon="2.862371"/>
    <trkpt lat="39.711628" lon="2.862458"/>
    <trkpt lat="39.711742" lon="2.862648"/>
    <trkpt lat="39.711832" lon="2.862823"/>
    <trkpt lat="39.711956" lon="2.863062"/>
    <trkpt lat="39.712018" lon="2.863180"/>
    <trkpt lat="39.712089" lon="2.863317"/>
    <trkpt lat="39.712286" lon="2.863642"/>
    <trkpt lat="39.714819" lon="2.866807"/>
    <trkpt lat="39.714862" lon="2.866861"/>
    <trkpt lat="39.715230" lon="2.867350"/>
    <trkpt lat="39.715501" lon="2.867682"/>
    <trkpt lat="39.715583" lon="2.867782"/>
    <trkpt lat="39.716021" lon="2.868344"/>
    <trkpt lat="39.716253" lon="2.868662"/>
    <trkpt lat="39.716456" lon="2.868990"/>
    <trkpt lat="39.716525" lon="2.869120"/>
    <trkpt lat="39.716769" lon="2.869574"/>
    <trkpt lat="39.716793" lon="2.869617"/>
    <trkpt lat="39.717192" lon="2.870216"/>
    <trkpt lat="39.717266" lon="2.870327"/>
    <trkpt lat="39.717751" lon="2.870119"/>
    <trkpt lat="39.717810" lon="2.870088"/>
    <trkpt lat="39.717884" lon="2.870053"/>
    <trkpt lat="39.718354" lon="2.869827"/>
    <trkpt lat="39.718415" lon="2.869798"/>
    <trkpt lat="39.718767" lon="2.869570"/>
    <trkpt lat="39.718811" lon="2.869541"/>
    <trkpt lat="39.718784" lon="2.869471"/>
    <trkpt lat="39.718658" lon="2.869151"/>
    <trkpt lat="39.718478" lon="2.868678"/>
    <trkpt lat="39.718376" lon="2.868410"/>
    <trkpt lat="39.718340" lon="2.868192"/>
    <trkpt lat="39.718192" lon="2.867633"/>
    <trkpt lat="39.718170" lon="2.867548"/>
    <trkpt lat="39.717896" lon="2.866533"/>
    <trkpt lat="39.717829" lon="2.866286"/>
    <trkpt lat="39.717733" lon="2.865929"/>
    <trkpt lat="39.717549" lon="2.865249"/>
    <trkpt lat="39.717472" lon="2.864933"/>
    <trkpt lat="39.717429" lon="2.864729"/>
    <trkpt lat="39.717439" lon="2.864650"/>
    <trkpt lat="39.717373" lon="2.864309"/>
    <trkpt lat="39.717345" lon="2.864141"/>
    <trkpt lat="39.717311" lon="2.863971"/>
    <trkpt lat="39.717294" lon="2.863888"/>
    <trkpt lat="39.717260" lon="2.863703"/>
    <trkpt lat="39.717199" lon="2.863441"/>
    <trkpt lat="39.717179" lon="2.863343"/>
    <trkpt lat="39.717127" lon="2.863085"/>
    <trkpt lat="39.717079" lon="2.862939"/>
    <trkpt lat="39.717014" lon="2.862659"/>
    <trkpt lat="39.716990" lon="2.862560"/>
    <trkpt lat="39.716964" lon="2.862439"/>
    <trkpt lat="39.716916" lon="2.862231"/>
    <trkpt lat="39.716914" lon="2.861963"/>
    <trkpt lat="39.716928" lon="2.861704"/>
    <trkpt lat="39.716940" lon="2.861572"/>
    <trkpt lat="39.716957" lon="2.861173"/>
    <trkpt lat="39.716939" lon="2.861000"/>
    <trkpt lat="39.716909" lon="2.860895"/>
    <trkpt lat="39.716862" lon="2.860765"/>
    <trkpt lat="39.716746" lon="2.860446"/>
    <trkpt lat="39.716615" lon="2.860130"/>
    <trkpt lat="39.716488" lon="2.859869"/>
    <trkpt lat="39.716465" lon="2.859831"/>
    <trkpt lat="39.716119" lon="2.859288"/>
    <trkpt lat="39.716015" lon="2.859186"/>
    <trkpt lat="39.715917" lon="2.859108"/>
    <trkpt lat="39.715821" lon="2.859043"/>
    <trkpt lat="39.715727" lon="2.858934"/>
    <trkpt lat="39.715284" lon="2.858027"/>
    <trkpt lat="39.715084" lon="2.857619"/>
    <trkpt lat="39.715028" lon="2.857494"/>
    <trkpt lat="39.714994" lon="2.857362"/>
    <trkpt lat="39.714974" lon="2.857222"/>
    <trkpt lat="39.714961" lon="2.857090"/>
    <trkpt lat="39.714958" lon="2.856951"/>
    <trkpt lat="39.714959" lon="2.856873"/>
    <trkpt lat="39.713975" lon="2.857081"/>
    <trkpt lat="39.713894" lon="2.857111"/>
    <trkpt lat="39.713760" lon="2.857222"/>
    <trkpt lat="39.713253" lon="2.857803"/>
    <trkpt lat="39.712894" lon="2.858232"/>
    <trkpt lat="39.712826" lon="2.858323"/>
    <trkpt lat="39.712765" lon="2.858426"/>
    <trkpt lat="39.712624" lon="2.858730"/>
    <trkpt lat="39.712022" lon="2.859812"/>
    <trkpt lat="39.711875" lon="2.860028"/>
    <trkpt lat="39.711315" lon="2.860740"/>
    <trkpt lat="39.711232" lon="2.860857"/>
    <trkpt lat="39.711169" lon="2.860915"/>
    <trkpt lat="39.710862" lon="2.861076"/>
    <trkpt lat="39.710822" lon="2.861096"/>
    <trkpt lat="39.710792" lon="2.861030"/>
    <trkpt lat="39.710747" lon="2.860981"/>
    <trkpt lat="39.710692" lon="2.860955"/>
    <trkpt lat="39.710633" lon="2.860955"/>
    <trkpt lat="39.710578" lon="2.860982"/>
    <trkpt lat="39.710533" lon="2.861031"/>
    <trkpt lat="39.710504" lon="2.861098"/>
    <trkpt lat="39.710495" lon="2.861159"/>
    <trkpt lat="39.710499" lon="2.861222"/>
    <trkpt lat="39.710517" lon="2.861280"/>
    <trkpt lat="39.710517" lon="2.861359"/>
    <trkpt lat="39.710503" lon="2.861424"/>
    <trkpt lat="39.710466" lon="2.861501"/>
    <trkpt lat="39.710452" lon="2.861558"/>
    <trkpt lat="39.710325" lon="2.861738"/>
    <trkpt lat="39.710206" lon="2.861912"/>
    <trkpt lat="39.710143" lon="2.862006"/>
    <trkpt lat="39.710059" lon="2.862131"/>
    <trkpt lat="39.709627" lon="2.862771"/>
    <trkpt lat="39.709438" lon="2.863030"/>
    <trkpt lat="39.709291" lon="2.863211"/>
    <trkpt lat="39.709050" lon="2.863471"/>
    <trkpt lat="39.708431" lon="2.864105"/>
    <trkpt lat="39.707697" lon="2.864862"/>
    <trkpt lat="39.707671" lon="2.864888"/>
    <trkpt lat="39.707183" lon="2.865387"/>
    <trkpt lat="39.706268" lon="2.866333"/>
    <trkpt lat="39.705601" lon="2.867019"/>
    <trkpt lat="39.705257" lon="2.867418"/>
    <trkpt lat="39.704252" lon="2.868665"/>
    <trkpt lat="39.702589" lon="2.870711"/>
    <trkpt lat="39.702438" lon="2.870821"/>
    <trkpt lat="39.702384" lon="2.870858"/>
    <trkpt lat="39.702330" lon="2.870853"/>
    <trkpt lat="39.702277" lon="2.870869"/>
    <trkpt lat="39.702230" lon="2.870906"/>
    <trkpt lat="39.702193" lon="2.870964"/>
    <trkpt lat="39.702172" lon="2.871035"/>
    <trkpt lat="39.702170" lon="2.871110"/>
    <trkpt lat="39.702073" lon="2.871248"/>
    <trkpt lat="39.702020" lon="2.871338"/>
    <trkpt lat="39.701500" lon="2.871833"/>
    <trkpt lat="39.701105" lon="2.872175"/>
    <trkpt lat="39.700809" lon="2.872385"/>
    <trkpt lat="39.700576" lon="2.872534"/>
    <trkpt lat="39.700281" lon="2.872688"/>
    <trkpt lat="39.700061" lon="2.872787"/>
    <trkpt lat="39.699753" lon="2.872913"/>
    <trkpt lat="39.699500" lon="2.873004"/>
    <trkpt lat="39.698831" lon="2.873247"/>
    <trkpt lat="39.698685" lon="2.873304"/>
    <trkpt lat="39.698413" lon="2.873422"/>
    <trkpt lat="39.697862" lon="2.873723"/>
    <trkpt lat="39.697701" lon="2.873807"/>
    <trkpt lat="39.697462" lon="2.873913"/>
    <trkpt lat="39.697242" lon="2.873984"/>
    <trkpt lat="39.697099" lon="2.874017"/>
    <trkpt lat="39.696949" lon="2.874035"/>
    <trkpt lat="39.696827" lon="2.874043"/>
    <trkpt lat="39.696656" lon="2.873983"/>
    <trkpt lat="39.696572" lon="2.873954"/>
    <trkpt lat="39.696531" lon="2.873935"/>
    <trkpt lat="39.696487" lon="2.873933"/>
    <trkpt lat="39.696444" lon="2.873948"/>
    <trkpt lat="39.696407" lon="2.873979"/>
    <trkpt lat="39.696379" lon="2.874024"/>
    <trkpt lat="39.696369" lon="2.874050"/>
    <trkpt lat="39.696341" lon="2.874065"/>
    <trkpt lat="39.696194" lon="2.874146"/>
    <trkpt lat="39.696091" lon="2.874202"/>
    <trkpt lat="39.695933" lon="2.874252"/>
    <trkpt lat="39.695705" lon="2.874328"/>
    <trkpt lat="39.695218" lon="2.874498"/>
    <trkpt lat="39.694733" lon="2.874686"/>
    <trkpt lat="39.694378" lon="2.874776"/>
    <trkpt lat="39.694241" lon="2.874796"/>
    <trkpt lat="39.694095" lon="2.874798"/>
    <trkpt lat="39.693955" lon="2.874779"/>
    <trkpt lat="39.693821" lon="2.874745"/>
    <trkpt lat="39.693684" lon="2.874677"/>
    <trkpt lat="39.693548" lon="2.874586"/>
    <trkpt lat="39.693423" lon="2.874476"/>
    <trkpt lat="39.693314" lon="2.874355"/>
    <trkpt lat="39.693061" lon="2.873949"/>
    <trkpt lat="39.692851" lon="2.873500"/>
    <trkpt lat="39.692774" lon="2.873456"/>
    <trkpt lat="39.692662" lon="2.873159"/>
    <trkpt lat="39.692526" lon="2.872806"/>
    <trkpt lat="39.692397" lon="2.872451"/>
    <trkpt lat="39.692262" lon="2.872064"/>
    <trkpt lat="39.692148" lon="2.871718"/>
    <trkpt lat="39.691986" lon="2.871182"/>
    <trkpt lat="39.691830" lon="2.870624"/>
    <trkpt lat="39.691702" lon="2.870138"/>
    <trkpt lat="39.691444" lon="2.869142"/>
    <trkpt lat="39.691200" lon="2.868248"/>
    <trkpt lat="39.691082" lon="2.867847"/>
    <trkpt lat="39.690913" lon="2.867302"/>
    <trkpt lat="39.690680" lon="2.866652"/>
    <trkpt lat="39.690494" lon="2.866162"/>
    <trkpt lat="39.690329" lon="2.865776"/>
    <trkpt lat="39.690045" lon="2.865119"/>
    <trkpt lat="39.689749" lon="2.864535"/>
    <trkpt lat="39.689306" lon="2.863724"/>
    <trkpt lat="39.689113" lon="2.863407"/>
    <trkpt lat="39.688928" lon="2.863101"/>
    <trkpt lat="39.688874" lon="2.863018"/>
    <trkpt lat="39.688398" lon="2.862300"/>
    <trkpt lat="39.687828" lon="2.861567"/>
    <trkpt lat="39.687436" lon="2.861107"/>
    <trkpt lat="39.686953" lon="2.860564"/>
    <trkpt lat="39.686151" lon="2.859720"/>
    <trkpt lat="39.685723" lon="2.859263"/>
    <trkpt lat="39.685308" lon="2.858810"/>
    <trkpt lat="39.684660" lon="2.857983"/>
    <trkpt lat="39.684156" lon="2.857283"/>
    <trkpt lat="39.683667" lon="2.856505"/>
    <trkpt lat="39.683318" lon="2.855898"/>
    <trkpt lat="39.683014" lon="2.855298"/>
    <trkpt lat="39.682887" lon="2.855040"/>
    <trkpt lat="39.682702" lon="2.854667"/>
    <trkpt lat="39.682302" lon="2.853802"/>
    <trkpt lat="39.681494" lon="2.851858"/>
    <trkpt lat="39.680777" lon="2.850097"/>
    <trkpt lat="39.680187" lon="2.848649"/>
    <trkpt lat="39.679647" lon="2.847312"/>
    <trkpt lat="39.679001" lon="2.845727"/>
    <trkpt lat="39.678626" lon="2.844798"/>
    <trkpt lat="39.678341" lon="2.844093"/>
    <trkpt lat="39.677164" lon="2.841196"/>
    <trkpt lat="39.676571" lon="2.839720"/>
    <trkpt lat="39.675958" lon="2.838217"/>
    <trkpt lat="39.675045" lon="2.835964"/>
    <trkpt lat="39.674438" lon="2.834479"/>
    <trkpt lat="39.674177" lon="2.833840"/>
    <trkpt lat="39.673533" lon="2.832348"/>
    <trkpt lat="39.672904" lon="2.831011"/>
    <trkpt lat="39.672518" lon="2.830225"/>
    <trkpt lat="39.672256" lon="2.829736"/>
    <trkpt lat="39.672004" lon="2.829263"/>
    <trkpt lat="39.671508" lon="2.828339"/>
    <trkpt lat="39.671020" lon="2.827494"/>
    <trkpt lat="39.670487" lon="2.826539"/>
    <trkpt lat="39.670142" lon="2.825919"/>
    <trkpt lat="39.669764" lon="2.825244"/>
    <trkpt lat="39.669470" lon="2.824721"/>
    <trkpt lat="39.669317" lon="2.824447"/>
    <trkpt lat="39.668961" lon="2.823830"/>
    <trkpt lat="39.668114" lon="2.822318"/>
    <trkpt lat="39.667717" lon="2.821619"/>
    <trkpt lat="39.667301" lon="2.820879"/>
    <trkpt lat="39.666952" lon="2.820257"/>
    <trkpt lat="39.666176" lon="2.818874"/>
    <trkpt lat="39.664241" lon="2.815412"/>
    <trkpt lat="39.663347" lon="2.813793"/>
    <trkpt lat="39.661329" lon="2.810227"/>
    <trkpt lat="39.660480" lon="2.808776"/>
    <trkpt lat="39.659957" lon="2.807938"/>
    <trkpt lat="39.659437" lon="2.807168"/>
    <trkpt lat="39.658907" lon="2.806386"/>
    <trkpt lat="39.658755" lon="2.806173"/>
    <trkpt lat="39.658551" lon="2.805887"/>
    <trkpt lat="39.658196" lon="2.805390"/>
    <trkpt lat="39.658191" lon="2.805299"/>
    <trkpt lat="39.657892" lon="2.804898"/>
    <trkpt lat="39.657636" lon="2.804482"/>
    <trkpt lat="39.657539" lon="2.804248"/>
    <trkpt lat="39.657296" lon="2.803606"/>
    <trkpt lat="39.657255" lon="2.803506"/>
    <trkpt lat="39.657226" lon="2.803401"/>
    <trkpt lat="39.657192" lon="2.803219"/>
    <trkpt lat="39.657187" lon="2.803196"/>
    <trkpt lat="39.657208" lon="2.803141"/>
    <trkpt lat="39.657217" lon="2.803069"/>
    <trkpt lat="39.657221" lon="2.802998"/>
    <trkpt lat="39.657206" lon="2.802934"/>
    <trkpt lat="39.657253" lon="2.802779"/>
    <trkpt lat="39.657319" lon="2.802645"/>
    <trkpt lat="39.657426" lon="2.802506"/>
    <trkpt lat="39.657686" lon="2.802107"/>
    <trkpt lat="39.658490" lon="2.800988"/>
    <trkpt lat="39.658852" lon="2.800489"/>
    <trkpt lat="39.659203" lon="2.799991"/>
    <trkpt lat="39.659413" lon="2.799727"/>
    <trkpt lat="39.659678" lon="2.799455"/>
    <trkpt lat="39.661439" lon="2.797795"/>
    <trkpt lat="39.661587" lon="2.797711"/>
    <trkpt lat="39.661720" lon="2.797679"/>
    <trkpt lat="39.661749" lon="2.797665"/>
    <trkpt lat="39.661794" lon="2.797670"/>
    <trkpt lat="39.661843" lon="2.797665"/>
    <trkpt lat="39.661881" lon="2.797642"/>
    <trkpt lat="39.661918" lon="2.797602"/>
    <trkpt lat="39.661947" lon="2.797545"/>
    <trkpt lat="39.661953" lon="2.797482"/>
    <trkpt lat="39.661945" lon="2.797421"/>
    <trkpt lat="39.661917" lon="2.797361"/>
    <trkpt lat="39.661879" lon="2.797315"/>
    <trkpt lat="39.661828" lon="2.797293"/>
    <trkpt lat="39.661685" lon="2.797147"/>
    <trkpt lat="39.661541" lon="2.796951"/>
    <trkpt lat="39.660730" lon="2.795323"/>
    <trkpt lat="39.660724" lon="2.795303"/>
    <trkpt lat="39.660148" lon="2.794151"/>
    <trkpt lat="39.660081" lon="2.794016"/>
    <trkpt lat="39.659708" lon="2.793111"/>
    <trkpt lat="39.659479" lon="2.792556"/>
    <trkpt lat="39.659277" lon="2.792073"/>
    <trkpt lat="39.658957" lon="2.791208"/>
    <trkpt lat="39.658705" lon="2.790522"/>
    <trkpt lat="39.658553" lon="2.790129"/>
    <trkpt lat="39.658318" lon="2.789531"/>
    <trkpt lat="39.658268" lon="2.789416"/>
    <trkpt lat="39.658174" lon="2.789199"/>
    <trkpt lat="39.657769" lon="2.788264"/>
    <trkpt lat="39.657201" lon="2.786952"/>
    <trkpt lat="39.656796" lon="2.785994"/>
    <trkpt lat="39.656182" lon="2.784689"/>
    <trkpt lat="39.655945" lon="2.784187"/>
    <trkpt lat="39.655130" lon="2.782681"/>
    <trkpt lat="39.654988" lon="2.782405"/>
    <trkpt lat="39.654935" lon="2.782295"/>
    <trkpt lat="39.654679" lon="2.781713"/>
    <trkpt lat="39.654347" lon="2.780918"/>
    <trkpt lat="39.654233" lon="2.780651"/>
    <trkpt lat="39.653636" lon="2.779248"/>
    <trkpt lat="39.653554" lon="2.779048"/>
    <trkpt lat="39.653547" lon="2.779029"/>
    <trkpt lat="39.653513" lon="2.778947"/>
    <trkpt lat="39.653227" lon="2.778248"/>
    <trkpt lat="39.653151" lon="2.778066"/>
    <trkpt lat="39.653086" lon="2.777896"/>
    <trkpt lat="39.653044" lon="2.777776"/>
    <trkpt lat="39.652989" lon="2.777622"/>
    <trkpt lat="39.652936" lon="2.777484"/>
    <trkpt lat="39.652842" lon="2.777223"/>
    <trkpt lat="39.652785" lon="2.777007"/>
    <trkpt lat="39.652716" lon="2.776751"/>
    <trkpt lat="39.652682" lon="2.776626"/>
    <trkpt lat="39.652674" lon="2.776595"/>
    <trkpt lat="39.652650" lon="2.776479"/>
    <trkpt lat="39.652622" lon="2.776375"/>
    <trkpt lat="39.652598" lon="2.776287"/>
    <trkpt lat="39.652551" lon="2.776114"/>
    <trkpt lat="39.652423" lon="2.775721"/>
    <trkpt lat="39.652247" lon="2.775266"/>
    <trkpt lat="39.652225" lon="2.775208"/>
    <trkpt lat="39.652044" lon="2.774730"/>
    <trkpt lat="39.652025" lon="2.774683"/>
    <trkpt lat="39.651994" lon="2.774592"/>
    <trkpt lat="39.651825" lon="2.774207"/>
    <trkpt lat="39.651793" lon="2.774135"/>
    <trkpt lat="39.651755" lon="2.774052"/>
    <trkpt lat="39.651744" lon="2.774029"/>
    <trkpt lat="39.651566" lon="2.773650"/>
    <trkpt lat="39.651446" lon="2.773476"/>
    <trkpt lat="39.651311" lon="2.773320"/>
    <trkpt lat="39.651285" lon="2.773289"/>
    <trkpt lat="39.651252" lon="2.773230"/>
    <trkpt lat="39.651230" lon="2.773204"/>
    <trkpt lat="39.651177" lon="2.773140"/>
    <trkpt lat="39.651126" lon="2.773149"/>
    <trkpt lat="39.651075" lon="2.773227"/>
    <trkpt lat="39.650842" lon="2.773617"/>
    <trkpt lat="39.650343" lon="2.774398"/>
    <trkpt lat="39.650319" lon="2.774355"/>
    <trkpt lat="39.650091" lon="2.773946"/>
    <trkpt lat="39.650057" lon="2.773887"/>
    <trkpt lat="39.650032" lon="2.773842"/>
    <trkpt lat="39.649990" lon="2.773763"/>
    <trkpt lat="39.650027" lon="2.773729"/>
    <trkpt lat="39.650201" lon="2.773563"/>
    <trkpt lat="39.650231" lon="2.773520"/>
    <trkpt lat="39.650257" lon="2.773482"/>
    <trkpt lat="39.650495" lon="2.773099"/>
    <trkpt lat="39.650531" lon="2.773082"/>
    <trkpt lat="39.650817" lon="2.772866"/>
    <trkpt lat="39.650835" lon="2.772852"/>
    <trkpt lat="39.650884" lon="2.772828"/>
    <trkpt lat="39.650818" lon="2.772709"/>
    <trkpt lat="39.650724" lon="2.772508"/>
    <trkpt lat="39.650653" lon="2.772372"/>
    <trkpt lat="39.650605" lon="2.772281"/>
    <trkpt lat="39.650414" lon="2.771899"/>
    <trkpt lat="39.650355" lon="2.771781"/>
    <trkpt lat="39.650322" lon="2.771712"/>
    <trkpt lat="39.650306" lon="2.771677"/>
    <trkpt lat="39.650102" lon="2.771243"/>
    <trkpt lat="39.650079" lon="2.771196"/>
    <trkpt lat="39.649852" lon="2.770726"/>
    <trkpt lat="39.649573" lon="2.770148"/>
    <trkpt lat="39.649362" lon="2.769777"/>
    <trkpt lat="39.649075" lon="2.769265"/>
    <trkpt lat="39.648861" lon="2.768884"/>
    <trkpt lat="39.648750" lon="2.768687"/>
    <trkpt lat="39.648416" lon="2.768100"/>
    <trkpt lat="39.648368" lon="2.768019"/>
    <trkpt lat="39.648311" lon="2.767911"/>
    <trkpt lat="39.648250" lon="2.767797"/>
    <trkpt lat="39.648223" lon="2.767746"/>
    <trkpt lat="39.648198" lon="2.767697"/>
    <trkpt lat="39.647981" lon="2.767282"/>
    <trkpt lat="39.647850" lon="2.767008"/>
    <trkpt lat="39.647782" lon="2.766821"/>
    <trkpt lat="39.647717" lon="2.766638"/>
    <trkpt lat="39.647634" lon="2.766270"/>
    <trkpt lat="39.647561" lon="2.765869"/>
    <trkpt lat="39.647553" lon="2.765793"/>
    <trkpt lat="39.647544" lon="2.765699"/>
    <trkpt lat="39.647535" lon="2.765518"/>
    <trkpt lat="39.647548" lon="2.765085"/>
    <trkpt lat="39.647551" lon="2.764984"/>
    <trkpt lat="39.647582" lon="2.764444"/>
    <trkpt lat="39.647590" lon="2.764345"/>
    <trkpt lat="39.647607" lon="2.764111"/>
    <trkpt lat="39.647640" lon="2.763784"/>
    <trkpt lat="39.647661" lon="2.763596"/>
    <trkpt lat="39.647690" lon="2.763418"/>
    <trkpt lat="39.647972" lon="2.761867"/>
    <trkpt lat="39.647994" lon="2.761680"/>
    <trkpt lat="39.648016" lon="2.761512"/>
    <trkpt lat="39.648030" lon="2.761332"/>
    <trkpt lat="39.648045" lon="2.760875"/>
    <trkpt lat="39.648066" lon="2.759711"/>
    <trkpt lat="39.648067" lon="2.759624"/>
    <trkpt lat="39.648089" lon="2.758860"/>
    <trkpt lat="39.648124" lon="2.757415"/>
    <trkpt lat="39.648129" lon="2.757214"/>
    <trkpt lat="39.648130" lon="2.757190"/>
    <trkpt lat="39.648143" lon="2.756296"/>
    <trkpt lat="39.648143" lon="2.755965"/>
    <trkpt lat="39.648146" lon="2.755774"/>
    <trkpt lat="39.648187" lon="2.754375"/>
    <trkpt lat="39.648178" lon="2.754055"/>
    <trkpt lat="39.648153" lon="2.753877"/>
    <trkpt lat="39.648127" lon="2.753704"/>
    <trkpt lat="39.648085" lon="2.753532"/>
    <trkpt lat="39.647991" lon="2.753186"/>
    <trkpt lat="39.646896" lon="2.750499"/>
    <trkpt lat="39.646087" lon="2.748513"/>
    <trkpt lat="39.645607" lon="2.747365"/>
    <trkpt lat="39.645277" lon="2.746558"/>
    <trkpt lat="39.645075" lon="2.746075"/>
    <trkpt lat="39.644928" lon="2.745798"/>
    <trkpt lat="39.644780" lon="2.745579"/>
    <trkpt lat="39.644609" lon="2.745374"/>
    <trkpt lat="39.644399" lon="2.745175"/>
    <trkpt lat="39.644177" lon="2.744999"/>
    <trkpt lat="39.643730" lon="2.744644"/>
    <trkpt lat="39.643118" lon="2.744165"/>
    <trkpt lat="39.642794" lon="2.743929"/>
    <trkpt lat="39.642438" lon="2.743716"/>
    <trkpt lat="39.642082" lon="2.743523"/>
    <trkpt lat="39.640828" lon="2.742850"/>
    <trkpt lat="39.637787" lon="2.741232"/>
    <trkpt lat="39.636734" lon="2.740648"/>
    <trkpt lat="39.636559" lon="2.740557"/>
    <trkpt lat="39.635623" lon="2.740031"/>
    <trkpt lat="39.635095" lon="2.739695"/>
    <trkpt lat="39.634441" lon="2.739289"/>
    <trkpt lat="39.634139" lon="2.739110"/>
    <trkpt lat="39.634092" lon="2.739084"/>
    <trkpt lat="39.633886" lon="2.738957"/>
    <trkpt lat="39.633608" lon="2.738780"/>
    <trkpt lat="39.633133" lon="2.738492"/>
    <trkpt lat="39.632558" lon="2.738143"/>
    <trkpt lat="39.632217" lon="2.737951"/>
    <trkpt lat="39.631624" lon="2.737585"/>
    <trkpt lat="39.631579" lon="2.737548"/>
    <trkpt lat="39.631544" lon="2.737509"/>
    <trkpt lat="39.631522" lon="2.737464"/>
    <trkpt lat="39.631508" lon="2.737418"/>
    <trkpt lat="39.631498" lon="2.737383"/>
    <trkpt lat="39.631490" lon="2.737356"/>
    <trkpt lat="39.631456" lon="2.737293"/>
    <trkpt lat="39.631432" lon="2.737265"/>
    <trkpt lat="39.631402" lon="2.737239"/>
    <trkpt lat="39.631368" lon="2.737220"/>
    <trkpt lat="39.631336" lon="2.737208"/>
    <trkpt lat="39.631291" lon="2.737202"/>
    <trkpt lat="39.631262" lon="2.737206"/>
    <trkpt lat="39.631228" lon="2.737215"/>
    <trkpt lat="39.631171" lon="2.737202"/>
    <trkpt lat="39.631135" lon="2.737186"/>
    <trkpt lat="39.631097" lon="2.737155"/>
    <trkpt lat="39.631059" lon="2.737120"/>
    <trkpt lat="39.630988" lon="2.737034"/>
    <trkpt lat="39.630826" lon="2.736858"/>
    <trkpt lat="39.630739" lon="2.736751"/>
    <trkpt lat="39.630677" lon="2.736663"/>
    <trkpt lat="39.630571" lon="2.736503"/>
    <trkpt lat="39.630500" lon="2.736384"/>
    <trkpt lat="39.630396" lon="2.736194"/>
    <trkpt lat="39.630300" lon="2.735985"/>
    <trkpt lat="39.630211" lon="2.735768"/>
    <trkpt lat="39.630134" lon="2.735542"/>
    <trkpt lat="39.630097" lon="2.735408"/>
    <trkpt lat="39.630067" lon="2.735241"/>
    <trkpt lat="39.630044" lon="2.735075"/>
    <trkpt lat="39.630000" lon="2.734695"/>
    <trkpt lat="39.630002" lon="2.734226"/>
    <trkpt lat="39.630003" lon="2.733900"/>
    <trkpt lat="39.630005" lon="2.733112"/>
    <trkpt lat="39.630000" lon="2.731564"/>
    <trkpt lat="39.630003" lon="2.730978"/>
    <trkpt lat="39.630010" lon="2.730381"/>
    <trkpt lat="39.630012" lon="2.729798"/>
    <trkpt lat="39.630017" lon="2.729202"/>
    <trkpt lat="39.630018" lon="2.728610"/>
    <trkpt lat="39.630023" lon="2.728013"/>
    <trkpt lat="39.630024" lon="2.727422"/>
    <trkpt lat="39.630027" lon="2.726827"/>
    <trkpt lat="39.630027" lon="2.726430"/>
    <trkpt lat="39.630022" lon="2.726033"/>
    <trkpt lat="39.630015" lon="2.725637"/>
    <trkpt lat="39.630006" lon="2.725241"/>
    <trkpt lat="39.629989" lon="2.724850"/>
    <trkpt lat="39.629965" lon="2.724452"/>
    <trkpt lat="39.629939" lon="2.724059"/>
    <trkpt lat="39.629907" lon="2.723664"/>
    <trkpt lat="39.629863" lon="2.723271"/>
    <trkpt lat="39.629814" lon="2.722879"/>
    <trkpt lat="39.629687" lon="2.722101"/>
    <trkpt lat="39.629608" lon="2.721717"/>
    <trkpt lat="39.629545" lon="2.721438"/>
    <trkpt lat="39.629476" lon="2.721149"/>
    <trkpt lat="39.629378" lon="2.720774"/>
    <trkpt lat="39.629269" lon="2.720399"/>
    <trkpt lat="39.629153" lon="2.720032"/>
    <trkpt lat="39.629024" lon="2.719668"/>
    <trkpt lat="39.628892" lon="2.719319"/>
    <trkpt lat="39.628673" lon="2.718801"/>
    <trkpt lat="39.628522" lon="2.718461"/>
    <trkpt lat="39.628358" lon="2.718128"/>
    <trkpt lat="39.628183" lon="2.717796"/>
    <trkpt lat="39.628011" lon="2.717480"/>
    <trkpt lat="39.627824" lon="2.717166"/>
    <trkpt lat="39.627629" lon="2.716859"/>
    <trkpt lat="39.627430" lon="2.716565"/>
    <trkpt lat="39.627224" lon="2.716273"/>
    <trkpt lat="39.627010" lon="2.715990"/>
    <trkpt lat="39.626680" lon="2.715575"/>
    <trkpt lat="39.626413" lon="2.715246"/>
    <trkpt lat="39.626113" lon="2.714905"/>
    <trkpt lat="39.625888" lon="2.714649"/>
    <trkpt lat="39.625658" lon="2.714394"/>
    <trkpt lat="39.625429" lon="2.714143"/>
    <trkpt lat="39.624962" lon="2.713626"/>
    <trkpt lat="39.624276" lon="2.712860"/>
    <trkpt lat="39.623935" lon="2.712467"/>
    <trkpt lat="39.623593" lon="2.712074"/>
    <trkpt lat="39.623367" lon="2.711805"/>
    <trkpt lat="39.623031" lon="2.711412"/>
    <trkpt lat="39.622699" lon="2.711005"/>
    <trkpt lat="39.622368" lon="2.710595"/>
    <trkpt lat="39.622089" lon="2.710245"/>
    <trkpt lat="39.621934" lon="2.710055"/>
    <trkpt lat="39.621715" lon="2.709777"/>
    <trkpt lat="39.621492" lon="2.709492"/>
    <trkpt lat="39.621280" lon="2.709219"/>
    <trkpt lat="39.621065" lon="2.708931"/>
    <trkpt lat="39.620857" lon="2.708652"/>
    <trkpt lat="39.620645" lon="2.708373"/>
    <trkpt lat="39.620432" lon="2.708083"/>
    <trkpt lat="39.620226" lon="2.707799"/>
    <trkpt lat="39.619915" lon="2.707370"/>
    <trkpt lat="39.619703" lon="2.707072"/>
    <trkpt lat="39.619500" lon="2.706785"/>
    <trkpt lat="39.619293" lon="2.706492"/>
    <trkpt lat="39.619090" lon="2.706192"/>
    <trkpt lat="39.618892" lon="2.705901"/>
    <trkpt lat="39.618493" lon="2.705306"/>
    <trkpt lat="39.618098" lon="2.704708"/>
    <trkpt lat="39.617901" lon="2.704405"/>
    <trkpt lat="39.617610" lon="2.703948"/>
    <trkpt lat="39.617221" lon="2.703330"/>
    <trkpt lat="39.617031" lon="2.703028"/>
    <trkpt lat="39.616650" lon="2.702410"/>
    <trkpt lat="39.616265" lon="2.701785"/>
    <trkpt lat="39.615056" lon="2.699808"/>
    <trkpt lat="39.613921" lon="2.697979"/>
    <trkpt lat="39.613408" lon="2.697144"/>
    <trkpt lat="39.612748" lon="2.696073"/>
    <trkpt lat="39.611840" lon="2.694599"/>
    <trkpt lat="39.611104" lon="2.693406"/>
    <trkpt lat="39.610283" lon="2.692069"/>
    <trkpt lat="39.609467" lon="2.690743"/>
    <trkpt lat="39.608825" lon="2.689701"/>
    <trkpt lat="39.607928" lon="2.688246"/>
    <trkpt lat="39.607887" lon="2.688180"/>
    <trkpt lat="39.607546" lon="2.687626"/>
    <trkpt lat="39.606904" lon="2.686582"/>
    <trkpt lat="39.606425" lon="2.685809"/>
    <trkpt lat="39.606084" lon="2.685258"/>
    <trkpt lat="39.605900" lon="2.684956"/>
    <trkpt lat="39.605715" lon="2.684658"/>
    <trkpt lat="39.605531" lon="2.684359"/>
    <trkpt lat="39.605357" lon="2.684074"/>
    <trkpt lat="39.604261" lon="2.682293"/>
    <trkpt lat="39.603717" lon="2.681413"/>
    <trkpt lat="39.603352" lon="2.680820"/>
    <trkpt lat="39.603172" lon="2.680528"/>
    <trkpt lat="39.602806" lon="2.679933"/>
    <trkpt lat="39.602515" lon="2.679503"/>
    <trkpt lat="39.602206" lon="2.679039"/>
    <trkpt lat="39.602138" lon="2.678937"/>
    <trkpt lat="39.601939" lon="2.678653"/>
    <trkpt lat="39.601723" lon="2.678351"/>
    <trkpt lat="39.601445" lon="2.677968"/>
    <trkpt lat="39.601129" lon="2.677546"/>
    <trkpt lat="39.600821" lon="2.677162"/>
    <trkpt lat="39.600492" lon="2.676769"/>
    <trkpt lat="39.600176" lon="2.676406"/>
    <trkpt lat="39.599856" lon="2.676064"/>
    <trkpt lat="39.599600" lon="2.675802"/>
    <trkpt lat="39.599367" lon="2.675578"/>
    <trkpt lat="39.599130" lon="2.675360"/>
    <trkpt lat="39.598985" lon="2.675232"/>
    <trkpt lat="39.598760" lon="2.675040"/>
    <trkpt lat="39.598518" lon="2.674843"/>
    <trkpt lat="39.598265" lon="2.674646"/>
    <trkpt lat="39.597984" lon="2.674440"/>
    <trkpt lat="39.597623" lon="2.674189"/>
    <trkpt lat="39.597228" lon="2.673941"/>
    <trkpt lat="39.596961" lon="2.673786"/>
    <trkpt lat="39.596692" lon="2.673640"/>
    <trkpt lat="39.596420" lon="2.673496"/>
    <trkpt lat="39.596140" lon="2.673365"/>
    <trkpt lat="39.595869" lon="2.673238"/>
    <trkpt lat="39.595591" lon="2.673123"/>
    <trkpt lat="39.595309" lon="2.673017"/>
    <trkpt lat="39.595023" lon="2.672918"/>
    <trkpt lat="39.594745" lon="2.672832"/>
    <trkpt lat="39.594731" lon="2.672828"/>
    <trkpt lat="39.594460" lon="2.672747"/>
    <trkpt lat="39.594179" lon="2.672663"/>
    <trkpt lat="39.593802" lon="2.672551"/>
    <trkpt lat="39.593297" lon="2.672401"/>
    <trkpt lat="39.593029" lon="2.672216"/>
    <trkpt lat="39.592962" lon="2.672163"/>
    <trkpt lat="39.592912" lon="2.672121"/>
    <trkpt lat="39.592865" lon="2.672078"/>
    <trkpt lat="39.592820" lon="2.672029"/>
    <trkpt lat="39.592766" lon="2.671961"/>
    <trkpt lat="39.592719" lon="2.671888"/>
    <trkpt lat="39.592674" lon="2.671811"/>
    <trkpt lat="39.592634" lon="2.671722"/>
    <trkpt lat="39.592606" lon="2.671647"/>
    <trkpt lat="39.592584" lon="2.671573"/>
    <trkpt lat="39.592567" lon="2.671496"/>
    <trkpt lat="39.592555" lon="2.671400"/>
    <trkpt lat="39.592550" lon="2.671313"/>
    <trkpt lat="39.592550" lon="2.671242"/>
    <trkpt lat="39.592553" lon="2.671169"/>
    <trkpt lat="39.592561" lon="2.671100"/>
    <trkpt lat="39.592574" lon="2.671014"/>
    <trkpt lat="39.592654" lon="2.670645"/>
    <trkpt lat="39.592837" lon="2.670041"/>
    <trkpt lat="39.592861" lon="2.669959"/>
    <trkpt lat="39.592890" lon="2.669876"/>
    <trkpt lat="39.592910" lon="2.669842"/>
    <trkpt lat="39.592950" lon="2.669782"/>
    <trkpt lat="39.592982" lon="2.669745"/>
    <trkpt lat="39.593048" lon="2.669706"/>
    <trkpt lat="39.593093" lon="2.669682"/>
    <trkpt lat="39.593133" lon="2.669648"/>
    <trkpt lat="39.593178" lon="2.669587"/>
    <trkpt lat="39.593209" lon="2.669512"/>
    <trkpt lat="39.593224" lon="2.669429"/>
    <trkpt lat="39.593222" lon="2.669344"/>
    <trkpt lat="39.593203" lon="2.669263"/>
    <trkpt lat="39.593160" lon="2.669180"/>
    <trkpt lat="39.593101" lon="2.669117"/>
    <trkpt lat="39.593029" lon="2.669081"/>
    <trkpt lat="39.592952" lon="2.669075"/>
    <trkpt lat="39.592927" lon="2.669080"/>
    <trkpt lat="39.592866" lon="2.669064"/>
    <trkpt lat="39.592796" lon="2.669034"/>
    <trkpt lat="39.592636" lon="2.668943"/>
    <trkpt lat="39.592537" lon="2.668877"/>
    <trkpt lat="39.592301" lon="2.668640"/>
    <trkpt lat="39.591776" lon="2.668130"/>
    <trkpt lat="39.591084" lon="2.667535"/>
    <trkpt lat="39.590877" lon="2.667355"/>
    <trkpt lat="39.590806" lon="2.667296"/>
    <trkpt lat="39.590187" lon="2.666789"/>
    <trkpt lat="39.589904" lon="2.666557"/>
    <trkpt lat="39.589783" lon="2.666458"/>
    <trkpt lat="39.589648" lon="2.666365"/>
    <trkpt lat="39.589313" lon="2.666133"/>
    <trkpt lat="39.589262" lon="2.666093"/>
    <trkpt lat="39.588857" lon="2.665780"/>
    <trkpt lat="39.588339" lon="2.665351"/>
    <trkpt lat="39.588211" lon="2.665239"/>
    <trkpt lat="39.587841" lon="2.664867"/>
    <trkpt lat="39.587551" lon="2.664538"/>
    <trkpt lat="39.587155" lon="2.664070"/>
    <trkpt lat="39.586992" lon="2.663863"/>
    <trkpt lat="39.586930" lon="2.663784"/>
    <trkpt lat="39.586867" lon="2.663707"/>
    <trkpt lat="39.586587" lon="2.663358"/>
    <trkpt lat="39.586255" lon="2.662975"/>
    <trkpt lat="39.586073" lon="2.662765"/>
    <trkpt lat="39.585966" lon="2.662666"/>
    <trkpt lat="39.585836" lon="2.662591"/>
    <trkpt lat="39.585666" lon="2.662552"/>
    <trkpt lat="39.585070" lon="2.662560"/>
    <trkpt lat="39.584686" lon="2.662562"/>
    <trkpt lat="39.584479" lon="2.662564"/>
    <trkpt lat="39.584397" lon="2.662542"/>
    <trkpt lat="39.583941" lon="2.662131"/>
    <trkpt lat="39.583670" lon="2.661888"/>
    <trkpt lat="39.583310" lon="2.661564"/>
    <trkpt lat="39.582537" lon="2.660868"/>
    <trkpt lat="39.582466" lon="2.660697"/>
    <trkpt lat="39.582353" lon="2.660588"/>
    <trkpt lat="39.582151" lon="2.660411"/>
    <trkpt lat="39.581581" lon="2.659903"/>
    <trkpt lat="39.580981" lon="2.659348"/>
    <trkpt lat="39.580173" lon="2.658624"/>
    <trkpt lat="39.580118" lon="2.658572"/>
    <trkpt lat="39.579605" lon="2.658090"/>
    <trkpt lat="39.579371" lon="2.657865"/>
    <trkpt lat="39.579345" lon="2.657908"/>
    <trkpt lat="39.579308" lon="2.657963"/>
    <trkpt lat="39.579000" lon="2.658326"/>
    <trkpt lat="39.578920" lon="2.658418"/>
    <trkpt lat="39.578901" lon="2.658441"/>
    <trkpt lat="39.578496" lon="2.658913"/>
    <trkpt lat="39.578444" lon="2.658841"/>
    <trkpt lat="39.578308" lon="2.658603"/>
    <trkpt lat="39.578187" lon="2.658439"/>
    <trkpt lat="39.577618" lon="2.657669"/>
    <trkpt lat="39.576990" lon="2.656787"/>
    <trkpt lat="39.576606" lon="2.656231"/>
    <trkpt lat="39.576477" lon="2.656045"/>
    <trkpt lat="39.576404" lon="2.655945"/>
    <trkpt lat="39.576372" lon="2.655770"/>
    <trkpt lat="39.576140" lon="2.655437"/>
    <trkpt lat="39.576024" lon="2.655272"/>
  </trkseg></trk>
</gpx>
