<?xml version="1.0" encoding="UTF-8"?>
<gpx version="1.1" creator="top-gas" xmlns="http://www.topografix.com/GPX/1/1" xmlns:xsi="http://www.w3.org/2001/XMLSchema-instance" xsi:schemaLocation="http://www.topografix.com/GPX/1/1 http://www.topografix.com/GPX/1/1/gpx.xsd">
  <metadata><name>11 · Ma-10 completa: Andratx – Pollença (Difícil)</name><desc>La carretera de la Serra de Tramuntana entera: Estellencs, Banyalbufar, Deià, Sóller, Puig Major, Lluc y Pollença. Jornada completa, regreso por Inca. Dificultad: Difícil. Distancia aprox.: 206 km.</desc><keywords>moto, mallorca, difícil</keywords></metadata>
  <wpt lat="39.576000" lon="2.655300"><name>Palma (Plaça d'Espanya)</name></wpt>
  <wpt lat="39.575600" lon="2.420600"><name>Andratx</name></wpt>
  <wpt lat="39.653600" lon="2.480000"><name>Estellencs</name></wpt>
  <wpt lat="39.687800" lon="2.514700"><name>Banyalbufar</name></wpt>
  <wpt lat="39.710800" lon="2.622500"><name>Valldemossa</name></wpt>
  <wpt lat="39.748100" lon="2.649200"><name>Deià</name></wpt>
  <wpt lat="39.766700" lon="2.715000"><name>Sóller</name></wpt>
  <wpt lat="39.788000" lon="2.800000"><name>Embalse de Cúber</name></wpt>
  <wpt lat="39.821700" lon="2.884700"><name>Santuari de Lluc</name></wpt>
  <wpt lat="39.877200" lon="3.016100"><name>Pollença</name></wpt>
  <wpt lat="39.721100" lon="2.911100"><name>Inca</name></wpt>
  <wpt lat="39.687200" lon="2.843900"><name>Binissalem</name></wpt>
  <wpt lat="39.650300" lon="2.773600"><name>Santa Maria del Camí</name></wpt>
  <trk><name>11 · Ma-10 completa: Andratx – Pollença (Difícil)</name><desc>La carretera de la Serra de Tramuntana entera: Estellencs, Banyalbufar, Deià, Sóller, Puig Major, Lluc y Pollença. Jornada completa, regreso por Inca. Dificultad: Difícil. Distancia aprox.: 206 km.</desc><type>Moto</type><trkseg>
    <trkpt lat="39.576024" lon="2.655272"/>
    <trkpt lat="39.575429" lon="2.654423"/>
    <trkpt lat="39.575697" lon="2.654084"/>
    <trkpt lat="39.575734" lon="2.654057"/>
    <trkpt lat="39.575900" lon="2.653860"/>
    <trkpt lat="39.575926" lon="2.653835"/>
    <trkpt lat="39.575951" lon="2.653820"/>
    <trkpt lat="39.575996" lon="2.653802"/>
    <trkpt lat="39.576082" lon="2.653788"/>
    <trkpt lat="39.576092" lon="2.653774"/>
    <trkpt lat="39.576237" lon="2.653617"/>
    <trkpt lat="39.576267" lon="2.653590"/>
    <trkpt lat="39.576335" lon="2.653538"/>
    <trkpt lat="39.576487" lon="2.653436"/>
    <trkpt lat="39.576799" lon="2.653225"/>
    <trkpt lat="39.577293" lon="2.652892"/>
    <trkpt lat="39.577401" lon="2.652692"/>
    <trkpt lat="39.577417" lon="2.652645"/>
    <trkpt lat="39.577513" lon="2.652359"/>
    <trkpt lat="39.577600" lon="2.652104"/>
    <trkpt lat="39.577833" lon="2.651426"/>
    <trkpt lat="39.577850" lon="2.651385"/>
    <trkpt lat="39.577993" lon="2.650945"/>
    <trkpt lat="39.578045" lon="2.650789"/>
    <trkpt lat="39.578317" lon="2.649982"/>
    <trkpt lat="39.578527" lon="2.649336"/>
    <trkpt lat="39.578585" lon="2.649171"/>
    <trkpt lat="39.578607" lon="2.649105"/>
    <trkpt lat="39.578613" lon="2.649049"/>
    <trkpt lat="39.578600" lon="2.648930"/>
    <trkpt lat="39.578564" lon="2.648832"/>
    <trkpt lat="39.578560" lon="2.648818"/>
    <trkpt lat="39.578526" lon="2.648758"/>
    <trkpt lat="39.578407" lon="2.648623"/>
    <trkpt lat="39.578017" lon="2.648215"/>
    <trkpt lat="39.577868" lon="2.648059"/>
    <trkpt lat="39.577319" lon="2.647513"/>
    <trkpt lat="39.577175" lon="2.647360"/>
    <trkpt lat="39.576907" lon="2.647112"/>
    <trkpt lat="39.576892" lon="2.647098"/>
    <trkpt lat="39.576825" lon="2.647035"/>
    <trkpt lat="39.576608" lon="2.646773"/>
    <trkpt lat="39.576473" lon="2.646591"/>
    <trkpt lat="39.576433" lon="2.646535"/>
    <trkpt lat="39.576421" lon="2.646493"/>
    <trkpt lat="39.576391" lon="2.646384"/>
    <trkpt lat="39.576353" lon="2.645604"/>
    <trkpt lat="39.576303" lon="2.644597"/>
    <trkpt lat="39.576296" lon="2.644475"/>
    <trkpt lat="39.576290" lon="2.644389"/>
    <trkpt lat="39.576274" lon="2.644134"/>
    <trkpt lat="39.576272" lon="2.644109"/>
    <trkpt lat="39.576263" lon="2.643960"/>
    <trkpt lat="39.576255" lon="2.643826"/>
    <trkpt lat="39.576244" lon="2.643659"/>
    <trkpt lat="39.576225" lon="2.643453"/>
    <trkpt lat="39.576144" lon="2.643237"/>
    <trkpt lat="39.575800" lon="2.642693"/>
    <trkpt lat="39.575569" lon="2.642303"/>
    <trkpt lat="39.575543" lon="2.642265"/>
    <trkpt lat="39.575356" lon="2.641952"/>
    <trkpt lat="39.575136" lon="2.641578"/>
    <trkpt lat="39.575112" lon="2.641539"/>
    <trkpt lat="39.574933" lon="2.641242"/>
    <trkpt lat="39.574752" lon="2.640938"/>
    <trkpt lat="39.574624" lon="2.640722"/>
    <trkpt lat="39.574238" lon="2.640098"/>
    <trkpt lat="39.573960" lon="2.639647"/>
    <trkpt lat="39.573912" lon="2.639566"/>
    <trkpt lat="39.573863" lon="2.639472"/>
    <trkpt lat="39.573830" lon="2.639407"/>
    <trkpt lat="39.573653" lon="2.639070"/>
    <trkpt lat="39.573561" lon="2.638890"/>
    <trkpt lat="39.573458" lon="2.638700"/>
    <trkpt lat="39.573115" lon="2.638129"/>
    <trkpt lat="39.573061" lon="2.638034"/>
    <trkpt lat="39.572902" lon="2.637759"/>
    <trkpt lat="39.572696" lon="2.637406"/>
    <trkpt lat="39.572675" lon="2.637368"/>
    <trkpt lat="39.572397" lon="2.636910"/>
    <trkpt lat="39.572327" lon="2.636786"/>
    <trkpt lat="39.572238" lon="2.636636"/>
    <trkpt lat="39.572173" lon="2.636533"/>
    <trkpt lat="39.572055" lon="2.636335"/>
    <trkpt lat="39.571978" lon="2.636202"/>
    <trkpt lat="39.571775" lon="2.635855"/>
    <trkpt lat="39.571748" lon="2.635810"/>
    <trkpt lat="39.571637" lon="2.635615"/>
    <trkpt lat="39.571582" lon="2.635520"/>
    <trkpt lat="39.571169" lon="2.634816"/>
    <trkpt lat="39.571014" lon="2.634562"/>
    <trkpt lat="39.570531" lon="2.633727"/>
    <trkpt lat="39.570408" lon="2.633516"/>
    <trkpt lat="39.570276" lon="2.633289"/>
    <trkpt lat="39.570136" lon="2.633047"/>
    <trkpt lat="39.570066" lon="2.632926"/>
    <trkpt lat="39.570026" lon="2.632867"/>
    <trkpt lat="39.569986" lon="2.632791"/>
    <trkpt lat="39.569968" lon="2.632757"/>
    <trkpt lat="39.569753" lon="2.632394"/>
    <trkpt lat="39.569470" lon="2.631877"/>
    <trkpt lat="39.569197" lon="2.631396"/>
    <trkpt lat="39.569115" lon="2.631244"/>
    <trkpt lat="39.568929" lon="2.630921"/>
    <trkpt lat="39.568593" lon="2.630228"/>
    <trkpt lat="39.568296" lon="2.629608"/>
    <trkpt lat="39.568014" lon="2.629048"/>
    <trkpt lat="39.567989" lon="2.628883"/>
    <trkpt lat="39.567947" lon="2.628704"/>
    <trkpt lat="39.567860" lon="2.628414"/>
    <trkpt lat="39.567820" lon="2.628281"/>
    <trkpt lat="39.567801" lon="2.628229"/>
    <trkpt lat="39.567754" lon="2.628102"/>
    <trkpt lat="39.567707" lon="2.627977"/>
    <trkpt lat="39.567571" lon="2.627728"/>
    <trkpt lat="39.567429" lon="2.627516"/>
    <trkpt lat="39.567353" lon="2.627423"/>
    <trkpt lat="39.567270" lon="2.627335"/>
    <trkpt lat="39.567149" lon="2.627218"/>
    <trkpt lat="39.567001" lon="2.627106"/>
    <trkpt lat="39.566903" lon="2.627058"/>
    <trkpt lat="39.566786" lon="2.627019"/>
    <trkpt lat="39.566414" lon="2.626885"/>
    <trkpt lat="39.565727" lon="2.626637"/>
    <trkpt lat="39.565595" lon="2.626596"/>
    <trkpt lat="39.565492" lon="2.626541"/>
    <trkpt lat="39.565318" lon="2.626480"/>
    <trkpt lat="39.564965" lon="2.626342"/>
    <trkpt lat="39.564912" lon="2.626328"/>
    <trkpt lat="39.564267" lon="2.626121"/>
    <trkpt lat="39.563399" lon="2.625814"/>
    <trkpt lat="39.563153" lon="2.625714"/>
    <trkpt lat="39.563090" lon="2.625688"/>
    <trkpt lat="39.562967" lon="2.625640"/>
    <trkpt lat="39.562841" lon="2.625590"/>
    <trkpt lat="39.561926" lon="2.625209"/>
    <trkpt lat="39.561633" lon="2.625080"/>
    <trkpt lat="39.560990" lon="2.624824"/>
    <trkpt lat="39.560931" lon="2.624800"/>
    <trkpt lat="39.560567" lon="2.624649"/>
    <trkpt lat="39.560450" lon="2.624598"/>
    <trkpt lat="39.560012" lon="2.624415"/>
    <trkpt lat="39.559829" lon="2.624340"/>
    <trkpt lat="39.559746" lon="2.624298"/>
    <trkpt lat="39.559641" lon="2.624259"/>
    <trkpt lat="39.559553" lon="2.624235"/>
    <trkpt lat="39.559449" lon="2.624233"/>
    <trkpt lat="39.558970" lon="2.624327"/>
    <trkpt lat="39.558960" lon="2.624329"/>
    <trkpt lat="39.558468" lon="2.624430"/>
    <trkpt lat="39.558277" lon="2.624463"/>
    <trkpt lat="39.558164" lon="2.624481"/>
    <trkpt lat="39.558136" lon="2.624481"/>
    <trkpt lat="39.558107" lon="2.624474"/>
    <trkpt lat="39.558079" lon="2.624461"/>
    <trkpt lat="39.558051" lon="2.624438"/>
    <trkpt lat="39.558017" lon="2.624401"/>
    <trkpt lat="39.557991" lon="2.624341"/>
    <trkpt lat="39.557984" lon="2.624303"/>
    <trkpt lat="39.557977" lon="2.624255"/>
    <trkpt lat="39.557972" lon="2.624148"/>
    <trkpt lat="39.558003" lon="2.623487"/>
    <trkpt lat="39.558010" lon="2.623313"/>
    <trkpt lat="39.558011" lon="2.623235"/>
    <trkpt lat="39.558005" lon="2.623190"/>
    <trkpt lat="39.557998" lon="2.623146"/>
    <trkpt lat="39.557985" lon="2.623090"/>
    <trkpt lat="39.557960" lon="2.623032"/>
    <trkpt lat="39.557932" lon="2.622984"/>
    <trkpt lat="39.557895" lon="2.622937"/>
    <trkpt lat="39.557861" lon="2.622909"/>
    <trkpt lat="39.557824" lon="2.622885"/>
    <trkpt lat="39.557785" lon="2.622867"/>
    <trkpt lat="39.557718" lon="2.622847"/>
    <trkpt lat="39.557708" lon="2.622848"/>
    <trkpt lat="39.557676" lon="2.622846"/>
    <trkpt lat="39.557642" lon="2.622845"/>
    <trkpt lat="39.557604" lon="2.622855"/>
    <trkpt lat="39.557538" lon="2.622880"/>
    <trkpt lat="39.557496" lon="2.622900"/>
    <trkpt lat="39.557313" lon="2.622983"/>
    <trkpt lat="39.557176" lon="2.623047"/>
    <trkpt lat="39.557094" lon="2.623080"/>
    <trkpt lat="39.557040" lon="2.623098"/>
    <trkpt lat="39.556976" lon="2.623113"/>
    <trkpt lat="39.556910" lon="2.623120"/>
    <trkpt lat="39.556843" lon="2.623123"/>
    <trkpt lat="39.556776" lon="2.623118"/>
    <trkpt lat="39.556697" lon="2.623107"/>
    <trkpt lat="39.556614" lon="2.623089"/>
    <trkpt lat="39.556533" lon="2.623081"/>
    <trkpt lat="39.556492" lon="2.623080"/>
    <trkpt lat="39.556451" lon="2.623084"/>
    <trkpt lat="39.556390" lon="2.623099"/>
    <trkpt lat="39.556329" lon="2.623130"/>
    <trkpt lat="39.555927" lon="2.623374"/>
    <trkpt lat="39.555833" lon="2.623424"/>
    <trkpt lat="39.555756" lon="2.623452"/>
    <trkpt lat="39.555691" lon="2.623470"/>
    <trkpt lat="39.555619" lon="2.623485"/>
    <trkpt lat="39.555541" lon="2.623493"/>
    <trkpt lat="39.555462" lon="2.623486"/>
    <trkpt lat="39.555304" lon="2.623463"/>
    <trkpt lat="39.555177" lon="2.623420"/>
    <trkpt lat="39.555054" lon="2.623364"/>
    <trkpt lat="39.554866" lon="2.623275"/>
    <trkpt lat="39.554807" lon="2.623249"/>
    <trkpt lat="39.554035" lon="2.622912"/>
    <trkpt lat="39.553543" lon="2.622689"/>
    <trkpt lat="39.553445" lon="2.622643"/>
    <trkpt lat="39.553388" lon="2.622605"/>
    <trkpt lat="39.553325" lon="2.622563"/>
    <trkpt lat="39.553118" lon="2.622352"/>
    <trkpt lat="39.553066" lon="2.622295"/>
    <trkpt lat="39.552977" lon="2.622200"/>
    <trkpt lat="39.552794" lon="2.622005"/>
    <trkpt lat="39.552524" lon="2.621717"/>
    <trkpt lat="39.552431" lon="2.621618"/>
    <trkpt lat="39.552321" lon="2.621499"/>
    <trkpt lat="39.552197" lon="2.621363"/>
    <trkpt lat="39.552135" lon="2.621296"/>
    <trkpt lat="39.552060" lon="2.621196"/>
    <trkpt lat="39.551943" lon="2.621021"/>
    <trkpt lat="39.551941" lon="2.621018"/>
    <trkpt lat="39.551884" lon="2.620923"/>
    <trkpt lat="39.551837" lon="2.620837"/>
    <trkpt lat="39.551786" lon="2.620735"/>
    <trkpt lat="39.551747" lon="2.620648"/>
    <trkpt lat="39.551713" lon="2.620557"/>
    <trkpt lat="39.551702" lon="2.620528"/>
    <trkpt lat="39.551613" lon="2.620253"/>
    <trkpt lat="39.551529" lon="2.619971"/>
    <trkpt lat="39.551489" lon="2.619832"/>
    <trkpt lat="39.551434" lon="2.619645"/>
    <trkpt lat="39.551389" lon="2.619473"/>
    <trkpt lat="39.551263" lon="2.618994"/>
    <trkpt lat="39.551239" lon="2.618936"/>
    <trkpt lat="39.551187" lon="2.618838"/>
    <trkpt lat="39.551186" lon="2.618766"/>
    <trkpt lat="39.551179" lon="2.618684"/>
    <trkpt lat="39.551173" lon="2.618619"/>
    <trkpt lat="39.551171" lon="2.618562"/>
    <trkpt lat="39.551174" lon="2.618488"/>
    <trkpt lat="39.551179" lon="2.618431"/>
    <trkpt lat="39.551189" lon="2.618367"/>
    <trkpt lat="39.551204" lon="2.618300"/>
    <trkpt lat="39.551219" lon="2.618243"/>
    <trkpt lat="39.551241" lon="2.618178"/>
    <trkpt lat="39.551288" lon="2.618065"/>
    <trkpt lat="39.551332" lon="2.617973"/>
    <trkpt lat="39.551694" lon="2.617333"/>
    <trkpt lat="39.551814" lon="2.617203"/>
    <trkpt lat="39.551946" lon="2.617072"/>
    <trkpt lat="39.552281" lon="2.616790"/>
    <trkpt lat="39.552462" lon="2.616630"/>
    <trkpt lat="39.552507" lon="2.616593"/>
    <trkpt lat="39.552693" lon="2.616497"/>
    <trkpt lat="39.553004" lon="2.616201"/>
    <trkpt lat="39.553415" lon="2.615803"/>
    <trkpt lat="39.553537" lon="2.615682"/>
    <trkpt lat="39.553608" lon="2.615628"/>
    <trkpt lat="39.553667" lon="2.615594"/>
    <trkpt lat="39.553715" lon="2.615576"/>
    <trkpt lat="39.553771" lon="2.615568"/>
    <trkpt lat="39.553828" lon="2.615571"/>
    <trkpt lat="39.553887" lon="2.615582"/>
    <trkpt lat="39.553936" lon="2.615607"/>
    <trkpt lat="39.553977" lon="2.615635"/>
    <trkpt lat="39.554019" lon="2.615674"/>
    <trkpt lat="39.554057" lon="2.615718"/>
    <trkpt lat="39.554089" lon="2.615772"/>
    <trkpt lat="39.554122" lon="2.615841"/>
    <trkpt lat="39.554143" lon="2.615913"/>
    <trkpt lat="39.554155" lon="2.615979"/>
    <trkpt lat="39.554161" lon="2.616057"/>
    <trkpt lat="39.554159" lon="2.616121"/>
    <trkpt lat="39.554152" lon="2.616181"/>
    <trkpt lat="39.554137" lon="2.616249"/>
    <trkpt lat="39.554113" lon="2.616312"/>
    <trkpt lat="39.554077" lon="2.616379"/>
    <trkpt lat="39.554034" lon="2.616435"/>
    <trkpt lat="39.553992" lon="2.616480"/>
    <trkpt lat="39.553928" lon="2.616539"/>
    <trkpt lat="39.553877" lon="2.616579"/>
    <trkpt lat="39.553829" lon="2.616612"/>
    <trkpt lat="39.553771" lon="2.616645"/>
    <trkpt lat="39.553709" lon="2.616671"/>
    <trkpt lat="39.553643" lon="2.616692"/>
    <trkpt lat="39.553584" lon="2.616703"/>
    <trkpt lat="39.553518" lon="2.616706"/>
    <trkpt lat="39.553437" lon="2.616704"/>
    <trkpt lat="39.553368" lon="2.616693"/>
    <trkpt lat="39.553307" lon="2.616675"/>
    <trkpt lat="39.553247" lon="2.616653"/>
    <trkpt lat="39.553176" lon="2.616614"/>
    <trkpt lat="39.553124" lon="2.616579"/>
    <trkpt lat="39.553075" lon="2.616537"/>
    <trkpt lat="39.553026" lon="2.616495"/>
    <trkpt lat="39.552927" lon="2.616392"/>
    <trkpt lat="39.552797" lon="2.616235"/>
    <trkpt lat="39.552717" lon="2.616127"/>
    <trkpt lat="39.552629" lon="2.615994"/>
    <trkpt lat="39.552572" lon="2.615898"/>
    <trkpt lat="39.552515" lon="2.615793"/>
    <trkpt lat="39.552477" lon="2.615712"/>
    <trkpt lat="39.552434" lon="2.615593"/>
    <trkpt lat="39.552405" lon="2.615479"/>
    <trkpt lat="39.552385" lon="2.615382"/>
    <trkpt lat="39.552359" lon="2.615224"/>
    <trkpt lat="39.552346" lon="2.615074"/>
    <trkpt lat="39.552346" lon="2.614892"/>
    <trkpt lat="39.552335" lon="2.614707"/>
    <trkpt lat="39.552331" lon="2.614640"/>
    <trkpt lat="39.552322" lon="2.614532"/>
    <trkpt lat="39.552309" lon="2.614380"/>
    <trkpt lat="39.552291" lon="2.614207"/>
    <trkpt lat="39.552268" lon="2.614030"/>
    <trkpt lat="39.552189" lon="2.613722"/>
    <trkpt lat="39.552172" lon="2.613637"/>
    <trkpt lat="39.552167" lon="2.613610"/>
    <trkpt lat="39.552159" lon="2.613567"/>
    <trkpt lat="39.552155" lon="2.613544"/>
    <trkpt lat="39.552122" lon="2.613369"/>
    <trkpt lat="39.552079" lon="2.613162"/>
    <trkpt lat="39.552049" lon="2.613011"/>
    <trkpt lat="39.552021" lon="2.612891"/>
    <trkpt lat="39.551997" lon="2.612762"/>
    <trkpt lat="39.551969" lon="2.612616"/>
    <trkpt lat="39.551932" lon="2.612419"/>
    <trkpt lat="39.551883" lon="2.612186"/>
    <trkpt lat="39.551819" lon="2.611889"/>
    <trkpt lat="39.551794" lon="2.611792"/>
    <trkpt lat="39.551762" lon="2.611695"/>
    <trkpt lat="39.551709" lon="2.611559"/>
    <trkpt lat="39.551637" lon="2.611428"/>
    <trkpt lat="39.551445" lon="2.611178"/>
    <trkpt lat="39.551362" lon="2.611077"/>
    <trkpt lat="39.551293" lon="2.610978"/>
    <trkpt lat="39.551255" lon="2.610912"/>
    <trkpt lat="39.551216" lon="2.610808"/>
    <trkpt lat="39.551198" lon="2.610739"/>
    <trkpt lat="39.551183" lon="2.610660"/>
    <trkpt lat="39.551178" lon="2.610598"/>
    <trkpt lat="39.551175" lon="2.610533"/>
    <trkpt lat="39.551178" lon="2.610469"/>
    <trkpt lat="39.551184" lon="2.610409"/>
    <trkpt lat="39.551197" lon="2.610339"/>
    <trkpt lat="39.551494" lon="2.609227"/>
    <trkpt lat="39.551519" lon="2.609146"/>
    <trkpt lat="39.551553" lon="2.609053"/>
    <trkpt lat="39.551577" lon="2.608998"/>
    <trkpt lat="39.551607" lon="2.608943"/>
    <trkpt lat="39.551641" lon="2.608888"/>
    <trkpt lat="39.551680" lon="2.608835"/>
    <trkpt lat="39.551741" lon="2.608765"/>
    <trkpt lat="39.551808" lon="2.608701"/>
    <trkpt lat="39.551994" lon="2.608521"/>
    <trkpt lat="39.552181" lon="2.608355"/>
    <trkpt lat="39.552233" lon="2.608323"/>
    <trkpt lat="39.552286" lon="2.608293"/>
    <trkpt lat="39.552364" lon="2.608266"/>
    <trkpt lat="39.552437" lon="2.608261"/>
    <trkpt lat="39.552508" lon="2.608233"/>
    <trkpt lat="39.552580" lon="2.608187"/>
    <trkpt lat="39.552606" lon="2.608153"/>
    <trkpt lat="39.552650" lon="2.608105"/>
    <trkpt lat="39.552688" lon="2.608055"/>
    <trkpt lat="39.552739" lon="2.607963"/>
    <trkpt lat="39.552775" lon="2.607859"/>
    <trkpt lat="39.552793" lon="2.607786"/>
    <trkpt lat="39.552805" lon="2.607707"/>
    <trkpt lat="39.552827" lon="2.607546"/>
    <trkpt lat="39.552874" lon="2.607209"/>
    <trkpt lat="39.552887" lon="2.607102"/>
    <trkpt lat="39.552905" lon="2.606986"/>
    <trkpt lat="39.552923" lon="2.606910"/>
    <trkpt lat="39.552947" lon="2.606840"/>
    <trkpt lat="39.552975" lon="2.606774"/>
    <trkpt lat="39.553007" lon="2.606715"/>
    <trkpt lat="39.553061" lon="2.606643"/>
    <trkpt lat="39.553119" lon="2.606574"/>
    <trkpt lat="39.553145" lon="2.606547"/>
    <trkpt lat="39.553179" lon="2.606512"/>
    <trkpt lat="39.553345" lon="2.606327"/>
    <trkpt lat="39.553422" lon="2.606237"/>
    <trkpt lat="39.553493" lon="2.606149"/>
    <trkpt lat="39.553543" lon="2.606068"/>
    <trkpt lat="39.553590" lon="2.605979"/>
    <trkpt lat="39.553743" lon="2.605625"/>
    <trkpt lat="39.553756" lon="2.605589"/>
    <trkpt lat="39.553783" lon="2.605518"/>
    <trkpt lat="39.553807" lon="2.605448"/>
    <trkpt lat="39.553819" lon="2.605372"/>
    <trkpt lat="39.553821" lon="2.605327"/>
    <trkpt lat="39.553817" lon="2.605278"/>
    <trkpt lat="39.553806" lon="2.605212"/>
    <trkpt lat="39.553783" lon="2.605120"/>
    <trkpt lat="39.553765" lon="2.605077"/>
    <trkpt lat="39.553737" lon="2.605029"/>
    <trkpt lat="39.553715" lon="2.604998"/>
    <trkpt lat="39.553685" lon="2.604962"/>
    <trkpt lat="39.553659" lon="2.604939"/>
    <trkpt lat="39.553628" lon="2.604913"/>
    <trkpt lat="39.553596" lon="2.604893"/>
    <trkpt lat="39.553560" lon="2.604877"/>
    <trkpt lat="39.553518" lon="2.604865"/>
    <trkpt lat="39.553481" lon="2.604858"/>
    <trkpt lat="39.553409" lon="2.604859"/>
    <trkpt lat="39.553291" lon="2.604857"/>
    <trkpt lat="39.553223" lon="2.604864"/>
    <trkpt lat="39.553153" lon="2.604873"/>
    <trkpt lat="39.553025" lon="2.604885"/>
    <trkpt lat="39.552966" lon="2.604885"/>
    <trkpt lat="39.552905" lon="2.604878"/>
    <trkpt lat="39.552866" lon="2.604872"/>
    <trkpt lat="39.552818" lon="2.604852"/>
    <trkpt lat="39.552780" lon="2.604834"/>
    <trkpt lat="39.552729" lon="2.604800"/>
    <trkpt lat="39.552652" lon="2.604728"/>
    <trkpt lat="39.552605" lon="2.604657"/>
    <trkpt lat="39.552560" lon="2.604562"/>
    <trkpt lat="39.552532" lon="2.604475"/>
    <trkpt lat="39.552517" lon="2.604374"/>
    <trkpt lat="39.552515" lon="2.604265"/>
    <trkpt lat="39.552518" lon="2.604181"/>
    <trkpt lat="39.552571" lon="2.603437"/>
    <trkpt lat="39.552583" lon="2.603257"/>
    <trkpt lat="39.552580" lon="2.603171"/>
    <trkpt lat="39.552568" lon="2.603076"/>
    <trkpt lat="39.552543" lon="2.602979"/>
    <trkpt lat="39.552504" lon="2.602875"/>
    <trkpt lat="39.552322" lon="2.602412"/>
    <trkpt lat="39.552276" lon="2.602305"/>
    <trkpt lat="39.552225" lon="2.602178"/>
    <trkpt lat="39.552037" lon="2.601707"/>
    <trkpt lat="39.552004" lon="2.601632"/>
    <trkpt lat="39.551946" lon="2.601489"/>
    <trkpt lat="39.551652" lon="2.600734"/>
    <trkpt lat="39.551602" lon="2.600613"/>
    <trkpt lat="39.551548" lon="2.600500"/>
    <trkpt lat="39.551519" lon="2.600446"/>
    <trkpt lat="39.551482" lon="2.600392"/>
    <trkpt lat="39.551419" lon="2.600313"/>
    <trkpt lat="39.551329" lon="2.600218"/>
    <trkpt lat="39.551228" lon="2.600124"/>
    <trkpt lat="39.551138" lon="2.600039"/>
    <trkpt lat="39.551031" lon="2.599939"/>
    <trkpt lat="39.550937" lon="2.599819"/>
    <trkpt lat="39.550881" lon="2.599721"/>
    <trkpt lat="39.550443" lon="2.598874"/>
    <trkpt lat="39.550409" lon="2.598808"/>
    <trkpt lat="39.550366" lon="2.598726"/>
    <trkpt lat="39.550230" lon="2.598464"/>
    <trkpt lat="39.550212" lon="2.598429"/>
    <trkpt lat="39.550157" lon="2.598327"/>
    <trkpt lat="39.550077" lon="2.598179"/>
    <trkpt lat="39.549909" lon="2.597853"/>
    <trkpt lat="39.549830" lon="2.597710"/>
    <trkpt lat="39.549763" lon="2.597610"/>
    <trkpt lat="39.549681" lon="2.597508"/>
    <trkpt lat="39.549579" lon="2.597401"/>
    <trkpt lat="39.549421" lon="2.597245"/>
    <trkpt lat="39.549278" lon="2.597104"/>
    <trkpt lat="39.549206" lon="2.597042"/>
    <trkpt lat="39.549127" lon="2.596988"/>
    <trkpt lat="39.549065" lon="2.596961"/>
    <trkpt lat="39.549013" lon="2.596945"/>
    <trkpt lat="39.548873" lon="2.596907"/>
    <trkpt lat="39.548609" lon="2.596858"/>
    <trkpt lat="39.548499" lon="2.596835"/>
    <trkpt lat="39.548416" lon="2.596817"/>
    <trkpt lat="39.548038" lon="2.596733"/>
    <trkpt lat="39.547976" lon="2.596710"/>
    <trkpt lat="39.547932" lon="2.596686"/>
    <trkpt lat="39.547886" lon="2.596658"/>
    <trkpt lat="39.547836" lon="2.596620"/>
    <trkpt lat="39.547794" lon="2.596573"/>
    <trkpt lat="39.547748" lon="2.596520"/>
    <trkpt lat="39.547704" lon="2.596460"/>
    <trkpt lat="39.547603" lon="2.596266"/>
    <trkpt lat="39.547554" lon="2.596152"/>
    <trkpt lat="39.547498" lon="2.596028"/>
    <trkpt lat="39.547396" lon="2.595807"/>
    <trkpt lat="39.547343" lon="2.595691"/>
    <trkpt lat="39.547124" lon="2.595213"/>
    <trkpt lat="39.547077" lon="2.595133"/>
    <trkpt lat="39.547027" lon="2.595065"/>
    <trkpt lat="39.546928" lon="2.594977"/>
    <trkpt lat="39.546882" lon="2.594947"/>
    <trkpt lat="39.546834" lon="2.594925"/>
    <trkpt lat="39.546803" lon="2.594913"/>
    <trkpt lat="39.546702" lon="2.594903"/>
    <trkpt lat="39.546628" lon="2.594902"/>
    <trkpt lat="39.546573" lon="2.594911"/>
    <trkpt lat="39.546526" lon="2.594923"/>
    <trkpt lat="39.546476" lon="2.594945"/>
    <trkpt lat="39.546433" lon="2.594970"/>
    <trkpt lat="39.546355" lon="2.595031"/>
    <trkpt lat="39.546268" lon="2.595117"/>
    <trkpt lat="39.545942" lon="2.595432"/>
    <trkpt lat="39.545814" lon="2.595532"/>
    <trkpt lat="39.545740" lon="2.595581"/>
    <trkpt lat="39.545689" lon="2.595615"/>
    <trkpt lat="39.545633" lon="2.595637"/>
    <trkpt lat="39.545576" lon="2.595648"/>
    <trkpt lat="39.545465" lon="2.595654"/>
    <trkpt lat="39.545395" lon="2.595646"/>
    <trkpt lat="39.545358" lon="2.595638"/>
    <trkpt lat="39.545321" lon="2.595626"/>
    <trkpt lat="39.545250" lon="2.595576"/>
    <trkpt lat="39.545167" lon="2.595495"/>
    <trkpt lat="39.545096" lon="2.595397"/>
    <trkpt lat="39.545046" lon="2.595304"/>
    <trkpt lat="39.545028" lon="2.595270"/>
    <trkpt lat="39.544799" lon="2.594852"/>
    <trkpt lat="39.544704" lon="2.594677"/>
    <trkpt lat="39.544494" lon="2.594291"/>
    <trkpt lat="39.544422" lon="2.594187"/>
    <trkpt lat="39.544310" lon="2.594072"/>
    <trkpt lat="39.544123" lon="2.593895"/>
    <trkpt lat="39.543981" lon="2.593761"/>
    <trkpt lat="39.543870" lon="2.593640"/>
    <trkpt lat="39.543799" lon="2.593554"/>
    <trkpt lat="39.543697" lon="2.593417"/>
    <trkpt lat="39.543660" lon="2.593357"/>
    <trkpt lat="39.543623" lon="2.593283"/>
    <trkpt lat="39.543609" lon="2.593233"/>
    <trkpt lat="39.543554" lon="2.593047"/>
    <trkpt lat="39.543495" lon="2.592829"/>
    <trkpt lat="39.543435" lon="2.592588"/>
    <trkpt lat="39.543324" lon="2.592114"/>
    <trkpt lat="39.543300" lon="2.592011"/>
    <trkpt lat="39.543227" lon="2.591721"/>
    <trkpt lat="39.543211" lon="2.591667"/>
    <trkpt lat="39.543052" lon="2.590968"/>
    <trkpt lat="39.543025" lon="2.590817"/>
    <trkpt lat="39.543006" lon="2.590652"/>
    <trkpt lat="39.543000" lon="2.590457"/>
    <trkpt lat="39.543003" lon="2.590118"/>
    <trkpt lat="39.543014" lon="2.589540"/>
    <trkpt lat="39.543022" lon="2.589362"/>
    <trkpt lat="39.543026" lon="2.589237"/>
    <trkpt lat="39.543028" lon="2.589114"/>
    <trkpt lat="39.543038" lon="2.588555"/>
    <trkpt lat="39.543039" lon="2.588527"/>
    <trkpt lat="39.543042" lon="2.588392"/>
    <trkpt lat="39.543052" lon="2.587147"/>
    <trkpt lat="39.543080" lon="2.586503"/>
    <trkpt lat="39.543088" lon="2.585911"/>
    <trkpt lat="39.543069" lon="2.585704"/>
    <trkpt lat="39.543048" lon="2.585564"/>
    <trkpt lat="39.543018" lon="2.585435"/>
    <trkpt lat="39.542981" lon="2.585322"/>
    <trkpt lat="39.542939" lon="2.585220"/>
    <trkpt lat="39.542893" lon="2.585137"/>
    <trkpt lat="39.542847" lon="2.585073"/>
    <trkpt lat="39.542794" lon="2.584990"/>
    <trkpt lat="39.542752" lon="2.584943"/>
    <trkpt lat="39.542695" lon="2.584882"/>
    <trkpt lat="39.542505" lon="2.584732"/>
    <trkpt lat="39.542364" lon="2.584635"/>
    <trkpt lat="39.541359" lon="2.583907"/>
    <trkpt lat="39.541070" lon="2.583692"/>
    <trkpt lat="39.541032" lon="2.583622"/>
    <trkpt lat="39.540988" lon="2.583556"/>
    <trkpt lat="39.540940" lon="2.583485"/>
    <trkpt lat="39.540937" lon="2.583467"/>
    <trkpt lat="39.540926" lon="2.583411"/>
    <trkpt lat="39.540896" lon="2.583334"/>
    <trkpt lat="39.540869" lon="2.583298"/>
    <trkpt lat="39.540818" lon="2.583253"/>
    <trkpt lat="39.540781" lon="2.583239"/>
    <trkpt lat="39.540738" lon="2.583235"/>
    <trkpt lat="39.540678" lon="2.583243"/>
    <trkpt lat="39.540623" lon="2.583271"/>
    <trkpt lat="39.540590" lon="2.583282"/>
    <trkpt lat="39.540529" lon="2.583262"/>
    <trkpt lat="39.540495" lon="2.583245"/>
    <trkpt lat="39.540362" lon="2.583125"/>
    <trkpt lat="39.540249" lon="2.582964"/>
    <trkpt lat="39.540220" lon="2.582910"/>
    <trkpt lat="39.539915" lon="2.582343"/>
    <trkpt lat="39.539787" lon="2.582084"/>
    <trkpt lat="39.539715" lon="2.581940"/>
    <trkpt lat="39.539640" lon="2.581798"/>
    <trkpt lat="39.539375" lon="2.581293"/>
    <trkpt lat="39.539273" lon="2.581086"/>
    <trkpt lat="39.539181" lon="2.580868"/>
    <trkpt lat="39.539157" lon="2.580724"/>
    <trkpt lat="39.539151" lon="2.580558"/>
    <trkpt lat="39.539168" lon="2.580320"/>
    <trkpt lat="39.539217" lon="2.579918"/>
    <trkpt lat="39.539251" lon="2.579606"/>
    <trkpt lat="39.539281" lon="2.579253"/>
    <trkpt lat="39.539279" lon="2.579077"/>
    <trkpt lat="39.539258" lon="2.578903"/>
    <trkpt lat="39.539222" lon="2.578714"/>
    <trkpt lat="39.539174" lon="2.578527"/>
    <trkpt lat="39.539117" lon="2.578341"/>
    <trkpt lat="39.539049" lon="2.578153"/>
    <trkpt lat="39.538991" lon="2.578016"/>
    <trkpt lat="39.538890" lon="2.577837"/>
    <trkpt lat="39.538623" lon="2.577388"/>
    <trkpt lat="39.538344" lon="2.576907"/>
    <trkpt lat="39.538208" lon="2.576671"/>
    <trkpt lat="39.537981" lon="2.576274"/>
    <trkpt lat="39.537639" lon="2.575676"/>
    <trkpt lat="39.537587" lon="2.575585"/>
    <trkpt lat="39.537374" lon="2.575245"/>
    <trkpt lat="39.537257" lon="2.575058"/>
    <trkpt lat="39.537189" lon="2.574961"/>
    <trkpt lat="39.536929" lon="2.574597"/>
    <trkpt lat="39.536773" lon="2.574380"/>
    <trkpt lat="39.536666" lon="2.574248"/>
    <trkpt lat="39.536548" lon="2.574113"/>
    <trkpt lat="39.536465" lon="2.574049"/>
    <trkpt lat="39.536298" lon="2.573948"/>
    <trkpt lat="39.536264" lon="2.573930"/>
    <trkpt lat="39.536219" lon="2.573910"/>
    <trkpt lat="39.536170" lon="2.573892"/>
    <trkpt lat="39.536126" lon="2.573883"/>
    <trkpt lat="39.536049" lon="2.573871"/>
    <trkpt lat="39.535738" lon="2.573850"/>
    <trkpt lat="39.535509" lon="2.573853"/>
    <trkpt lat="39.535443" lon="2.573853"/>
    <trkpt lat="39.535191" lon="2.573843"/>
    <trkpt lat="39.535121" lon="2.573827"/>
    <trkpt lat="39.535088" lon="2.573811"/>
    <trkpt lat="39.535055" lon="2.573786"/>
    <trkpt lat="39.535025" lon="2.573761"/>
    <trkpt lat="39.534996" lon="2.573720"/>
    <trkpt lat="39.534978" lon="2.573686"/>
    <trkpt lat="39.534951" lon="2.573631"/>
    <trkpt lat="39.534935" lon="2.573549"/>
    <trkpt lat="39.534936" lon="2.573464"/>
    <trkpt lat="39.534945" lon="2.573374"/>
    <trkpt lat="39.534956" lon="2.573285"/>
    <trkpt lat="39.535027" lon="2.572911"/>
    <trkpt lat="39.535053" lon="2.572773"/>
    <trkpt lat="39.535068" lon="2.572699"/>
    <trkpt lat="39.535076" lon="2.572656"/>
    <trkpt lat="39.535086" lon="2.572603"/>
    <trkpt lat="39.535128" lon="2.572398"/>
    <trkpt lat="39.535146" lon="2.572262"/>
    <trkpt lat="39.535213" lon="2.571915"/>
    <trkpt lat="39.535231" lon="2.571823"/>
    <trkpt lat="39.535272" lon="2.571619"/>
    <trkpt lat="39.535295" lon="2.571537"/>
    <trkpt lat="39.535326" lon="2.571436"/>
    <trkpt lat="39.535360" lon="2.571355"/>
    <trkpt lat="39.535400" lon="2.571277"/>
    <trkpt lat="39.535439" lon="2.571205"/>
    <trkpt lat="39.535482" lon="2.571140"/>
    <trkpt lat="39.535544" lon="2.571057"/>
    <trkpt lat="39.535612" lon="2.570982"/>
    <trkpt lat="39.535679" lon="2.570914"/>
    <trkpt lat="39.535751" lon="2.570856"/>
    <trkpt lat="39.535813" lon="2.570825"/>
    <trkpt lat="39.535932" lon="2.570765"/>
    <trkpt lat="39.535944" lon="2.570761"/>
    <trkpt lat="39.536087" lon="2.570701"/>
    <trkpt lat="39.536201" lon="2.570657"/>
    <trkpt lat="39.536693" lon="2.570467"/>
    <trkpt lat="39.536743" lon="2.570447"/>
    <trkpt lat="39.536788" lon="2.570415"/>
    <trkpt lat="39.536824" lon="2.570386"/>
    <trkpt lat="39.536856" lon="2.570354"/>
    <trkpt lat="39.536879" lon="2.570327"/>
    <trkpt lat="39.536918" lon="2.570274"/>
    <trkpt lat="39.536948" lon="2.570221"/>
    <trkpt lat="39.536975" lon="2.570166"/>
    <trkpt lat="39.537017" lon="2.570058"/>
    <trkpt lat="39.537052" lon="2.569943"/>
    <trkpt lat="39.537066" lon="2.569873"/>
    <trkpt lat="39.537071" lon="2.569792"/>
    <trkpt lat="39.537068" lon="2.569719"/>
    <trkpt lat="39.537058" lon="2.569640"/>
    <trkpt lat="39.537044" lon="2.569550"/>
    <trkpt lat="39.537020" lon="2.569458"/>
    <trkpt lat="39.536991" lon="2.569384"/>
    <trkpt lat="39.536950" lon="2.569299"/>
    <trkpt lat="39.536850" lon="2.569144"/>
    <trkpt lat="39.536729" lon="2.568986"/>
    <trkpt lat="39.536598" lon="2.568833"/>
    <trkpt lat="39.536456" lon="2.568690"/>
    <trkpt lat="39.536366" lon="2.568628"/>
    <trkpt lat="39.536248" lon="2.568566"/>
    <trkpt lat="39.536136" lon="2.568531"/>
    <trkpt lat="39.536029" lon="2.568504"/>
    <trkpt lat="39.535349" lon="2.568356"/>
    <trkpt lat="39.534735" lon="2.568220"/>
    <trkpt lat="39.534534" lon="2.568175"/>
    <trkpt lat="39.534437" lon="2.568149"/>
    <trkpt lat="39.534406" lon="2.568139"/>
    <trkpt lat="39.534355" lon="2.568123"/>
    <trkpt lat="39.534265" lon="2.568081"/>
    <trkpt lat="39.534141" lon="2.567995"/>
    <trkpt lat="39.534085" lon="2.567947"/>
    <trkpt lat="39.534032" lon="2.567892"/>
    <trkpt lat="39.533984" lon="2.567833"/>
    <trkpt lat="39.533935" lon="2.567764"/>
    <trkpt lat="39.533890" lon="2.567696"/>
    <trkpt lat="39.533848" lon="2.567617"/>
    <trkpt lat="39.533773" lon="2.567448"/>
    <trkpt lat="39.533739" lon="2.567347"/>
    <trkpt lat="39.533710" lon="2.567227"/>
    <trkpt lat="39.533680" lon="2.567063"/>
    <trkpt lat="39.533657" lon="2.566885"/>
    <trkpt lat="39.533637" lon="2.566726"/>
    <trkpt lat="39.533624" lon="2.566544"/>
    <trkpt lat="39.533580" lon="2.565719"/>
    <trkpt lat="39.533575" lon="2.565635"/>
    <trkpt lat="39.533561" lon="2.565335"/>
    <trkpt lat="39.533596" lon="2.565098"/>
    <trkpt lat="39.533623" lon="2.565004"/>
    <trkpt lat="39.533644" lon="2.564993"/>
    <trkpt lat="39.533670" lon="2.564980"/>
    <trkpt lat="39.533717" lon="2.564932"/>
    <trkpt lat="39.533751" lon="2.564866"/>
    <trkpt lat="39.533767" lon="2.564791"/>
    <trkpt lat="39.533765" lon="2.564720"/>
    <trkpt lat="39.533748" lon="2.564652"/>
    <trkpt lat="39.533716" lon="2.564593"/>
    <trkpt lat="39.533674" lon="2.564548"/>
    <trkpt lat="39.533623" lon="2.564521"/>
    <trkpt lat="39.533573" lon="2.564419"/>
    <trkpt lat="39.533531" lon="2.564287"/>
    <trkpt lat="39.533467" lon="2.564106"/>
    <trkpt lat="39.533458" lon="2.563982"/>
    <trkpt lat="39.533446" lon="2.563688"/>
    <trkpt lat="39.533435" lon="2.563358"/>
    <trkpt lat="39.533394" lon="2.562813"/>
    <trkpt lat="39.533381" lon="2.562571"/>
    <trkpt lat="39.533353" lon="2.562328"/>
    <trkpt lat="39.533315" lon="2.562130"/>
    <trkpt lat="39.533265" lon="2.561927"/>
    <trkpt lat="39.533232" lon="2.561807"/>
    <trkpt lat="39.533210" lon="2.561743"/>
    <trkpt lat="39.533156" lon="2.561586"/>
    <trkpt lat="39.533082" lon="2.561391"/>
    <trkpt lat="39.532983" lon="2.561172"/>
    <trkpt lat="39.532862" lon="2.560942"/>
    <trkpt lat="39.532799" lon="2.560798"/>
    <trkpt lat="39.532701" lon="2.560583"/>
    <trkpt lat="39.532350" lon="2.559812"/>
    <trkpt lat="39.532267" lon="2.559583"/>
    <trkpt lat="39.532219" lon="2.559468"/>
    <trkpt lat="39.532063" lon="2.559084"/>
    <trkpt lat="39.531913" lon="2.558700"/>
    <trkpt lat="39.531856" lon="2.558493"/>
    <trkpt lat="39.531799" lon="2.558299"/>
    <trkpt lat="39.531771" lon="2.558075"/>
    <trkpt lat="39.531770" lon="2.558040"/>
    <trkpt lat="39.531760" lon="2.557817"/>
    <trkpt lat="39.531735" lon="2.557763"/>
    <trkpt lat="39.531728" lon="2.557709"/>
    <trkpt lat="39.531706" lon="2.557662"/>
    <trkpt lat="39.531677" lon="2.557603"/>
    <trkpt lat="39.531649" lon="2.557562"/>
    <trkpt lat="39.531599" lon="2.557502"/>
    <trkpt lat="39.531525" lon="2.557441"/>
    <trkpt lat="39.531465" lon="2.557389"/>
    <trkpt lat="39.531401" lon="2.557317"/>
    <trkpt lat="39.531295" lon="2.557180"/>
    <trkpt lat="39.531253" lon="2.557081"/>
    <trkpt lat="39.531098" lon="2.556704"/>
    <trkpt lat="39.531071" lon="2.556637"/>
    <trkpt lat="39.530902" lon="2.556193"/>
    <trkpt lat="39.530575" lon="2.555311"/>
    <trkpt lat="39.530023" lon="2.553842"/>
    <trkpt lat="39.529409" lon="2.552205"/>
    <trkpt lat="39.529384" lon="2.552065"/>
    <trkpt lat="39.529379" lon="2.552047"/>
    <trkpt lat="39.529362" lon="2.551936"/>
    <trkpt lat="39.529353" lon="2.551750"/>
    <trkpt lat="39.529328" lon="2.551610"/>
    <trkpt lat="39.529315" lon="2.551552"/>
    <trkpt lat="39.529287" lon="2.551504"/>
    <trkpt lat="39.529224" lon="2.551401"/>
    <trkpt lat="39.529129" lon="2.551277"/>
    <trkpt lat="39.529053" lon="2.551108"/>
    <trkpt lat="39.529018" lon="2.551052"/>
    <trkpt lat="39.528879" lon="2.550481"/>
    <trkpt lat="39.528836" lon="2.550239"/>
    <trkpt lat="39.528795" lon="2.550002"/>
    <trkpt lat="39.528766" lon="2.549809"/>
    <trkpt lat="39.528734" lon="2.549545"/>
    <trkpt lat="39.528685" lon="2.548954"/>
    <trkpt lat="39.528649" lon="2.548426"/>
    <trkpt lat="39.528726" lon="2.547932"/>
    <trkpt lat="39.528723" lon="2.547771"/>
    <trkpt lat="39.528707" lon="2.547642"/>
    <trkpt lat="39.528666" lon="2.547558"/>
    <trkpt lat="39.528659" lon="2.547547"/>
    <trkpt lat="39.528596" lon="2.547437"/>
    <trkpt lat="39.528538" lon="2.547277"/>
    <trkpt lat="39.528504" lon="2.547044"/>
    <trkpt lat="39.528423" lon="2.545795"/>
    <trkpt lat="39.528336" lon="2.544543"/>
    <trkpt lat="39.528326" lon="2.544472"/>
    <trkpt lat="39.528201" lon="2.542611"/>
    <trkpt lat="39.528091" lon="2.541242"/>
    <trkpt lat="39.528073" lon="2.541080"/>
    <trkpt lat="39.528071" lon="2.540980"/>
    <trkpt lat="39.528093" lon="2.540912"/>
    <trkpt lat="39.528082" lon="2.540815"/>
    <trkpt lat="39.528059" lon="2.540747"/>
    <trkpt lat="39.528044" lon="2.540716"/>
    <trkpt lat="39.528035" lon="2.540697"/>
    <trkpt lat="39.528003" lon="2.540666"/>
    <trkpt lat="39.527979" lon="2.540643"/>
    <trkpt lat="39.527943" lon="2.540636"/>
    <trkpt lat="39.527884" lon="2.540508"/>
    <trkpt lat="39.527786" lon="2.540321"/>
    <trkpt lat="39.527656" lon="2.540110"/>
    <trkpt lat="39.527577" lon="2.539979"/>
    <trkpt lat="39.526656" lon="2.538485"/>
    <trkpt lat="39.526616" lon="2.538420"/>
    <trkpt lat="39.526585" lon="2.538350"/>
    <trkpt lat="39.526600" lon="2.538311"/>
    <trkpt lat="39.526610" lon="2.538269"/>
    <trkpt lat="39.526612" lon="2.538224"/>
    <trkpt lat="39.526695" lon="2.538052"/>
    <trkpt lat="39.526730" lon="2.538008"/>
    <trkpt lat="39.526996" lon="2.537732"/>
    <trkpt lat="39.527112" lon="2.537561"/>
    <trkpt lat="39.527536" lon="2.537122"/>
    <trkpt lat="39.527707" lon="2.537033"/>
    <trkpt lat="39.527771" lon="2.537007"/>
    <trkpt lat="39.527832" lon="2.536987"/>
    <trkpt lat="39.527865" lon="2.537000"/>
    <trkpt lat="39.527898" lon="2.537006"/>
    <trkpt lat="39.527934" lon="2.537005"/>
    <trkpt lat="39.527969" lon="2.536995"/>
    <trkpt lat="39.528002" lon="2.536977"/>
    <trkpt lat="39.528033" lon="2.536953"/>
    <trkpt lat="39.528060" lon="2.536921"/>
    <trkpt lat="39.528082" lon="2.536885"/>
    <trkpt lat="39.528099" lon="2.536843"/>
    <trkpt lat="39.528110" lon="2.536799"/>
    <trkpt lat="39.528114" lon="2.536756"/>
    <trkpt lat="39.528114" lon="2.536712"/>
    <trkpt lat="39.528151" lon="2.536614"/>
    <trkpt lat="39.528169" lon="2.536559"/>
    <trkpt lat="39.528191" lon="2.536511"/>
    <trkpt lat="39.528261" lon="2.536376"/>
    <trkpt lat="39.528583" lon="2.536052"/>
    <trkpt lat="39.529183" lon="2.535436"/>
    <trkpt lat="39.529373" lon="2.535236"/>
    <trkpt lat="39.529468" lon="2.535182"/>
    <trkpt lat="39.529497" lon="2.535160"/>
    <trkpt lat="39.529527" lon="2.535143"/>
    <trkpt lat="39.529566" lon="2.535123"/>
    <trkpt lat="39.529598" lon="2.535111"/>
    <trkpt lat="39.529638" lon="2.535101"/>
    <trkpt lat="39.529723" lon="2.535089"/>
    <trkpt lat="39.529762" lon="2.535100"/>
    <trkpt lat="39.529802" lon="2.535102"/>
    <trkpt lat="39.529841" lon="2.535095"/>
    <trkpt lat="39.529879" lon="2.535080"/>
    <trkpt lat="39.529914" lon="2.535056"/>
    <trkpt lat="39.529946" lon="2.535024"/>
    <trkpt lat="39.529972" lon="2.534986"/>
    <trkpt lat="39.529994" lon="2.534943"/>
    <trkpt lat="39.530009" lon="2.534895"/>
    <trkpt lat="39.530017" lon="2.534844"/>
    <trkpt lat="39.530019" lon="2.534793"/>
    <trkpt lat="39.530052" lon="2.534677"/>
    <trkpt lat="39.530068" lon="2.534626"/>
    <trkpt lat="39.530091" lon="2.534574"/>
    <trkpt lat="39.530115" lon="2.534531"/>
    <trkpt lat="39.530140" lon="2.534497"/>
    <trkpt lat="39.530242" lon="2.534352"/>
    <trkpt lat="39.530523" lon="2.534066"/>
    <trkpt lat="39.530653" lon="2.533945"/>
    <trkpt lat="39.530762" lon="2.533856"/>
    <trkpt lat="39.530827" lon="2.533811"/>
    <trkpt lat="39.530930" lon="2.533747"/>
    <trkpt lat="39.531010" lon="2.533703"/>
    <trkpt lat="39.531090" lon="2.533667"/>
    <trkpt lat="39.531155" lon="2.533642"/>
    <trkpt lat="39.531206" lon="2.533623"/>
    <trkpt lat="39.531252" lon="2.533610"/>
    <trkpt lat="39.531340" lon="2.533590"/>
    <trkpt lat="39.531415" lon="2.533575"/>
    <trkpt lat="39.531473" lon="2.533570"/>
    <trkpt lat="39.531560" lon="2.533562"/>
    <trkpt lat="39.531652" lon="2.533557"/>
    <trkpt lat="39.532075" lon="2.533546"/>
    <trkpt lat="39.532980" lon="2.533529"/>
    <trkpt lat="39.533199" lon="2.533514"/>
    <trkpt lat="39.533426" lon="2.533490"/>
    <trkpt lat="39.533558" lon="2.533470"/>
    <trkpt lat="39.533682" lon="2.533446"/>
    <trkpt lat="39.533787" lon="2.533414"/>
    <trkpt lat="39.533865" lon="2.533383"/>
    <trkpt lat="39.533975" lon="2.533326"/>
    <trkpt lat="39.534114" lon="2.533222"/>
    <trkpt lat="39.534251" lon="2.533114"/>
    <trkpt lat="39.534325" lon="2.533048"/>
    <trkpt lat="39.534391" lon="2.532977"/>
    <trkpt lat="39.534455" lon="2.532892"/>
    <trkpt lat="39.534509" lon="2.532799"/>
    <trkpt lat="39.534571" lon="2.532662"/>
    <trkpt lat="39.534715" lon="2.532296"/>
    <trkpt lat="39.534855" lon="2.531931"/>
    <trkpt lat="39.534892" lon="2.531808"/>
    <trkpt lat="39.534907" lon="2.531738"/>
    <trkpt lat="39.534916" lon="2.531654"/>
    <trkpt lat="39.534914" lon="2.531538"/>
    <trkpt lat="39.534892" lon="2.531420"/>
    <trkpt lat="39.534866" lon="2.531339"/>
    <trkpt lat="39.534800" lon="2.531161"/>
    <trkpt lat="39.534771" lon="2.531052"/>
    <trkpt lat="39.534755" lon="2.530932"/>
    <trkpt lat="39.534758" lon="2.530806"/>
    <trkpt lat="39.534777" lon="2.530697"/>
    <trkpt lat="39.534841" lon="2.530501"/>
    <trkpt lat="39.534896" lon="2.530375"/>
    <trkpt lat="39.534946" lon="2.530293"/>
    <trkpt lat="39.535010" lon="2.530216"/>
    <trkpt lat="39.535136" lon="2.530088"/>
    <trkpt lat="39.535402" lon="2.529844"/>
    <trkpt lat="39.535659" lon="2.529592"/>
    <trkpt lat="39.535941" lon="2.529307"/>
    <trkpt lat="39.536201" lon="2.529030"/>
    <trkpt lat="39.536301" lon="2.528910"/>
    <trkpt lat="39.536385" lon="2.528792"/>
    <trkpt lat="39.536464" lon="2.528661"/>
    <trkpt lat="39.536543" lon="2.528511"/>
    <trkpt lat="39.536586" lon="2.528418"/>
    <trkpt lat="39.536826" lon="2.527822"/>
    <trkpt lat="39.536890" lon="2.527645"/>
    <trkpt lat="39.536921" lon="2.527541"/>
    <trkpt lat="39.536952" lon="2.527414"/>
    <trkpt lat="39.536974" lon="2.527257"/>
    <trkpt lat="39.536975" lon="2.527137"/>
    <trkpt lat="39.536963" lon="2.527019"/>
    <trkpt lat="39.536933" lon="2.526889"/>
    <trkpt lat="39.536883" lon="2.526769"/>
    <trkpt lat="39.536819" lon="2.526662"/>
    <trkpt lat="39.536668" lon="2.526453"/>
    <trkpt lat="39.536577" lon="2.526316"/>
    <trkpt lat="39.536486" lon="2.526164"/>
    <trkpt lat="39.536436" lon="2.526069"/>
    <trkpt lat="39.536399" lon="2.525949"/>
    <trkpt lat="39.536379" lon="2.525813"/>
    <trkpt lat="39.536346" lon="2.525421"/>
    <trkpt lat="39.536331" lon="2.525306"/>
    <trkpt lat="39.536304" lon="2.525210"/>
    <trkpt lat="39.536269" lon="2.525126"/>
    <trkpt lat="39.536215" lon="2.525037"/>
    <trkpt lat="39.536160" lon="2.524976"/>
    <trkpt lat="39.536087" lon="2.524925"/>
    <trkpt lat="39.535998" lon="2.524888"/>
    <trkpt lat="39.535901" lon="2.524871"/>
    <trkpt lat="39.535737" lon="2.524851"/>
    <trkpt lat="39.535675" lon="2.524836"/>
    <trkpt lat="39.535600" lon="2.524805"/>
    <trkpt lat="39.535526" lon="2.524752"/>
    <trkpt lat="39.535437" lon="2.524639"/>
    <trkpt lat="39.535385" lon="2.524524"/>
    <trkpt lat="39.535348" lon="2.524408"/>
    <trkpt lat="39.535313" lon="2.524280"/>
    <trkpt lat="39.535287" lon="2.524134"/>
    <trkpt lat="39.535274" lon="2.523993"/>
    <trkpt lat="39.535273" lon="2.523863"/>
    <trkpt lat="39.535288" lon="2.523731"/>
    <trkpt lat="39.535321" lon="2.523560"/>
    <trkpt lat="39.535447" lon="2.523001"/>
    <trkpt lat="39.535504" lon="2.522784"/>
    <trkpt lat="39.535561" lon="2.522630"/>
    <trkpt lat="39.535624" lon="2.522495"/>
    <trkpt lat="39.535701" lon="2.522375"/>
    <trkpt lat="39.535781" lon="2.522274"/>
    <trkpt lat="39.535869" lon="2.522189"/>
    <trkpt lat="39.535938" lon="2.522144"/>
    <trkpt lat="39.535998" lon="2.522115"/>
    <trkpt lat="39.536148" lon="2.522068"/>
    <trkpt lat="39.536308" lon="2.522041"/>
    <trkpt lat="39.536731" lon="2.521990"/>
    <trkpt lat="39.536837" lon="2.521964"/>
    <trkpt lat="39.536919" lon="2.521930"/>
    <trkpt lat="39.537002" lon="2.521880"/>
    <trkpt lat="39.537105" lon="2.521802"/>
    <trkpt lat="39.537192" lon="2.521714"/>
    <trkpt lat="39.537310" lon="2.521559"/>
    <trkpt lat="39.537388" lon="2.521432"/>
    <trkpt lat="39.537452" lon="2.521281"/>
    <trkpt lat="39.537490" lon="2.521141"/>
    <trkpt lat="39.537519" lon="2.520995"/>
    <trkpt lat="39.537559" lon="2.520751"/>
    <trkpt lat="39.537599" lon="2.520568"/>
    <trkpt lat="39.537651" lon="2.520417"/>
    <trkpt lat="39.537714" lon="2.520280"/>
    <trkpt lat="39.537785" lon="2.520154"/>
    <trkpt lat="39.538348" lon="2.519275"/>
    <trkpt lat="39.538437" lon="2.519151"/>
    <trkpt lat="39.538523" lon="2.519048"/>
    <trkpt lat="39.538603" lon="2.518970"/>
    <trkpt lat="39.538702" lon="2.518893"/>
    <trkpt lat="39.538804" lon="2.518828"/>
    <trkpt lat="39.538927" lon="2.518774"/>
    <trkpt lat="39.539088" lon="2.518725"/>
    <trkpt lat="39.539267" lon="2.518680"/>
    <trkpt lat="39.540360" lon="2.518426"/>
    <trkpt lat="39.540905" lon="2.518299"/>
    <trkpt lat="39.542915" lon="2.517818"/>
    <trkpt lat="39.543350" lon="2.517723"/>
    <trkpt lat="39.543589" lon="2.517673"/>
    <trkpt lat="39.543637" lon="2.517663"/>
    <trkpt lat="39.543732" lon="2.517645"/>
    <trkpt lat="39.543887" lon="2.517623"/>
    <trkpt lat="39.543980" lon="2.517614"/>
    <trkpt lat="39.544099" lon="2.517605"/>
    <trkpt lat="39.544329" lon="2.517597"/>
    <trkpt lat="39.544418" lon="2.517597"/>
    <trkpt lat="39.544598" lon="2.517596"/>
    <trkpt lat="39.544991" lon="2.517586"/>
    <trkpt lat="39.545196" lon="2.517579"/>
    <trkpt lat="39.545473" lon="2.517563"/>
    <trkpt lat="39.545663" lon="2.517545"/>
    <trkpt lat="39.545786" lon="2.517526"/>
    <trkpt lat="39.545910" lon="2.517500"/>
    <trkpt lat="39.546044" lon="2.517462"/>
    <trkpt lat="39.546101" lon="2.517441"/>
    <trkpt lat="39.546178" lon="2.517410"/>
    <trkpt lat="39.546279" lon="2.517357"/>
    <trkpt lat="39.546410" lon="2.517277"/>
    <trkpt lat="39.546582" lon="2.517162"/>
    <trkpt lat="39.546754" lon="2.517041"/>
    <trkpt lat="39.546899" lon="2.516933"/>
    <trkpt lat="39.547044" lon="2.516816"/>
    <trkpt lat="39.547364" lon="2.516541"/>
    <trkpt lat="39.547534" lon="2.516402"/>
    <trkpt lat="39.547711" lon="2.516281"/>
    <trkpt lat="39.547855" lon="2.516194"/>
    <trkpt lat="39.548043" lon="2.516100"/>
    <trkpt lat="39.548216" lon="2.516036"/>
    <trkpt lat="39.548392" lon="2.515986"/>
    <trkpt lat="39.548553" lon="2.515950"/>
    <trkpt lat="39.548716" lon="2.515918"/>
    <trkpt lat="39.549655" lon="2.515752"/>
    <trkpt lat="39.549817" lon="2.515723"/>
    <trkpt lat="39.549958" lon="2.515696"/>
    <trkpt lat="39.550102" lon="2.515660"/>
    <trkpt lat="39.550597" lon="2.515476"/>
    <trkpt lat="39.550794" lon="2.515404"/>
    <trkpt lat="39.551175" lon="2.515263"/>
    <trkpt lat="39.551359" lon="2.515190"/>
    <trkpt lat="39.551476" lon="2.515136"/>
    <trkpt lat="39.551574" lon="2.515082"/>
    <trkpt lat="39.551668" lon="2.515020"/>
    <trkpt lat="39.551756" lon="2.514951"/>
    <trkpt lat="39.551841" lon="2.514872"/>
    <trkpt lat="39.551931" lon="2.514777"/>
    <trkpt lat="39.552002" lon="2.514695"/>
    <trkpt lat="39.552112" lon="2.514549"/>
    <trkpt lat="39.552214" lon="2.514390"/>
    <trkpt lat="39.552276" lon="2.514279"/>
    <trkpt lat="39.552388" lon="2.514053"/>
    <trkpt lat="39.552477" lon="2.513896"/>
    <trkpt lat="39.552515" lon="2.513836"/>
    <trkpt lat="39.552561" lon="2.513779"/>
    <trkpt lat="39.552617" lon="2.513720"/>
    <trkpt lat="39.552669" lon="2.513673"/>
    <trkpt lat="39.552757" lon="2.513603"/>
    <trkpt lat="39.552850" lon="2.513545"/>
    <trkpt lat="39.552932" lon="2.513504"/>
    <trkpt lat="39.553016" lon="2.513473"/>
    <trkpt lat="39.553066" lon="2.513462"/>
    <trkpt lat="39.553128" lon="2.513455"/>
    <trkpt lat="39.553344" lon="2.513440"/>
    <trkpt lat="39.553459" lon="2.513426"/>
    <trkpt lat="39.553568" lon="2.513403"/>
    <trkpt lat="39.553698" lon="2.513359"/>
    <trkpt lat="39.553805" lon="2.513300"/>
    <trkpt lat="39.553890" lon="2.513235"/>
    <trkpt lat="39.553989" lon="2.513141"/>
    <trkpt lat="39.554102" lon="2.512996"/>
    <trkpt lat="39.554147" lon="2.512922"/>
    <trkpt lat="39.554231" lon="2.512773"/>
    <trkpt lat="39.554326" lon="2.512597"/>
    <trkpt lat="39.554466" lon="2.512337"/>
    <trkpt lat="39.554583" lon="2.512122"/>
    <trkpt lat="39.554658" lon="2.511995"/>
    <trkpt lat="39.554709" lon="2.511909"/>
    <trkpt lat="39.554816" lon="2.511753"/>
    <trkpt lat="39.554932" lon="2.511610"/>
    <trkpt lat="39.555030" lon="2.511494"/>
    <trkpt lat="39.555116" lon="2.511391"/>
    <trkpt lat="39.555869" lon="2.510481"/>
    <trkpt lat="39.556086" lon="2.510221"/>
    <trkpt lat="39.556180" lon="2.510111"/>
    <trkpt lat="39.556291" lon="2.509997"/>
    <trkpt lat="39.556357" lon="2.509937"/>
    <trkpt lat="39.556446" lon="2.509860"/>
    <trkpt lat="39.556571" lon="2.509767"/>
    <trkpt lat="39.556682" lon="2.509702"/>
    <trkpt lat="39.556797" lon="2.509645"/>
    <trkpt lat="39.556937" lon="2.509590"/>
    <trkpt lat="39.557080" lon="2.509546"/>
    <trkpt lat="39.557182" lon="2.509521"/>
    <trkpt lat="39.558000" lon="2.509344"/>
    <trkpt lat="39.558278" lon="2.509278"/>
    <trkpt lat="39.558442" lon="2.509233"/>
    <trkpt lat="39.558611" lon="2.509185"/>
    <trkpt lat="39.558742" lon="2.509136"/>
    <trkpt lat="39.558873" lon="2.509076"/>
    <trkpt lat="39.559009" lon="2.508999"/>
    <trkpt lat="39.559116" lon="2.508929"/>
    <trkpt lat="39.559205" lon="2.508865"/>
    <trkpt lat="39.559300" lon="2.508786"/>
    <trkpt lat="39.559396" lon="2.508696"/>
    <trkpt lat="39.559471" lon="2.508616"/>
    <trkpt lat="39.559553" lon="2.508520"/>
    <trkpt lat="39.559714" lon="2.508310"/>
    <trkpt lat="39.559917" lon="2.508019"/>
    <trkpt lat="39.560072" lon="2.507790"/>
    <trkpt lat="39.560160" lon="2.507657"/>
    <trkpt lat="39.560344" lon="2.507379"/>
    <trkpt lat="39.560653" lon="2.506923"/>
    <trkpt lat="39.560857" lon="2.506631"/>
    <trkpt lat="39.560940" lon="2.506521"/>
    <trkpt lat="39.561036" lon="2.506403"/>
    <trkpt lat="39.561144" lon="2.506292"/>
    <trkpt lat="39.561255" lon="2.506186"/>
    <trkpt lat="39.561847" lon="2.505630"/>
    <trkpt lat="39.562547" lon="2.504970"/>
    <trkpt lat="39.562707" lon="2.504831"/>
    <trkpt lat="39.562788" lon="2.504766"/>
    <trkpt lat="39.562849" lon="2.504729"/>
    <trkpt lat="39.562934" lon="2.504690"/>
    <trkpt lat="39.563049" lon="2.504657"/>
    <trkpt lat="39.563651" lon="2.504528"/>
    <trkpt lat="39.563719" lon="2.504514"/>
    <trkpt lat="39.564502" lon="2.504361"/>
    <trkpt lat="39.564635" lon="2.504335"/>
    <trkpt lat="39.564944" lon="2.504274"/>
    <trkpt lat="39.565073" lon="2.504248"/>
    <trkpt lat="39.565117" lon="2.504235"/>
    <trkpt lat="39.565164" lon="2.504207"/>
    <trkpt lat="39.565192" lon="2.504176"/>
    <trkpt lat="39.565215" lon="2.504136"/>
    <trkpt lat="39.565238" lon="2.504056"/>
    <trkpt lat="39.565262" lon="2.503941"/>
    <trkpt lat="39.565275" lon="2.503854"/>
    <trkpt lat="39.565289" lon="2.503769"/>
    <trkpt lat="39.565349" lon="2.503386"/>
    <trkpt lat="39.565444" lon="2.502777"/>
    <trkpt lat="39.565565" lon="2.501992"/>
    <trkpt lat="39.565631" lon="2.501564"/>
    <trkpt lat="39.565805" lon="2.500427"/>
    <trkpt lat="39.565819" lon="2.500339"/>
    <trkpt lat="39.565926" lon="2.499643"/>
    <trkpt lat="39.565992" lon="2.499219"/>
    <trkpt lat="39.566071" lon="2.498710"/>
    <trkpt lat="39.566182" lon="2.497988"/>
    <trkpt lat="39.566261" lon="2.497491"/>
    <trkpt lat="39.566320" lon="2.497120"/>
    <trkpt lat="39.566350" lon="2.496932"/>
    <trkpt lat="39.566451" lon="2.496300"/>
    <trkpt lat="39.566486" lon="2.496085"/>
    <trkpt lat="39.566622" lon="2.495247"/>
    <trkpt lat="39.566666" lon="2.495013"/>
    <trkpt lat="39.566699" lon="2.494868"/>
    <trkpt lat="39.566741" lon="2.494720"/>
    <trkpt lat="39.566816" lon="2.494520"/>
    <trkpt lat="39.566912" lon="2.494290"/>
    <trkpt lat="39.567100" lon="2.493876"/>
    <trkpt lat="39.567234" lon="2.493582"/>
    <trkpt lat="39.567877" lon="2.492170"/>
    <trkpt lat="39.568011" lon="2.491874"/>
    <trkpt lat="39.568401" lon="2.491014"/>
    <trkpt lat="39.568469" lon="2.490855"/>
    <trkpt lat="39.568536" lon="2.490684"/>
    <trkpt lat="39.568600" lon="2.490506"/>
    <trkpt lat="39.568669" lon="2.490294"/>
    <trkpt lat="39.568739" lon="2.490041"/>
    <trkpt lat="39.568788" lon="2.489826"/>
    <trkpt lat="39.568829" lon="2.489609"/>
    <trkpt lat="39.568984" lon="2.488691"/>
    <trkpt lat="39.569225" lon="2.487237"/>
    <trkpt lat="39.569264" lon="2.487022"/>
    <trkpt lat="39.569320" lon="2.486775"/>
    <trkpt lat="39.569373" lon="2.486588"/>
    <trkpt lat="39.569445" lon="2.486379"/>
    <trkpt lat="39.569527" lon="2.486188"/>
    <trkpt lat="39.569607" lon="2.486031"/>
    <trkpt lat="39.569685" lon="2.485890"/>
    <trkpt lat="39.570676" lon="2.484181"/>
    <trkpt lat="39.570910" lon="2.483789"/>
    <trkpt lat="39.570994" lon="2.483644"/>
    <trkpt lat="39.571618" lon="2.482572"/>
    <trkpt lat="39.571683" lon="2.482459"/>
    <trkpt lat="39.571942" lon="2.482025"/>
    <trkpt lat="39.572090" lon="2.481761"/>
    <trkpt lat="39.572379" lon="2.481257"/>
    <trkpt lat="39.572694" lon="2.480718"/>
    <trkpt lat="39.573278" lon="2.479708"/>
    <trkpt lat="39.573866" lon="2.478702"/>
    <trkpt lat="39.573957" lon="2.478560"/>
    <trkpt lat="39.574053" lon="2.478448"/>
    <trkpt lat="39.574202" lon="2.478311"/>
    <trkpt lat="39.574300" lon="2.478240"/>
    <trkpt lat="39.574437" lon="2.478162"/>
    <trkpt lat="39.574559" lon="2.478116"/>
    <trkpt lat="39.574712" lon="2.478079"/>
    <trkpt lat="39.574870" lon="2.478061"/>
    <trkpt lat="39.575064" lon="2.478045"/>
    <trkpt lat="39.575280" lon="2.478030"/>
    <trkpt lat="39.575403" lon="2.478021"/>
    <trkpt lat="39.575522" lon="2.478002"/>
    <trkpt lat="39.575638" lon="2.477972"/>
    <trkpt lat="39.575760" lon="2.477913"/>
    <trkpt lat="39.575898" lon="2.477817"/>
    <trkpt lat="39.576025" lon="2.477705"/>
    <trkpt lat="39.576116" lon="2.477604"/>
    <trkpt lat="39.576179" lon="2.477522"/>
    <trkpt lat="39.576259" lon="2.477394"/>
    <trkpt lat="39.576315" lon="2.477278"/>
    <trkpt lat="39.576361" lon="2.477162"/>
    <trkpt lat="39.576702" lon="2.475959"/>
    <trkpt lat="39.577115" lon="2.474549"/>
    <trkpt lat="39.577377" lon="2.473620"/>
    <trkpt lat="39.577446" lon="2.473382"/>
    <trkpt lat="39.577682" lon="2.472531"/>
    <trkpt lat="39.578068" lon="2.471185"/>
    <trkpt lat="39.578292" lon="2.470671"/>
    <trkpt lat="39.578339" lon="2.470563"/>
    <trkpt lat="39.578434" lon="2.470369"/>
    <trkpt lat="39.578452" lon="2.470333"/>
    <trkpt lat="39.578486" lon="2.470271"/>
    <trkpt lat="39.578573" lon="2.470179"/>
    <trkpt lat="39.578711" lon="2.470033"/>
    <trkpt lat="39.579341" lon="2.469208"/>
    <trkpt lat="39.579379" lon="2.469158"/>
    <trkpt lat="39.579406" lon="2.469051"/>
    <trkpt lat="39.579426" lon="2.468951"/>
    <trkpt lat="39.580051" lon="2.467551"/>
    <trkpt lat="39.580400" lon="2.466973"/>
    <trkpt lat="39.580627" lon="2.466595"/>
    <trkpt lat="39.580898" lon="2.466184"/>
    <trkpt lat="39.581111" lon="2.465829"/>
    <trkpt lat="39.581132" lon="2.465689"/>
    <trkpt lat="39.581110" lon="2.465592"/>
    <trkpt lat="39.580732" lon="2.465142"/>
    <trkpt lat="39.580711" lon="2.465064"/>
    <trkpt lat="39.580716" lon="2.464987"/>
    <trkpt lat="39.580757" lon="2.464889"/>
    <trkpt lat="39.580821" lon="2.464881"/>
    <trkpt lat="39.581085" lon="2.465090"/>
    <trkpt lat="39.581150" lon="2.465095"/>
    <trkpt lat="39.581204" lon="2.465086"/>
    <trkpt lat="39.581244" lon="2.465001"/>
    <trkpt lat="39.581169" lon="2.464704"/>
    <trkpt lat="39.581165" lon="2.464616"/>
    <trkpt lat="39.581188" lon="2.464498"/>
    <trkpt lat="39.581303" lon="2.464253"/>
    <trkpt lat="39.581404" lon="2.464039"/>
    <trkpt lat="39.581630" lon="2.463664"/>
    <trkpt lat="39.581745" lon="2.463562"/>
    <trkpt lat="39.581937" lon="2.463500"/>
    <trkpt lat="39.582123" lon="2.463494"/>
    <trkpt lat="39.582214" lon="2.463524"/>
    <trkpt lat="39.582318" lon="2.463558"/>
    <trkpt lat="39.582424" lon="2.463594"/>
    <trkpt lat="39.582453" lon="2.463602"/>
    <trkpt lat="39.582516" lon="2.463555"/>
    <trkpt lat="39.582521" lon="2.463501"/>
    <trkpt lat="39.582519" lon="2.463418"/>
    <trkpt lat="39.582469" lon="2.463101"/>
    <trkpt lat="39.582478" lon="2.463038"/>
    <trkpt lat="39.582499" lon="2.462991"/>
    <trkpt lat="39.582554" lon="2.462922"/>
    <trkpt lat="39.582795" lon="2.462758"/>
    <trkpt lat="39.583632" lon="2.462201"/>
    <trkpt lat="39.583760" lon="2.462074"/>
    <trkpt lat="39.583790" lon="2.461955"/>
    <trkpt lat="39.583773" lon="2.461813"/>
    <trkpt lat="39.583625" lon="2.461413"/>
    <trkpt lat="39.583576" lon="2.461208"/>
    <trkpt lat="39.583575" lon="2.461000"/>
    <trkpt lat="39.583477" lon="2.460649"/>
    <trkpt lat="39.583407" lon="2.460370"/>
    <trkpt lat="39.583253" lon="2.460066"/>
    <trkpt lat="39.583112" lon="2.459793"/>
    <trkpt lat="39.582933" lon="2.459584"/>
    <trkpt lat="39.582863" lon="2.459409"/>
    <trkpt lat="39.582797" lon="2.459063"/>
    <trkpt lat="39.582449" lon="2.458498"/>
    <trkpt lat="39.582189" lon="2.457943"/>
    <trkpt lat="39.581965" lon="2.457761"/>
    <trkpt lat="39.581567" lon="2.457562"/>
    <trkpt lat="39.581014" lon="2.457454"/>
    <trkpt lat="39.580641" lon="2.457288"/>
    <trkpt lat="39.580317" lon="2.456956"/>
    <trkpt lat="39.579637" lon="2.456409"/>
    <trkpt lat="39.579023" lon="2.455961"/>
    <trkpt lat="39.578484" lon="2.455496"/>
    <trkpt lat="39.578201" lon="2.455227"/>
    <trkpt lat="39.578188" lon="2.455153"/>
    <trkpt lat="39.578256" lon="2.455124"/>
    <trkpt lat="39.578517" lon="2.455347"/>
    <trkpt lat="39.578998" lon="2.455662"/>
    <trkpt lat="39.579413" lon="2.455861"/>
    <trkpt lat="39.579687" lon="2.456016"/>
    <trkpt lat="39.579761" lon="2.456024"/>
    <trkpt lat="39.579851" lon="2.456006"/>
    <trkpt lat="39.579897" lon="2.455943"/>
    <trkpt lat="39.579967" lon="2.455731"/>
    <trkpt lat="39.580066" lon="2.455679"/>
    <trkpt lat="39.580433" lon="2.455662"/>
    <trkpt lat="39.581047" lon="2.455314"/>
    <trkpt lat="39.581271" lon="2.455331"/>
    <trkpt lat="39.582581" lon="2.455704"/>
    <trkpt lat="39.583253" lon="2.456235"/>
    <trkpt lat="39.583676" lon="2.456409"/>
    <trkpt lat="39.584447" lon="2.456865"/>
    <trkpt lat="39.584697" lon="2.457064"/>
    <trkpt lat="39.584928" lon="2.457268"/>
    <trkpt lat="39.584990" lon="2.457309"/>
    <trkpt lat="39.585091" lon="2.457322"/>
    <trkpt lat="39.585169" lon="2.457270"/>
    <trkpt lat="39.585234" lon="2.457154"/>
    <trkpt lat="39.585403" lon="2.456649"/>
    <trkpt lat="39.585484" lon="2.456508"/>
    <trkpt lat="39.585882" lon="2.455812"/>
    <trkpt lat="39.585926" lon="2.455620"/>
    <trkpt lat="39.585905" lon="2.455436"/>
    <trkpt lat="39.585829" lon="2.455289"/>
    <trkpt lat="39.585466" lon="2.454738"/>
    <trkpt lat="39.585204" lon="2.454419"/>
    <trkpt lat="39.585014" lon="2.454187"/>
    <trkpt lat="39.584979" lon="2.454121"/>
    <trkpt lat="39.584754" lon="2.453705"/>
    <trkpt lat="39.584705" lon="2.453348"/>
    <trkpt lat="39.584729" lon="2.453149"/>
    <trkpt lat="39.584837" lon="2.453000"/>
    <trkpt lat="39.585053" lon="2.452983"/>
    <trkpt lat="39.585347" lon="2.453028"/>
    <trkpt lat="39.585527" lon="2.453031"/>
    <trkpt lat="39.585634" lon="2.453033"/>
    <trkpt lat="39.585862" lon="2.452956"/>
    <trkpt lat="39.586077" lon="2.452733"/>
    <trkpt lat="39.586169" lon="2.452550"/>
    <trkpt lat="39.586249" lon="2.452296"/>
    <trkpt lat="39.586448" lon="2.452111"/>
    <trkpt lat="39.586555" lon="2.452050"/>
    <trkpt lat="39.586928" lon="2.451815"/>
    <trkpt lat="39.587122" lon="2.451582"/>
    <trkpt lat="39.587414" lon="2.451104"/>
    <trkpt lat="39.587583" lon="2.450761"/>
    <trkpt lat="39.587721" lon="2.450462"/>
    <trkpt lat="39.587874" lon="2.450181"/>
    <trkpt lat="39.588029" lon="2.450051"/>
    <trkpt lat="39.588188" lon="2.449915"/>
    <trkpt lat="39.588258" lon="2.449833"/>
    <trkpt lat="39.588311" lon="2.449737"/>
    <trkpt lat="39.588340" lon="2.449646"/>
    <trkpt lat="39.588370" lon="2.449558"/>
    <trkpt lat="39.588474" lon="2.449219"/>
    <trkpt lat="39.588554" lon="2.449093"/>
    <trkpt lat="39.588791" lon="2.448814"/>
    <trkpt lat="39.589011" lon="2.448617"/>
    <trkpt lat="39.589197" lon="2.448443"/>
    <trkpt lat="39.589922" lon="2.447767"/>
    <trkpt lat="39.590082" lon="2.447573"/>
    <trkpt lat="39.590270" lon="2.447422"/>
    <trkpt lat="39.590626" lon="2.447252"/>
    <trkpt lat="39.590821" lon="2.447076"/>
    <trkpt lat="39.591199" lon="2.446595"/>
    <trkpt lat="39.591754" lon="2.445917"/>
    <trkpt lat="39.591825" lon="2.445761"/>
    <trkpt lat="39.591881" lon="2.445261"/>
    <trkpt lat="39.591888" lon="2.445118"/>
    <trkpt lat="39.591882" lon="2.444897"/>
    <trkpt lat="39.591860" lon="2.444767"/>
    <trkpt lat="39.591816" lon="2.444648"/>
    <trkpt lat="39.591757" lon="2.444563"/>
    <trkpt lat="39.591572" lon="2.444192"/>
    <trkpt lat="39.591162" lon="2.443580"/>
    <trkpt lat="39.591074" lon="2.443203"/>
    <trkpt lat="39.590939" lon="2.442978"/>
    <trkpt lat="39.590886" lon="2.442933"/>
    <trkpt lat="39.590726" lon="2.442840"/>
    <trkpt lat="39.590162" lon="2.442660"/>
    <trkpt lat="39.589658" lon="2.442465"/>
    <trkpt lat="39.589494" lon="2.442373"/>
    <trkpt lat="39.589324" lon="2.442210"/>
    <trkpt lat="39.589228" lon="2.442037"/>
    <trkpt lat="39.589155" lon="2.441850"/>
    <trkpt lat="39.588998" lon="2.441133"/>
    <trkpt lat="39.588914" lon="2.440912"/>
    <trkpt lat="39.588892" lon="2.440854"/>
    <trkpt lat="39.588718" lon="2.440589"/>
    <trkpt lat="39.588393" lon="2.440242"/>
    <trkpt lat="39.588083" lon="2.439893"/>
    <trkpt lat="39.587708" lon="2.439369"/>
    <trkpt lat="39.587488" lon="2.439061"/>
    <trkpt lat="39.587255" lon="2.438824"/>
    <trkpt lat="39.587153" lon="2.438705"/>
    <trkpt lat="39.587060" lon="2.438701"/>
    <trkpt lat="39.586959" lon="2.438721"/>
    <trkpt lat="39.586607" lon="2.438644"/>
    <trkpt lat="39.586426" lon="2.438657"/>
    <trkpt lat="39.586022" lon="2.438917"/>
    <trkpt lat="39.585770" lon="2.439021"/>
    <trkpt lat="39.585652" lon="2.438895"/>
    <trkpt lat="39.585609" lon="2.438777"/>
    <trkpt lat="39.585411" lon="2.438598"/>
    <trkpt lat="39.585274" lon="2.438399"/>
    <trkpt lat="39.585252" lon="2.438167"/>
    <trkpt lat="39.585155" lon="2.437638"/>
    <trkpt lat="39.585001" lon="2.437368"/>
    <trkpt lat="39.584857" lon="2.437053"/>
    <trkpt lat="39.584677" lon="2.436907"/>
    <trkpt lat="39.584653" lon="2.436826"/>
    <trkpt lat="39.584753" lon="2.436784"/>
    <trkpt lat="39.584781" lon="2.436755"/>
    <trkpt lat="39.584760" lon="2.436689"/>
    <trkpt lat="39.584720" lon="2.436656"/>
    <trkpt lat="39.584555" lon="2.436627"/>
    <trkpt lat="39.584419" lon="2.436729"/>
    <trkpt lat="39.584357" lon="2.436736"/>
    <trkpt lat="39.584315" lon="2.436705"/>
    <trkpt lat="39.584172" lon="2.436573"/>
    <trkpt lat="39.584069" lon="2.436479"/>
    <trkpt lat="39.584046" lon="2.436423"/>
    <trkpt lat="39.584072" lon="2.436376"/>
    <trkpt lat="39.584103" lon="2.436363"/>
    <trkpt lat="39.584227" lon="2.436347"/>
    <trkpt lat="39.584496" lon="2.436238"/>
    <trkpt lat="39.584665" lon="2.436078"/>
    <trkpt lat="39.584716" lon="2.435907"/>
    <trkpt lat="39.584735" lon="2.435653"/>
    <trkpt lat="39.584748" lon="2.435496"/>
    <trkpt lat="39.584715" lon="2.435275"/>
    <trkpt lat="39.584774" lon="2.435153"/>
    <trkpt lat="39.584838" lon="2.435010"/>
    <trkpt lat="39.584847" lon="2.434843"/>
    <trkpt lat="39.584774" lon="2.434604"/>
    <trkpt lat="39.584517" lon="2.434136"/>
    <trkpt lat="39.584156" lon="2.433568"/>
    <trkpt lat="39.584144" lon="2.433523"/>
    <trkpt lat="39.584039" lon="2.433390"/>
    <trkpt lat="39.583888" lon="2.433067"/>
    <trkpt lat="39.583762" lon="2.432810"/>
    <trkpt lat="39.583689" lon="2.432729"/>
    <trkpt lat="39.583559" lon="2.432575"/>
    <trkpt lat="39.583477" lon="2.432531"/>
    <trkpt lat="39.583373" lon="2.432533"/>
    <trkpt lat="39.583052" lon="2.432631"/>
    <trkpt lat="39.582943" lon="2.432651"/>
    <trkpt lat="39.582839" lon="2.432635"/>
    <trkpt lat="39.582780" lon="2.432627"/>
    <trkpt lat="39.582683" lon="2.432614"/>
    <trkpt lat="39.582536" lon="2.432551"/>
    <trkpt lat="39.582324" lon="2.432436"/>
    <trkpt lat="39.582307" lon="2.432426"/>
    <trkpt lat="39.582201" lon="2.432368"/>
    <trkpt lat="39.582088" lon="2.432267"/>
    <trkpt lat="39.581934" lon="2.432129"/>
    <trkpt lat="39.581901" lon="2.432100"/>
    <trkpt lat="39.581759" lon="2.431958"/>
    <trkpt lat="39.581716" lon="2.431916"/>
    <trkpt lat="39.581442" lon="2.431596"/>
    <trkpt lat="39.581332" lon="2.431467"/>
    <trkpt lat="39.581181" lon="2.431351"/>
    <trkpt lat="39.581107" lon="2.431294"/>
    <trkpt lat="39.581056" lon="2.431271"/>
    <trkpt lat="39.580858" lon="2.431178"/>
    <trkpt lat="39.580667" lon="2.431123"/>
    <trkpt lat="39.580583" lon="2.431086"/>
    <trkpt lat="39.579902" lon="2.430894"/>
    <trkpt lat="39.579658" lon="2.430774"/>
    <trkpt lat="39.579542" lon="2.430690"/>
    <trkpt lat="39.579438" lon="2.430579"/>
    <trkpt lat="39.579162" lon="2.430197"/>
    <trkpt lat="39.578964" lon="2.429901"/>
    <trkpt lat="39.578895" lon="2.429681"/>
    <trkpt lat="39.578808" lon="2.429306"/>
    <trkpt lat="39.578732" lon="2.428747"/>
    <trkpt lat="39.578706" lon="2.428642"/>
    <trkpt lat="39.578695" lon="2.428599"/>
    <trkpt lat="39.578655" lon="2.428439"/>
    <trkpt lat="39.578488" lon="2.428250"/>
    <trkpt lat="39.578394" lon="2.428144"/>
    <trkpt lat="39.578088" lon="2.427691"/>
    <trkpt lat="39.578051" lon="2.427594"/>
    <trkpt lat="39.577990" lon="2.427139"/>
    <trkpt lat="39.577954" lon="2.426934"/>
    <trkpt lat="39.577482" lon="2.426209"/>
    <trkpt lat="39.577423" lon="2.426041"/>
    <trkpt lat="39.577344" lon="2.425230"/>
    <trkpt lat="39.577329" lon="2.425100"/>
    <trkpt lat="39.577314" lon="2.425018"/>
    <trkpt lat="39.577294" lon="2.424958"/>
    <trkpt lat="39.577275" lon="2.424923"/>
    <trkpt lat="39.577243" lon="2.424822"/>
    <trkpt lat="39.577221" lon="2.424754"/>
    <trkpt lat="39.577224" lon="2.424732"/>
    <trkpt lat="39.577226" lon="2.424668"/>
    <trkpt lat="39.577213" lon="2.424607"/>
    <trkpt lat="39.577205" lon="2.424593"/>
    <trkpt lat="39.577187" lon="2.424558"/>
    <trkpt lat="39.577152" lon="2.424521"/>
    <trkpt lat="39.577109" lon="2.424498"/>
    <trkpt lat="39.577069" lon="2.424493"/>
    <trkpt lat="39.577024" lon="2.424436"/>
    <trkpt lat="39.576959" lon="2.424354"/>
    <trkpt lat="39.576744" lon="2.424109"/>
    <trkpt lat="39.576028" lon="2.423340"/>
    <trkpt lat="39.575860" lon="2.423154"/>
    <trkpt lat="39.575247" lon="2.422460"/>
    <trkpt lat="39.574698" lon="2.421837"/>
    <trkpt lat="39.574679" lon="2.421186"/>
    <trkpt lat="39.575013" lon="2.421192"/>
    <trkpt lat="39.575275" lon="2.421195"/>
    <trkpt lat="39.575528" lon="2.421197"/>
    <trkpt lat="39.575404" lon="2.420733"/>
    <trkpt lat="39.575611" lon="2.420644"/>
    <trkpt lat="39.575701" lon="2.420605"/>
    <trkpt lat="39.575526" lon="2.419940"/>
    <trkpt lat="39.575362" lon="2.419316"/>
    <trkpt lat="39.575216" lon="2.418761"/>
    <trkpt lat="39.574906" lon="2.418898"/>
    <trkpt lat="39.574696" lon="2.418990"/>
    <trkpt lat="39.574463" lon="2.419093"/>
    <trkpt lat="39.574167" lon="2.419220"/>
    <trkpt lat="39.573871" lon="2.419347"/>
    <trkpt lat="39.574013" lon="2.419894"/>
    <trkpt lat="39.574182" lon="2.420539"/>
    <trkpt lat="39.574351" lon="2.421187"/>
    <trkpt lat="39.574679" lon="2.421186"/>
    <trkpt lat="39.574698" lon="2.421837"/>
    <trkpt lat="39.575247" lon="2.422460"/>
    <trkpt lat="39.575860" lon="2.423154"/>
    <trkpt lat="39.576028" lon="2.423340"/>
    <trkpt lat="39.576744" lon="2.424109"/>
    <trkpt lat="39.576959" lon="2.424354"/>
    <trkpt lat="39.576983" lon="2.424454"/>
    <trkpt lat="39.576990" lon="2.424481"/>
    <trkpt lat="39.576999" lon="2.424519"/>
    <trkpt lat="39.576968" lon="2.424549"/>
    <trkpt lat="39.576944" lon="2.424589"/>
    <trkpt lat="39.576927" lon="2.424638"/>
    <trkpt lat="39.576922" lon="2.424677"/>
    <trkpt lat="39.576921" lon="2.424692"/>
    <trkpt lat="39.576926" lon="2.424739"/>
    <trkpt lat="39.576939" lon="2.424784"/>
    <trkpt lat="39.576966" lon="2.424831"/>
    <trkpt lat="39.577001" lon="2.424866"/>
    <trkpt lat="39.577043" lon="2.424886"/>
    <trkpt lat="39.577088" lon="2.424889"/>
    <trkpt lat="39.577131" lon="2.424876"/>
    <trkpt lat="39.577174" lon="2.424842"/>
    <trkpt lat="39.577206" lon="2.424792"/>
    <trkpt lat="39.577221" lon="2.424754"/>
    <trkpt lat="39.577224" lon="2.424732"/>
    <trkpt lat="39.577338" lon="2.424605"/>
    <trkpt lat="39.577583" lon="2.424553"/>
    <trkpt lat="39.577843" lon="2.424497"/>
    <trkpt lat="39.578012" lon="2.424466"/>
    <trkpt lat="39.578089" lon="2.424458"/>
    <trkpt lat="39.578138" lon="2.424462"/>
    <trkpt lat="39.578186" lon="2.424470"/>
    <trkpt lat="39.578237" lon="2.424486"/>
    <trkpt lat="39.578287" lon="2.424506"/>
    <trkpt lat="39.578329" lon="2.424530"/>
    <trkpt lat="39.578370" lon="2.424556"/>
    <trkpt lat="39.578414" lon="2.424589"/>
    <trkpt lat="39.578459" lon="2.424629"/>
    <trkpt lat="39.578517" lon="2.424684"/>
    <trkpt lat="39.578744" lon="2.424902"/>
    <trkpt lat="39.578787" lon="2.424937"/>
    <trkpt lat="39.578826" lon="2.424964"/>
    <trkpt lat="39.578868" lon="2.424982"/>
    <trkpt lat="39.578913" lon="2.424997"/>
    <trkpt lat="39.578961" lon="2.425004"/>
    <trkpt lat="39.578998" lon="2.425002"/>
    <trkpt lat="39.579051" lon="2.424989"/>
    <trkpt lat="39.579107" lon="2.424969"/>
    <trkpt lat="39.579160" lon="2.424943"/>
    <trkpt lat="39.579208" lon="2.424908"/>
    <trkpt lat="39.579475" lon="2.424658"/>
    <trkpt lat="39.579550" lon="2.424590"/>
    <trkpt lat="39.579588" lon="2.424542"/>
    <trkpt lat="39.579610" lon="2.424499"/>
    <trkpt lat="39.579630" lon="2.424442"/>
    <trkpt lat="39.579643" lon="2.424385"/>
    <trkpt lat="39.579647" lon="2.424330"/>
    <trkpt lat="39.579644" lon="2.424275"/>
    <trkpt lat="39.579637" lon="2.424219"/>
    <trkpt lat="39.579622" lon="2.424168"/>
    <trkpt lat="39.579602" lon="2.424128"/>
    <trkpt lat="39.579570" lon="2.424085"/>
    <trkpt lat="39.579527" lon="2.424037"/>
    <trkpt lat="39.579257" lon="2.423818"/>
    <trkpt lat="39.579213" lon="2.423767"/>
    <trkpt lat="39.579175" lon="2.423709"/>
    <trkpt lat="39.579147" lon="2.423652"/>
    <trkpt lat="39.579134" lon="2.423615"/>
    <trkpt lat="39.579118" lon="2.423552"/>
    <trkpt lat="39.579111" lon="2.423486"/>
    <trkpt lat="39.579109" lon="2.423428"/>
    <trkpt lat="39.579123" lon="2.423342"/>
    <trkpt lat="39.579141" lon="2.423271"/>
    <trkpt lat="39.579169" lon="2.423182"/>
    <trkpt lat="39.579395" lon="2.422528"/>
    <trkpt lat="39.579686" lon="2.421705"/>
    <trkpt lat="39.579770" lon="2.421465"/>
    <trkpt lat="39.579817" lon="2.421330"/>
    <trkpt lat="39.579848" lon="2.421221"/>
    <trkpt lat="39.579879" lon="2.421098"/>
    <trkpt lat="39.579904" lon="2.420977"/>
    <trkpt lat="39.579954" lon="2.420701"/>
    <trkpt lat="39.580017" lon="2.420326"/>
    <trkpt lat="39.580072" lon="2.420017"/>
    <trkpt lat="39.580121" lon="2.419744"/>
    <trkpt lat="39.580150" lon="2.419618"/>
    <trkpt lat="39.580177" lon="2.419530"/>
    <trkpt lat="39.580249" lon="2.419371"/>
    <trkpt lat="39.580399" lon="2.419072"/>
    <trkpt lat="39.580454" lon="2.418964"/>
    <trkpt lat="39.580505" lon="2.418859"/>
    <trkpt lat="39.580535" lon="2.418780"/>
    <trkpt lat="39.580556" lon="2.418704"/>
    <trkpt lat="39.580568" lon="2.418623"/>
    <trkpt lat="39.580574" lon="2.418534"/>
    <trkpt lat="39.580581" lon="2.418191"/>
    <trkpt lat="39.580586" lon="2.418093"/>
    <trkpt lat="39.580599" lon="2.418019"/>
    <trkpt lat="39.580615" lon="2.417971"/>
    <trkpt lat="39.580640" lon="2.417928"/>
    <trkpt lat="39.580676" lon="2.417891"/>
    <trkpt lat="39.580707" lon="2.417866"/>
    <trkpt lat="39.580747" lon="2.417844"/>
    <trkpt lat="39.580787" lon="2.417832"/>
    <trkpt lat="39.580854" lon="2.417818"/>
    <trkpt lat="39.581121" lon="2.417792"/>
    <trkpt lat="39.581142" lon="2.417790"/>
    <trkpt lat="39.581363" lon="2.417766"/>
    <trkpt lat="39.581433" lon="2.417744"/>
    <trkpt lat="39.581499" lon="2.417714"/>
    <trkpt lat="39.581552" lon="2.417678"/>
    <trkpt lat="39.581608" lon="2.417625"/>
    <trkpt lat="39.581670" lon="2.417555"/>
    <trkpt lat="39.581727" lon="2.417478"/>
    <trkpt lat="39.582030" lon="2.417065"/>
    <trkpt lat="39.582072" lon="2.416993"/>
    <trkpt lat="39.582107" lon="2.416903"/>
    <trkpt lat="39.582119" lon="2.416837"/>
    <trkpt lat="39.582121" lon="2.416765"/>
    <trkpt lat="39.582116" lon="2.416686"/>
    <trkpt lat="39.582078" lon="2.416378"/>
    <trkpt lat="39.582023" lon="2.415936"/>
    <trkpt lat="39.582014" lon="2.415796"/>
    <trkpt lat="39.582019" lon="2.415690"/>
    <trkpt lat="39.582031" lon="2.415616"/>
    <trkpt lat="39.582053" lon="2.415546"/>
    <trkpt lat="39.582083" lon="2.415486"/>
    <trkpt lat="39.582126" lon="2.415428"/>
    <trkpt lat="39.582166" lon="2.415386"/>
    <trkpt lat="39.582251" lon="2.415311"/>
    <trkpt lat="39.582312" lon="2.415264"/>
    <trkpt lat="39.582355" lon="2.415242"/>
    <trkpt lat="39.582405" lon="2.415233"/>
    <trkpt lat="39.582445" lon="2.415236"/>
    <trkpt lat="39.582486" lon="2.415250"/>
    <trkpt lat="39.582525" lon="2.415272"/>
    <trkpt lat="39.582560" lon="2.415300"/>
    <trkpt lat="39.582591" lon="2.415342"/>
    <trkpt lat="39.582627" lon="2.415418"/>
    <trkpt lat="39.582805" lon="2.415895"/>
    <trkpt lat="39.582863" lon="2.416027"/>
    <trkpt lat="39.582902" lon="2.416096"/>
    <trkpt lat="39.582946" lon="2.416157"/>
    <trkpt lat="39.582997" lon="2.416212"/>
    <trkpt lat="39.583060" lon="2.416265"/>
    <trkpt lat="39.583252" lon="2.416399"/>
    <trkpt lat="39.583562" lon="2.416623"/>
    <trkpt lat="39.583736" lon="2.416745"/>
    <trkpt lat="39.583852" lon="2.416829"/>
    <trkpt lat="39.583955" lon="2.416896"/>
    <trkpt lat="39.584373" lon="2.417179"/>
    <trkpt lat="39.584559" lon="2.417293"/>
    <trkpt lat="39.584673" lon="2.417356"/>
    <trkpt lat="39.584845" lon="2.417440"/>
    <trkpt lat="39.585073" lon="2.417554"/>
    <trkpt lat="39.585424" lon="2.417756"/>
    <trkpt lat="39.585774" lon="2.417961"/>
    <trkpt lat="39.585861" lon="2.418022"/>
    <trkpt lat="39.585925" lon="2.418079"/>
    <trkpt lat="39.586022" lon="2.418179"/>
    <trkpt lat="39.586120" lon="2.418296"/>
    <trkpt lat="39.586524" lon="2.418764"/>
    <trkpt lat="39.586620" lon="2.418858"/>
    <trkpt lat="39.586676" lon="2.418898"/>
    <trkpt lat="39.586731" lon="2.418927"/>
    <trkpt lat="39.586790" lon="2.418955"/>
    <trkpt lat="39.586845" lon="2.418972"/>
    <trkpt lat="39.586948" lon="2.418995"/>
    <trkpt lat="39.587052" lon="2.419009"/>
    <trkpt lat="39.587359" lon="2.419053"/>
    <trkpt lat="39.587554" lon="2.419081"/>
    <trkpt lat="39.588052" lon="2.419153"/>
    <trkpt lat="39.588633" lon="2.419232"/>
    <trkpt lat="39.588709" lon="2.419241"/>
    <trkpt lat="39.588783" lon="2.419240"/>
    <trkpt lat="39.588868" lon="2.419229"/>
    <trkpt lat="39.588998" lon="2.419208"/>
    <trkpt lat="39.589063" lon="2.419204"/>
    <trkpt lat="39.589120" lon="2.419209"/>
    <trkpt lat="39.589170" lon="2.419221"/>
    <trkpt lat="39.589210" lon="2.419238"/>
    <trkpt lat="39.589319" lon="2.419282"/>
    <trkpt lat="39.589581" lon="2.419395"/>
    <trkpt lat="39.589660" lon="2.419436"/>
    <trkpt lat="39.589720" lon="2.419472"/>
    <trkpt lat="39.589804" lon="2.419522"/>
    <trkpt lat="39.589891" lon="2.419564"/>
    <trkpt lat="39.589998" lon="2.419612"/>
    <trkpt lat="39.590093" lon="2.419653"/>
    <trkpt lat="39.590232" lon="2.419704"/>
    <trkpt lat="39.590329" lon="2.419737"/>
    <trkpt lat="39.590404" lon="2.419756"/>
    <trkpt lat="39.590465" lon="2.419765"/>
    <trkpt lat="39.590515" lon="2.419769"/>
    <trkpt lat="39.590555" lon="2.419772"/>
    <trkpt lat="39.590607" lon="2.419770"/>
    <trkpt lat="39.590681" lon="2.419765"/>
    <trkpt lat="39.590753" lon="2.419754"/>
    <trkpt lat="39.590963" lon="2.419718"/>
    <trkpt lat="39.591015" lon="2.419714"/>
    <trkpt lat="39.591057" lon="2.419717"/>
    <trkpt lat="39.591096" lon="2.419726"/>
    <trkpt lat="39.591132" lon="2.419739"/>
    <trkpt lat="39.591177" lon="2.419758"/>
    <trkpt lat="39.591252" lon="2.419795"/>
    <trkpt lat="39.591319" lon="2.419820"/>
    <trkpt lat="39.591382" lon="2.419842"/>
    <trkpt lat="39.591439" lon="2.419859"/>
    <trkpt lat="39.591496" lon="2.419869"/>
    <trkpt lat="39.591564" lon="2.419890"/>
    <trkpt lat="39.591618" lon="2.419910"/>
    <trkpt lat="39.591667" lon="2.419934"/>
    <trkpt lat="39.591736" lon="2.419973"/>
    <trkpt lat="39.591826" lon="2.420029"/>
    <trkpt lat="39.591936" lon="2.420103"/>
    <trkpt lat="39.592108" lon="2.420229"/>
    <trkpt lat="39.592279" lon="2.420356"/>
    <trkpt lat="39.592321" lon="2.420384"/>
    <trkpt lat="39.592367" lon="2.420405"/>
    <trkpt lat="39.592408" lon="2.420417"/>
    <trkpt lat="39.592453" lon="2.420425"/>
    <trkpt lat="39.592492" lon="2.420427"/>
    <trkpt lat="39.592537" lon="2.420424"/>
    <trkpt lat="39.592566" lon="2.420421"/>
    <trkpt lat="39.592601" lon="2.420409"/>
    <trkpt lat="39.592658" lon="2.420389"/>
    <trkpt lat="39.592722" lon="2.420360"/>
    <trkpt lat="39.592858" lon="2.420294"/>
    <trkpt lat="39.592951" lon="2.420252"/>
    <trkpt lat="39.593035" lon="2.420215"/>
    <trkpt lat="39.593108" lon="2.420189"/>
    <trkpt lat="39.593221" lon="2.420156"/>
    <trkpt lat="39.593289" lon="2.420144"/>
    <trkpt lat="39.593353" lon="2.420139"/>
    <trkpt lat="39.593417" lon="2.420139"/>
    <trkpt lat="39.593531" lon="2.420142"/>
    <trkpt lat="39.593573" lon="2.420138"/>
    <trkpt lat="39.593608" lon="2.420132"/>
    <trkpt lat="39.593641" lon="2.420120"/>
    <trkpt lat="39.593677" lon="2.420097"/>
    <trkpt lat="39.593707" lon="2.420070"/>
    <trkpt lat="39.593733" lon="2.420042"/>
    <trkpt lat="39.593758" lon="2.420006"/>
    <trkpt lat="39.593780" lon="2.419962"/>
    <trkpt lat="39.593896" lon="2.419679"/>
    <trkpt lat="39.593923" lon="2.419629"/>
    <trkpt lat="39.593949" lon="2.419588"/>
    <trkpt lat="39.593980" lon="2.419553"/>
    <trkpt lat="39.594011" lon="2.419525"/>
    <trkpt lat="39.594042" lon="2.419503"/>
    <trkpt lat="39.594081" lon="2.419482"/>
    <trkpt lat="39.594148" lon="2.419464"/>
    <trkpt lat="39.594280" lon="2.419440"/>
    <trkpt lat="39.594432" lon="2.419418"/>
    <trkpt lat="39.594470" lon="2.419420"/>
    <trkpt lat="39.594512" lon="2.419428"/>
    <trkpt lat="39.594540" lon="2.419441"/>
    <trkpt lat="39.594569" lon="2.419460"/>
    <trkpt lat="39.594592" lon="2.419483"/>
    <trkpt lat="39.594617" lon="2.419515"/>
    <trkpt lat="39.594638" lon="2.419543"/>
    <trkpt lat="39.594681" lon="2.419612"/>
    <trkpt lat="39.594836" lon="2.419890"/>
    <trkpt lat="39.594882" lon="2.419968"/>
    <trkpt lat="39.594931" lon="2.420040"/>
    <trkpt lat="39.594965" lon="2.420083"/>
    <trkpt lat="39.594992" lon="2.420108"/>
    <trkpt lat="39.595038" lon="2.420134"/>
    <trkpt lat="39.595084" lon="2.420158"/>
    <trkpt lat="39.595138" lon="2.420181"/>
    <trkpt lat="39.595453" lon="2.420297"/>
    <trkpt lat="39.595509" lon="2.420316"/>
    <trkpt lat="39.595555" lon="2.420327"/>
    <trkpt lat="39.595604" lon="2.420331"/>
    <trkpt lat="39.595639" lon="2.420329"/>
    <trkpt lat="39.595673" lon="2.420319"/>
    <trkpt lat="39.595709" lon="2.420305"/>
    <trkpt lat="39.595742" lon="2.420289"/>
    <trkpt lat="39.595773" lon="2.420264"/>
    <trkpt lat="39.595818" lon="2.420214"/>
    <trkpt lat="39.595896" lon="2.420137"/>
    <trkpt lat="39.595930" lon="2.420111"/>
    <trkpt lat="39.595961" lon="2.420093"/>
    <trkpt lat="39.595997" lon="2.420078"/>
    <trkpt lat="39.596036" lon="2.420076"/>
    <trkpt lat="39.596076" lon="2.420081"/>
    <trkpt lat="39.596115" lon="2.420094"/>
    <trkpt lat="39.596235" lon="2.420137"/>
    <trkpt lat="39.596274" lon="2.420146"/>
    <trkpt lat="39.596304" lon="2.420149"/>
    <trkpt lat="39.596339" lon="2.420146"/>
    <trkpt lat="39.596370" lon="2.420142"/>
    <trkpt lat="39.596435" lon="2.420120"/>
    <trkpt lat="39.596484" lon="2.420093"/>
    <trkpt lat="39.596851" lon="2.419856"/>
    <trkpt lat="39.596973" lon="2.419783"/>
    <trkpt lat="39.597015" lon="2.419766"/>
    <trkpt lat="39.597065" lon="2.419760"/>
    <trkpt lat="39.597108" lon="2.419759"/>
    <trkpt lat="39.597168" lon="2.419766"/>
    <trkpt lat="39.597222" lon="2.419787"/>
    <trkpt lat="39.597463" lon="2.419892"/>
    <trkpt lat="39.597679" lon="2.419992"/>
    <trkpt lat="39.597747" lon="2.420032"/>
    <trkpt lat="39.597811" lon="2.420072"/>
    <trkpt lat="39.597883" lon="2.420123"/>
    <trkpt lat="39.598008" lon="2.420227"/>
    <trkpt lat="39.598067" lon="2.420279"/>
    <trkpt lat="39.598182" lon="2.420374"/>
    <trkpt lat="39.598227" lon="2.420404"/>
    <trkpt lat="39.598275" lon="2.420430"/>
    <trkpt lat="39.598320" lon="2.420446"/>
    <trkpt lat="39.598366" lon="2.420454"/>
    <trkpt lat="39.598408" lon="2.420459"/>
    <trkpt lat="39.598461" lon="2.420455"/>
    <trkpt lat="39.598513" lon="2.420442"/>
    <trkpt lat="39.598712" lon="2.420401"/>
    <trkpt lat="39.599011" lon="2.420339"/>
    <trkpt lat="39.599076" lon="2.420329"/>
    <trkpt lat="39.599122" lon="2.420327"/>
    <trkpt lat="39.599165" lon="2.420329"/>
    <trkpt lat="39.599217" lon="2.420336"/>
    <trkpt lat="39.599262" lon="2.420347"/>
    <trkpt lat="39.599311" lon="2.420368"/>
    <trkpt lat="39.599362" lon="2.420397"/>
    <trkpt lat="39.599403" lon="2.420425"/>
    <trkpt lat="39.599450" lon="2.420458"/>
    <trkpt lat="39.599521" lon="2.420523"/>
    <trkpt lat="39.599654" lon="2.420644"/>
    <trkpt lat="39.599701" lon="2.420678"/>
    <trkpt lat="39.599745" lon="2.420709"/>
    <trkpt lat="39.599793" lon="2.420733"/>
    <trkpt lat="39.599834" lon="2.420751"/>
    <trkpt lat="39.599872" lon="2.420764"/>
    <trkpt lat="39.599926" lon="2.420777"/>
    <trkpt lat="39.599976" lon="2.420784"/>
    <trkpt lat="39.600011" lon="2.420789"/>
    <trkpt lat="39.600056" lon="2.420787"/>
    <trkpt lat="39.600111" lon="2.420775"/>
    <trkpt lat="39.600148" lon="2.420761"/>
    <trkpt lat="39.600182" lon="2.420746"/>
    <trkpt lat="39.600217" lon="2.420726"/>
    <trkpt lat="39.600252" lon="2.420695"/>
    <trkpt lat="39.600283" lon="2.420661"/>
    <trkpt lat="39.600315" lon="2.420621"/>
    <trkpt lat="39.600347" lon="2.420573"/>
    <trkpt lat="39.600387" lon="2.420492"/>
    <trkpt lat="39.600484" lon="2.420264"/>
    <trkpt lat="39.600738" lon="2.419660"/>
    <trkpt lat="39.600775" lon="2.419571"/>
    <trkpt lat="39.600877" lon="2.419383"/>
    <trkpt lat="39.600920" lon="2.419322"/>
    <trkpt lat="39.600967" lon="2.419271"/>
    <trkpt lat="39.601008" lon="2.419235"/>
    <trkpt lat="39.601064" lon="2.419188"/>
    <trkpt lat="39.601339" lon="2.418970"/>
    <trkpt lat="39.601375" lon="2.418935"/>
    <trkpt lat="39.601401" lon="2.418895"/>
    <trkpt lat="39.601420" lon="2.418860"/>
    <trkpt lat="39.601434" lon="2.418817"/>
    <trkpt lat="39.601443" lon="2.418777"/>
    <trkpt lat="39.601447" lon="2.418736"/>
    <trkpt lat="39.601448" lon="2.418693"/>
    <trkpt lat="39.601444" lon="2.418645"/>
    <trkpt lat="39.601434" lon="2.418590"/>
    <trkpt lat="39.601421" lon="2.418530"/>
    <trkpt lat="39.601378" lon="2.418370"/>
    <trkpt lat="39.601367" lon="2.418295"/>
    <trkpt lat="39.601365" lon="2.418239"/>
    <trkpt lat="39.601369" lon="2.418183"/>
    <trkpt lat="39.601379" lon="2.418133"/>
    <trkpt lat="39.601394" lon="2.418083"/>
    <trkpt lat="39.601410" lon="2.418044"/>
    <trkpt lat="39.601439" lon="2.418000"/>
    <trkpt lat="39.601475" lon="2.417957"/>
    <trkpt lat="39.601529" lon="2.417908"/>
    <trkpt lat="39.601605" lon="2.417858"/>
    <trkpt lat="39.601671" lon="2.417813"/>
    <trkpt lat="39.601743" lon="2.417768"/>
    <trkpt lat="39.601811" lon="2.417731"/>
    <trkpt lat="39.601877" lon="2.417702"/>
    <trkpt lat="39.601942" lon="2.417679"/>
    <trkpt lat="39.602079" lon="2.417637"/>
    <trkpt lat="39.602133" lon="2.417615"/>
    <trkpt lat="39.602194" lon="2.417576"/>
    <trkpt lat="39.602231" lon="2.417548"/>
    <trkpt lat="39.602264" lon="2.417512"/>
    <trkpt lat="39.602301" lon="2.417465"/>
    <trkpt lat="39.602329" lon="2.417418"/>
    <trkpt lat="39.602354" lon="2.417365"/>
    <trkpt lat="39.602375" lon="2.417307"/>
    <trkpt lat="39.602394" lon="2.417242"/>
    <trkpt lat="39.602403" lon="2.417193"/>
    <trkpt lat="39.602408" lon="2.417142"/>
    <trkpt lat="39.602408" lon="2.417085"/>
    <trkpt lat="39.602405" lon="2.417035"/>
    <trkpt lat="39.602397" lon="2.416983"/>
    <trkpt lat="39.602385" lon="2.416933"/>
    <trkpt lat="39.602369" lon="2.416879"/>
    <trkpt lat="39.602333" lon="2.416823"/>
    <trkpt lat="39.602310" lon="2.416789"/>
    <trkpt lat="39.602283" lon="2.416760"/>
    <trkpt lat="39.602248" lon="2.416735"/>
    <trkpt lat="39.602214" lon="2.416719"/>
    <trkpt lat="39.602180" lon="2.416710"/>
    <trkpt lat="39.602133" lon="2.416710"/>
    <trkpt lat="39.602083" lon="2.416718"/>
    <trkpt lat="39.602031" lon="2.416733"/>
    <trkpt lat="39.601951" lon="2.416766"/>
    <trkpt lat="39.601904" lon="2.416777"/>
    <trkpt lat="39.601844" lon="2.416784"/>
    <trkpt lat="39.601790" lon="2.416780"/>
    <trkpt lat="39.601723" lon="2.416766"/>
    <trkpt lat="39.601636" lon="2.416741"/>
    <trkpt lat="39.601459" lon="2.416686"/>
    <trkpt lat="39.601412" lon="2.416661"/>
    <trkpt lat="39.601364" lon="2.416630"/>
    <trkpt lat="39.601319" lon="2.416591"/>
    <trkpt lat="39.601273" lon="2.416540"/>
    <trkpt lat="39.601240" lon="2.416489"/>
    <trkpt lat="39.601213" lon="2.416438"/>
    <trkpt lat="39.601188" lon="2.416372"/>
    <trkpt lat="39.601171" lon="2.416308"/>
    <trkpt lat="39.601161" lon="2.416222"/>
    <trkpt lat="39.601162" lon="2.416145"/>
    <trkpt lat="39.601171" lon="2.416077"/>
    <trkpt lat="39.601189" lon="2.415988"/>
    <trkpt lat="39.601223" lon="2.415863"/>
    <trkpt lat="39.601399" lon="2.415236"/>
    <trkpt lat="39.601506" lon="2.414848"/>
    <trkpt lat="39.601562" lon="2.414622"/>
    <trkpt lat="39.601601" lon="2.414439"/>
    <trkpt lat="39.601633" lon="2.414264"/>
    <trkpt lat="39.601665" lon="2.414079"/>
    <trkpt lat="39.601684" lon="2.413886"/>
    <trkpt lat="39.601688" lon="2.413787"/>
    <trkpt lat="39.601687" lon="2.413647"/>
    <trkpt lat="39.601681" lon="2.413495"/>
    <trkpt lat="39.601670" lon="2.413381"/>
    <trkpt lat="39.601654" lon="2.413303"/>
    <trkpt lat="39.601635" lon="2.413235"/>
    <trkpt lat="39.601594" lon="2.413136"/>
    <trkpt lat="39.601527" lon="2.412972"/>
    <trkpt lat="39.601499" lon="2.412890"/>
    <trkpt lat="39.601479" lon="2.412813"/>
    <trkpt lat="39.601470" lon="2.412750"/>
    <trkpt lat="39.601470" lon="2.412684"/>
    <trkpt lat="39.601477" lon="2.412613"/>
    <trkpt lat="39.601494" lon="2.412541"/>
    <trkpt lat="39.601517" lon="2.412472"/>
    <trkpt lat="39.601550" lon="2.412405"/>
    <trkpt lat="39.601587" lon="2.412346"/>
    <trkpt lat="39.601634" lon="2.412284"/>
    <trkpt lat="39.602192" lon="2.411620"/>
    <trkpt lat="39.602400" lon="2.411370"/>
    <trkpt lat="39.602707" lon="2.411002"/>
    <trkpt lat="39.603023" lon="2.410626"/>
    <trkpt lat="39.603220" lon="2.410393"/>
    <trkpt lat="39.603289" lon="2.410302"/>
    <trkpt lat="39.603352" lon="2.410215"/>
    <trkpt lat="39.603836" lon="2.409480"/>
    <trkpt lat="39.603869" lon="2.409439"/>
    <trkpt lat="39.603913" lon="2.409391"/>
    <trkpt lat="39.603958" lon="2.409357"/>
    <trkpt lat="39.604006" lon="2.409331"/>
    <trkpt lat="39.604063" lon="2.409307"/>
    <trkpt lat="39.604269" lon="2.409230"/>
    <trkpt lat="39.604469" lon="2.409160"/>
    <trkpt lat="39.604612" lon="2.409109"/>
    <trkpt lat="39.604721" lon="2.409076"/>
    <trkpt lat="39.604786" lon="2.409067"/>
    <trkpt lat="39.604829" lon="2.409064"/>
    <trkpt lat="39.604876" lon="2.409066"/>
    <trkpt lat="39.604921" lon="2.409075"/>
    <trkpt lat="39.604958" lon="2.409087"/>
    <trkpt lat="39.604991" lon="2.409104"/>
    <trkpt lat="39.605033" lon="2.409129"/>
    <trkpt lat="39.605084" lon="2.409168"/>
    <trkpt lat="39.605369" lon="2.409395"/>
    <trkpt lat="39.605434" lon="2.409435"/>
    <trkpt lat="39.605484" lon="2.409460"/>
    <trkpt lat="39.605541" lon="2.409478"/>
    <trkpt lat="39.605668" lon="2.409516"/>
    <trkpt lat="39.605809" lon="2.409557"/>
    <trkpt lat="39.606022" lon="2.409618"/>
    <trkpt lat="39.606362" lon="2.409721"/>
    <trkpt lat="39.606414" lon="2.409732"/>
    <trkpt lat="39.606454" lon="2.409733"/>
    <trkpt lat="39.606516" lon="2.409727"/>
    <trkpt lat="39.606562" lon="2.409711"/>
    <trkpt lat="39.606600" lon="2.409697"/>
    <trkpt lat="39.606772" lon="2.409616"/>
    <trkpt lat="39.606826" lon="2.409598"/>
    <trkpt lat="39.606875" lon="2.409592"/>
    <trkpt lat="39.606951" lon="2.409594"/>
    <trkpt lat="39.606996" lon="2.409604"/>
    <trkpt lat="39.607048" lon="2.409617"/>
    <trkpt lat="39.607157" lon="2.409652"/>
    <trkpt lat="39.607219" lon="2.409677"/>
    <trkpt lat="39.607260" lon="2.409701"/>
    <trkpt lat="39.607293" lon="2.409726"/>
    <trkpt lat="39.607327" lon="2.409759"/>
    <trkpt lat="39.607372" lon="2.409813"/>
    <trkpt lat="39.607499" lon="2.409956"/>
    <trkpt lat="39.607538" lon="2.409998"/>
    <trkpt lat="39.607571" lon="2.410022"/>
    <trkpt lat="39.607599" lon="2.410038"/>
    <trkpt lat="39.607645" lon="2.410054"/>
    <trkpt lat="39.607685" lon="2.410064"/>
    <trkpt lat="39.607725" lon="2.410066"/>
    <trkpt lat="39.607785" lon="2.410064"/>
    <trkpt lat="39.607922" lon="2.410041"/>
    <trkpt lat="39.608040" lon="2.410021"/>
    <trkpt lat="39.608082" lon="2.410020"/>
    <trkpt lat="39.608116" lon="2.410024"/>
    <trkpt lat="39.608157" lon="2.410034"/>
    <trkpt lat="39.608191" lon="2.410048"/>
    <trkpt lat="39.608230" lon="2.410069"/>
    <trkpt lat="39.608268" lon="2.410099"/>
    <trkpt lat="39.608302" lon="2.410132"/>
    <trkpt lat="39.608334" lon="2.410177"/>
    <trkpt lat="39.608372" lon="2.410232"/>
    <trkpt lat="39.608472" lon="2.410418"/>
    <trkpt lat="39.608513" lon="2.410483"/>
    <trkpt lat="39.608548" lon="2.410521"/>
    <trkpt lat="39.608580" lon="2.410553"/>
    <trkpt lat="39.608621" lon="2.410587"/>
    <trkpt lat="39.608671" lon="2.410622"/>
    <trkpt lat="39.608728" lon="2.410659"/>
    <trkpt lat="39.608794" lon="2.410697"/>
    <trkpt lat="39.608904" lon="2.410761"/>
    <trkpt lat="39.609115" lon="2.410884"/>
    <trkpt lat="39.609389" lon="2.411048"/>
    <trkpt lat="39.609432" lon="2.411079"/>
    <trkpt lat="39.609467" lon="2.411109"/>
    <trkpt lat="39.609497" lon="2.411141"/>
    <trkpt lat="39.609531" lon="2.411183"/>
    <trkpt lat="39.609563" lon="2.411231"/>
    <trkpt lat="39.609596" lon="2.411289"/>
    <trkpt lat="39.609631" lon="2.411364"/>
    <trkpt lat="39.609664" lon="2.411443"/>
    <trkpt lat="39.609870" lon="2.411948"/>
    <trkpt lat="39.609907" lon="2.412028"/>
    <trkpt lat="39.609944" lon="2.412084"/>
    <trkpt lat="39.609984" lon="2.412138"/>
    <trkpt lat="39.610017" lon="2.412170"/>
    <trkpt lat="39.610064" lon="2.412211"/>
    <trkpt lat="39.610108" lon="2.412242"/>
    <trkpt lat="39.610170" lon="2.412278"/>
    <trkpt lat="39.610507" lon="2.412398"/>
    <trkpt lat="39.610849" lon="2.412521"/>
    <trkpt lat="39.610906" lon="2.412549"/>
    <trkpt lat="39.610950" lon="2.412576"/>
    <trkpt lat="39.611009" lon="2.412621"/>
    <trkpt lat="39.611050" lon="2.412662"/>
    <trkpt lat="39.611081" lon="2.412698"/>
    <trkpt lat="39.611110" lon="2.412746"/>
    <trkpt lat="39.611136" lon="2.412796"/>
    <trkpt lat="39.611165" lon="2.412863"/>
    <trkpt lat="39.611352" lon="2.413379"/>
    <trkpt lat="39.611385" lon="2.413482"/>
    <trkpt lat="39.611410" lon="2.413579"/>
    <trkpt lat="39.611428" lon="2.413679"/>
    <trkpt lat="39.611445" lon="2.413801"/>
    <trkpt lat="39.611565" lon="2.414601"/>
    <trkpt lat="39.611590" lon="2.414752"/>
    <trkpt lat="39.611617" lon="2.414899"/>
    <trkpt lat="39.611636" lon="2.414979"/>
    <trkpt lat="39.611663" lon="2.415067"/>
    <trkpt lat="39.611698" lon="2.415161"/>
    <trkpt lat="39.611782" lon="2.415375"/>
    <trkpt lat="39.612138" lon="2.416312"/>
    <trkpt lat="39.612332" lon="2.416804"/>
    <trkpt lat="39.612374" lon="2.416901"/>
    <trkpt lat="39.612417" lon="2.416984"/>
    <trkpt lat="39.612457" lon="2.417051"/>
    <trkpt lat="39.612494" lon="2.417103"/>
    <trkpt lat="39.612527" lon="2.417144"/>
    <trkpt lat="39.612587" lon="2.417204"/>
    <trkpt lat="39.612643" lon="2.417251"/>
    <trkpt lat="39.612699" lon="2.417297"/>
    <trkpt lat="39.612825" lon="2.417399"/>
    <trkpt lat="39.613419" lon="2.417873"/>
    <trkpt lat="39.614452" lon="2.418709"/>
    <trkpt lat="39.614478" lon="2.418731"/>
    <trkpt lat="39.614531" lon="2.418774"/>
    <trkpt lat="39.615265" lon="2.419366"/>
    <trkpt lat="39.615371" lon="2.419454"/>
    <trkpt lat="39.615708" lon="2.419720"/>
    <trkpt lat="39.615810" lon="2.419794"/>
    <trkpt lat="39.615861" lon="2.419825"/>
    <trkpt lat="39.615903" lon="2.419847"/>
    <trkpt lat="39.615958" lon="2.419872"/>
    <trkpt lat="39.616009" lon="2.419887"/>
    <trkpt lat="39.616067" lon="2.419901"/>
    <trkpt lat="39.616123" lon="2.419907"/>
    <trkpt lat="39.616203" lon="2.419909"/>
    <trkpt lat="39.617457" lon="2.419911"/>
    <trkpt lat="39.617532" lon="2.419912"/>
    <trkpt lat="39.617594" lon="2.419921"/>
    <trkpt lat="39.617646" lon="2.419937"/>
    <trkpt lat="39.617691" lon="2.419957"/>
    <trkpt lat="39.617734" lon="2.419981"/>
    <trkpt lat="39.617775" lon="2.420011"/>
    <trkpt lat="39.617819" lon="2.420048"/>
    <trkpt lat="39.617870" lon="2.420106"/>
    <trkpt lat="39.617918" lon="2.420168"/>
    <trkpt lat="39.617973" lon="2.420238"/>
    <trkpt lat="39.618090" lon="2.420394"/>
    <trkpt lat="39.618153" lon="2.420476"/>
    <trkpt lat="39.618231" lon="2.420587"/>
    <trkpt lat="39.618299" lon="2.420682"/>
    <trkpt lat="39.618355" lon="2.420783"/>
    <trkpt lat="39.618399" lon="2.420877"/>
    <trkpt lat="39.618456" lon="2.420994"/>
    <trkpt lat="39.618590" lon="2.421298"/>
    <trkpt lat="39.618656" lon="2.421442"/>
    <trkpt lat="39.618701" lon="2.421536"/>
    <trkpt lat="39.618745" lon="2.421611"/>
    <trkpt lat="39.618792" lon="2.421681"/>
    <trkpt lat="39.618855" lon="2.421760"/>
    <trkpt lat="39.618902" lon="2.421808"/>
    <trkpt lat="39.618947" lon="2.421848"/>
    <trkpt lat="39.618992" lon="2.421885"/>
    <trkpt lat="39.619053" lon="2.421928"/>
    <trkpt lat="39.619106" lon="2.421962"/>
    <trkpt lat="39.619188" lon="2.422000"/>
    <trkpt lat="39.619270" lon="2.422034"/>
    <trkpt lat="39.620114" lon="2.422318"/>
    <trkpt lat="39.620315" lon="2.422388"/>
    <trkpt lat="39.620386" lon="2.422405"/>
    <trkpt lat="39.620449" lon="2.422414"/>
    <trkpt lat="39.620504" lon="2.422418"/>
    <trkpt lat="39.620572" lon="2.422408"/>
    <trkpt lat="39.620622" lon="2.422392"/>
    <trkpt lat="39.620750" lon="2.422340"/>
    <trkpt lat="39.620825" lon="2.422308"/>
    <trkpt lat="39.620876" lon="2.422289"/>
    <trkpt lat="39.620923" lon="2.422285"/>
    <trkpt lat="39.620973" lon="2.422294"/>
    <trkpt lat="39.621011" lon="2.422314"/>
    <trkpt lat="39.621040" lon="2.422338"/>
    <trkpt lat="39.621066" lon="2.422376"/>
    <trkpt lat="39.621087" lon="2.422422"/>
    <trkpt lat="39.621095" lon="2.422464"/>
    <trkpt lat="39.621095" lon="2.422512"/>
    <trkpt lat="39.621086" lon="2.422560"/>
    <trkpt lat="39.621070" lon="2.422597"/>
    <trkpt lat="39.621049" lon="2.422629"/>
    <trkpt lat="39.621027" lon="2.422658"/>
    <trkpt lat="39.621005" lon="2.422678"/>
    <trkpt lat="39.620978" lon="2.422693"/>
    <trkpt lat="39.620953" lon="2.422702"/>
    <trkpt lat="39.620925" lon="2.422702"/>
    <trkpt lat="39.620397" lon="2.422696"/>
    <trkpt lat="39.620036" lon="2.422691"/>
    <trkpt lat="39.619987" lon="2.422695"/>
    <trkpt lat="39.619944" lon="2.422705"/>
    <trkpt lat="39.619912" lon="2.422723"/>
    <trkpt lat="39.619885" lon="2.422742"/>
    <trkpt lat="39.619859" lon="2.422771"/>
    <trkpt lat="39.619841" lon="2.422798"/>
    <trkpt lat="39.619828" lon="2.422831"/>
    <trkpt lat="39.619815" lon="2.422871"/>
    <trkpt lat="39.619810" lon="2.422909"/>
    <trkpt lat="39.619809" lon="2.422927"/>
    <trkpt lat="39.619808" lon="2.422950"/>
    <trkpt lat="39.619810" lon="2.422991"/>
    <trkpt lat="39.619818" lon="2.423028"/>
    <trkpt lat="39.619828" lon="2.423057"/>
    <trkpt lat="39.619846" lon="2.423091"/>
    <trkpt lat="39.619867" lon="2.423119"/>
    <trkpt lat="39.619890" lon="2.423140"/>
    <trkpt lat="39.619921" lon="2.423165"/>
    <trkpt lat="39.619955" lon="2.423184"/>
    <trkpt lat="39.620014" lon="2.423206"/>
    <trkpt lat="39.620267" lon="2.423284"/>
    <trkpt lat="39.620819" lon="2.423445"/>
    <trkpt lat="39.621031" lon="2.423500"/>
    <trkpt lat="39.621076" lon="2.423511"/>
    <trkpt lat="39.621123" lon="2.423511"/>
    <trkpt lat="39.621171" lon="2.423506"/>
    <trkpt lat="39.621240" lon="2.423492"/>
    <trkpt lat="39.621322" lon="2.423470"/>
    <trkpt lat="39.621689" lon="2.423360"/>
    <trkpt lat="39.621750" lon="2.423350"/>
    <trkpt lat="39.621809" lon="2.423350"/>
    <trkpt lat="39.621869" lon="2.423357"/>
    <trkpt lat="39.621933" lon="2.423375"/>
    <trkpt lat="39.622074" lon="2.423424"/>
    <trkpt lat="39.622266" lon="2.423497"/>
    <trkpt lat="39.622437" lon="2.423551"/>
    <trkpt lat="39.623016" lon="2.423746"/>
    <trkpt lat="39.623066" lon="2.423766"/>
    <trkpt lat="39.623102" lon="2.423788"/>
    <trkpt lat="39.623138" lon="2.423811"/>
    <trkpt lat="39.623172" lon="2.423840"/>
    <trkpt lat="39.623182" lon="2.423852"/>
    <trkpt lat="39.623198" lon="2.423870"/>
    <trkpt lat="39.623226" lon="2.423915"/>
    <trkpt lat="39.623249" lon="2.423959"/>
    <trkpt lat="39.623275" lon="2.424041"/>
    <trkpt lat="39.623360" lon="2.424342"/>
    <trkpt lat="39.623375" lon="2.424383"/>
    <trkpt lat="39.623395" lon="2.424416"/>
    <trkpt lat="39.623416" lon="2.424438"/>
    <trkpt lat="39.623436" lon="2.424453"/>
    <trkpt lat="39.623465" lon="2.424464"/>
    <trkpt lat="39.623494" lon="2.424471"/>
    <trkpt lat="39.623522" lon="2.424473"/>
    <trkpt lat="39.623553" lon="2.424468"/>
    <trkpt lat="39.623582" lon="2.424457"/>
    <trkpt lat="39.623610" lon="2.424440"/>
    <trkpt lat="39.623643" lon="2.424413"/>
    <trkpt lat="39.623663" lon="2.424387"/>
    <trkpt lat="39.623677" lon="2.424360"/>
    <trkpt lat="39.623688" lon="2.424325"/>
    <trkpt lat="39.623694" lon="2.424278"/>
    <trkpt lat="39.623694" lon="2.424232"/>
    <trkpt lat="39.623689" lon="2.424189"/>
    <trkpt lat="39.623679" lon="2.424149"/>
    <trkpt lat="39.623660" lon="2.424104"/>
    <trkpt lat="39.623636" lon="2.424072"/>
    <trkpt lat="39.623486" lon="2.423900"/>
    <trkpt lat="39.623226" lon="2.423615"/>
    <trkpt lat="39.623169" lon="2.423559"/>
    <trkpt lat="39.623099" lon="2.423500"/>
    <trkpt lat="39.623034" lon="2.423455"/>
    <trkpt lat="39.622992" lon="2.423425"/>
    <trkpt lat="39.622863" lon="2.423353"/>
    <trkpt lat="39.622828" lon="2.423340"/>
    <trkpt lat="39.622784" lon="2.423334"/>
    <trkpt lat="39.622746" lon="2.423336"/>
    <trkpt lat="39.622703" lon="2.423342"/>
    <trkpt lat="39.622570" lon="2.423364"/>
    <trkpt lat="39.622542" lon="2.423367"/>
    <trkpt lat="39.622510" lon="2.423361"/>
    <trkpt lat="39.622481" lon="2.423345"/>
    <trkpt lat="39.622459" lon="2.423321"/>
    <trkpt lat="39.622440" lon="2.423290"/>
    <trkpt lat="39.622428" lon="2.423251"/>
    <trkpt lat="39.622424" lon="2.423214"/>
    <trkpt lat="39.622426" lon="2.423171"/>
    <trkpt lat="39.622437" lon="2.423136"/>
    <trkpt lat="39.622450" lon="2.423112"/>
    <trkpt lat="39.622470" lon="2.423093"/>
    <trkpt lat="39.622497" lon="2.423076"/>
    <trkpt lat="39.622527" lon="2.423069"/>
    <trkpt lat="39.622564" lon="2.423071"/>
    <trkpt lat="39.622604" lon="2.423084"/>
    <trkpt lat="39.622679" lon="2.423117"/>
    <trkpt lat="39.622878" lon="2.423217"/>
    <trkpt lat="39.623373" lon="2.423488"/>
    <trkpt lat="39.623585" lon="2.423625"/>
    <trkpt lat="39.624010" lon="2.423913"/>
    <trkpt lat="39.624062" lon="2.423959"/>
    <trkpt lat="39.624100" lon="2.423994"/>
    <trkpt lat="39.624140" lon="2.424042"/>
    <trkpt lat="39.624179" lon="2.424094"/>
    <trkpt lat="39.624222" lon="2.424165"/>
    <trkpt lat="39.624297" lon="2.424282"/>
    <trkpt lat="39.624352" lon="2.424363"/>
    <trkpt lat="39.624411" lon="2.424431"/>
    <trkpt lat="39.624475" lon="2.424486"/>
    <trkpt lat="39.624553" lon="2.424539"/>
    <trkpt lat="39.624723" lon="2.424649"/>
    <trkpt lat="39.624778" lon="2.424693"/>
    <trkpt lat="39.624829" lon="2.424735"/>
    <trkpt lat="39.624883" lon="2.424786"/>
    <trkpt lat="39.624938" lon="2.424843"/>
    <trkpt lat="39.625078" lon="2.425017"/>
    <trkpt lat="39.625324" lon="2.425309"/>
    <trkpt lat="39.625398" lon="2.425380"/>
    <trkpt lat="39.625453" lon="2.425425"/>
    <trkpt lat="39.625525" lon="2.425483"/>
    <trkpt lat="39.625568" lon="2.425526"/>
    <trkpt lat="39.625611" lon="2.425582"/>
    <trkpt lat="39.625700" lon="2.425711"/>
    <trkpt lat="39.625754" lon="2.425777"/>
    <trkpt lat="39.625804" lon="2.425824"/>
    <trkpt lat="39.625863" lon="2.425860"/>
    <trkpt lat="39.625917" lon="2.425878"/>
    <trkpt lat="39.625978" lon="2.425894"/>
    <trkpt lat="39.626049" lon="2.425904"/>
    <trkpt lat="39.626121" lon="2.425906"/>
    <trkpt lat="39.626557" lon="2.425885"/>
    <trkpt lat="39.626667" lon="2.425893"/>
    <trkpt lat="39.626756" lon="2.425911"/>
    <trkpt lat="39.626823" lon="2.425932"/>
    <trkpt lat="39.626915" lon="2.425976"/>
    <trkpt lat="39.626994" lon="2.426030"/>
    <trkpt lat="39.627067" lon="2.426085"/>
    <trkpt lat="39.627150" lon="2.426160"/>
    <trkpt lat="39.627208" lon="2.426205"/>
    <trkpt lat="39.627258" lon="2.426242"/>
    <trkpt lat="39.627314" lon="2.426258"/>
    <trkpt lat="39.627373" lon="2.426263"/>
    <trkpt lat="39.627437" lon="2.426261"/>
    <trkpt lat="39.627523" lon="2.426245"/>
    <trkpt lat="39.628410" lon="2.426122"/>
    <trkpt lat="39.628589" lon="2.426093"/>
    <trkpt lat="39.628772" lon="2.426065"/>
    <trkpt lat="39.628893" lon="2.426038"/>
    <trkpt lat="39.628986" lon="2.426011"/>
    <trkpt lat="39.629083" lon="2.425974"/>
    <trkpt lat="39.629349" lon="2.425878"/>
    <trkpt lat="39.629394" lon="2.425869"/>
    <trkpt lat="39.629458" lon="2.425865"/>
    <trkpt lat="39.629509" lon="2.425874"/>
    <trkpt lat="39.629572" lon="2.425889"/>
    <trkpt lat="39.629654" lon="2.425916"/>
    <trkpt lat="39.629761" lon="2.425943"/>
    <trkpt lat="39.629800" lon="2.425950"/>
    <trkpt lat="39.629839" lon="2.425948"/>
    <trkpt lat="39.629882" lon="2.425940"/>
    <trkpt lat="39.629924" lon="2.425927"/>
    <trkpt lat="39.629974" lon="2.425905"/>
    <trkpt lat="39.630025" lon="2.425878"/>
    <trkpt lat="39.630393" lon="2.425660"/>
    <trkpt lat="39.630435" lon="2.425639"/>
    <trkpt lat="39.630484" lon="2.425622"/>
    <trkpt lat="39.630544" lon="2.425613"/>
    <trkpt lat="39.630595" lon="2.425615"/>
    <trkpt lat="39.630643" lon="2.425622"/>
    <trkpt lat="39.630691" lon="2.425639"/>
    <trkpt lat="39.630726" lon="2.425653"/>
    <trkpt lat="39.630761" lon="2.425676"/>
    <trkpt lat="39.630803" lon="2.425708"/>
    <trkpt lat="39.630852" lon="2.425755"/>
    <trkpt lat="39.630887" lon="2.425796"/>
    <trkpt lat="39.630924" lon="2.425848"/>
    <trkpt lat="39.630970" lon="2.425915"/>
    <trkpt lat="39.631017" lon="2.425995"/>
    <trkpt lat="39.631207" lon="2.426331"/>
    <trkpt lat="39.631239" lon="2.426400"/>
    <trkpt lat="39.631270" lon="2.426481"/>
    <trkpt lat="39.631287" lon="2.426550"/>
    <trkpt lat="39.631302" lon="2.426637"/>
    <trkpt lat="39.631311" lon="2.426733"/>
    <trkpt lat="39.631329" lon="2.427035"/>
    <trkpt lat="39.631338" lon="2.427120"/>
    <trkpt lat="39.631354" lon="2.427205"/>
    <trkpt lat="39.631372" lon="2.427267"/>
    <trkpt lat="39.631392" lon="2.427315"/>
    <trkpt lat="39.631413" lon="2.427352"/>
    <trkpt lat="39.631438" lon="2.427391"/>
    <trkpt lat="39.631529" lon="2.427504"/>
    <trkpt lat="39.631694" lon="2.427682"/>
    <trkpt lat="39.631725" lon="2.427727"/>
    <trkpt lat="39.631754" lon="2.427781"/>
    <trkpt lat="39.631772" lon="2.427827"/>
    <trkpt lat="39.631787" lon="2.427881"/>
    <trkpt lat="39.631805" lon="2.427967"/>
    <trkpt lat="39.631812" lon="2.428056"/>
    <trkpt lat="39.631810" lon="2.428134"/>
    <trkpt lat="39.631810" lon="2.428278"/>
    <trkpt lat="39.631817" lon="2.428360"/>
    <trkpt lat="39.631833" lon="2.428424"/>
    <trkpt lat="39.631852" lon="2.428481"/>
    <trkpt lat="39.631880" lon="2.428536"/>
    <trkpt lat="39.631909" lon="2.428583"/>
    <trkpt lat="39.631954" lon="2.428641"/>
    <trkpt lat="39.632015" lon="2.428715"/>
    <trkpt lat="39.632264" lon="2.429005"/>
    <trkpt lat="39.632356" lon="2.429118"/>
    <trkpt lat="39.632449" lon="2.429238"/>
    <trkpt lat="39.632497" lon="2.429317"/>
    <trkpt lat="39.632534" lon="2.429384"/>
    <trkpt lat="39.632581" lon="2.429469"/>
    <trkpt lat="39.632791" lon="2.429901"/>
    <trkpt lat="39.633075" lon="2.430471"/>
    <trkpt lat="39.633135" lon="2.430576"/>
    <trkpt lat="39.633198" lon="2.430674"/>
    <trkpt lat="39.633261" lon="2.430756"/>
    <trkpt lat="39.633323" lon="2.430834"/>
    <trkpt lat="39.633392" lon="2.430914"/>
    <trkpt lat="39.633470" lon="2.430993"/>
    <trkpt lat="39.633530" lon="2.431051"/>
    <trkpt lat="39.633602" lon="2.431113"/>
    <trkpt lat="39.633773" lon="2.431251"/>
    <trkpt lat="39.633878" lon="2.431338"/>
    <trkpt lat="39.633965" lon="2.431423"/>
    <trkpt lat="39.634005" lon="2.431465"/>
    <trkpt lat="39.634041" lon="2.431523"/>
    <trkpt lat="39.634076" lon="2.431590"/>
    <trkpt lat="39.634108" lon="2.431655"/>
    <trkpt lat="39.634138" lon="2.431741"/>
    <trkpt lat="39.634246" lon="2.432090"/>
    <trkpt lat="39.634356" lon="2.432447"/>
    <trkpt lat="39.634369" lon="2.432528"/>
    <trkpt lat="39.634374" lon="2.432607"/>
    <trkpt lat="39.634370" lon="2.432682"/>
    <trkpt lat="39.634358" lon="2.432752"/>
    <trkpt lat="39.634325" lon="2.432918"/>
    <trkpt lat="39.634317" lon="2.432985"/>
    <trkpt lat="39.634314" lon="2.433049"/>
    <trkpt lat="39.634318" lon="2.433110"/>
    <trkpt lat="39.634328" lon="2.433168"/>
    <trkpt lat="39.634343" lon="2.433224"/>
    <trkpt lat="39.634366" lon="2.433277"/>
    <trkpt lat="39.634398" lon="2.433329"/>
    <trkpt lat="39.634431" lon="2.433380"/>
    <trkpt lat="39.634464" lon="2.433411"/>
    <trkpt lat="39.634510" lon="2.433454"/>
    <trkpt lat="39.634717" lon="2.433629"/>
    <trkpt lat="39.634778" lon="2.433689"/>
    <trkpt lat="39.634836" lon="2.433759"/>
    <trkpt lat="39.634890" lon="2.433843"/>
    <trkpt lat="39.634935" lon="2.433920"/>
    <trkpt lat="39.634974" lon="2.434002"/>
    <trkpt lat="39.635091" lon="2.434271"/>
    <trkpt lat="39.635270" lon="2.434706"/>
    <trkpt lat="39.635324" lon="2.434847"/>
    <trkpt lat="39.635347" lon="2.434921"/>
    <trkpt lat="39.635368" lon="2.435015"/>
    <trkpt lat="39.635378" lon="2.435103"/>
    <trkpt lat="39.635385" lon="2.435184"/>
    <trkpt lat="39.635388" lon="2.435268"/>
    <trkpt lat="39.635387" lon="2.435351"/>
    <trkpt lat="39.635381" lon="2.435440"/>
    <trkpt lat="39.635371" lon="2.435514"/>
    <trkpt lat="39.635268" lon="2.436223"/>
    <trkpt lat="39.635263" lon="2.436300"/>
    <trkpt lat="39.635263" lon="2.436372"/>
    <trkpt lat="39.635271" lon="2.436452"/>
    <trkpt lat="39.635282" lon="2.436509"/>
    <trkpt lat="39.635304" lon="2.436594"/>
    <trkpt lat="39.635330" lon="2.436660"/>
    <trkpt lat="39.635373" lon="2.436739"/>
    <trkpt lat="39.635424" lon="2.436831"/>
    <trkpt lat="39.635580" lon="2.437137"/>
    <trkpt lat="39.635643" lon="2.437290"/>
    <trkpt lat="39.635694" lon="2.437422"/>
    <trkpt lat="39.635797" lon="2.437710"/>
    <trkpt lat="39.635990" lon="2.438263"/>
    <trkpt lat="39.636073" lon="2.438497"/>
    <trkpt lat="39.636133" lon="2.438652"/>
    <trkpt lat="39.636184" lon="2.438762"/>
    <trkpt lat="39.636287" lon="2.438954"/>
    <trkpt lat="39.636316" lon="2.439025"/>
    <trkpt lat="39.636333" lon="2.439087"/>
    <trkpt lat="39.636345" lon="2.439136"/>
    <trkpt lat="39.636348" lon="2.439189"/>
    <trkpt lat="39.636343" lon="2.439245"/>
    <trkpt lat="39.636330" lon="2.439288"/>
    <trkpt lat="39.636178" lon="2.439650"/>
    <trkpt lat="39.636162" lon="2.439707"/>
    <trkpt lat="39.636151" lon="2.439770"/>
    <trkpt lat="39.636146" lon="2.439830"/>
    <trkpt lat="39.636149" lon="2.439894"/>
    <trkpt lat="39.636158" lon="2.439963"/>
    <trkpt lat="39.636171" lon="2.440029"/>
    <trkpt lat="39.636225" lon="2.440255"/>
    <trkpt lat="39.636240" lon="2.440331"/>
    <trkpt lat="39.636247" lon="2.440414"/>
    <trkpt lat="39.636247" lon="2.440493"/>
    <trkpt lat="39.636219" lon="2.441139"/>
    <trkpt lat="39.636204" lon="2.441327"/>
    <trkpt lat="39.636175" lon="2.441500"/>
    <trkpt lat="39.636143" lon="2.441669"/>
    <trkpt lat="39.636115" lon="2.441767"/>
    <trkpt lat="39.636070" lon="2.441855"/>
    <trkpt lat="39.636019" lon="2.441932"/>
    <trkpt lat="39.635962" lon="2.442010"/>
    <trkpt lat="39.635797" lon="2.442244"/>
    <trkpt lat="39.635778" lon="2.442296"/>
    <trkpt lat="39.635766" lon="2.442340"/>
    <trkpt lat="39.635761" lon="2.442382"/>
    <trkpt lat="39.635759" lon="2.442461"/>
    <trkpt lat="39.635762" lon="2.442495"/>
    <trkpt lat="39.635769" lon="2.442536"/>
    <trkpt lat="39.635784" lon="2.442578"/>
    <trkpt lat="39.635921" lon="2.442842"/>
    <trkpt lat="39.635939" lon="2.442889"/>
    <trkpt lat="39.635946" lon="2.442936"/>
    <trkpt lat="39.635949" lon="2.442985"/>
    <trkpt lat="39.635946" lon="2.443040"/>
    <trkpt lat="39.635938" lon="2.443096"/>
    <trkpt lat="39.635925" lon="2.443146"/>
    <trkpt lat="39.635818" lon="2.443544"/>
    <trkpt lat="39.635777" lon="2.443725"/>
    <trkpt lat="39.635746" lon="2.443929"/>
    <trkpt lat="39.635732" lon="2.444054"/>
    <trkpt lat="39.635725" lon="2.444198"/>
    <trkpt lat="39.635724" lon="2.444273"/>
    <trkpt lat="39.635728" lon="2.444346"/>
    <trkpt lat="39.635740" lon="2.444414"/>
    <trkpt lat="39.635757" lon="2.444462"/>
    <trkpt lat="39.635773" lon="2.444489"/>
    <trkpt lat="39.635793" lon="2.444514"/>
    <trkpt lat="39.635846" lon="2.444566"/>
    <trkpt lat="39.635878" lon="2.444591"/>
    <trkpt lat="39.635925" lon="2.444606"/>
    <trkpt lat="39.635960" lon="2.444607"/>
    <trkpt lat="39.635995" lon="2.444599"/>
    <trkpt lat="39.636046" lon="2.444580"/>
    <trkpt lat="39.636614" lon="2.444331"/>
    <trkpt lat="39.636686" lon="2.444307"/>
    <trkpt lat="39.636759" lon="2.444292"/>
    <trkpt lat="39.636830" lon="2.444286"/>
    <trkpt lat="39.636900" lon="2.444286"/>
    <trkpt lat="39.636975" lon="2.444288"/>
    <trkpt lat="39.637060" lon="2.444301"/>
    <trkpt lat="39.637613" lon="2.444390"/>
    <trkpt lat="39.637862" lon="2.444419"/>
    <trkpt lat="39.637910" lon="2.444418"/>
    <trkpt lat="39.637991" lon="2.444404"/>
    <trkpt lat="39.638059" lon="2.444389"/>
    <trkpt lat="39.638122" lon="2.444369"/>
    <trkpt lat="39.638205" lon="2.444328"/>
    <trkpt lat="39.638266" lon="2.444292"/>
    <trkpt lat="39.638321" lon="2.444254"/>
    <trkpt lat="39.638411" lon="2.444174"/>
    <trkpt lat="39.638544" lon="2.444060"/>
    <trkpt lat="39.638601" lon="2.444028"/>
    <trkpt lat="39.638642" lon="2.444008"/>
    <trkpt lat="39.638696" lon="2.443988"/>
    <trkpt lat="39.638759" lon="2.443976"/>
    <trkpt lat="39.638814" lon="2.443970"/>
    <trkpt lat="39.638914" lon="2.443965"/>
    <trkpt lat="39.639114" lon="2.443949"/>
    <trkpt lat="39.639231" lon="2.443930"/>
    <trkpt lat="39.639372" lon="2.443898"/>
    <trkpt lat="39.640920" lon="2.443548"/>
    <trkpt lat="39.640983" lon="2.443538"/>
    <trkpt lat="39.641040" lon="2.443537"/>
    <trkpt lat="39.641091" lon="2.443543"/>
    <trkpt lat="39.641141" lon="2.443552"/>
    <trkpt lat="39.641199" lon="2.443568"/>
    <trkpt lat="39.641294" lon="2.443602"/>
    <trkpt lat="39.641739" lon="2.443777"/>
    <trkpt lat="39.641798" lon="2.443810"/>
    <trkpt lat="39.641844" lon="2.443848"/>
    <trkpt lat="39.641880" lon="2.443892"/>
    <trkpt lat="39.641912" lon="2.443942"/>
    <trkpt lat="39.641943" lon="2.444007"/>
    <trkpt lat="39.641971" lon="2.444086"/>
    <trkpt lat="39.642185" lon="2.444901"/>
    <trkpt lat="39.642209" lon="2.444977"/>
    <trkpt lat="39.642236" lon="2.445039"/>
    <trkpt lat="39.642262" lon="2.445087"/>
    <trkpt lat="39.642295" lon="2.445130"/>
    <trkpt lat="39.642328" lon="2.445164"/>
    <trkpt lat="39.642462" lon="2.445294"/>
    <trkpt lat="39.642615" lon="2.445445"/>
    <trkpt lat="39.642652" lon="2.445497"/>
    <trkpt lat="39.642671" lon="2.445537"/>
    <trkpt lat="39.642687" lon="2.445577"/>
    <trkpt lat="39.642700" lon="2.445626"/>
    <trkpt lat="39.642708" lon="2.445681"/>
    <trkpt lat="39.642709" lon="2.445775"/>
    <trkpt lat="39.642658" lon="2.446575"/>
    <trkpt lat="39.642644" lon="2.446693"/>
    <trkpt lat="39.642623" lon="2.446780"/>
    <trkpt lat="39.642602" lon="2.446843"/>
    <trkpt lat="39.642555" lon="2.446945"/>
    <trkpt lat="39.642415" lon="2.447243"/>
    <trkpt lat="39.642343" lon="2.447380"/>
    <trkpt lat="39.642312" lon="2.447436"/>
    <trkpt lat="39.642280" lon="2.447477"/>
    <trkpt lat="39.642241" lon="2.447509"/>
    <trkpt lat="39.642202" lon="2.447532"/>
    <trkpt lat="39.642154" lon="2.447555"/>
    <trkpt lat="39.642053" lon="2.447583"/>
    <trkpt lat="39.641864" lon="2.447628"/>
    <trkpt lat="39.641638" lon="2.447665"/>
    <trkpt lat="39.641497" lon="2.447696"/>
    <trkpt lat="39.641370" lon="2.447729"/>
    <trkpt lat="39.641305" lon="2.447757"/>
    <trkpt lat="39.641252" lon="2.447799"/>
    <trkpt lat="39.641224" lon="2.447831"/>
    <trkpt lat="39.641185" lon="2.447883"/>
    <trkpt lat="39.641164" lon="2.447936"/>
    <trkpt lat="39.641153" lon="2.447979"/>
    <trkpt lat="39.641147" lon="2.448026"/>
    <trkpt lat="39.641148" lon="2.448062"/>
    <trkpt lat="39.641152" lon="2.448115"/>
    <trkpt lat="39.641157" lon="2.448167"/>
    <trkpt lat="39.641168" lon="2.448218"/>
    <trkpt lat="39.641182" lon="2.448255"/>
    <trkpt lat="39.641204" lon="2.448303"/>
    <trkpt lat="39.641254" lon="2.448382"/>
    <trkpt lat="39.641412" lon="2.448616"/>
    <trkpt lat="39.641473" lon="2.448696"/>
    <trkpt lat="39.641525" lon="2.448744"/>
    <trkpt lat="39.641573" lon="2.448785"/>
    <trkpt lat="39.641626" lon="2.448812"/>
    <trkpt lat="39.641675" lon="2.448821"/>
    <trkpt lat="39.641714" lon="2.448825"/>
    <trkpt lat="39.641760" lon="2.448820"/>
    <trkpt lat="39.641814" lon="2.448806"/>
    <trkpt lat="39.641876" lon="2.448786"/>
    <trkpt lat="39.641947" lon="2.448753"/>
    <trkpt lat="39.642282" lon="2.448574"/>
    <trkpt lat="39.642489" lon="2.448466"/>
    <trkpt lat="39.642568" lon="2.448430"/>
    <trkpt lat="39.642640" lon="2.448410"/>
    <trkpt lat="39.642714" lon="2.448397"/>
    <trkpt lat="39.642806" lon="2.448389"/>
    <trkpt lat="39.642888" lon="2.448385"/>
    <trkpt lat="39.643001" lon="2.448387"/>
    <trkpt lat="39.643258" lon="2.448407"/>
    <trkpt lat="39.643308" lon="2.448420"/>
    <trkpt lat="39.643351" lon="2.448437"/>
    <trkpt lat="39.643396" lon="2.448464"/>
    <trkpt lat="39.643442" lon="2.448502"/>
    <trkpt lat="39.643483" lon="2.448549"/>
    <trkpt lat="39.643515" lon="2.448593"/>
    <trkpt lat="39.643555" lon="2.448663"/>
    <trkpt lat="39.643596" lon="2.448745"/>
    <trkpt lat="39.643630" lon="2.448820"/>
    <trkpt lat="39.643711" lon="2.448997"/>
    <trkpt lat="39.643733" lon="2.449067"/>
    <trkpt lat="39.643745" lon="2.449112"/>
    <trkpt lat="39.643754" lon="2.449168"/>
    <trkpt lat="39.643759" lon="2.449230"/>
    <trkpt lat="39.643759" lon="2.449290"/>
    <trkpt lat="39.643751" lon="2.449363"/>
    <trkpt lat="39.643733" lon="2.449472"/>
    <trkpt lat="39.643718" lon="2.449549"/>
    <trkpt lat="39.643673" lon="2.449747"/>
    <trkpt lat="39.643665" lon="2.449821"/>
    <trkpt lat="39.643667" lon="2.449908"/>
    <trkpt lat="39.643686" lon="2.449998"/>
    <trkpt lat="39.643695" lon="2.450021"/>
    <trkpt lat="39.643709" lon="2.450060"/>
    <trkpt lat="39.643738" lon="2.450116"/>
    <trkpt lat="39.643774" lon="2.450165"/>
    <trkpt lat="39.643830" lon="2.450214"/>
    <trkpt lat="39.643908" lon="2.450257"/>
    <trkpt lat="39.644055" lon="2.450314"/>
    <trkpt lat="39.644161" lon="2.450345"/>
    <trkpt lat="39.644420" lon="2.450437"/>
    <trkpt lat="39.644569" lon="2.450478"/>
    <trkpt lat="39.644859" lon="2.450544"/>
    <trkpt lat="39.644982" lon="2.450589"/>
    <trkpt lat="39.645042" lon="2.450618"/>
    <trkpt lat="39.645091" lon="2.450654"/>
    <trkpt lat="39.645131" lon="2.450695"/>
    <trkpt lat="39.645177" lon="2.450763"/>
    <trkpt lat="39.645215" lon="2.450851"/>
    <trkpt lat="39.645335" lon="2.451235"/>
    <trkpt lat="39.645436" lon="2.451614"/>
    <trkpt lat="39.645527" lon="2.451966"/>
    <trkpt lat="39.645561" lon="2.452108"/>
    <trkpt lat="39.645576" lon="2.452176"/>
    <trkpt lat="39.645583" lon="2.452239"/>
    <trkpt lat="39.645587" lon="2.452297"/>
    <trkpt lat="39.645587" lon="2.452372"/>
    <trkpt lat="39.645583" lon="2.452460"/>
    <trkpt lat="39.645576" lon="2.452531"/>
    <trkpt lat="39.645554" lon="2.452682"/>
    <trkpt lat="39.645490" lon="2.453074"/>
    <trkpt lat="39.645476" lon="2.453192"/>
    <trkpt lat="39.645471" lon="2.453274"/>
    <trkpt lat="39.645477" lon="2.453349"/>
    <trkpt lat="39.645487" lon="2.453424"/>
    <trkpt lat="39.645506" lon="2.453493"/>
    <trkpt lat="39.645606" lon="2.453801"/>
    <trkpt lat="39.645664" lon="2.454000"/>
    <trkpt lat="39.645712" lon="2.454240"/>
    <trkpt lat="39.645838" lon="2.455202"/>
    <trkpt lat="39.645882" lon="2.455513"/>
    <trkpt lat="39.645891" lon="2.455612"/>
    <trkpt lat="39.645893" lon="2.455689"/>
    <trkpt lat="39.645891" lon="2.455785"/>
    <trkpt lat="39.645879" lon="2.455886"/>
    <trkpt lat="39.645863" lon="2.456008"/>
    <trkpt lat="39.645858" lon="2.456088"/>
    <trkpt lat="39.645862" lon="2.456164"/>
    <trkpt lat="39.645876" lon="2.456232"/>
    <trkpt lat="39.645920" lon="2.456349"/>
    <trkpt lat="39.645944" lon="2.456404"/>
    <trkpt lat="39.646024" lon="2.456566"/>
    <trkpt lat="39.646053" lon="2.456646"/>
    <trkpt lat="39.646077" lon="2.456728"/>
    <trkpt lat="39.646096" lon="2.456818"/>
    <trkpt lat="39.646112" lon="2.456914"/>
    <trkpt lat="39.646245" lon="2.457666"/>
    <trkpt lat="39.646274" lon="2.457786"/>
    <trkpt lat="39.646309" lon="2.457886"/>
    <trkpt lat="39.646347" lon="2.457967"/>
    <trkpt lat="39.646393" lon="2.458034"/>
    <trkpt lat="39.646440" lon="2.458089"/>
    <trkpt lat="39.646618" lon="2.458293"/>
    <trkpt lat="39.646675" lon="2.458358"/>
    <trkpt lat="39.646708" lon="2.458415"/>
    <trkpt lat="39.646731" lon="2.458467"/>
    <trkpt lat="39.646746" lon="2.458511"/>
    <trkpt lat="39.646753" lon="2.458552"/>
    <trkpt lat="39.646756" lon="2.458590"/>
    <trkpt lat="39.646753" lon="2.458631"/>
    <trkpt lat="39.646748" lon="2.458659"/>
    <trkpt lat="39.646734" lon="2.458708"/>
    <trkpt lat="39.646590" lon="2.459080"/>
    <trkpt lat="39.646486" lon="2.459336"/>
    <trkpt lat="39.646431" lon="2.459436"/>
    <trkpt lat="39.646380" lon="2.459503"/>
    <trkpt lat="39.646324" lon="2.459569"/>
    <trkpt lat="39.646119" lon="2.459770"/>
    <trkpt lat="39.645959" lon="2.459921"/>
    <trkpt lat="39.645927" lon="2.459966"/>
    <trkpt lat="39.645894" lon="2.460046"/>
    <trkpt lat="39.645871" lon="2.460128"/>
    <trkpt lat="39.645860" lon="2.460192"/>
    <trkpt lat="39.645821" lon="2.460451"/>
    <trkpt lat="39.645800" lon="2.460547"/>
    <trkpt lat="39.645769" lon="2.460637"/>
    <trkpt lat="39.645733" lon="2.460707"/>
    <trkpt lat="39.645641" lon="2.460860"/>
    <trkpt lat="39.645519" lon="2.461041"/>
    <trkpt lat="39.645491" lon="2.461096"/>
    <trkpt lat="39.645475" lon="2.461141"/>
    <trkpt lat="39.645465" lon="2.461199"/>
    <trkpt lat="39.645464" lon="2.461260"/>
    <trkpt lat="39.645469" lon="2.461313"/>
    <trkpt lat="39.645477" lon="2.461366"/>
    <trkpt lat="39.645498" lon="2.461416"/>
    <trkpt lat="39.645523" lon="2.461464"/>
    <trkpt lat="39.645562" lon="2.461516"/>
    <trkpt lat="39.645608" lon="2.461569"/>
    <trkpt lat="39.646018" lon="2.461983"/>
    <trkpt lat="39.646711" lon="2.462687"/>
    <trkpt lat="39.646893" lon="2.462878"/>
    <trkpt lat="39.646940" lon="2.462936"/>
    <trkpt lat="39.646978" lon="2.462991"/>
    <trkpt lat="39.647002" lon="2.463035"/>
    <trkpt lat="39.647022" lon="2.463081"/>
    <trkpt lat="39.647040" lon="2.463160"/>
    <trkpt lat="39.647047" lon="2.463229"/>
    <trkpt lat="39.647050" lon="2.463294"/>
    <trkpt lat="39.647045" lon="2.463369"/>
    <trkpt lat="39.647031" lon="2.463440"/>
    <trkpt lat="39.646961" lon="2.463685"/>
    <trkpt lat="39.646936" lon="2.463826"/>
    <trkpt lat="39.646927" lon="2.463923"/>
    <trkpt lat="39.646930" lon="2.464020"/>
    <trkpt lat="39.646948" lon="2.464151"/>
    <trkpt lat="39.647052" lon="2.464691"/>
    <trkpt lat="39.647181" lon="2.465321"/>
    <trkpt lat="39.647238" lon="2.465634"/>
    <trkpt lat="39.647257" lon="2.465778"/>
    <trkpt lat="39.647279" lon="2.465937"/>
    <trkpt lat="39.647278" lon="2.466009"/>
    <trkpt lat="39.647273" lon="2.466061"/>
    <trkpt lat="39.647258" lon="2.466116"/>
    <trkpt lat="39.647233" lon="2.466185"/>
    <trkpt lat="39.647166" lon="2.466318"/>
    <trkpt lat="39.646935" lon="2.466759"/>
    <trkpt lat="39.646889" lon="2.466852"/>
    <trkpt lat="39.646863" lon="2.466909"/>
    <trkpt lat="39.646845" lon="2.466968"/>
    <trkpt lat="39.646838" lon="2.467032"/>
    <trkpt lat="39.646836" lon="2.467084"/>
    <trkpt lat="39.646843" lon="2.467141"/>
    <trkpt lat="39.646860" lon="2.467208"/>
    <trkpt lat="39.646883" lon="2.467263"/>
    <trkpt lat="39.646915" lon="2.467314"/>
    <trkpt lat="39.646950" lon="2.467353"/>
    <trkpt lat="39.646993" lon="2.467386"/>
    <trkpt lat="39.647035" lon="2.467402"/>
    <trkpt lat="39.647076" lon="2.467415"/>
    <trkpt lat="39.647139" lon="2.467425"/>
    <trkpt lat="39.647224" lon="2.467435"/>
    <trkpt lat="39.647300" lon="2.467443"/>
    <trkpt lat="39.647429" lon="2.467453"/>
    <trkpt lat="39.647635" lon="2.467479"/>
    <trkpt lat="39.647726" lon="2.467499"/>
    <trkpt lat="39.647782" lon="2.467513"/>
    <trkpt lat="39.647865" lon="2.467539"/>
    <trkpt lat="39.647929" lon="2.467570"/>
    <trkpt lat="39.647977" lon="2.467598"/>
    <trkpt lat="39.648036" lon="2.467633"/>
    <trkpt lat="39.648552" lon="2.467967"/>
    <trkpt lat="39.648871" lon="2.468163"/>
    <trkpt lat="39.649225" lon="2.468401"/>
    <trkpt lat="39.649280" lon="2.468442"/>
    <trkpt lat="39.649320" lon="2.468482"/>
    <trkpt lat="39.649359" lon="2.468537"/>
    <trkpt lat="39.649389" lon="2.468583"/>
    <trkpt lat="39.649461" lon="2.468694"/>
    <trkpt lat="39.649608" lon="2.468922"/>
    <trkpt lat="39.649662" lon="2.468971"/>
    <trkpt lat="39.649697" lon="2.468998"/>
    <trkpt lat="39.649726" lon="2.469014"/>
    <trkpt lat="39.649763" lon="2.469023"/>
    <trkpt lat="39.649804" lon="2.469029"/>
    <trkpt lat="39.649848" lon="2.469029"/>
    <trkpt lat="39.649894" lon="2.469020"/>
    <trkpt lat="39.649934" lon="2.469008"/>
    <trkpt lat="39.649976" lon="2.468992"/>
    <trkpt lat="39.650156" lon="2.468865"/>
    <trkpt lat="39.650221" lon="2.468807"/>
    <trkpt lat="39.650321" lon="2.468716"/>
    <trkpt lat="39.650375" lon="2.468682"/>
    <trkpt lat="39.650406" lon="2.468668"/>
    <trkpt lat="39.650447" lon="2.468654"/>
    <trkpt lat="39.650486" lon="2.468654"/>
    <trkpt lat="39.650525" lon="2.468657"/>
    <trkpt lat="39.650572" lon="2.468668"/>
    <trkpt lat="39.650665" lon="2.468699"/>
    <trkpt lat="39.651012" lon="2.468825"/>
    <trkpt lat="39.651494" lon="2.468992"/>
    <trkpt lat="39.651702" lon="2.469070"/>
    <trkpt lat="39.651762" lon="2.469105"/>
    <trkpt lat="39.651797" lon="2.469131"/>
    <trkpt lat="39.651836" lon="2.469166"/>
    <trkpt lat="39.651868" lon="2.469202"/>
    <trkpt lat="39.651896" lon="2.469237"/>
    <trkpt lat="39.651922" lon="2.469281"/>
    <trkpt lat="39.651941" lon="2.469321"/>
    <trkpt lat="39.651953" lon="2.469350"/>
    <trkpt lat="39.651962" lon="2.469371"/>
    <trkpt lat="39.651977" lon="2.469420"/>
    <trkpt lat="39.651990" lon="2.469478"/>
    <trkpt lat="39.651998" lon="2.469552"/>
    <trkpt lat="39.652009" lon="2.469763"/>
    <trkpt lat="39.652030" lon="2.470155"/>
    <trkpt lat="39.652038" lon="2.470297"/>
    <trkpt lat="39.652041" lon="2.470372"/>
    <trkpt lat="39.652036" lon="2.470430"/>
    <trkpt lat="39.652028" lon="2.470482"/>
    <trkpt lat="39.652008" lon="2.470567"/>
    <trkpt lat="39.651981" lon="2.470642"/>
    <trkpt lat="39.651954" lon="2.470698"/>
    <trkpt lat="39.651925" lon="2.470740"/>
    <trkpt lat="39.651892" lon="2.470770"/>
    <trkpt lat="39.651849" lon="2.470800"/>
    <trkpt lat="39.651796" lon="2.470826"/>
    <trkpt lat="39.651390" lon="2.471011"/>
    <trkpt lat="39.650354" lon="2.471472"/>
    <trkpt lat="39.650279" lon="2.471516"/>
    <trkpt lat="39.650218" lon="2.471562"/>
    <trkpt lat="39.650118" lon="2.471656"/>
    <trkpt lat="39.650078" lon="2.471705"/>
    <trkpt lat="39.650052" lon="2.471748"/>
    <trkpt lat="39.650034" lon="2.471806"/>
    <trkpt lat="39.650002" lon="2.471965"/>
    <trkpt lat="39.649955" lon="2.472208"/>
    <trkpt lat="39.649929" lon="2.472289"/>
    <trkpt lat="39.649900" lon="2.472357"/>
    <trkpt lat="39.649857" lon="2.472434"/>
    <trkpt lat="39.649749" lon="2.472596"/>
    <trkpt lat="39.649443" lon="2.473076"/>
    <trkpt lat="39.649165" lon="2.473504"/>
    <trkpt lat="39.649136" lon="2.473557"/>
    <trkpt lat="39.649115" lon="2.473612"/>
    <trkpt lat="39.649097" lon="2.473679"/>
    <trkpt lat="39.649088" lon="2.473747"/>
    <trkpt lat="39.649084" lon="2.473811"/>
    <trkpt lat="39.649086" lon="2.473873"/>
    <trkpt lat="39.649094" lon="2.473942"/>
    <trkpt lat="39.649112" lon="2.474008"/>
    <trkpt lat="39.649135" lon="2.474071"/>
    <trkpt lat="39.649162" lon="2.474125"/>
    <trkpt lat="39.649192" lon="2.474173"/>
    <trkpt lat="39.649228" lon="2.474220"/>
    <trkpt lat="39.649264" lon="2.474253"/>
    <trkpt lat="39.649321" lon="2.474306"/>
    <trkpt lat="39.649593" lon="2.474535"/>
    <trkpt lat="39.649624" lon="2.474562"/>
    <trkpt lat="39.649774" lon="2.474672"/>
    <trkpt lat="39.649829" lon="2.474729"/>
    <trkpt lat="39.649869" lon="2.474784"/>
    <trkpt lat="39.649896" lon="2.474837"/>
    <trkpt lat="39.649915" lon="2.474883"/>
    <trkpt lat="39.649929" lon="2.474949"/>
    <trkpt lat="39.649935" lon="2.475023"/>
    <trkpt lat="39.649928" lon="2.475095"/>
    <trkpt lat="39.649917" lon="2.475165"/>
    <trkpt lat="39.649904" lon="2.475216"/>
    <trkpt lat="39.649873" lon="2.475297"/>
    <trkpt lat="39.649802" lon="2.475426"/>
    <trkpt lat="39.649760" lon="2.475518"/>
    <trkpt lat="39.649739" lon="2.475578"/>
    <trkpt lat="39.649725" lon="2.475642"/>
    <trkpt lat="39.649719" lon="2.475720"/>
    <trkpt lat="39.649726" lon="2.475794"/>
    <trkpt lat="39.649738" lon="2.475854"/>
    <trkpt lat="39.649756" lon="2.475911"/>
    <trkpt lat="39.649795" lon="2.475973"/>
    <trkpt lat="39.649843" lon="2.476043"/>
    <trkpt lat="39.649991" lon="2.476219"/>
    <trkpt lat="39.650137" lon="2.476384"/>
    <trkpt lat="39.650161" lon="2.476422"/>
    <trkpt lat="39.650182" lon="2.476457"/>
    <trkpt lat="39.650201" lon="2.476509"/>
    <trkpt lat="39.650210" lon="2.476549"/>
    <trkpt lat="39.650217" lon="2.476593"/>
    <trkpt lat="39.650217" lon="2.476634"/>
    <trkpt lat="39.650215" lon="2.476675"/>
    <trkpt lat="39.650211" lon="2.476720"/>
    <trkpt lat="39.650201" lon="2.476759"/>
    <trkpt lat="39.650190" lon="2.476791"/>
    <trkpt lat="39.650170" lon="2.476828"/>
    <trkpt lat="39.650079" lon="2.476961"/>
    <trkpt lat="39.650040" lon="2.477011"/>
    <trkpt lat="39.649974" lon="2.477086"/>
    <trkpt lat="39.649814" lon="2.477288"/>
    <trkpt lat="39.649781" lon="2.477340"/>
    <trkpt lat="39.649750" lon="2.477408"/>
    <trkpt lat="39.649727" lon="2.477468"/>
    <trkpt lat="39.649714" lon="2.477529"/>
    <trkpt lat="39.649704" lon="2.477606"/>
    <trkpt lat="39.649703" lon="2.477688"/>
    <trkpt lat="39.649712" lon="2.477754"/>
    <trkpt lat="39.649724" lon="2.477806"/>
    <trkpt lat="39.649735" lon="2.477846"/>
    <trkpt lat="39.649746" lon="2.477875"/>
    <trkpt lat="39.649766" lon="2.477914"/>
    <trkpt lat="39.649798" lon="2.477959"/>
    <trkpt lat="39.649834" lon="2.478002"/>
    <trkpt lat="39.649894" lon="2.478053"/>
    <trkpt lat="39.649958" lon="2.478099"/>
    <trkpt lat="39.650074" lon="2.478178"/>
    <trkpt lat="39.650622" lon="2.478555"/>
    <trkpt lat="39.650871" lon="2.478733"/>
    <trkpt lat="39.651165" lon="2.478944"/>
    <trkpt lat="39.651204" lon="2.478980"/>
    <trkpt lat="39.651239" lon="2.479022"/>
    <trkpt lat="39.651271" lon="2.479073"/>
    <trkpt lat="39.651295" lon="2.479124"/>
    <trkpt lat="39.651321" lon="2.479187"/>
    <trkpt lat="39.651371" lon="2.479371"/>
    <trkpt lat="39.651400" lon="2.479476"/>
    <trkpt lat="39.651421" lon="2.479517"/>
    <trkpt lat="39.651443" lon="2.479545"/>
    <trkpt lat="39.651504" lon="2.479604"/>
    <trkpt lat="39.651576" lon="2.479654"/>
    <trkpt lat="39.651687" lon="2.479687"/>
    <trkpt lat="39.651849" lon="2.479701"/>
    <trkpt lat="39.651864" lon="2.479701"/>
    <trkpt lat="39.652188" lon="2.479706"/>
    <trkpt lat="39.652286" lon="2.479720"/>
    <trkpt lat="39.652324" lon="2.479730"/>
    <trkpt lat="39.652353" lon="2.479741"/>
    <trkpt lat="39.652379" lon="2.479758"/>
    <trkpt lat="39.652407" lon="2.479781"/>
    <trkpt lat="39.652433" lon="2.479811"/>
    <trkpt lat="39.652453" lon="2.479845"/>
    <trkpt lat="39.652470" lon="2.479881"/>
    <trkpt lat="39.652486" lon="2.479931"/>
    <trkpt lat="39.652500" lon="2.479998"/>
    <trkpt lat="39.652521" lon="2.480150"/>
    <trkpt lat="39.652547" lon="2.480393"/>
    <trkpt lat="39.652574" lon="2.480581"/>
    <trkpt lat="39.652598" lon="2.480686"/>
    <trkpt lat="39.652632" lon="2.480779"/>
    <trkpt lat="39.652651" lon="2.480813"/>
    <trkpt lat="39.652681" lon="2.480868"/>
    <trkpt lat="39.652688" lon="2.480880"/>
    <trkpt lat="39.652699" lon="2.480838"/>
    <trkpt lat="39.652734" lon="2.479961"/>
    <trkpt lat="39.652746" lon="2.479795"/>
    <trkpt lat="39.652747" lon="2.479780"/>
    <trkpt lat="39.652872" lon="2.479930"/>
    <trkpt lat="39.652894" lon="2.479970"/>
    <trkpt lat="39.652908" lon="2.480033"/>
    <trkpt lat="39.652922" lon="2.480126"/>
    <trkpt lat="39.652942" lon="2.480308"/>
    <trkpt lat="39.652942" lon="2.480396"/>
    <trkpt lat="39.652934" lon="2.480522"/>
    <trkpt lat="39.652933" lon="2.480595"/>
    <trkpt lat="39.652939" lon="2.480643"/>
    <trkpt lat="39.652941" lon="2.480660"/>
    <trkpt lat="39.652963" lon="2.480747"/>
    <trkpt lat="39.652978" lon="2.480810"/>
    <trkpt lat="39.653010" lon="2.480884"/>
    <trkpt lat="39.653053" lon="2.480952"/>
    <trkpt lat="39.653104" lon="2.481020"/>
    <trkpt lat="39.653152" lon="2.481078"/>
    <trkpt lat="39.653214" lon="2.481140"/>
    <trkpt lat="39.653273" lon="2.481113"/>
    <trkpt lat="39.653351" lon="2.480996"/>
    <trkpt lat="39.653365" lon="2.480954"/>
    <trkpt lat="39.653386" lon="2.480919"/>
    <trkpt lat="39.653393" lon="2.480914"/>
    <trkpt lat="39.653443" lon="2.480900"/>
    <trkpt lat="39.653481" lon="2.480908"/>
    <trkpt lat="39.653498" lon="2.480909"/>
    <trkpt lat="39.653512" lon="2.480906"/>
    <trkpt lat="39.653519" lon="2.480893"/>
    <trkpt lat="39.653527" lon="2.480874"/>
    <trkpt lat="39.653535" lon="2.480727"/>
    <trkpt lat="39.653541" lon="2.480689"/>
    <trkpt lat="39.653617" lon="2.480555"/>
    <trkpt lat="39.653682" lon="2.480458"/>
    <trkpt lat="39.653712" lon="2.480423"/>
    <trkpt lat="39.653682" lon="2.480458"/>
    <trkpt lat="39.653617" lon="2.480555"/>
    <trkpt lat="39.653541" lon="2.480689"/>
    <trkpt lat="39.653535" lon="2.480727"/>
    <trkpt lat="39.653527" lon="2.480874"/>
    <trkpt lat="39.653519" lon="2.480893"/>
    <trkpt lat="39.653512" lon="2.480906"/>
    <trkpt lat="39.653498" lon="2.480909"/>
    <trkpt lat="39.653481" lon="2.480908"/>
    <trkpt lat="39.653443" lon="2.480900"/>
    <trkpt lat="39.653393" lon="2.480914"/>
    <trkpt lat="39.653386" lon="2.480919"/>
    <trkpt lat="39.653365" lon="2.480954"/>
    <trkpt lat="39.653351" lon="2.480996"/>
    <trkpt lat="39.653273" lon="2.481113"/>
    <trkpt lat="39.653214" lon="2.481140"/>
    <trkpt lat="39.653152" lon="2.481078"/>
    <trkpt lat="39.653104" lon="2.481020"/>
    <trkpt lat="39.653053" lon="2.480952"/>
    <trkpt lat="39.653010" lon="2.480884"/>
    <trkpt lat="39.652978" lon="2.480810"/>
    <trkpt lat="39.652963" lon="2.480747"/>
    <trkpt lat="39.652941" lon="2.480660"/>
    <trkpt lat="39.652939" lon="2.480643"/>
    <trkpt lat="39.652933" lon="2.480595"/>
    <trkpt lat="39.652934" lon="2.480522"/>
    <trkpt lat="39.652942" lon="2.480396"/>
    <trkpt lat="39.652942" lon="2.480308"/>
    <trkpt lat="39.652922" lon="2.480126"/>
    <trkpt lat="39.652908" lon="2.480033"/>
    <trkpt lat="39.652894" lon="2.479970"/>
    <trkpt lat="39.652872" lon="2.479930"/>
    <trkpt lat="39.652747" lon="2.479780"/>
    <trkpt lat="39.652746" lon="2.479795"/>
    <trkpt lat="39.652734" lon="2.479961"/>
    <trkpt lat="39.652699" lon="2.480838"/>
    <trkpt lat="39.652688" lon="2.480880"/>
    <trkpt lat="39.652742" lon="2.480983"/>
    <trkpt lat="39.652833" lon="2.481122"/>
    <trkpt lat="39.653018" lon="2.481332"/>
    <trkpt lat="39.653049" lon="2.481367"/>
    <trkpt lat="39.653187" lon="2.481513"/>
    <trkpt lat="39.653270" lon="2.481605"/>
    <trkpt lat="39.653297" lon="2.481641"/>
    <trkpt lat="39.653315" lon="2.481672"/>
    <trkpt lat="39.653332" lon="2.481731"/>
    <trkpt lat="39.653345" lon="2.481791"/>
    <trkpt lat="39.653366" lon="2.481950"/>
    <trkpt lat="39.653401" lon="2.482198"/>
    <trkpt lat="39.653412" lon="2.482269"/>
    <trkpt lat="39.653452" lon="2.482508"/>
    <trkpt lat="39.653501" lon="2.482790"/>
    <trkpt lat="39.653515" lon="2.482907"/>
    <trkpt lat="39.653525" lon="2.483023"/>
    <trkpt lat="39.653533" lon="2.483149"/>
    <trkpt lat="39.653544" lon="2.483294"/>
    <trkpt lat="39.653543" lon="2.483338"/>
    <trkpt lat="39.653539" lon="2.483374"/>
    <trkpt lat="39.653534" lon="2.483401"/>
    <trkpt lat="39.653525" lon="2.483431"/>
    <trkpt lat="39.653510" lon="2.483461"/>
    <trkpt lat="39.653483" lon="2.483514"/>
    <trkpt lat="39.653419" lon="2.483622"/>
    <trkpt lat="39.653403" lon="2.483659"/>
    <trkpt lat="39.653398" lon="2.483690"/>
    <trkpt lat="39.653397" lon="2.483704"/>
    <trkpt lat="39.653396" lon="2.483729"/>
    <trkpt lat="39.653401" lon="2.483762"/>
    <trkpt lat="39.653408" lon="2.483786"/>
    <trkpt lat="39.653418" lon="2.483807"/>
    <trkpt lat="39.653433" lon="2.483826"/>
    <trkpt lat="39.653457" lon="2.483857"/>
    <trkpt lat="39.653475" lon="2.483872"/>
    <trkpt lat="39.653529" lon="2.483919"/>
    <trkpt lat="39.653566" lon="2.483944"/>
    <trkpt lat="39.653597" lon="2.483962"/>
    <trkpt lat="39.653627" lon="2.483971"/>
    <trkpt lat="39.653662" lon="2.483972"/>
    <trkpt lat="39.653697" lon="2.483966"/>
    <trkpt lat="39.653798" lon="2.483922"/>
    <trkpt lat="39.654060" lon="2.483799"/>
    <trkpt lat="39.654132" lon="2.483771"/>
    <trkpt lat="39.654174" lon="2.483761"/>
    <trkpt lat="39.654205" lon="2.483758"/>
    <trkpt lat="39.654248" lon="2.483760"/>
    <trkpt lat="39.654285" lon="2.483761"/>
    <trkpt lat="39.654366" lon="2.483769"/>
    <trkpt lat="39.654571" lon="2.483791"/>
    <trkpt lat="39.654710" lon="2.483818"/>
    <trkpt lat="39.655037" lon="2.483887"/>
    <trkpt lat="39.655073" lon="2.483899"/>
    <trkpt lat="39.655106" lon="2.483915"/>
    <trkpt lat="39.655124" lon="2.483929"/>
    <trkpt lat="39.655142" lon="2.483951"/>
    <trkpt lat="39.655167" lon="2.483981"/>
    <trkpt lat="39.655185" lon="2.484011"/>
    <trkpt lat="39.655204" lon="2.484062"/>
    <trkpt lat="39.655215" lon="2.484111"/>
    <trkpt lat="39.655220" lon="2.484147"/>
    <trkpt lat="39.655220" lon="2.484185"/>
    <trkpt lat="39.655213" lon="2.484231"/>
    <trkpt lat="39.655205" lon="2.484272"/>
    <trkpt lat="39.655173" lon="2.484370"/>
    <trkpt lat="39.654883" lon="2.485307"/>
    <trkpt lat="39.654864" lon="2.485354"/>
    <trkpt lat="39.654839" lon="2.485400"/>
    <trkpt lat="39.654817" lon="2.485439"/>
    <trkpt lat="39.654795" lon="2.485470"/>
    <trkpt lat="39.654770" lon="2.485501"/>
    <trkpt lat="39.654736" lon="2.485530"/>
    <trkpt lat="39.654691" lon="2.485564"/>
    <trkpt lat="39.654642" lon="2.485592"/>
    <trkpt lat="39.654456" lon="2.485694"/>
    <trkpt lat="39.654415" lon="2.485721"/>
    <trkpt lat="39.654371" lon="2.485756"/>
    <trkpt lat="39.654339" lon="2.485789"/>
    <trkpt lat="39.654307" lon="2.485826"/>
    <trkpt lat="39.654262" lon="2.485899"/>
    <trkpt lat="39.654056" lon="2.486228"/>
    <trkpt lat="39.653937" lon="2.486410"/>
    <trkpt lat="39.653908" lon="2.486459"/>
    <trkpt lat="39.653889" lon="2.486500"/>
    <trkpt lat="39.653882" lon="2.486529"/>
    <trkpt lat="39.653881" lon="2.486560"/>
    <trkpt lat="39.653884" lon="2.486587"/>
    <trkpt lat="39.653895" lon="2.486624"/>
    <trkpt lat="39.653914" lon="2.486657"/>
    <trkpt lat="39.653930" lon="2.486674"/>
    <trkpt lat="39.653947" lon="2.486686"/>
    <trkpt lat="39.653984" lon="2.486702"/>
    <trkpt lat="39.654017" lon="2.486711"/>
    <trkpt lat="39.654123" lon="2.486735"/>
    <trkpt lat="39.654163" lon="2.486738"/>
    <trkpt lat="39.654198" lon="2.486737"/>
    <trkpt lat="39.654231" lon="2.486731"/>
    <trkpt lat="39.654271" lon="2.486718"/>
    <trkpt lat="39.654338" lon="2.486692"/>
    <trkpt lat="39.654376" lon="2.486674"/>
    <trkpt lat="39.654439" lon="2.486640"/>
    <trkpt lat="39.654479" lon="2.486618"/>
    <trkpt lat="39.654643" lon="2.486525"/>
    <trkpt lat="39.654684" lon="2.486506"/>
    <trkpt lat="39.654751" lon="2.486480"/>
    <trkpt lat="39.654795" lon="2.486468"/>
    <trkpt lat="39.654863" lon="2.486458"/>
    <trkpt lat="39.654903" lon="2.486458"/>
    <trkpt lat="39.654972" lon="2.486467"/>
    <trkpt lat="39.655011" lon="2.486478"/>
    <trkpt lat="39.655076" lon="2.486507"/>
    <trkpt lat="39.655113" lon="2.486529"/>
    <trkpt lat="39.655190" lon="2.486593"/>
    <trkpt lat="39.655280" lon="2.486674"/>
    <trkpt lat="39.655553" lon="2.486929"/>
    <trkpt lat="39.655726" lon="2.487097"/>
    <trkpt lat="39.655817" lon="2.487191"/>
    <trkpt lat="39.655904" lon="2.487291"/>
    <trkpt lat="39.655945" lon="2.487334"/>
    <trkpt lat="39.655970" lon="2.487351"/>
    <trkpt lat="39.655989" lon="2.487360"/>
    <trkpt lat="39.656012" lon="2.487366"/>
    <trkpt lat="39.656084" lon="2.487366"/>
    <trkpt lat="39.656126" lon="2.487359"/>
    <trkpt lat="39.656176" lon="2.487345"/>
    <trkpt lat="39.656235" lon="2.487327"/>
    <trkpt lat="39.656298" lon="2.487298"/>
    <trkpt lat="39.656337" lon="2.487276"/>
    <trkpt lat="39.656369" lon="2.487255"/>
    <trkpt lat="39.656397" lon="2.487225"/>
    <trkpt lat="39.656422" lon="2.487186"/>
    <trkpt lat="39.656438" lon="2.487156"/>
    <trkpt lat="39.656453" lon="2.487101"/>
    <trkpt lat="39.656462" lon="2.487047"/>
    <trkpt lat="39.656474" lon="2.486959"/>
    <trkpt lat="39.656478" lon="2.486904"/>
    <trkpt lat="39.656483" lon="2.486818"/>
    <trkpt lat="39.656483" lon="2.486759"/>
    <trkpt lat="39.656481" lon="2.486682"/>
    <trkpt lat="39.656478" lon="2.486615"/>
    <trkpt lat="39.656478" lon="2.486530"/>
    <trkpt lat="39.656482" lon="2.486478"/>
    <trkpt lat="39.656496" lon="2.486387"/>
    <trkpt lat="39.656505" lon="2.486338"/>
    <trkpt lat="39.656525" lon="2.486246"/>
    <trkpt lat="39.656571" lon="2.486064"/>
    <trkpt lat="39.656585" lon="2.486021"/>
    <trkpt lat="39.656598" lon="2.485982"/>
    <trkpt lat="39.656623" lon="2.485933"/>
    <trkpt lat="39.656662" lon="2.485875"/>
    <trkpt lat="39.656693" lon="2.485836"/>
    <trkpt lat="39.656723" lon="2.485805"/>
    <trkpt lat="39.656749" lon="2.485785"/>
    <trkpt lat="39.656789" lon="2.485758"/>
    <trkpt lat="39.656821" lon="2.485742"/>
    <trkpt lat="39.656852" lon="2.485732"/>
    <trkpt lat="39.656891" lon="2.485728"/>
    <trkpt lat="39.656924" lon="2.485727"/>
    <trkpt lat="39.656959" lon="2.485733"/>
    <trkpt lat="39.657007" lon="2.485747"/>
    <trkpt lat="39.657067" lon="2.485772"/>
    <trkpt lat="39.657166" lon="2.485818"/>
    <trkpt lat="39.657291" lon="2.485877"/>
    <trkpt lat="39.657482" lon="2.485962"/>
    <trkpt lat="39.657528" lon="2.485979"/>
    <trkpt lat="39.657592" lon="2.485995"/>
    <trkpt lat="39.657633" lon="2.485997"/>
    <trkpt lat="39.657671" lon="2.485995"/>
    <trkpt lat="39.657709" lon="2.485984"/>
    <trkpt lat="39.657746" lon="2.485964"/>
    <trkpt lat="39.657809" lon="2.485925"/>
    <trkpt lat="39.657904" lon="2.485859"/>
    <trkpt lat="39.657945" lon="2.485832"/>
    <trkpt lat="39.658008" lon="2.485803"/>
    <trkpt lat="39.658052" lon="2.485785"/>
    <trkpt lat="39.658105" lon="2.485772"/>
    <trkpt lat="39.658157" lon="2.485766"/>
    <trkpt lat="39.658337" lon="2.485753"/>
    <trkpt lat="39.658378" lon="2.485744"/>
    <trkpt lat="39.658415" lon="2.485732"/>
    <trkpt lat="39.658444" lon="2.485716"/>
    <trkpt lat="39.658481" lon="2.485688"/>
    <trkpt lat="39.658510" lon="2.485657"/>
    <trkpt lat="39.658531" lon="2.485626"/>
    <trkpt lat="39.658557" lon="2.485575"/>
    <trkpt lat="39.658580" lon="2.485494"/>
    <trkpt lat="39.658589" lon="2.485440"/>
    <trkpt lat="39.658594" lon="2.485392"/>
    <trkpt lat="39.658595" lon="2.485351"/>
    <trkpt lat="39.658593" lon="2.485294"/>
    <trkpt lat="39.658576" lon="2.485210"/>
    <trkpt lat="39.658562" lon="2.485154"/>
    <trkpt lat="39.658557" lon="2.485117"/>
    <trkpt lat="39.658555" lon="2.485075"/>
    <trkpt lat="39.658561" lon="2.485022"/>
    <trkpt lat="39.658587" lon="2.484884"/>
    <trkpt lat="39.658610" lon="2.484783"/>
    <trkpt lat="39.658638" lon="2.484686"/>
    <trkpt lat="39.658673" lon="2.484610"/>
    <trkpt lat="39.658720" lon="2.484526"/>
    <trkpt lat="39.658849" lon="2.484322"/>
    <trkpt lat="39.658906" lon="2.484238"/>
    <trkpt lat="39.658958" lon="2.484170"/>
    <trkpt lat="39.659025" lon="2.484093"/>
    <trkpt lat="39.659111" lon="2.484009"/>
    <trkpt lat="39.659170" lon="2.483961"/>
    <trkpt lat="39.659214" lon="2.483933"/>
    <trkpt lat="39.659255" lon="2.483913"/>
    <trkpt lat="39.659297" lon="2.483901"/>
    <trkpt lat="39.659330" lon="2.483896"/>
    <trkpt lat="39.659366" lon="2.483894"/>
    <trkpt lat="39.659406" lon="2.483904"/>
    <trkpt lat="39.659443" lon="2.483919"/>
    <trkpt lat="39.659483" lon="2.483938"/>
    <trkpt lat="39.659535" lon="2.483976"/>
    <trkpt lat="39.659580" lon="2.484015"/>
    <trkpt lat="39.659620" lon="2.484051"/>
    <trkpt lat="39.659695" lon="2.484128"/>
    <trkpt lat="39.659820" lon="2.484255"/>
    <trkpt lat="39.659954" lon="2.484384"/>
    <trkpt lat="39.660064" lon="2.484490"/>
    <trkpt lat="39.660141" lon="2.484568"/>
    <trkpt lat="39.660190" lon="2.484623"/>
    <trkpt lat="39.660236" lon="2.484687"/>
    <trkpt lat="39.660283" lon="2.484762"/>
    <trkpt lat="39.660342" lon="2.484866"/>
    <trkpt lat="39.660402" lon="2.484978"/>
    <trkpt lat="39.660464" lon="2.485097"/>
    <trkpt lat="39.660521" lon="2.485221"/>
    <trkpt lat="39.660581" lon="2.485351"/>
    <trkpt lat="39.660663" lon="2.485553"/>
    <trkpt lat="39.660703" lon="2.485644"/>
    <trkpt lat="39.660725" lon="2.485681"/>
    <trkpt lat="39.660754" lon="2.485719"/>
    <trkpt lat="39.660786" lon="2.485746"/>
    <trkpt lat="39.660807" lon="2.485762"/>
    <trkpt lat="39.660849" lon="2.485782"/>
    <trkpt lat="39.660879" lon="2.485791"/>
    <trkpt lat="39.660925" lon="2.485793"/>
    <trkpt lat="39.660983" lon="2.485792"/>
    <trkpt lat="39.661108" lon="2.485795"/>
    <trkpt lat="39.661143" lon="2.485802"/>
    <trkpt lat="39.661178" lon="2.485816"/>
    <trkpt lat="39.661207" lon="2.485832"/>
    <trkpt lat="39.661312" lon="2.485891"/>
    <trkpt lat="39.661582" lon="2.486052"/>
    <trkpt lat="39.661655" lon="2.486097"/>
    <trkpt lat="39.661712" lon="2.486139"/>
    <trkpt lat="39.661764" lon="2.486181"/>
    <trkpt lat="39.661812" lon="2.486245"/>
    <trkpt lat="39.661857" lon="2.486315"/>
    <trkpt lat="39.661916" lon="2.486417"/>
    <trkpt lat="39.661983" lon="2.486556"/>
    <trkpt lat="39.662051" lon="2.486715"/>
    <trkpt lat="39.662163" lon="2.486987"/>
    <trkpt lat="39.662183" lon="2.487048"/>
    <trkpt lat="39.662195" lon="2.487097"/>
    <trkpt lat="39.662205" lon="2.487161"/>
    <trkpt lat="39.662208" lon="2.487226"/>
    <trkpt lat="39.662207" lon="2.487327"/>
    <trkpt lat="39.662199" lon="2.487646"/>
    <trkpt lat="39.662200" lon="2.487791"/>
    <trkpt lat="39.662206" lon="2.487864"/>
    <trkpt lat="39.662216" lon="2.487923"/>
    <trkpt lat="39.662233" lon="2.487970"/>
    <trkpt lat="39.662257" lon="2.488012"/>
    <trkpt lat="39.662285" lon="2.488044"/>
    <trkpt lat="39.662317" lon="2.488070"/>
    <trkpt lat="39.662355" lon="2.488091"/>
    <trkpt lat="39.662394" lon="2.488106"/>
    <trkpt lat="39.662431" lon="2.488118"/>
    <trkpt lat="39.662467" lon="2.488120"/>
    <trkpt lat="39.662508" lon="2.488118"/>
    <trkpt lat="39.662553" lon="2.488104"/>
    <trkpt lat="39.662596" lon="2.488080"/>
    <trkpt lat="39.662644" lon="2.488046"/>
    <trkpt lat="39.662683" lon="2.488011"/>
    <trkpt lat="39.662772" lon="2.487921"/>
    <trkpt lat="39.662868" lon="2.487819"/>
    <trkpt lat="39.663161" lon="2.487511"/>
    <trkpt lat="39.663288" lon="2.487388"/>
    <trkpt lat="39.663442" lon="2.487249"/>
    <trkpt lat="39.663546" lon="2.487147"/>
    <trkpt lat="39.663582" lon="2.487107"/>
    <trkpt lat="39.663603" lon="2.487074"/>
    <trkpt lat="39.663621" lon="2.487035"/>
    <trkpt lat="39.663647" lon="2.486974"/>
    <trkpt lat="39.663662" lon="2.486913"/>
    <trkpt lat="39.663679" lon="2.486840"/>
    <trkpt lat="39.663697" lon="2.486738"/>
    <trkpt lat="39.663714" lon="2.486613"/>
    <trkpt lat="39.663728" lon="2.486504"/>
    <trkpt lat="39.663747" lon="2.486435"/>
    <trkpt lat="39.663781" lon="2.486352"/>
    <trkpt lat="39.663816" lon="2.486289"/>
    <trkpt lat="39.663851" lon="2.486234"/>
    <trkpt lat="39.663884" lon="2.486188"/>
    <trkpt lat="39.663916" lon="2.486153"/>
    <trkpt lat="39.663954" lon="2.486122"/>
    <trkpt lat="39.663994" lon="2.486097"/>
    <trkpt lat="39.664034" lon="2.486080"/>
    <trkpt lat="39.664125" lon="2.486050"/>
    <trkpt lat="39.664364" lon="2.485981"/>
    <trkpt lat="39.664530" lon="2.485929"/>
    <trkpt lat="39.664594" lon="2.485916"/>
    <trkpt lat="39.664638" lon="2.485912"/>
    <trkpt lat="39.664673" lon="2.485914"/>
    <trkpt lat="39.664711" lon="2.485922"/>
    <trkpt lat="39.664749" lon="2.485934"/>
    <trkpt lat="39.664777" lon="2.485951"/>
    <trkpt lat="39.664812" lon="2.485977"/>
    <trkpt lat="39.664842" lon="2.486007"/>
    <trkpt lat="39.664878" lon="2.486059"/>
    <trkpt lat="39.664910" lon="2.486115"/>
    <trkpt lat="39.664954" lon="2.486195"/>
    <trkpt lat="39.665061" lon="2.486399"/>
    <trkpt lat="39.665113" lon="2.486501"/>
    <trkpt lat="39.665211" lon="2.486663"/>
    <trkpt lat="39.665271" lon="2.486744"/>
    <trkpt lat="39.665345" lon="2.486829"/>
    <trkpt lat="39.665395" lon="2.486887"/>
    <trkpt lat="39.665461" lon="2.486951"/>
    <trkpt lat="39.665488" lon="2.486970"/>
    <trkpt lat="39.665527" lon="2.486986"/>
    <trkpt lat="39.665554" lon="2.486990"/>
    <trkpt lat="39.665592" lon="2.486989"/>
    <trkpt lat="39.665626" lon="2.486981"/>
    <trkpt lat="39.665664" lon="2.486962"/>
    <trkpt lat="39.665707" lon="2.486932"/>
    <trkpt lat="39.665895" lon="2.486782"/>
    <trkpt lat="39.665964" lon="2.486738"/>
    <trkpt lat="39.666021" lon="2.486710"/>
    <trkpt lat="39.666060" lon="2.486694"/>
    <trkpt lat="39.666098" lon="2.486685"/>
    <trkpt lat="39.666135" lon="2.486681"/>
    <trkpt lat="39.666179" lon="2.486681"/>
    <trkpt lat="39.666218" lon="2.486688"/>
    <trkpt lat="39.666257" lon="2.486698"/>
    <trkpt lat="39.666454" lon="2.486774"/>
    <trkpt lat="39.666566" lon="2.486813"/>
    <trkpt lat="39.666610" lon="2.486821"/>
    <trkpt lat="39.666676" lon="2.486828"/>
    <trkpt lat="39.666720" lon="2.486827"/>
    <trkpt lat="39.666786" lon="2.486820"/>
    <trkpt lat="39.666889" lon="2.486808"/>
    <trkpt lat="39.666939" lon="2.486807"/>
    <trkpt lat="39.666985" lon="2.486814"/>
    <trkpt lat="39.667025" lon="2.486824"/>
    <trkpt lat="39.667069" lon="2.486841"/>
    <trkpt lat="39.667130" lon="2.486871"/>
    <trkpt lat="39.667228" lon="2.486926"/>
    <trkpt lat="39.667351" lon="2.486996"/>
    <trkpt lat="39.667412" lon="2.487040"/>
    <trkpt lat="39.667449" lon="2.487078"/>
    <trkpt lat="39.667497" lon="2.487130"/>
    <trkpt lat="39.667525" lon="2.487152"/>
    <trkpt lat="39.667551" lon="2.487163"/>
    <trkpt lat="39.667577" lon="2.487169"/>
    <trkpt lat="39.667604" lon="2.487167"/>
    <trkpt lat="39.667635" lon="2.487158"/>
    <trkpt lat="39.667673" lon="2.487145"/>
    <trkpt lat="39.667706" lon="2.487120"/>
    <trkpt lat="39.667741" lon="2.487085"/>
    <trkpt lat="39.667781" lon="2.487038"/>
    <trkpt lat="39.667827" lon="2.486968"/>
    <trkpt lat="39.667861" lon="2.486908"/>
    <trkpt lat="39.667893" lon="2.486856"/>
    <trkpt lat="39.667931" lon="2.486810"/>
    <trkpt lat="39.667968" lon="2.486783"/>
    <trkpt lat="39.668009" lon="2.486756"/>
    <trkpt lat="39.668055" lon="2.486740"/>
    <trkpt lat="39.668110" lon="2.486728"/>
    <trkpt lat="39.668192" lon="2.486718"/>
    <trkpt lat="39.668266" lon="2.486716"/>
    <trkpt lat="39.668366" lon="2.486715"/>
    <trkpt lat="39.668457" lon="2.486712"/>
    <trkpt lat="39.668508" lon="2.486705"/>
    <trkpt lat="39.668565" lon="2.486686"/>
    <trkpt lat="39.668622" lon="2.486660"/>
    <trkpt lat="39.668689" lon="2.486627"/>
    <trkpt lat="39.668794" lon="2.486574"/>
    <trkpt lat="39.668889" lon="2.486523"/>
    <trkpt lat="39.668932" lon="2.486504"/>
    <trkpt lat="39.669003" lon="2.486476"/>
    <trkpt lat="39.669129" lon="2.486434"/>
    <trkpt lat="39.669254" lon="2.486388"/>
    <trkpt lat="39.669319" lon="2.486361"/>
    <trkpt lat="39.669362" lon="2.486339"/>
    <trkpt lat="39.669461" lon="2.486288"/>
    <trkpt lat="39.669530" lon="2.486255"/>
    <trkpt lat="39.669569" lon="2.486248"/>
    <trkpt lat="39.669604" lon="2.486250"/>
    <trkpt lat="39.669637" lon="2.486256"/>
    <trkpt lat="39.669672" lon="2.486271"/>
    <trkpt lat="39.669694" lon="2.486288"/>
    <trkpt lat="39.669725" lon="2.486324"/>
    <trkpt lat="39.669750" lon="2.486368"/>
    <trkpt lat="39.669776" lon="2.486441"/>
    <trkpt lat="39.669792" lon="2.486499"/>
    <trkpt lat="39.669819" lon="2.486611"/>
    <trkpt lat="39.669840" lon="2.486722"/>
    <trkpt lat="39.669852" lon="2.486822"/>
    <trkpt lat="39.669856" lon="2.486915"/>
    <trkpt lat="39.669854" lon="2.487030"/>
    <trkpt lat="39.669834" lon="2.487341"/>
    <trkpt lat="39.669816" lon="2.487634"/>
    <trkpt lat="39.669805" lon="2.487731"/>
    <trkpt lat="39.669798" lon="2.487775"/>
    <trkpt lat="39.669787" lon="2.487815"/>
    <trkpt lat="39.669775" lon="2.487848"/>
    <trkpt lat="39.669753" lon="2.487894"/>
    <trkpt lat="39.669735" lon="2.487927"/>
    <trkpt lat="39.669706" lon="2.487966"/>
    <trkpt lat="39.669627" lon="2.488081"/>
    <trkpt lat="39.669611" lon="2.488109"/>
    <trkpt lat="39.669594" lon="2.488146"/>
    <trkpt lat="39.669581" lon="2.488204"/>
    <trkpt lat="39.669574" lon="2.488254"/>
    <trkpt lat="39.669571" lon="2.488301"/>
    <trkpt lat="39.669572" lon="2.488350"/>
    <trkpt lat="39.669581" lon="2.488401"/>
    <trkpt lat="39.669594" lon="2.488450"/>
    <trkpt lat="39.669617" lon="2.488498"/>
    <trkpt lat="39.669659" lon="2.488557"/>
    <trkpt lat="39.669798" lon="2.488731"/>
    <trkpt lat="39.669918" lon="2.488892"/>
    <trkpt lat="39.669942" lon="2.488939"/>
    <trkpt lat="39.669958" lon="2.488978"/>
    <trkpt lat="39.669967" lon="2.489016"/>
    <trkpt lat="39.669969" lon="2.489066"/>
    <trkpt lat="39.669962" lon="2.489121"/>
    <trkpt lat="39.669948" lon="2.489176"/>
    <trkpt lat="39.669839" lon="2.489552"/>
    <trkpt lat="39.669828" lon="2.489616"/>
    <trkpt lat="39.669826" lon="2.489655"/>
    <trkpt lat="39.669827" lon="2.489699"/>
    <trkpt lat="39.669835" lon="2.489754"/>
    <trkpt lat="39.669849" lon="2.489797"/>
    <trkpt lat="39.669864" lon="2.489830"/>
    <trkpt lat="39.669897" lon="2.489877"/>
    <trkpt lat="39.669930" lon="2.489909"/>
    <trkpt lat="39.669969" lon="2.489935"/>
    <trkpt lat="39.670336" lon="2.490149"/>
    <trkpt lat="39.670554" lon="2.490286"/>
    <trkpt lat="39.670594" lon="2.490317"/>
    <trkpt lat="39.670645" lon="2.490362"/>
    <trkpt lat="39.670672" lon="2.490399"/>
    <trkpt lat="39.670686" lon="2.490435"/>
    <trkpt lat="39.670689" lon="2.490472"/>
    <trkpt lat="39.670687" lon="2.490510"/>
    <trkpt lat="39.670677" lon="2.490547"/>
    <trkpt lat="39.670639" lon="2.490657"/>
    <trkpt lat="39.670618" lon="2.490732"/>
    <trkpt lat="39.670609" lon="2.490807"/>
    <trkpt lat="39.670609" lon="2.490867"/>
    <trkpt lat="39.670623" lon="2.490944"/>
    <trkpt lat="39.670642" lon="2.491026"/>
    <trkpt lat="39.670671" lon="2.491118"/>
    <trkpt lat="39.670699" lon="2.491190"/>
    <trkpt lat="39.670732" lon="2.491267"/>
    <trkpt lat="39.670756" lon="2.491325"/>
    <trkpt lat="39.670773" lon="2.491380"/>
    <trkpt lat="39.670777" lon="2.491442"/>
    <trkpt lat="39.670776" lon="2.491512"/>
    <trkpt lat="39.670772" lon="2.491587"/>
    <trkpt lat="39.670738" lon="2.492021"/>
    <trkpt lat="39.670742" lon="2.492086"/>
    <trkpt lat="39.670755" lon="2.492137"/>
    <trkpt lat="39.670776" lon="2.492180"/>
    <trkpt lat="39.670801" lon="2.492215"/>
    <trkpt lat="39.670825" lon="2.492239"/>
    <trkpt lat="39.670863" lon="2.492271"/>
    <trkpt lat="39.670897" lon="2.492296"/>
    <trkpt lat="39.670941" lon="2.492313"/>
    <trkpt lat="39.671174" lon="2.492419"/>
    <trkpt lat="39.671279" lon="2.492474"/>
    <trkpt lat="39.671376" lon="2.492537"/>
    <trkpt lat="39.671455" lon="2.492593"/>
    <trkpt lat="39.671567" lon="2.492664"/>
    <trkpt lat="39.671750" lon="2.492774"/>
    <trkpt lat="39.671838" lon="2.492842"/>
    <trkpt lat="39.671922" lon="2.492915"/>
    <trkpt lat="39.672046" lon="2.493037"/>
    <trkpt lat="39.672115" lon="2.493112"/>
    <trkpt lat="39.672285" lon="2.493307"/>
    <trkpt lat="39.672477" lon="2.493532"/>
    <trkpt lat="39.672571" lon="2.493652"/>
    <trkpt lat="39.672593" lon="2.493689"/>
    <trkpt lat="39.672606" lon="2.493719"/>
    <trkpt lat="39.672619" lon="2.493766"/>
    <trkpt lat="39.672623" lon="2.493804"/>
    <trkpt lat="39.672622" lon="2.493848"/>
    <trkpt lat="39.672617" lon="2.493888"/>
    <trkpt lat="39.672604" lon="2.493946"/>
    <trkpt lat="39.672573" lon="2.494053"/>
    <trkpt lat="39.672514" lon="2.494240"/>
    <trkpt lat="39.672479" lon="2.494368"/>
    <trkpt lat="39.672453" lon="2.494476"/>
    <trkpt lat="39.672428" lon="2.494592"/>
    <trkpt lat="39.672327" lon="2.494961"/>
    <trkpt lat="39.672315" lon="2.495027"/>
    <trkpt lat="39.672307" lon="2.495114"/>
    <trkpt lat="39.672305" lon="2.495217"/>
    <trkpt lat="39.672298" lon="2.495390"/>
    <trkpt lat="39.672286" lon="2.495505"/>
    <trkpt lat="39.672266" lon="2.495614"/>
    <trkpt lat="39.672243" lon="2.495717"/>
    <trkpt lat="39.672221" lon="2.495796"/>
    <trkpt lat="39.672189" lon="2.495895"/>
    <trkpt lat="39.672116" lon="2.496072"/>
    <trkpt lat="39.672039" lon="2.496265"/>
    <trkpt lat="39.672018" lon="2.496325"/>
    <trkpt lat="39.672006" lon="2.496374"/>
    <trkpt lat="39.672004" lon="2.496436"/>
    <trkpt lat="39.672008" lon="2.496488"/>
    <trkpt lat="39.672017" lon="2.496534"/>
    <trkpt lat="39.672039" lon="2.496577"/>
    <trkpt lat="39.672070" lon="2.496620"/>
    <trkpt lat="39.672144" lon="2.496728"/>
    <trkpt lat="39.672160" lon="2.496771"/>
    <trkpt lat="39.672170" lon="2.496820"/>
    <trkpt lat="39.672171" lon="2.496871"/>
    <trkpt lat="39.672171" lon="2.496943"/>
    <trkpt lat="39.672164" lon="2.497021"/>
    <trkpt lat="39.672139" lon="2.497211"/>
    <trkpt lat="39.672125" lon="2.497369"/>
    <trkpt lat="39.672130" lon="2.497454"/>
    <trkpt lat="39.672146" lon="2.497533"/>
    <trkpt lat="39.672166" lon="2.497603"/>
    <trkpt lat="39.672184" lon="2.497660"/>
    <trkpt lat="39.672207" lon="2.497705"/>
    <trkpt lat="39.672235" lon="2.497748"/>
    <trkpt lat="39.672265" lon="2.497778"/>
    <trkpt lat="39.672298" lon="2.497797"/>
    <trkpt lat="39.672324" lon="2.497802"/>
    <trkpt lat="39.672346" lon="2.497802"/>
    <trkpt lat="39.672376" lon="2.497791"/>
    <trkpt lat="39.672409" lon="2.497775"/>
    <trkpt lat="39.672452" lon="2.497752"/>
    <trkpt lat="39.672570" lon="2.497682"/>
    <trkpt lat="39.672633" lon="2.497643"/>
    <trkpt lat="39.672697" lon="2.497615"/>
    <trkpt lat="39.672758" lon="2.497588"/>
    <trkpt lat="39.672929" lon="2.497519"/>
    <trkpt lat="39.673032" lon="2.497471"/>
    <trkpt lat="39.673076" lon="2.497448"/>
    <trkpt lat="39.673130" lon="2.497413"/>
    <trkpt lat="39.673167" lon="2.497382"/>
    <trkpt lat="39.673228" lon="2.497329"/>
    <trkpt lat="39.673317" lon="2.497253"/>
    <trkpt lat="39.673355" lon="2.497225"/>
    <trkpt lat="39.673417" lon="2.497188"/>
    <trkpt lat="39.673459" lon="2.497168"/>
    <trkpt lat="39.673519" lon="2.497136"/>
    <trkpt lat="39.673570" lon="2.497110"/>
    <trkpt lat="39.673748" lon="2.497005"/>
    <trkpt lat="39.673860" lon="2.496924"/>
    <trkpt lat="39.673890" lon="2.496897"/>
    <trkpt lat="39.673915" lon="2.496869"/>
    <trkpt lat="39.673942" lon="2.496828"/>
    <trkpt lat="39.673985" lon="2.496762"/>
    <trkpt lat="39.674019" lon="2.496728"/>
    <trkpt lat="39.674077" lon="2.496687"/>
    <trkpt lat="39.674114" lon="2.496665"/>
    <trkpt lat="39.674154" lon="2.496641"/>
    <trkpt lat="39.674208" lon="2.496597"/>
    <trkpt lat="39.674267" lon="2.496544"/>
    <trkpt lat="39.674299" lon="2.496502"/>
    <trkpt lat="39.674342" lon="2.496433"/>
    <trkpt lat="39.674366" lon="2.496387"/>
    <trkpt lat="39.674409" lon="2.496320"/>
    <trkpt lat="39.674440" lon="2.496282"/>
    <trkpt lat="39.674490" lon="2.496234"/>
    <trkpt lat="39.674530" lon="2.496214"/>
    <trkpt lat="39.674564" lon="2.496206"/>
    <trkpt lat="39.674596" lon="2.496206"/>
    <trkpt lat="39.674636" lon="2.496223"/>
    <trkpt lat="39.674666" lon="2.496243"/>
    <trkpt lat="39.674690" lon="2.496267"/>
    <trkpt lat="39.674719" lon="2.496304"/>
    <trkpt lat="39.674772" lon="2.496372"/>
    <trkpt lat="39.674802" lon="2.496402"/>
    <trkpt lat="39.674837" lon="2.496426"/>
    <trkpt lat="39.674865" lon="2.496441"/>
    <trkpt lat="39.674905" lon="2.496459"/>
    <trkpt lat="39.674939" lon="2.496470"/>
    <trkpt lat="39.674971" lon="2.496477"/>
    <trkpt lat="39.675016" lon="2.496479"/>
    <trkpt lat="39.675082" lon="2.496477"/>
    <trkpt lat="39.675129" lon="2.496471"/>
    <trkpt lat="39.675241" lon="2.496448"/>
    <trkpt lat="39.675341" lon="2.496429"/>
    <trkpt lat="39.675408" lon="2.496426"/>
    <trkpt lat="39.675456" lon="2.496430"/>
    <trkpt lat="39.675512" lon="2.496442"/>
    <trkpt lat="39.675563" lon="2.496458"/>
    <trkpt lat="39.675642" lon="2.496492"/>
    <trkpt lat="39.675732" lon="2.496533"/>
    <trkpt lat="39.675836" lon="2.496580"/>
    <trkpt lat="39.675936" lon="2.496622"/>
    <trkpt lat="39.676298" lon="2.496736"/>
    <trkpt lat="39.676620" lon="2.496878"/>
    <trkpt lat="39.676681" lon="2.496911"/>
    <trkpt lat="39.676722" lon="2.496938"/>
    <trkpt lat="39.676807" lon="2.497007"/>
    <trkpt lat="39.676985" lon="2.497163"/>
    <trkpt lat="39.677025" lon="2.497205"/>
    <trkpt lat="39.677061" lon="2.497253"/>
    <trkpt lat="39.677083" lon="2.497291"/>
    <trkpt lat="39.677101" lon="2.497332"/>
    <trkpt lat="39.677115" lon="2.497388"/>
    <trkpt lat="39.677138" lon="2.497477"/>
    <trkpt lat="39.677156" lon="2.497528"/>
    <trkpt lat="39.677174" lon="2.497568"/>
    <trkpt lat="39.677198" lon="2.497609"/>
    <trkpt lat="39.677228" lon="2.497646"/>
    <trkpt lat="39.677257" lon="2.497676"/>
    <trkpt lat="39.677287" lon="2.497701"/>
    <trkpt lat="39.677322" lon="2.497728"/>
    <trkpt lat="39.677382" lon="2.497764"/>
    <trkpt lat="39.677425" lon="2.497787"/>
    <trkpt lat="39.677491" lon="2.497807"/>
    <trkpt lat="39.677533" lon="2.497816"/>
    <trkpt lat="39.677602" lon="2.497829"/>
    <trkpt lat="39.677643" lon="2.497836"/>
    <trkpt lat="39.677708" lon="2.497860"/>
    <trkpt lat="39.677748" lon="2.497883"/>
    <trkpt lat="39.677799" lon="2.497923"/>
    <trkpt lat="39.677840" lon="2.497960"/>
    <trkpt lat="39.677929" lon="2.498045"/>
    <trkpt lat="39.678156" lon="2.498279"/>
    <trkpt lat="39.678333" lon="2.498450"/>
    <trkpt lat="39.678427" lon="2.498531"/>
    <trkpt lat="39.678466" lon="2.498563"/>
    <trkpt lat="39.678523" lon="2.498606"/>
    <trkpt lat="39.678563" lon="2.498628"/>
    <trkpt lat="39.678627" lon="2.498659"/>
    <trkpt lat="39.678669" lon="2.498672"/>
    <trkpt lat="39.678734" lon="2.498691"/>
    <trkpt lat="39.678777" lon="2.498698"/>
    <trkpt lat="39.678843" lon="2.498705"/>
    <trkpt lat="39.678996" lon="2.498720"/>
    <trkpt lat="39.679106" lon="2.498741"/>
    <trkpt lat="39.679215" lon="2.498766"/>
    <trkpt lat="39.679322" lon="2.498796"/>
    <trkpt lat="39.679387" lon="2.498820"/>
    <trkpt lat="39.679429" lon="2.498842"/>
    <trkpt lat="39.679491" lon="2.498878"/>
    <trkpt lat="39.679592" lon="2.498940"/>
    <trkpt lat="39.679633" lon="2.498958"/>
    <trkpt lat="39.679699" lon="2.498983"/>
    <trkpt lat="39.679742" lon="2.498991"/>
    <trkpt lat="39.679811" lon="2.498999"/>
    <trkpt lat="39.679856" lon="2.499001"/>
    <trkpt lat="39.680027" lon="2.499006"/>
    <trkpt lat="39.680077" lon="2.499009"/>
    <trkpt lat="39.680140" lon="2.499020"/>
    <trkpt lat="39.680181" lon="2.499032"/>
    <trkpt lat="39.680246" lon="2.499055"/>
    <trkpt lat="39.680287" lon="2.499071"/>
    <trkpt lat="39.680351" lon="2.499097"/>
    <trkpt lat="39.680390" lon="2.499115"/>
    <trkpt lat="39.680453" lon="2.499147"/>
    <trkpt lat="39.680496" lon="2.499171"/>
    <trkpt lat="39.680554" lon="2.499208"/>
    <trkpt lat="39.680590" lon="2.499232"/>
    <trkpt lat="39.680666" lon="2.499292"/>
    <trkpt lat="39.680781" lon="2.499386"/>
    <trkpt lat="39.680842" lon="2.499427"/>
    <trkpt lat="39.680882" lon="2.499445"/>
    <trkpt lat="39.680920" lon="2.499454"/>
    <trkpt lat="39.680954" lon="2.499457"/>
    <trkpt lat="39.680995" lon="2.499456"/>
    <trkpt lat="39.681031" lon="2.499451"/>
    <trkpt lat="39.681063" lon="2.499440"/>
    <trkpt lat="39.681103" lon="2.499420"/>
    <trkpt lat="39.681202" lon="2.499364"/>
    <trkpt lat="39.681237" lon="2.499351"/>
    <trkpt lat="39.681270" lon="2.499344"/>
    <trkpt lat="39.681306" lon="2.499342"/>
    <trkpt lat="39.681344" lon="2.499342"/>
    <trkpt lat="39.681380" lon="2.499347"/>
    <trkpt lat="39.681418" lon="2.499357"/>
    <trkpt lat="39.681450" lon="2.499369"/>
    <trkpt lat="39.681485" lon="2.499387"/>
    <trkpt lat="39.681525" lon="2.499412"/>
    <trkpt lat="39.681580" lon="2.499450"/>
    <trkpt lat="39.681617" lon="2.499477"/>
    <trkpt lat="39.681792" lon="2.499609"/>
    <trkpt lat="39.681983" lon="2.499753"/>
    <trkpt lat="39.682095" lon="2.499843"/>
    <trkpt lat="39.682190" lon="2.499924"/>
    <trkpt lat="39.682340" lon="2.500049"/>
    <trkpt lat="39.682375" lon="2.500074"/>
    <trkpt lat="39.682441" lon="2.500111"/>
    <trkpt lat="39.682480" lon="2.500125"/>
    <trkpt lat="39.682545" lon="2.500144"/>
    <trkpt lat="39.682665" lon="2.500175"/>
    <trkpt lat="39.682728" lon="2.500196"/>
    <trkpt lat="39.682829" lon="2.500244"/>
    <trkpt lat="39.682891" lon="2.500279"/>
    <trkpt lat="39.683007" lon="2.500350"/>
    <trkpt lat="39.683070" lon="2.500378"/>
    <trkpt lat="39.683111" lon="2.500385"/>
    <trkpt lat="39.683182" lon="2.500391"/>
    <trkpt lat="39.683222" lon="2.500395"/>
    <trkpt lat="39.683312" lon="2.500415"/>
    <trkpt lat="39.683525" lon="2.500472"/>
    <trkpt lat="39.683656" lon="2.500510"/>
    <trkpt lat="39.683689" lon="2.500525"/>
    <trkpt lat="39.683715" lon="2.500541"/>
    <trkpt lat="39.683747" lon="2.500573"/>
    <trkpt lat="39.683768" lon="2.500608"/>
    <trkpt lat="39.683786" lon="2.500642"/>
    <trkpt lat="39.683805" lon="2.500691"/>
    <trkpt lat="39.683839" lon="2.500796"/>
    <trkpt lat="39.683882" lon="2.500953"/>
    <trkpt lat="39.683954" lon="2.501209"/>
    <trkpt lat="39.683994" lon="2.501337"/>
    <trkpt lat="39.684047" lon="2.501492"/>
    <trkpt lat="39.684092" lon="2.501624"/>
    <trkpt lat="39.684117" lon="2.501707"/>
    <trkpt lat="39.684129" lon="2.501758"/>
    <trkpt lat="39.684149" lon="2.501850"/>
    <trkpt lat="39.684178" lon="2.501994"/>
    <trkpt lat="39.684283" lon="2.502456"/>
    <trkpt lat="39.684388" lon="2.502905"/>
    <trkpt lat="39.684417" lon="2.503028"/>
    <trkpt lat="39.684446" lon="2.503137"/>
    <trkpt lat="39.684473" lon="2.503216"/>
    <trkpt lat="39.684495" lon="2.503271"/>
    <trkpt lat="39.684520" lon="2.503321"/>
    <trkpt lat="39.684548" lon="2.503374"/>
    <trkpt lat="39.684575" lon="2.503420"/>
    <trkpt lat="39.684687" lon="2.503598"/>
    <trkpt lat="39.684732" lon="2.503677"/>
    <trkpt lat="39.684758" lon="2.503727"/>
    <trkpt lat="39.684778" lon="2.503768"/>
    <trkpt lat="39.684793" lon="2.503806"/>
    <trkpt lat="39.684807" lon="2.503848"/>
    <trkpt lat="39.684818" lon="2.503895"/>
    <trkpt lat="39.684825" lon="2.503943"/>
    <trkpt lat="39.684827" lon="2.503988"/>
    <trkpt lat="39.684822" lon="2.504050"/>
    <trkpt lat="39.684812" lon="2.504107"/>
    <trkpt lat="39.684800" lon="2.504161"/>
    <trkpt lat="39.684748" lon="2.504358"/>
    <trkpt lat="39.684645" lon="2.504748"/>
    <trkpt lat="39.684622" lon="2.504823"/>
    <trkpt lat="39.684602" lon="2.504866"/>
    <trkpt lat="39.684583" lon="2.504900"/>
    <trkpt lat="39.684559" lon="2.504930"/>
    <trkpt lat="39.684525" lon="2.504967"/>
    <trkpt lat="39.684478" lon="2.505010"/>
    <trkpt lat="39.684323" lon="2.505140"/>
    <trkpt lat="39.684267" lon="2.505196"/>
    <trkpt lat="39.684239" lon="2.505227"/>
    <trkpt lat="39.684216" lon="2.505256"/>
    <trkpt lat="39.684202" lon="2.505278"/>
    <trkpt lat="39.684190" lon="2.505304"/>
    <trkpt lat="39.684179" lon="2.505333"/>
    <trkpt lat="39.684170" lon="2.505368"/>
    <trkpt lat="39.684167" lon="2.505403"/>
    <trkpt lat="39.684169" lon="2.505445"/>
    <trkpt lat="39.684173" lon="2.505489"/>
    <trkpt lat="39.684181" lon="2.505546"/>
    <trkpt lat="39.684189" lon="2.505595"/>
    <trkpt lat="39.684193" lon="2.505641"/>
    <trkpt lat="39.684196" lon="2.505683"/>
    <trkpt lat="39.684194" lon="2.505721"/>
    <trkpt lat="39.684190" lon="2.505776"/>
    <trkpt lat="39.684188" lon="2.505820"/>
    <trkpt lat="39.684193" lon="2.505863"/>
    <trkpt lat="39.684202" lon="2.505902"/>
    <trkpt lat="39.684216" lon="2.505934"/>
    <trkpt lat="39.684231" lon="2.505963"/>
    <trkpt lat="39.684249" lon="2.505995"/>
    <trkpt lat="39.684275" lon="2.506032"/>
    <trkpt lat="39.684303" lon="2.506064"/>
    <trkpt lat="39.684329" lon="2.506094"/>
    <trkpt lat="39.684360" lon="2.506123"/>
    <trkpt lat="39.684394" lon="2.506150"/>
    <trkpt lat="39.684425" lon="2.506174"/>
    <trkpt lat="39.684463" lon="2.506199"/>
    <trkpt lat="39.684495" lon="2.506217"/>
    <trkpt lat="39.684528" lon="2.506233"/>
    <trkpt lat="39.684570" lon="2.506250"/>
    <trkpt lat="39.684610" lon="2.506264"/>
    <trkpt lat="39.684702" lon="2.506292"/>
    <trkpt lat="39.684749" lon="2.506308"/>
    <trkpt lat="39.684796" lon="2.506326"/>
    <trkpt lat="39.684825" lon="2.506342"/>
    <trkpt lat="39.684854" lon="2.506362"/>
    <trkpt lat="39.684881" lon="2.506384"/>
    <trkpt lat="39.684903" lon="2.506407"/>
    <trkpt lat="39.684925" lon="2.506434"/>
    <trkpt lat="39.684949" lon="2.506470"/>
    <trkpt lat="39.684967" lon="2.506504"/>
    <trkpt lat="39.684984" lon="2.506543"/>
    <trkpt lat="39.685180" lon="2.507048"/>
    <trkpt lat="39.685356" lon="2.507502"/>
    <trkpt lat="39.685390" lon="2.507596"/>
    <trkpt lat="39.685400" lon="2.507635"/>
    <trkpt lat="39.685407" lon="2.507666"/>
    <trkpt lat="39.685414" lon="2.507709"/>
    <trkpt lat="39.685417" lon="2.507755"/>
    <trkpt lat="39.685420" lon="2.507902"/>
    <trkpt lat="39.685424" lon="2.507961"/>
    <trkpt lat="39.685432" lon="2.508006"/>
    <trkpt lat="39.685444" lon="2.508046"/>
    <trkpt lat="39.685461" lon="2.508087"/>
    <trkpt lat="39.685479" lon="2.508128"/>
    <trkpt lat="39.685501" lon="2.508172"/>
    <trkpt lat="39.685526" lon="2.508217"/>
    <trkpt lat="39.685556" lon="2.508264"/>
    <trkpt lat="39.685587" lon="2.508307"/>
    <trkpt lat="39.685649" lon="2.508387"/>
    <trkpt lat="39.685692" lon="2.508439"/>
    <trkpt lat="39.685784" lon="2.508546"/>
    <trkpt lat="39.685857" lon="2.508625"/>
    <trkpt lat="39.685885" lon="2.508659"/>
    <trkpt lat="39.685914" lon="2.508702"/>
    <trkpt lat="39.685935" lon="2.508738"/>
    <trkpt lat="39.686039" lon="2.508933"/>
    <trkpt lat="39.686055" lon="2.508970"/>
    <trkpt lat="39.686063" lon="2.509004"/>
    <trkpt lat="39.686066" lon="2.509040"/>
    <trkpt lat="39.686065" lon="2.509081"/>
    <trkpt lat="39.686057" lon="2.509121"/>
    <trkpt lat="39.686048" lon="2.509154"/>
    <trkpt lat="39.686038" lon="2.509185"/>
    <trkpt lat="39.686021" lon="2.509217"/>
    <trkpt lat="39.685962" lon="2.509328"/>
    <trkpt lat="39.685948" lon="2.509363"/>
    <trkpt lat="39.685941" lon="2.509388"/>
    <trkpt lat="39.685937" lon="2.509426"/>
    <trkpt lat="39.685938" lon="2.509458"/>
    <trkpt lat="39.685944" lon="2.509490"/>
    <trkpt lat="39.685957" lon="2.509527"/>
    <trkpt lat="39.685972" lon="2.509562"/>
    <trkpt lat="39.686189" lon="2.510037"/>
    <trkpt lat="39.686214" lon="2.510085"/>
    <trkpt lat="39.686235" lon="2.510120"/>
    <trkpt lat="39.686257" lon="2.510149"/>
    <trkpt lat="39.686285" lon="2.510180"/>
    <trkpt lat="39.686310" lon="2.510204"/>
    <trkpt lat="39.686348" lon="2.510232"/>
    <trkpt lat="39.686386" lon="2.510259"/>
    <trkpt lat="39.686424" lon="2.510280"/>
    <trkpt lat="39.686503" lon="2.510322"/>
    <trkpt lat="39.686536" lon="2.510345"/>
    <trkpt lat="39.686559" lon="2.510365"/>
    <trkpt lat="39.686581" lon="2.510390"/>
    <trkpt lat="39.686602" lon="2.510418"/>
    <trkpt lat="39.686618" lon="2.510448"/>
    <trkpt lat="39.686632" lon="2.510484"/>
    <trkpt lat="39.686642" lon="2.510519"/>
    <trkpt lat="39.686650" lon="2.510560"/>
    <trkpt lat="39.686654" lon="2.510596"/>
    <trkpt lat="39.686654" lon="2.510643"/>
    <trkpt lat="39.686652" lon="2.510690"/>
    <trkpt lat="39.686644" lon="2.510761"/>
    <trkpt lat="39.686632" lon="2.510846"/>
    <trkpt lat="39.686615" lon="2.510973"/>
    <trkpt lat="39.686603" lon="2.511062"/>
    <trkpt lat="39.686588" lon="2.511166"/>
    <trkpt lat="39.686572" lon="2.511249"/>
    <trkpt lat="39.686556" lon="2.511331"/>
    <trkpt lat="39.686540" lon="2.511399"/>
    <trkpt lat="39.686522" lon="2.511467"/>
    <trkpt lat="39.686504" lon="2.511516"/>
    <trkpt lat="39.686481" lon="2.511560"/>
    <trkpt lat="39.686460" lon="2.511600"/>
    <trkpt lat="39.686431" lon="2.511645"/>
    <trkpt lat="39.686390" lon="2.511694"/>
    <trkpt lat="39.686358" lon="2.511730"/>
    <trkpt lat="39.686330" lon="2.511759"/>
    <trkpt lat="39.686302" lon="2.511785"/>
    <trkpt lat="39.686281" lon="2.511803"/>
    <trkpt lat="39.686252" lon="2.511822"/>
    <trkpt lat="39.686221" lon="2.511837"/>
    <trkpt lat="39.686187" lon="2.511848"/>
    <trkpt lat="39.686139" lon="2.511862"/>
    <trkpt lat="39.686083" lon="2.511875"/>
    <trkpt lat="39.686005" lon="2.511898"/>
    <trkpt lat="39.685961" lon="2.511916"/>
    <trkpt lat="39.685936" lon="2.511933"/>
    <trkpt lat="39.685914" lon="2.511952"/>
    <trkpt lat="39.685896" lon="2.511970"/>
    <trkpt lat="39.685880" lon="2.511994"/>
    <trkpt lat="39.685866" lon="2.512023"/>
    <trkpt lat="39.685854" lon="2.512058"/>
    <trkpt lat="39.685848" lon="2.512092"/>
    <trkpt lat="39.685846" lon="2.512129"/>
    <trkpt lat="39.685848" lon="2.512165"/>
    <trkpt lat="39.685854" lon="2.512196"/>
    <trkpt lat="39.685865" lon="2.512232"/>
    <trkpt lat="39.685884" lon="2.512272"/>
    <trkpt lat="39.685902" lon="2.512299"/>
    <trkpt lat="39.685928" lon="2.512328"/>
    <trkpt lat="39.685960" lon="2.512357"/>
    <trkpt lat="39.685989" lon="2.512380"/>
    <trkpt lat="39.686032" lon="2.512407"/>
    <trkpt lat="39.686214" lon="2.512512"/>
    <trkpt lat="39.686481" lon="2.512661"/>
    <trkpt lat="39.686510" lon="2.512682"/>
    <trkpt lat="39.686536" lon="2.512708"/>
    <trkpt lat="39.686553" lon="2.512732"/>
    <trkpt lat="39.686572" lon="2.512765"/>
    <trkpt lat="39.686625" lon="2.512868"/>
    <trkpt lat="39.686646" lon="2.512906"/>
    <trkpt lat="39.686680" lon="2.512941"/>
    <trkpt lat="39.686711" lon="2.512960"/>
    <trkpt lat="39.686856" lon="2.513039"/>
    <trkpt lat="39.686932" lon="2.513078"/>
    <trkpt lat="39.687041" lon="2.513117"/>
    <trkpt lat="39.687063" lon="2.513130"/>
    <trkpt lat="39.687082" lon="2.513148"/>
    <trkpt lat="39.687094" lon="2.513169"/>
    <trkpt lat="39.687142" lon="2.513281"/>
    <trkpt lat="39.687157" lon="2.513333"/>
    <trkpt lat="39.687184" lon="2.513456"/>
    <trkpt lat="39.687256" lon="2.513839"/>
    <trkpt lat="39.687284" lon="2.513944"/>
    <trkpt lat="39.687322" lon="2.514031"/>
    <trkpt lat="39.687466" lon="2.513985"/>
    <trkpt lat="39.687575" lon="2.513877"/>
    <trkpt lat="39.687684" lon="2.514003"/>
    <trkpt lat="39.687763" lon="2.514095"/>
    <trkpt lat="39.687818" lon="2.514225"/>
    <trkpt lat="39.687914" lon="2.514451"/>
    <trkpt lat="39.687915" lon="2.514493"/>
    <trkpt lat="39.687916" lon="2.514699"/>
    <trkpt lat="39.687917" lon="2.514815"/>
    <trkpt lat="39.687924" lon="2.514983"/>
    <trkpt lat="39.687900" lon="2.515220"/>
    <trkpt lat="39.687923" lon="2.515313"/>
    <trkpt lat="39.688111" lon="2.515755"/>
    <trkpt lat="39.688120" lon="2.515940"/>
    <trkpt lat="39.688074" lon="2.515943"/>
    <trkpt lat="39.688070" lon="2.515993"/>
    <trkpt lat="39.688062" lon="2.516034"/>
    <trkpt lat="39.688050" lon="2.516069"/>
    <trkpt lat="39.688026" lon="2.516127"/>
    <trkpt lat="39.687987" lon="2.516213"/>
    <trkpt lat="39.687913" lon="2.516357"/>
    <trkpt lat="39.687850" lon="2.516511"/>
    <trkpt lat="39.687791" lon="2.516669"/>
    <trkpt lat="39.687695" lon="2.516938"/>
    <trkpt lat="39.687680" lon="2.516987"/>
    <trkpt lat="39.687668" lon="2.517044"/>
    <trkpt lat="39.687659" lon="2.517093"/>
    <trkpt lat="39.687649" lon="2.517334"/>
    <trkpt lat="39.687643" lon="2.517391"/>
    <trkpt lat="39.687629" lon="2.517490"/>
    <trkpt lat="39.687579" lon="2.517763"/>
    <trkpt lat="39.687567" lon="2.517821"/>
    <trkpt lat="39.687553" lon="2.517871"/>
    <trkpt lat="39.687527" lon="2.517919"/>
    <trkpt lat="39.687498" lon="2.517973"/>
    <trkpt lat="39.687471" lon="2.518014"/>
    <trkpt lat="39.687429" lon="2.518066"/>
    <trkpt lat="39.687406" lon="2.518102"/>
    <trkpt lat="39.687381" lon="2.518142"/>
    <trkpt lat="39.687362" lon="2.518186"/>
    <trkpt lat="39.687349" lon="2.518228"/>
    <trkpt lat="39.687341" lon="2.518277"/>
    <trkpt lat="39.687339" lon="2.518327"/>
    <trkpt lat="39.687343" lon="2.518379"/>
    <trkpt lat="39.687350" lon="2.518418"/>
    <trkpt lat="39.687361" lon="2.518455"/>
    <trkpt lat="39.687378" lon="2.518495"/>
    <trkpt lat="39.687405" lon="2.518555"/>
    <trkpt lat="39.687419" lon="2.518596"/>
    <trkpt lat="39.687431" lon="2.518645"/>
    <trkpt lat="39.687435" lon="2.518691"/>
    <trkpt lat="39.687438" lon="2.518736"/>
    <trkpt lat="39.687440" lon="2.518901"/>
    <trkpt lat="39.687446" lon="2.518962"/>
    <trkpt lat="39.687453" lon="2.519009"/>
    <trkpt lat="39.687465" lon="2.519044"/>
    <trkpt lat="39.687480" lon="2.519079"/>
    <trkpt lat="39.687498" lon="2.519107"/>
    <trkpt lat="39.687531" lon="2.519147"/>
    <trkpt lat="39.687604" lon="2.519226"/>
    <trkpt lat="39.687652" lon="2.519276"/>
    <trkpt lat="39.687832" lon="2.519467"/>
    <trkpt lat="39.687848" lon="2.519489"/>
    <trkpt lat="39.687859" lon="2.519509"/>
    <trkpt lat="39.687869" lon="2.519537"/>
    <trkpt lat="39.687875" lon="2.519566"/>
    <trkpt lat="39.687877" lon="2.519601"/>
    <trkpt lat="39.687871" lon="2.519635"/>
    <trkpt lat="39.687859" lon="2.519678"/>
    <trkpt lat="39.687782" lon="2.519854"/>
    <trkpt lat="39.687665" lon="2.520086"/>
    <trkpt lat="39.687641" lon="2.520125"/>
    <trkpt lat="39.687621" lon="2.520152"/>
    <trkpt lat="39.687602" lon="2.520169"/>
    <trkpt lat="39.687575" lon="2.520186"/>
    <trkpt lat="39.687531" lon="2.520204"/>
    <trkpt lat="39.687478" lon="2.520216"/>
    <trkpt lat="39.687420" lon="2.520229"/>
    <trkpt lat="39.687367" lon="2.520250"/>
    <trkpt lat="39.687322" lon="2.520273"/>
    <trkpt lat="39.687279" lon="2.520305"/>
    <trkpt lat="39.687243" lon="2.520338"/>
    <trkpt lat="39.687214" lon="2.520373"/>
    <trkpt lat="39.687178" lon="2.520425"/>
    <trkpt lat="39.687134" lon="2.520509"/>
    <trkpt lat="39.686971" lon="2.520829"/>
    <trkpt lat="39.686939" lon="2.520919"/>
    <trkpt lat="39.686927" lon="2.520962"/>
    <trkpt lat="39.686918" lon="2.521013"/>
    <trkpt lat="39.686915" lon="2.521063"/>
    <trkpt lat="39.686916" lon="2.521108"/>
    <trkpt lat="39.686921" lon="2.521149"/>
    <trkpt lat="39.686932" lon="2.521186"/>
    <trkpt lat="39.686944" lon="2.521214"/>
    <trkpt lat="39.686957" lon="2.521240"/>
    <trkpt lat="39.686971" lon="2.521263"/>
    <trkpt lat="39.686995" lon="2.521293"/>
    <trkpt lat="39.687025" lon="2.521325"/>
    <trkpt lat="39.687314" lon="2.521632"/>
    <trkpt lat="39.687350" lon="2.521669"/>
    <trkpt lat="39.687392" lon="2.521705"/>
    <trkpt lat="39.687433" lon="2.521736"/>
    <trkpt lat="39.687464" lon="2.521756"/>
    <trkpt lat="39.687572" lon="2.521819"/>
    <trkpt lat="39.687769" lon="2.521920"/>
    <trkpt lat="39.687811" lon="2.521948"/>
    <trkpt lat="39.687840" lon="2.521969"/>
    <trkpt lat="39.687872" lon="2.522000"/>
    <trkpt lat="39.687902" lon="2.522032"/>
    <trkpt lat="39.687934" lon="2.522071"/>
    <trkpt lat="39.687963" lon="2.522116"/>
    <trkpt lat="39.687986" lon="2.522158"/>
    <trkpt lat="39.688044" lon="2.522270"/>
    <trkpt lat="39.688138" lon="2.522455"/>
    <trkpt lat="39.688183" lon="2.522553"/>
    <trkpt lat="39.688201" lon="2.522601"/>
    <trkpt lat="39.688214" lon="2.522646"/>
    <trkpt lat="39.688227" lon="2.522699"/>
    <trkpt lat="39.688233" lon="2.522748"/>
    <trkpt lat="39.688234" lon="2.522795"/>
    <trkpt lat="39.688234" lon="2.522847"/>
    <trkpt lat="39.688231" lon="2.522891"/>
    <trkpt lat="39.688227" lon="2.522928"/>
    <trkpt lat="39.688215" lon="2.522977"/>
    <trkpt lat="39.688199" lon="2.523023"/>
    <trkpt lat="39.688162" lon="2.523115"/>
    <trkpt lat="39.688136" lon="2.523185"/>
    <trkpt lat="39.688117" lon="2.523251"/>
    <trkpt lat="39.688093" lon="2.523345"/>
    <trkpt lat="39.688056" lon="2.523513"/>
    <trkpt lat="39.688033" lon="2.523605"/>
    <trkpt lat="39.688014" lon="2.523674"/>
    <trkpt lat="39.687983" lon="2.523763"/>
    <trkpt lat="39.687898" lon="2.523986"/>
    <trkpt lat="39.687873" lon="2.524058"/>
    <trkpt lat="39.687862" lon="2.524118"/>
    <trkpt lat="39.687859" lon="2.524164"/>
    <trkpt lat="39.687860" lon="2.524213"/>
    <trkpt lat="39.687866" lon="2.524245"/>
    <trkpt lat="39.687875" lon="2.524278"/>
    <trkpt lat="39.687889" lon="2.524313"/>
    <trkpt lat="39.687904" lon="2.524338"/>
    <trkpt lat="39.687922" lon="2.524361"/>
    <trkpt lat="39.687948" lon="2.524385"/>
    <trkpt lat="39.687975" lon="2.524405"/>
    <trkpt lat="39.687999" lon="2.524417"/>
    <trkpt lat="39.688030" lon="2.524428"/>
    <trkpt lat="39.688055" lon="2.524431"/>
    <trkpt lat="39.688081" lon="2.524429"/>
    <trkpt lat="39.688111" lon="2.524419"/>
    <trkpt lat="39.688141" lon="2.524403"/>
    <trkpt lat="39.688215" lon="2.524356"/>
    <trkpt lat="39.688397" lon="2.524235"/>
    <trkpt lat="39.688438" lon="2.524203"/>
    <trkpt lat="39.688476" lon="2.524170"/>
    <trkpt lat="39.688678" lon="2.523980"/>
    <trkpt lat="39.688711" lon="2.523955"/>
    <trkpt lat="39.688738" lon="2.523940"/>
    <trkpt lat="39.688762" lon="2.523932"/>
    <trkpt lat="39.688786" lon="2.523927"/>
    <trkpt lat="39.688816" lon="2.523927"/>
    <trkpt lat="39.688840" lon="2.523932"/>
    <trkpt lat="39.688872" lon="2.523942"/>
    <trkpt lat="39.688903" lon="2.523955"/>
    <trkpt lat="39.688941" lon="2.523974"/>
    <trkpt lat="39.689161" lon="2.524102"/>
    <trkpt lat="39.689194" lon="2.524118"/>
    <trkpt lat="39.689220" lon="2.524127"/>
    <trkpt lat="39.689247" lon="2.524131"/>
    <trkpt lat="39.689277" lon="2.524133"/>
    <trkpt lat="39.689308" lon="2.524127"/>
    <trkpt lat="39.689333" lon="2.524119"/>
    <trkpt lat="39.689362" lon="2.524104"/>
    <trkpt lat="39.689386" lon="2.524084"/>
    <trkpt lat="39.689407" lon="2.524058"/>
    <trkpt lat="39.689426" lon="2.524028"/>
    <trkpt lat="39.689440" lon="2.523995"/>
    <trkpt lat="39.689455" lon="2.523951"/>
    <trkpt lat="39.689464" lon="2.523906"/>
    <trkpt lat="39.689468" lon="2.523857"/>
    <trkpt lat="39.689469" lon="2.523801"/>
    <trkpt lat="39.689466" lon="2.523739"/>
    <trkpt lat="39.689452" lon="2.523518"/>
    <trkpt lat="39.689449" lon="2.523412"/>
    <trkpt lat="39.689451" lon="2.523307"/>
    <trkpt lat="39.689460" lon="2.523064"/>
    <trkpt lat="39.689468" lon="2.522900"/>
    <trkpt lat="39.689478" lon="2.522790"/>
    <trkpt lat="39.689490" lon="2.522692"/>
    <trkpt lat="39.689509" lon="2.522553"/>
    <trkpt lat="39.689526" lon="2.522427"/>
    <trkpt lat="39.689593" lon="2.521968"/>
    <trkpt lat="39.689613" lon="2.521858"/>
    <trkpt lat="39.689636" lon="2.521762"/>
    <trkpt lat="39.689660" lon="2.521683"/>
    <trkpt lat="39.689679" lon="2.521633"/>
    <trkpt lat="39.689700" lon="2.521595"/>
    <trkpt lat="39.689724" lon="2.521566"/>
    <trkpt lat="39.689745" lon="2.521546"/>
    <trkpt lat="39.689768" lon="2.521532"/>
    <trkpt lat="39.689796" lon="2.521522"/>
    <trkpt lat="39.689827" lon="2.521516"/>
    <trkpt lat="39.689855" lon="2.521519"/>
    <trkpt lat="39.689877" lon="2.521524"/>
    <trkpt lat="39.689899" lon="2.521532"/>
    <trkpt lat="39.689922" lon="2.521549"/>
    <trkpt lat="39.689940" lon="2.521567"/>
    <trkpt lat="39.689957" lon="2.521587"/>
    <trkpt lat="39.689974" lon="2.521616"/>
    <trkpt lat="39.689985" lon="2.521639"/>
    <trkpt lat="39.689997" lon="2.521668"/>
    <trkpt lat="39.690007" lon="2.521699"/>
    <trkpt lat="39.690014" lon="2.521740"/>
    <trkpt lat="39.690019" lon="2.521781"/>
    <trkpt lat="39.690019" lon="2.521848"/>
    <trkpt lat="39.690011" lon="2.521950"/>
    <trkpt lat="39.689986" lon="2.522294"/>
    <trkpt lat="39.689973" lon="2.522513"/>
    <trkpt lat="39.689960" lon="2.522767"/>
    <trkpt lat="39.689953" lon="2.523081"/>
    <trkpt lat="39.689953" lon="2.523157"/>
    <trkpt lat="39.689956" lon="2.523215"/>
    <trkpt lat="39.689963" lon="2.523281"/>
    <trkpt lat="39.689973" lon="2.523354"/>
    <trkpt lat="39.689999" lon="2.523539"/>
    <trkpt lat="39.690023" lon="2.523726"/>
    <trkpt lat="39.690056" lon="2.523988"/>
    <trkpt lat="39.690072" lon="2.524105"/>
    <trkpt lat="39.690088" lon="2.524184"/>
    <trkpt lat="39.690105" lon="2.524254"/>
    <trkpt lat="39.690124" lon="2.524320"/>
    <trkpt lat="39.690145" lon="2.524381"/>
    <trkpt lat="39.690177" lon="2.524454"/>
    <trkpt lat="39.690204" lon="2.524508"/>
    <trkpt lat="39.690230" lon="2.524553"/>
    <trkpt lat="39.690253" lon="2.524588"/>
    <trkpt lat="39.690282" lon="2.524627"/>
    <trkpt lat="39.690311" lon="2.524662"/>
    <trkpt lat="39.690346" lon="2.524702"/>
    <trkpt lat="39.690433" lon="2.524789"/>
    <trkpt lat="39.690463" lon="2.524823"/>
    <trkpt lat="39.690487" lon="2.524853"/>
    <trkpt lat="39.690513" lon="2.524891"/>
    <trkpt lat="39.690535" lon="2.524928"/>
    <trkpt lat="39.690556" lon="2.524968"/>
    <trkpt lat="39.690579" lon="2.525013"/>
    <trkpt lat="39.690595" lon="2.525048"/>
    <trkpt lat="39.690615" lon="2.525097"/>
    <trkpt lat="39.690631" lon="2.525141"/>
    <trkpt lat="39.690644" lon="2.525187"/>
    <trkpt lat="39.690653" lon="2.525228"/>
    <trkpt lat="39.690657" lon="2.525276"/>
    <trkpt lat="39.690658" lon="2.525324"/>
    <trkpt lat="39.690657" lon="2.525370"/>
    <trkpt lat="39.690651" lon="2.525432"/>
    <trkpt lat="39.690642" lon="2.525507"/>
    <trkpt lat="39.690635" lon="2.525586"/>
    <trkpt lat="39.690627" lon="2.525687"/>
    <trkpt lat="39.690623" lon="2.525782"/>
    <trkpt lat="39.690624" lon="2.525943"/>
    <trkpt lat="39.690620" lon="2.526015"/>
    <trkpt lat="39.690610" lon="2.526081"/>
    <trkpt lat="39.690596" lon="2.526137"/>
    <trkpt lat="39.690574" lon="2.526190"/>
    <trkpt lat="39.690552" lon="2.526234"/>
    <trkpt lat="39.690521" lon="2.526287"/>
    <trkpt lat="39.690386" lon="2.526492"/>
    <trkpt lat="39.690352" lon="2.526550"/>
    <trkpt lat="39.690337" lon="2.526589"/>
    <trkpt lat="39.690324" lon="2.526631"/>
    <trkpt lat="39.690317" lon="2.526667"/>
    <trkpt lat="39.690312" lon="2.526705"/>
    <trkpt lat="39.690310" lon="2.526749"/>
    <trkpt lat="39.690314" lon="2.526789"/>
    <trkpt lat="39.690321" lon="2.526827"/>
    <trkpt lat="39.690333" lon="2.526869"/>
    <trkpt lat="39.690348" lon="2.526905"/>
    <trkpt lat="39.690368" lon="2.526942"/>
    <trkpt lat="39.690396" lon="2.526986"/>
    <trkpt lat="39.690421" lon="2.527018"/>
    <trkpt lat="39.690454" lon="2.527054"/>
    <trkpt lat="39.690487" lon="2.527087"/>
    <trkpt lat="39.690519" lon="2.527114"/>
    <trkpt lat="39.690553" lon="2.527138"/>
    <trkpt lat="39.690590" lon="2.527159"/>
    <trkpt lat="39.690630" lon="2.527181"/>
    <trkpt lat="39.690667" lon="2.527197"/>
    <trkpt lat="39.690783" lon="2.527243"/>
    <trkpt lat="39.690812" lon="2.527257"/>
    <trkpt lat="39.690837" lon="2.527272"/>
    <trkpt lat="39.690865" lon="2.527294"/>
    <trkpt lat="39.690892" lon="2.527325"/>
    <trkpt lat="39.690914" lon="2.527357"/>
    <trkpt lat="39.690929" lon="2.527387"/>
    <trkpt lat="39.690941" lon="2.527424"/>
    <trkpt lat="39.690947" lon="2.527465"/>
    <trkpt lat="39.690947" lon="2.527506"/>
    <trkpt lat="39.690945" lon="2.527546"/>
    <trkpt lat="39.690940" lon="2.527581"/>
    <trkpt lat="39.690930" lon="2.527618"/>
    <trkpt lat="39.690915" lon="2.527658"/>
    <trkpt lat="39.690898" lon="2.527692"/>
    <trkpt lat="39.690874" lon="2.527726"/>
    <trkpt lat="39.690843" lon="2.527755"/>
    <trkpt lat="39.690818" lon="2.527773"/>
    <trkpt lat="39.690788" lon="2.527788"/>
    <trkpt lat="39.690756" lon="2.527798"/>
    <trkpt lat="39.690724" lon="2.527805"/>
    <trkpt lat="39.690697" lon="2.527806"/>
    <trkpt lat="39.690662" lon="2.527801"/>
    <trkpt lat="39.690627" lon="2.527790"/>
    <trkpt lat="39.690585" lon="2.527770"/>
    <trkpt lat="39.690538" lon="2.527743"/>
    <trkpt lat="39.690401" lon="2.527657"/>
    <trkpt lat="39.689970" lon="2.527385"/>
    <trkpt lat="39.689875" lon="2.527330"/>
    <trkpt lat="39.689824" lon="2.527307"/>
    <trkpt lat="39.689777" lon="2.527296"/>
    <trkpt lat="39.689730" lon="2.527295"/>
    <trkpt lat="39.689690" lon="2.527302"/>
    <trkpt lat="39.689652" lon="2.527318"/>
    <trkpt lat="39.689625" lon="2.527335"/>
    <trkpt lat="39.689595" lon="2.527365"/>
    <trkpt lat="39.689571" lon="2.527394"/>
    <trkpt lat="39.689553" lon="2.527425"/>
    <trkpt lat="39.689539" lon="2.527457"/>
    <trkpt lat="39.689526" lon="2.527492"/>
    <trkpt lat="39.689519" lon="2.527523"/>
    <trkpt lat="39.689514" lon="2.527559"/>
    <trkpt lat="39.689513" lon="2.527588"/>
    <trkpt lat="39.689516" lon="2.527620"/>
    <trkpt lat="39.689524" lon="2.527650"/>
    <trkpt lat="39.689543" lon="2.527697"/>
    <trkpt lat="39.689561" lon="2.527737"/>
    <trkpt lat="39.689585" lon="2.527784"/>
    <trkpt lat="39.689653" lon="2.527890"/>
    <trkpt lat="39.689684" lon="2.527940"/>
    <trkpt lat="39.689722" lon="2.527990"/>
    <trkpt lat="39.689747" lon="2.528022"/>
    <trkpt lat="39.689782" lon="2.528062"/>
    <trkpt lat="39.689825" lon="2.528099"/>
    <trkpt lat="39.689862" lon="2.528123"/>
    <trkpt lat="39.689896" lon="2.528141"/>
    <trkpt lat="39.689937" lon="2.528160"/>
    <trkpt lat="39.689988" lon="2.528180"/>
    <trkpt lat="39.690056" lon="2.528202"/>
    <trkpt lat="39.690291" lon="2.528274"/>
    <trkpt lat="39.690323" lon="2.528286"/>
    <trkpt lat="39.690357" lon="2.528302"/>
    <trkpt lat="39.690394" lon="2.528325"/>
    <trkpt lat="39.690424" lon="2.528350"/>
    <trkpt lat="39.690479" lon="2.528412"/>
    <trkpt lat="39.690557" lon="2.528512"/>
    <trkpt lat="39.690611" lon="2.528573"/>
    <trkpt lat="39.690644" lon="2.528606"/>
    <trkpt lat="39.690698" lon="2.528655"/>
    <trkpt lat="39.690734" lon="2.528679"/>
    <trkpt lat="39.690766" lon="2.528696"/>
    <trkpt lat="39.690799" lon="2.528710"/>
    <trkpt lat="39.690841" lon="2.528722"/>
    <trkpt lat="39.690928" lon="2.528740"/>
    <trkpt lat="39.691016" lon="2.528757"/>
    <trkpt lat="39.691055" lon="2.528769"/>
    <trkpt lat="39.691086" lon="2.528783"/>
    <trkpt lat="39.691117" lon="2.528806"/>
    <trkpt lat="39.691146" lon="2.528841"/>
    <trkpt lat="39.691165" lon="2.528871"/>
    <trkpt lat="39.691182" lon="2.528911"/>
    <trkpt lat="39.691195" lon="2.528960"/>
    <trkpt lat="39.691199" lon="2.529004"/>
    <trkpt lat="39.691198" lon="2.529048"/>
    <trkpt lat="39.691193" lon="2.529096"/>
    <trkpt lat="39.691183" lon="2.529137"/>
    <trkpt lat="39.691167" lon="2.529178"/>
    <trkpt lat="39.691143" lon="2.529220"/>
    <trkpt lat="39.691119" lon="2.529248"/>
    <trkpt lat="39.691092" lon="2.529274"/>
    <trkpt lat="39.691057" lon="2.529294"/>
    <trkpt lat="39.691025" lon="2.529302"/>
    <trkpt lat="39.690991" lon="2.529305"/>
    <trkpt lat="39.690947" lon="2.529299"/>
    <trkpt lat="39.690872" lon="2.529272"/>
    <trkpt lat="39.690488" lon="2.529119"/>
    <trkpt lat="39.690339" lon="2.529060"/>
    <trkpt lat="39.690127" lon="2.528980"/>
    <trkpt lat="39.689935" lon="2.528924"/>
    <trkpt lat="39.689877" lon="2.528915"/>
    <trkpt lat="39.689825" lon="2.528916"/>
    <trkpt lat="39.689787" lon="2.528922"/>
    <trkpt lat="39.689752" lon="2.528934"/>
    <trkpt lat="39.689714" lon="2.528961"/>
    <trkpt lat="39.689681" lon="2.528990"/>
    <trkpt lat="39.689660" lon="2.529017"/>
    <trkpt lat="39.689637" lon="2.529062"/>
    <trkpt lat="39.689621" lon="2.529114"/>
    <trkpt lat="39.689609" lon="2.529169"/>
    <trkpt lat="39.689608" lon="2.529233"/>
    <trkpt lat="39.689618" lon="2.529301"/>
    <trkpt lat="39.689637" lon="2.529348"/>
    <trkpt lat="39.689661" lon="2.529393"/>
    <trkpt lat="39.689688" lon="2.529432"/>
    <trkpt lat="39.689719" lon="2.529459"/>
    <trkpt lat="39.689743" lon="2.529476"/>
    <trkpt lat="39.689782" lon="2.529491"/>
    <trkpt lat="39.689811" lon="2.529495"/>
    <trkpt lat="39.689854" lon="2.529491"/>
    <trkpt lat="39.689928" lon="2.529465"/>
    <trkpt lat="39.690022" lon="2.529431"/>
    <trkpt lat="39.690060" lon="2.529425"/>
    <trkpt lat="39.690096" lon="2.529428"/>
    <trkpt lat="39.690131" lon="2.529437"/>
    <trkpt lat="39.690170" lon="2.529456"/>
    <trkpt lat="39.690230" lon="2.529500"/>
    <trkpt lat="39.690267" lon="2.529532"/>
    <trkpt lat="39.690316" lon="2.529587"/>
    <trkpt lat="39.690344" lon="2.529622"/>
    <trkpt lat="39.690387" lon="2.529679"/>
    <trkpt lat="39.690424" lon="2.529742"/>
    <trkpt lat="39.690840" lon="2.530451"/>
    <trkpt lat="39.690896" lon="2.530533"/>
    <trkpt lat="39.690972" lon="2.530627"/>
    <trkpt lat="39.691050" lon="2.530708"/>
    <trkpt lat="39.691107" lon="2.530762"/>
    <trkpt lat="39.691170" lon="2.530814"/>
    <trkpt lat="39.691240" lon="2.530864"/>
    <trkpt lat="39.691302" lon="2.530903"/>
    <trkpt lat="39.691337" lon="2.530919"/>
    <trkpt lat="39.691370" lon="2.530931"/>
    <trkpt lat="39.691410" lon="2.530939"/>
    <trkpt lat="39.691449" lon="2.530940"/>
    <trkpt lat="39.691488" lon="2.530934"/>
    <trkpt lat="39.691542" lon="2.530912"/>
    <trkpt lat="39.691591" lon="2.530883"/>
    <trkpt lat="39.691648" lon="2.530839"/>
    <trkpt lat="39.691728" lon="2.530774"/>
    <trkpt lat="39.691813" lon="2.530702"/>
    <trkpt lat="39.691885" lon="2.530649"/>
    <trkpt lat="39.691935" lon="2.530618"/>
    <trkpt lat="39.692011" lon="2.530580"/>
    <trkpt lat="39.692109" lon="2.530543"/>
    <trkpt lat="39.692219" lon="2.530500"/>
    <trkpt lat="39.692422" lon="2.530401"/>
    <trkpt lat="39.692459" lon="2.530385"/>
    <trkpt lat="39.692492" lon="2.530376"/>
    <trkpt lat="39.692528" lon="2.530376"/>
    <trkpt lat="39.692561" lon="2.530381"/>
    <trkpt lat="39.692592" lon="2.530391"/>
    <trkpt lat="39.692626" lon="2.530412"/>
    <trkpt lat="39.692658" lon="2.530441"/>
    <trkpt lat="39.692679" lon="2.530475"/>
    <trkpt lat="39.692700" lon="2.530513"/>
    <trkpt lat="39.692717" lon="2.530559"/>
    <trkpt lat="39.692719" lon="2.530571"/>
    <trkpt lat="39.692725" lon="2.530600"/>
    <trkpt lat="39.692729" lon="2.530642"/>
    <trkpt lat="39.692728" lon="2.530698"/>
    <trkpt lat="39.692710" lon="2.530773"/>
    <trkpt lat="39.692683" lon="2.530819"/>
    <trkpt lat="39.692646" lon="2.530865"/>
    <trkpt lat="39.692616" lon="2.530892"/>
    <trkpt lat="39.692549" lon="2.530941"/>
    <trkpt lat="39.692432" lon="2.531012"/>
    <trkpt lat="39.692328" lon="2.531078"/>
    <trkpt lat="39.692242" lon="2.531144"/>
    <trkpt lat="39.692184" lon="2.531193"/>
    <trkpt lat="39.692120" lon="2.531255"/>
    <trkpt lat="39.691986" lon="2.531407"/>
    <trkpt lat="39.691614" lon="2.531828"/>
    <trkpt lat="39.691383" lon="2.532093"/>
    <trkpt lat="39.690885" lon="2.532656"/>
    <trkpt lat="39.690275" lon="2.533346"/>
    <trkpt lat="39.689965" lon="2.533704"/>
    <trkpt lat="39.689565" lon="2.534145"/>
    <trkpt lat="39.689292" lon="2.534445"/>
    <trkpt lat="39.689212" lon="2.534538"/>
    <trkpt lat="39.689164" lon="2.534616"/>
    <trkpt lat="39.689138" lon="2.534671"/>
    <trkpt lat="39.689111" lon="2.534751"/>
    <trkpt lat="39.689100" lon="2.534795"/>
    <trkpt lat="39.689085" lon="2.534878"/>
    <trkpt lat="39.689078" lon="2.534935"/>
    <trkpt lat="39.689058" lon="2.535157"/>
    <trkpt lat="39.689049" lon="2.535214"/>
    <trkpt lat="39.689024" lon="2.535296"/>
    <trkpt lat="39.689004" lon="2.535342"/>
    <trkpt lat="39.688976" lon="2.535397"/>
    <trkpt lat="39.688939" lon="2.535454"/>
    <trkpt lat="39.688877" lon="2.535524"/>
    <trkpt lat="39.688793" lon="2.535621"/>
    <trkpt lat="39.688537" lon="2.535867"/>
    <trkpt lat="39.688015" lon="2.536213"/>
    <trkpt lat="39.687840" lon="2.536324"/>
    <trkpt lat="39.687681" lon="2.536427"/>
    <trkpt lat="39.687568" lon="2.536415"/>
    <trkpt lat="39.687435" lon="2.536363"/>
    <trkpt lat="39.687265" lon="2.536261"/>
    <trkpt lat="39.687043" lon="2.536178"/>
    <trkpt lat="39.686828" lon="2.536156"/>
    <trkpt lat="39.686618" lon="2.536190"/>
    <trkpt lat="39.686419" lon="2.536206"/>
    <trkpt lat="39.686288" lon="2.536265"/>
    <trkpt lat="39.686210" lon="2.536362"/>
    <trkpt lat="39.686180" lon="2.536524"/>
    <trkpt lat="39.686207" lon="2.536764"/>
    <trkpt lat="39.686242" lon="2.536957"/>
    <trkpt lat="39.686307" lon="2.537072"/>
    <trkpt lat="39.686417" lon="2.537192"/>
    <trkpt lat="39.686524" lon="2.537320"/>
    <trkpt lat="39.686591" lon="2.537487"/>
    <trkpt lat="39.686593" lon="2.537618"/>
    <trkpt lat="39.686595" lon="2.537755"/>
    <trkpt lat="39.686554" lon="2.538123"/>
    <trkpt lat="39.686511" lon="2.538344"/>
    <trkpt lat="39.686488" lon="2.538587"/>
    <trkpt lat="39.686482" lon="2.538724"/>
    <trkpt lat="39.686503" lon="2.538871"/>
    <trkpt lat="39.686562" lon="2.539041"/>
    <trkpt lat="39.686604" lon="2.539204"/>
    <trkpt lat="39.686616" lon="2.539353"/>
    <trkpt lat="39.686623" lon="2.539465"/>
    <trkpt lat="39.686602" lon="2.539584"/>
    <trkpt lat="39.686516" lon="2.539675"/>
    <trkpt lat="39.686438" lon="2.539697"/>
    <trkpt lat="39.686286" lon="2.539701"/>
    <trkpt lat="39.686138" lon="2.539693"/>
    <trkpt lat="39.685975" lon="2.539725"/>
    <trkpt lat="39.685844" lon="2.539778"/>
    <trkpt lat="39.685554" lon="2.539975"/>
    <trkpt lat="39.685261" lon="2.540196"/>
    <trkpt lat="39.685063" lon="2.540299"/>
    <trkpt lat="39.684860" lon="2.540279"/>
    <trkpt lat="39.684747" lon="2.540242"/>
    <trkpt lat="39.684612" lon="2.540147"/>
    <trkpt lat="39.684317" lon="2.539860"/>
    <trkpt lat="39.684161" lon="2.539788"/>
    <trkpt lat="39.684048" lon="2.539832"/>
    <trkpt lat="39.683973" lon="2.539933"/>
    <trkpt lat="39.683945" lon="2.540096"/>
    <trkpt lat="39.683978" lon="2.540341"/>
    <trkpt lat="39.683997" lon="2.540537"/>
    <trkpt lat="39.683973" lon="2.540714"/>
    <trkpt lat="39.683917" lon="2.540999"/>
    <trkpt lat="39.683838" lon="2.541320"/>
    <trkpt lat="39.683780" lon="2.541499"/>
    <trkpt lat="39.683739" lon="2.541559"/>
    <trkpt lat="39.683703" lon="2.541621"/>
    <trkpt lat="39.683652" lon="2.541657"/>
    <trkpt lat="39.683553" lon="2.541708"/>
    <trkpt lat="39.683395" lon="2.541726"/>
    <trkpt lat="39.683220" lon="2.541766"/>
    <trkpt lat="39.683136" lon="2.541808"/>
    <trkpt lat="39.683062" lon="2.541919"/>
    <trkpt lat="39.683039" lon="2.542057"/>
    <trkpt lat="39.683053" lon="2.542228"/>
    <trkpt lat="39.683069" lon="2.542471"/>
    <trkpt lat="39.683093" lon="2.542723"/>
    <trkpt lat="39.683147" lon="2.542868"/>
    <trkpt lat="39.683231" lon="2.542950"/>
    <trkpt lat="39.683338" lon="2.542999"/>
    <trkpt lat="39.683500" lon="2.542979"/>
    <trkpt lat="39.683740" lon="2.542955"/>
    <trkpt lat="39.684106" lon="2.542885"/>
    <trkpt lat="39.684449" lon="2.542756"/>
    <trkpt lat="39.684550" lon="2.542758"/>
    <trkpt lat="39.684617" lon="2.542811"/>
    <trkpt lat="39.684675" lon="2.542893"/>
    <trkpt lat="39.684742" lon="2.543079"/>
    <trkpt lat="39.684761" lon="2.543287"/>
    <trkpt lat="39.684757" lon="2.543582"/>
    <trkpt lat="39.684727" lon="2.543935"/>
    <trkpt lat="39.684722" lon="2.544092"/>
    <trkpt lat="39.684735" lon="2.544224"/>
    <trkpt lat="39.684776" lon="2.544326"/>
    <trkpt lat="39.684902" lon="2.544538"/>
    <trkpt lat="39.684961" lon="2.544632"/>
    <trkpt lat="39.685021" lon="2.544729"/>
    <trkpt lat="39.685102" lon="2.544918"/>
    <trkpt lat="39.685113" lon="2.545020"/>
    <trkpt lat="39.685099" lon="2.545173"/>
    <trkpt lat="39.685054" lon="2.545352"/>
    <trkpt lat="39.684990" lon="2.545514"/>
    <trkpt lat="39.684912" lon="2.545640"/>
    <trkpt lat="39.684804" lon="2.545782"/>
    <trkpt lat="39.684591" lon="2.545945"/>
    <trkpt lat="39.684364" lon="2.546060"/>
    <trkpt lat="39.683862" lon="2.546285"/>
    <trkpt lat="39.683760" lon="2.546360"/>
    <trkpt lat="39.683648" lon="2.546487"/>
    <trkpt lat="39.683571" lon="2.546645"/>
    <trkpt lat="39.683476" lon="2.546880"/>
    <trkpt lat="39.683410" lon="2.546997"/>
    <trkpt lat="39.683308" lon="2.547060"/>
    <trkpt lat="39.683141" lon="2.547048"/>
    <trkpt lat="39.682775" lon="2.546928"/>
    <trkpt lat="39.682639" lon="2.546888"/>
    <trkpt lat="39.682542" lon="2.546901"/>
    <trkpt lat="39.682456" lon="2.546946"/>
    <trkpt lat="39.682370" lon="2.547031"/>
    <trkpt lat="39.682209" lon="2.547326"/>
    <trkpt lat="39.682094" lon="2.547534"/>
    <trkpt lat="39.681941" lon="2.547724"/>
    <trkpt lat="39.681748" lon="2.547901"/>
    <trkpt lat="39.681659" lon="2.548015"/>
    <trkpt lat="39.681560" lon="2.548259"/>
    <trkpt lat="39.681556" lon="2.548405"/>
    <trkpt lat="39.681544" lon="2.548529"/>
    <trkpt lat="39.681493" lon="2.548625"/>
    <trkpt lat="39.681356" lon="2.548687"/>
    <trkpt lat="39.681204" lon="2.548736"/>
    <trkpt lat="39.681052" lon="2.548810"/>
    <trkpt lat="39.680956" lon="2.548904"/>
    <trkpt lat="39.680931" lon="2.549054"/>
    <trkpt lat="39.680958" lon="2.549189"/>
    <trkpt lat="39.680997" lon="2.549310"/>
    <trkpt lat="39.681185" lon="2.549547"/>
    <trkpt lat="39.681469" lon="2.549851"/>
    <trkpt lat="39.681543" lon="2.549978"/>
    <trkpt lat="39.681573" lon="2.550093"/>
    <trkpt lat="39.681591" lon="2.550213"/>
    <trkpt lat="39.681582" lon="2.550373"/>
    <trkpt lat="39.681563" lon="2.550450"/>
    <trkpt lat="39.681541" lon="2.550540"/>
    <trkpt lat="39.681467" lon="2.550667"/>
    <trkpt lat="39.681240" lon="2.551005"/>
    <trkpt lat="39.681133" lon="2.551128"/>
    <trkpt lat="39.681009" lon="2.551220"/>
    <trkpt lat="39.680884" lon="2.551286"/>
    <trkpt lat="39.680801" lon="2.551329"/>
    <trkpt lat="39.680677" lon="2.551452"/>
    <trkpt lat="39.680652" lon="2.551499"/>
    <trkpt lat="39.680594" lon="2.551607"/>
    <trkpt lat="39.680554" lon="2.551777"/>
    <trkpt lat="39.680551" lon="2.551943"/>
    <trkpt lat="39.680590" lon="2.552119"/>
    <trkpt lat="39.680647" lon="2.552235"/>
    <trkpt lat="39.680688" lon="2.552367"/>
    <trkpt lat="39.680696" lon="2.552583"/>
    <trkpt lat="39.680690" lon="2.552852"/>
    <trkpt lat="39.680694" lon="2.553067"/>
    <trkpt lat="39.680741" lon="2.553302"/>
    <trkpt lat="39.680802" lon="2.553464"/>
    <trkpt lat="39.681002" lon="2.553746"/>
    <trkpt lat="39.681060" lon="2.553835"/>
    <trkpt lat="39.681118" lon="2.553901"/>
    <trkpt lat="39.681186" lon="2.553954"/>
    <trkpt lat="39.681355" lon="2.554068"/>
    <trkpt lat="39.681404" lon="2.554112"/>
    <trkpt lat="39.681462" lon="2.554185"/>
    <trkpt lat="39.681507" lon="2.554267"/>
    <trkpt lat="39.681547" lon="2.554347"/>
    <trkpt lat="39.681597" lon="2.554476"/>
    <trkpt lat="39.681640" lon="2.554627"/>
    <trkpt lat="39.681685" lon="2.554972"/>
    <trkpt lat="39.681710" lon="2.555241"/>
    <trkpt lat="39.681707" lon="2.555381"/>
    <trkpt lat="39.681685" lon="2.555480"/>
    <trkpt lat="39.681650" lon="2.555581"/>
    <trkpt lat="39.681541" lon="2.555775"/>
    <trkpt lat="39.681383" lon="2.556053"/>
    <trkpt lat="39.681189" lon="2.556402"/>
    <trkpt lat="39.681122" lon="2.556500"/>
    <trkpt lat="39.681043" lon="2.556598"/>
    <trkpt lat="39.680982" lon="2.556665"/>
    <trkpt lat="39.680401" lon="2.557253"/>
    <trkpt lat="39.680168" lon="2.557516"/>
    <trkpt lat="39.679879" lon="2.557799"/>
    <trkpt lat="39.679806" lon="2.557868"/>
    <trkpt lat="39.679815" lon="2.557958"/>
    <trkpt lat="39.679824" lon="2.557999"/>
    <trkpt lat="39.679841" lon="2.558044"/>
    <trkpt lat="39.679883" lon="2.558120"/>
    <trkpt lat="39.679979" lon="2.558271"/>
    <trkpt lat="39.680042" lon="2.558395"/>
    <trkpt lat="39.680149" lon="2.558813"/>
    <trkpt lat="39.680270" lon="2.559262"/>
    <trkpt lat="39.680295" lon="2.559353"/>
    <trkpt lat="39.680341" lon="2.559529"/>
    <trkpt lat="39.680372" lon="2.559685"/>
    <trkpt lat="39.680387" lon="2.559834"/>
    <trkpt lat="39.680393" lon="2.559978"/>
    <trkpt lat="39.680387" lon="2.560139"/>
    <trkpt lat="39.680367" lon="2.560295"/>
    <trkpt lat="39.680330" lon="2.560482"/>
    <trkpt lat="39.680213" lon="2.560948"/>
    <trkpt lat="39.679833" lon="2.562461"/>
    <trkpt lat="39.679645" lon="2.563211"/>
    <trkpt lat="39.679600" lon="2.563384"/>
    <trkpt lat="39.679507" lon="2.563743"/>
    <trkpt lat="39.679476" lon="2.563886"/>
    <trkpt lat="39.679457" lon="2.563992"/>
    <trkpt lat="39.679444" lon="2.564086"/>
    <trkpt lat="39.679436" lon="2.564199"/>
    <trkpt lat="39.679438" lon="2.564297"/>
    <trkpt lat="39.679450" lon="2.564411"/>
    <trkpt lat="39.679468" lon="2.564509"/>
    <trkpt lat="39.679496" lon="2.564619"/>
    <trkpt lat="39.679509" lon="2.564657"/>
    <trkpt lat="39.679533" lon="2.564733"/>
    <trkpt lat="39.679566" lon="2.564809"/>
    <trkpt lat="39.679716" lon="2.565123"/>
    <trkpt lat="39.679738" lon="2.565180"/>
    <trkpt lat="39.679758" lon="2.565250"/>
    <trkpt lat="39.679771" lon="2.565323"/>
    <trkpt lat="39.679775" lon="2.565399"/>
    <trkpt lat="39.679770" lon="2.565477"/>
    <trkpt lat="39.679756" lon="2.565548"/>
    <trkpt lat="39.679666" lon="2.565837"/>
    <trkpt lat="39.679367" lon="2.566826"/>
    <trkpt lat="39.679349" lon="2.566896"/>
    <trkpt lat="39.679338" lon="2.566966"/>
    <trkpt lat="39.679333" lon="2.567029"/>
    <trkpt lat="39.679337" lon="2.567085"/>
    <trkpt lat="39.679347" lon="2.567137"/>
    <trkpt lat="39.679364" lon="2.567189"/>
    <trkpt lat="39.679390" lon="2.567234"/>
    <trkpt lat="39.679420" lon="2.567272"/>
    <trkpt lat="39.679458" lon="2.567294"/>
    <trkpt lat="39.679493" lon="2.567309"/>
    <trkpt lat="39.679567" lon="2.567323"/>
    <trkpt lat="39.679853" lon="2.567348"/>
    <trkpt lat="39.680159" lon="2.567371"/>
    <trkpt lat="39.680243" lon="2.567378"/>
    <trkpt lat="39.680306" lon="2.567387"/>
    <trkpt lat="39.680378" lon="2.567408"/>
    <trkpt lat="39.680444" lon="2.567430"/>
    <trkpt lat="39.680630" lon="2.567516"/>
    <trkpt lat="39.680698" lon="2.567544"/>
    <trkpt lat="39.680741" lon="2.567549"/>
    <trkpt lat="39.680775" lon="2.567548"/>
    <trkpt lat="39.680807" lon="2.567533"/>
    <trkpt lat="39.680832" lon="2.567507"/>
    <trkpt lat="39.680859" lon="2.567469"/>
    <trkpt lat="39.680881" lon="2.567425"/>
    <trkpt lat="39.680970" lon="2.567212"/>
    <trkpt lat="39.680999" lon="2.567111"/>
    <trkpt lat="39.681019" lon="2.566997"/>
    <trkpt lat="39.681071" lon="2.566653"/>
    <trkpt lat="39.681098" lon="2.566514"/>
    <trkpt lat="39.681133" lon="2.566385"/>
    <trkpt lat="39.681167" lon="2.566291"/>
    <trkpt lat="39.681207" lon="2.566194"/>
    <trkpt lat="39.681245" lon="2.566127"/>
    <trkpt lat="39.681289" lon="2.566068"/>
    <trkpt lat="39.681320" lon="2.566031"/>
    <trkpt lat="39.681355" lon="2.565996"/>
    <trkpt lat="39.681401" lon="2.565968"/>
    <trkpt lat="39.681459" lon="2.565945"/>
    <trkpt lat="39.681514" lon="2.565938"/>
    <trkpt lat="39.681574" lon="2.565942"/>
    <trkpt lat="39.681604" lon="2.565950"/>
    <trkpt lat="39.681635" lon="2.565965"/>
    <trkpt lat="39.681688" lon="2.566000"/>
    <trkpt lat="39.681729" lon="2.566026"/>
    <trkpt lat="39.682275" lon="2.566442"/>
    <trkpt lat="39.682342" lon="2.566500"/>
    <trkpt lat="39.682412" lon="2.566579"/>
    <trkpt lat="39.682455" lon="2.566640"/>
    <trkpt lat="39.682865" lon="2.567322"/>
    <trkpt lat="39.683120" lon="2.567719"/>
    <trkpt lat="39.683172" lon="2.567813"/>
    <trkpt lat="39.683225" lon="2.567922"/>
    <trkpt lat="39.683267" lon="2.568048"/>
    <trkpt lat="39.683317" lon="2.568252"/>
    <trkpt lat="39.683339" lon="2.568371"/>
    <trkpt lat="39.683344" lon="2.568471"/>
    <trkpt lat="39.683338" lon="2.568557"/>
    <trkpt lat="39.683325" lon="2.568640"/>
    <trkpt lat="39.683298" lon="2.568720"/>
    <trkpt lat="39.683259" lon="2.568793"/>
    <trkpt lat="39.683160" lon="2.568925"/>
    <trkpt lat="39.683055" lon="2.569047"/>
    <trkpt lat="39.682851" lon="2.569255"/>
    <trkpt lat="39.682798" lon="2.569320"/>
    <trkpt lat="39.682754" lon="2.569385"/>
    <trkpt lat="39.682720" lon="2.569460"/>
    <trkpt lat="39.682696" lon="2.569543"/>
    <trkpt lat="39.682685" lon="2.569630"/>
    <trkpt lat="39.682682" lon="2.569706"/>
    <trkpt lat="39.682694" lon="2.569815"/>
    <trkpt lat="39.682710" lon="2.569927"/>
    <trkpt lat="39.682747" lon="2.570120"/>
    <trkpt lat="39.682795" lon="2.570365"/>
    <trkpt lat="39.682895" lon="2.570952"/>
    <trkpt lat="39.682921" lon="2.571062"/>
    <trkpt lat="39.682953" lon="2.571156"/>
    <trkpt lat="39.682997" lon="2.571255"/>
    <trkpt lat="39.683043" lon="2.571326"/>
    <trkpt lat="39.683105" lon="2.571394"/>
    <trkpt lat="39.683168" lon="2.571445"/>
    <trkpt lat="39.683429" lon="2.571643"/>
    <trkpt lat="39.683722" lon="2.571866"/>
    <trkpt lat="39.683954" lon="2.572023"/>
    <trkpt lat="39.684052" lon="2.572091"/>
    <trkpt lat="39.684096" lon="2.572134"/>
    <trkpt lat="39.684130" lon="2.572176"/>
    <trkpt lat="39.684162" lon="2.572224"/>
    <trkpt lat="39.684186" lon="2.572273"/>
    <trkpt lat="39.684206" lon="2.572324"/>
    <trkpt lat="39.684215" lon="2.572381"/>
    <trkpt lat="39.684223" lon="2.572444"/>
    <trkpt lat="39.684218" lon="2.572518"/>
    <trkpt lat="39.684209" lon="2.572587"/>
    <trkpt lat="39.684188" lon="2.572657"/>
    <trkpt lat="39.684142" lon="2.572764"/>
    <trkpt lat="39.683990" lon="2.573082"/>
    <trkpt lat="39.683905" lon="2.573274"/>
    <trkpt lat="39.683879" lon="2.573354"/>
    <trkpt lat="39.683870" lon="2.573409"/>
    <trkpt lat="39.683870" lon="2.573467"/>
    <trkpt lat="39.683874" lon="2.573511"/>
    <trkpt lat="39.683884" lon="2.573554"/>
    <trkpt lat="39.683906" lon="2.573591"/>
    <trkpt lat="39.683931" lon="2.573617"/>
    <trkpt lat="39.683962" lon="2.573633"/>
    <trkpt lat="39.684004" lon="2.573647"/>
    <trkpt lat="39.684054" lon="2.573656"/>
    <trkpt lat="39.684407" lon="2.573668"/>
    <trkpt lat="39.684525" lon="2.573668"/>
    <trkpt lat="39.684593" lon="2.573663"/>
    <trkpt lat="39.684643" lon="2.573655"/>
    <trkpt lat="39.684688" lon="2.573638"/>
    <trkpt lat="39.684745" lon="2.573610"/>
    <trkpt lat="39.684998" lon="2.573438"/>
    <trkpt lat="39.685114" lon="2.573361"/>
    <trkpt lat="39.685223" lon="2.573302"/>
    <trkpt lat="39.685311" lon="2.573264"/>
    <trkpt lat="39.685409" lon="2.573235"/>
    <trkpt lat="39.685488" lon="2.573218"/>
    <trkpt lat="39.685569" lon="2.573212"/>
    <trkpt lat="39.685660" lon="2.573218"/>
    <trkpt lat="39.685756" lon="2.573228"/>
    <trkpt lat="39.685812" lon="2.573239"/>
    <trkpt lat="39.685859" lon="2.573256"/>
    <trkpt lat="39.685903" lon="2.573280"/>
    <trkpt lat="39.685934" lon="2.573307"/>
    <trkpt lat="39.685962" lon="2.573349"/>
    <trkpt lat="39.685990" lon="2.573405"/>
    <trkpt lat="39.686016" lon="2.573475"/>
    <trkpt lat="39.686048" lon="2.573576"/>
    <trkpt lat="39.686186" lon="2.574119"/>
    <trkpt lat="39.686194" lon="2.574168"/>
    <trkpt lat="39.686200" lon="2.574220"/>
    <trkpt lat="39.686200" lon="2.574277"/>
    <trkpt lat="39.686194" lon="2.574322"/>
    <trkpt lat="39.686183" lon="2.574369"/>
    <trkpt lat="39.686165" lon="2.574411"/>
    <trkpt lat="39.686144" lon="2.574450"/>
    <trkpt lat="39.686117" lon="2.574484"/>
    <trkpt lat="39.686030" lon="2.574560"/>
    <trkpt lat="39.686000" lon="2.574590"/>
    <trkpt lat="39.685976" lon="2.574629"/>
    <trkpt lat="39.685957" lon="2.574670"/>
    <trkpt lat="39.685946" lon="2.574713"/>
    <trkpt lat="39.685944" lon="2.574746"/>
    <trkpt lat="39.685945" lon="2.574792"/>
    <trkpt lat="39.685953" lon="2.574831"/>
    <trkpt lat="39.685972" lon="2.574870"/>
    <trkpt lat="39.685993" lon="2.574903"/>
    <trkpt lat="39.686030" lon="2.574937"/>
    <trkpt lat="39.686072" lon="2.574957"/>
    <trkpt lat="39.686107" lon="2.574967"/>
    <trkpt lat="39.686212" lon="2.574986"/>
    <trkpt lat="39.686341" lon="2.575009"/>
    <trkpt lat="39.686536" lon="2.575047"/>
    <trkpt lat="39.686583" lon="2.575060"/>
    <trkpt lat="39.686616" lon="2.575073"/>
    <trkpt lat="39.686654" lon="2.575098"/>
    <trkpt lat="39.686686" lon="2.575126"/>
    <trkpt lat="39.686718" lon="2.575162"/>
    <trkpt lat="39.686980" lon="2.575479"/>
    <trkpt lat="39.687011" lon="2.575517"/>
    <trkpt lat="39.687045" lon="2.575553"/>
    <trkpt lat="39.687070" lon="2.575569"/>
    <trkpt lat="39.687098" lon="2.575581"/>
    <trkpt lat="39.687123" lon="2.575585"/>
    <trkpt lat="39.687147" lon="2.575583"/>
    <trkpt lat="39.687177" lon="2.575569"/>
    <trkpt lat="39.687200" lon="2.575555"/>
    <trkpt lat="39.687286" lon="2.575484"/>
    <trkpt lat="39.687462" lon="2.575335"/>
    <trkpt lat="39.687500" lon="2.575306"/>
    <trkpt lat="39.687534" lon="2.575286"/>
    <trkpt lat="39.687564" lon="2.575272"/>
    <trkpt lat="39.687594" lon="2.575263"/>
    <trkpt lat="39.687622" lon="2.575261"/>
    <trkpt lat="39.687647" lon="2.575261"/>
    <trkpt lat="39.687681" lon="2.575268"/>
    <trkpt lat="39.687716" lon="2.575282"/>
    <trkpt lat="39.687750" lon="2.575298"/>
    <trkpt lat="39.687895" lon="2.575391"/>
    <trkpt lat="39.687920" lon="2.575403"/>
    <trkpt lat="39.687953" lon="2.575414"/>
    <trkpt lat="39.687982" lon="2.575418"/>
    <trkpt lat="39.688013" lon="2.575414"/>
    <trkpt lat="39.688045" lon="2.575403"/>
    <trkpt lat="39.688142" lon="2.575355"/>
    <trkpt lat="39.688191" lon="2.575336"/>
    <trkpt lat="39.688237" lon="2.575320"/>
    <trkpt lat="39.688286" lon="2.575307"/>
    <trkpt lat="39.688334" lon="2.575300"/>
    <trkpt lat="39.688436" lon="2.575292"/>
    <trkpt lat="39.688577" lon="2.575288"/>
    <trkpt lat="39.688722" lon="2.575288"/>
    <trkpt lat="39.688851" lon="2.575296"/>
    <trkpt lat="39.688898" lon="2.575297"/>
    <trkpt lat="39.688943" lon="2.575289"/>
    <trkpt lat="39.688969" lon="2.575279"/>
    <trkpt lat="39.688996" lon="2.575260"/>
    <trkpt lat="39.689015" lon="2.575233"/>
    <trkpt lat="39.689027" lon="2.575207"/>
    <trkpt lat="39.689034" lon="2.575175"/>
    <trkpt lat="39.689035" lon="2.575147"/>
    <trkpt lat="39.689029" lon="2.575114"/>
    <trkpt lat="39.689015" lon="2.575088"/>
    <trkpt lat="39.688995" lon="2.575068"/>
    <trkpt lat="39.688966" lon="2.575054"/>
    <trkpt lat="39.688940" lon="2.575048"/>
    <trkpt lat="39.688906" lon="2.575045"/>
    <trkpt lat="39.688780" lon="2.575058"/>
    <trkpt lat="39.688668" lon="2.575068"/>
    <trkpt lat="39.688584" lon="2.575072"/>
    <trkpt lat="39.688508" lon="2.575065"/>
    <trkpt lat="39.688246" lon="2.575025"/>
    <trkpt lat="39.688056" lon="2.574998"/>
    <trkpt lat="39.687810" lon="2.574956"/>
    <trkpt lat="39.687635" lon="2.574922"/>
    <trkpt lat="39.687447" lon="2.574880"/>
    <trkpt lat="39.687383" lon="2.574864"/>
    <trkpt lat="39.687349" lon="2.574850"/>
    <trkpt lat="39.687319" lon="2.574831"/>
    <trkpt lat="39.687300" lon="2.574816"/>
    <trkpt lat="39.687277" lon="2.574795"/>
    <trkpt lat="39.687255" lon="2.574765"/>
    <trkpt lat="39.687241" lon="2.574741"/>
    <trkpt lat="39.687230" lon="2.574709"/>
    <trkpt lat="39.687225" lon="2.574679"/>
    <trkpt lat="39.687222" lon="2.574636"/>
    <trkpt lat="39.687223" lon="2.574587"/>
    <trkpt lat="39.687232" lon="2.574533"/>
    <trkpt lat="39.687254" lon="2.574445"/>
    <trkpt lat="39.687341" lon="2.574131"/>
    <trkpt lat="39.687363" lon="2.574039"/>
    <trkpt lat="39.687373" lon="2.573970"/>
    <trkpt lat="39.687374" lon="2.573913"/>
    <trkpt lat="39.687368" lon="2.573868"/>
    <trkpt lat="39.687359" lon="2.573821"/>
    <trkpt lat="39.687341" lon="2.573769"/>
    <trkpt lat="39.687319" lon="2.573724"/>
    <trkpt lat="39.687298" lon="2.573694"/>
    <trkpt lat="39.687278" lon="2.573672"/>
    <trkpt lat="39.687254" lon="2.573658"/>
    <trkpt lat="39.687205" lon="2.573637"/>
    <trkpt lat="39.687107" lon="2.573607"/>
    <trkpt lat="39.686807" lon="2.573540"/>
    <trkpt lat="39.686776" lon="2.573532"/>
    <trkpt lat="39.686750" lon="2.573520"/>
    <trkpt lat="39.686724" lon="2.573504"/>
    <trkpt lat="39.686705" lon="2.573488"/>
    <trkpt lat="39.686689" lon="2.573470"/>
    <trkpt lat="39.686674" lon="2.573445"/>
    <trkpt lat="39.686661" lon="2.573416"/>
    <trkpt lat="39.686651" lon="2.573375"/>
    <trkpt lat="39.686647" lon="2.573333"/>
    <trkpt lat="39.686645" lon="2.573284"/>
    <trkpt lat="39.686647" lon="2.573238"/>
    <trkpt lat="39.686652" lon="2.573194"/>
    <trkpt lat="39.686662" lon="2.573137"/>
    <trkpt lat="39.686678" lon="2.573075"/>
    <trkpt lat="39.686773" lon="2.572699"/>
    <trkpt lat="39.686787" lon="2.572657"/>
    <trkpt lat="39.686799" lon="2.572626"/>
    <trkpt lat="39.686817" lon="2.572599"/>
    <trkpt lat="39.686839" lon="2.572573"/>
    <trkpt lat="39.686862" lon="2.572557"/>
    <trkpt lat="39.686887" lon="2.572551"/>
    <trkpt lat="39.686910" lon="2.572549"/>
    <trkpt lat="39.686932" lon="2.572556"/>
    <trkpt lat="39.686949" lon="2.572567"/>
    <trkpt lat="39.686966" lon="2.572586"/>
    <trkpt lat="39.686977" lon="2.572612"/>
    <trkpt lat="39.686986" lon="2.572643"/>
    <trkpt lat="39.686993" lon="2.572686"/>
    <trkpt lat="39.687018" lon="2.573057"/>
    <trkpt lat="39.687025" lon="2.573110"/>
    <trkpt lat="39.687035" lon="2.573151"/>
    <trkpt lat="39.687047" lon="2.573189"/>
    <trkpt lat="39.687067" lon="2.573221"/>
    <trkpt lat="39.687093" lon="2.573256"/>
    <trkpt lat="39.687130" lon="2.573291"/>
    <trkpt lat="39.687162" lon="2.573313"/>
    <trkpt lat="39.687197" lon="2.573332"/>
    <trkpt lat="39.687249" lon="2.573352"/>
    <trkpt lat="39.687376" lon="2.573384"/>
    <trkpt lat="39.687446" lon="2.573403"/>
    <trkpt lat="39.687479" lon="2.573416"/>
    <trkpt lat="39.687515" lon="2.573437"/>
    <trkpt lat="39.687544" lon="2.573459"/>
    <trkpt lat="39.687572" lon="2.573489"/>
    <trkpt lat="39.687597" lon="2.573523"/>
    <trkpt lat="39.687618" lon="2.573559"/>
    <trkpt lat="39.687639" lon="2.573610"/>
    <trkpt lat="39.687721" lon="2.573955"/>
    <trkpt lat="39.687738" lon="2.574016"/>
    <trkpt lat="39.687762" lon="2.574084"/>
    <trkpt lat="39.687784" lon="2.574135"/>
    <trkpt lat="39.687813" lon="2.574187"/>
    <trkpt lat="39.687851" lon="2.574244"/>
    <trkpt lat="39.687884" lon="2.574290"/>
    <trkpt lat="39.687928" lon="2.574343"/>
    <trkpt lat="39.687962" lon="2.574376"/>
    <trkpt lat="39.688005" lon="2.574413"/>
    <trkpt lat="39.688042" lon="2.574435"/>
    <trkpt lat="39.688080" lon="2.574449"/>
    <trkpt lat="39.688119" lon="2.574456"/>
    <trkpt lat="39.688232" lon="2.574456"/>
    <trkpt lat="39.688348" lon="2.574444"/>
    <trkpt lat="39.688685" lon="2.574410"/>
    <trkpt lat="39.689377" lon="2.574354"/>
    <trkpt lat="39.689634" lon="2.574333"/>
    <trkpt lat="39.689751" lon="2.574334"/>
    <trkpt lat="39.689783" lon="2.574339"/>
    <trkpt lat="39.689831" lon="2.574351"/>
    <trkpt lat="39.689884" lon="2.574374"/>
    <trkpt lat="39.690021" lon="2.574441"/>
    <trkpt lat="39.690146" lon="2.574516"/>
    <trkpt lat="39.690309" lon="2.574640"/>
    <trkpt lat="39.690408" lon="2.574709"/>
    <trkpt lat="39.690499" lon="2.574766"/>
    <trkpt lat="39.690593" lon="2.574815"/>
    <trkpt lat="39.690668" lon="2.574845"/>
    <trkpt lat="39.690748" lon="2.574868"/>
    <trkpt lat="39.690797" lon="2.574880"/>
    <trkpt lat="39.690854" lon="2.574893"/>
    <trkpt lat="39.690946" lon="2.574908"/>
    <trkpt lat="39.691044" lon="2.574918"/>
    <trkpt lat="39.691214" lon="2.574934"/>
    <trkpt lat="39.691388" lon="2.574957"/>
    <trkpt lat="39.692404" lon="2.575060"/>
    <trkpt lat="39.692455" lon="2.575069"/>
    <trkpt lat="39.692513" lon="2.575088"/>
    <trkpt lat="39.692552" lon="2.575107"/>
    <trkpt lat="39.692590" lon="2.575134"/>
    <trkpt lat="39.692622" lon="2.575170"/>
    <trkpt lat="39.692654" lon="2.575213"/>
    <trkpt lat="39.692683" lon="2.575263"/>
    <trkpt lat="39.692729" lon="2.575350"/>
    <trkpt lat="39.692971" lon="2.575875"/>
    <trkpt lat="39.693004" lon="2.575943"/>
    <trkpt lat="39.693042" lon="2.576009"/>
    <trkpt lat="39.693088" lon="2.576079"/>
    <trkpt lat="39.693141" lon="2.576146"/>
    <trkpt lat="39.693186" lon="2.576198"/>
    <trkpt lat="39.693654" lon="2.576699"/>
    <trkpt lat="39.693695" lon="2.576747"/>
    <trkpt lat="39.693733" lon="2.576800"/>
    <trkpt lat="39.693766" lon="2.576851"/>
    <trkpt lat="39.693788" lon="2.576903"/>
    <trkpt lat="39.693804" lon="2.576957"/>
    <trkpt lat="39.693816" lon="2.577021"/>
    <trkpt lat="39.693822" lon="2.577072"/>
    <trkpt lat="39.693841" lon="2.577404"/>
    <trkpt lat="39.693861" lon="2.577783"/>
    <trkpt lat="39.693879" lon="2.578058"/>
    <trkpt lat="39.693886" lon="2.578179"/>
    <trkpt lat="39.693888" lon="2.578279"/>
    <trkpt lat="39.693883" lon="2.578423"/>
    <trkpt lat="39.693854" lon="2.579098"/>
    <trkpt lat="39.693853" lon="2.579182"/>
    <trkpt lat="39.693855" lon="2.579264"/>
    <trkpt lat="39.693865" lon="2.579354"/>
    <trkpt lat="39.693884" lon="2.579461"/>
    <trkpt lat="39.693920" lon="2.579594"/>
    <trkpt lat="39.693955" lon="2.579712"/>
    <trkpt lat="39.693989" lon="2.579796"/>
    <trkpt lat="39.694010" lon="2.579844"/>
    <trkpt lat="39.694030" lon="2.579880"/>
    <trkpt lat="39.694057" lon="2.579914"/>
    <trkpt lat="39.694084" lon="2.579938"/>
    <trkpt lat="39.694111" lon="2.579956"/>
    <trkpt lat="39.694139" lon="2.579965"/>
    <trkpt lat="39.694181" lon="2.579969"/>
    <trkpt lat="39.694231" lon="2.579967"/>
    <trkpt lat="39.694316" lon="2.579949"/>
    <trkpt lat="39.694392" lon="2.579928"/>
    <trkpt lat="39.694996" lon="2.579757"/>
    <trkpt lat="39.695073" lon="2.579732"/>
    <trkpt lat="39.695135" lon="2.579707"/>
    <trkpt lat="39.695216" lon="2.579668"/>
    <trkpt lat="39.695276" lon="2.579631"/>
    <trkpt lat="39.695324" lon="2.579593"/>
    <trkpt lat="39.695385" lon="2.579539"/>
    <trkpt lat="39.695430" lon="2.579496"/>
    <trkpt lat="39.696141" lon="2.578699"/>
    <trkpt lat="39.696225" lon="2.578612"/>
    <trkpt lat="39.696284" lon="2.578552"/>
    <trkpt lat="39.696326" lon="2.578516"/>
    <trkpt lat="39.696383" lon="2.578475"/>
    <trkpt lat="39.696450" lon="2.578438"/>
    <trkpt lat="39.696520" lon="2.578413"/>
    <trkpt lat="39.696588" lon="2.578400"/>
    <trkpt lat="39.696662" lon="2.578393"/>
    <trkpt lat="39.696729" lon="2.578394"/>
    <trkpt lat="39.696797" lon="2.578402"/>
    <trkpt lat="39.696947" lon="2.578436"/>
    <trkpt lat="39.697247" lon="2.578511"/>
    <trkpt lat="39.697598" lon="2.578599"/>
    <trkpt lat="39.698237" lon="2.578760"/>
    <trkpt lat="39.698569" lon="2.578841"/>
    <trkpt lat="39.698699" lon="2.578877"/>
    <trkpt lat="39.698788" lon="2.578909"/>
    <trkpt lat="39.698850" lon="2.578940"/>
    <trkpt lat="39.698901" lon="2.578971"/>
    <trkpt lat="39.698986" lon="2.579031"/>
    <trkpt lat="39.699090" lon="2.579108"/>
    <trkpt lat="39.699302" lon="2.579270"/>
    <trkpt lat="39.699456" lon="2.579388"/>
    <trkpt lat="39.699512" lon="2.579434"/>
    <trkpt lat="39.699543" lon="2.579471"/>
    <trkpt lat="39.699574" lon="2.579520"/>
    <trkpt lat="39.699596" lon="2.579568"/>
    <trkpt lat="39.699618" lon="2.579631"/>
    <trkpt lat="39.699633" lon="2.579682"/>
    <trkpt lat="39.699639" lon="2.579738"/>
    <trkpt lat="39.699640" lon="2.579794"/>
    <trkpt lat="39.699636" lon="2.579857"/>
    <trkpt lat="39.699622" lon="2.580000"/>
    <trkpt lat="39.699617" lon="2.580089"/>
    <trkpt lat="39.699616" lon="2.580180"/>
    <trkpt lat="39.699618" lon="2.580262"/>
    <trkpt lat="39.699624" lon="2.580337"/>
    <trkpt lat="39.699638" lon="2.580403"/>
    <trkpt lat="39.699655" lon="2.580454"/>
    <trkpt lat="39.699683" lon="2.580515"/>
    <trkpt lat="39.699708" lon="2.580557"/>
    <trkpt lat="39.699784" lon="2.580654"/>
    <trkpt lat="39.699936" lon="2.580832"/>
    <trkpt lat="39.699969" lon="2.580878"/>
    <trkpt lat="39.700001" lon="2.580926"/>
    <trkpt lat="39.700037" lon="2.580992"/>
    <trkpt lat="39.700058" lon="2.581058"/>
    <trkpt lat="39.700073" lon="2.581122"/>
    <trkpt lat="39.700079" lon="2.581194"/>
    <trkpt lat="39.700090" lon="2.581490"/>
    <trkpt lat="39.700095" lon="2.581868"/>
    <trkpt lat="39.700106" lon="2.582219"/>
    <trkpt lat="39.700106" lon="2.582428"/>
    <trkpt lat="39.700104" lon="2.582585"/>
    <trkpt lat="39.700096" lon="2.582738"/>
    <trkpt lat="39.700077" lon="2.582916"/>
    <trkpt lat="39.699976" lon="2.583636"/>
    <trkpt lat="39.699967" lon="2.583719"/>
    <trkpt lat="39.699962" lon="2.583799"/>
    <trkpt lat="39.699963" lon="2.583881"/>
    <trkpt lat="39.699968" lon="2.583965"/>
    <trkpt lat="39.699979" lon="2.584041"/>
    <trkpt lat="39.699994" lon="2.584115"/>
    <trkpt lat="39.700013" lon="2.584176"/>
    <trkpt lat="39.700036" lon="2.584232"/>
    <trkpt lat="39.700067" lon="2.584281"/>
    <trkpt lat="39.700107" lon="2.584338"/>
    <trkpt lat="39.700181" lon="2.584426"/>
    <trkpt lat="39.700351" lon="2.584609"/>
    <trkpt lat="39.700526" lon="2.584802"/>
    <trkpt lat="39.700720" lon="2.585006"/>
    <trkpt lat="39.700930" lon="2.585227"/>
    <trkpt lat="39.701036" lon="2.585351"/>
    <trkpt lat="39.701146" lon="2.585495"/>
    <trkpt lat="39.701261" lon="2.585657"/>
    <trkpt lat="39.701424" lon="2.585891"/>
    <trkpt lat="39.701610" lon="2.586143"/>
    <trkpt lat="39.701683" lon="2.586247"/>
    <trkpt lat="39.701742" lon="2.586339"/>
    <trkpt lat="39.701788" lon="2.586431"/>
    <trkpt lat="39.701809" lon="2.586484"/>
    <trkpt lat="39.701839" lon="2.586583"/>
    <trkpt lat="39.701856" lon="2.586683"/>
    <trkpt lat="39.701863" lon="2.586780"/>
    <trkpt lat="39.701865" lon="2.587030"/>
    <trkpt lat="39.701861" lon="2.587187"/>
    <trkpt lat="39.701852" lon="2.587500"/>
    <trkpt lat="39.701840" lon="2.587732"/>
    <trkpt lat="39.701824" lon="2.587807"/>
    <trkpt lat="39.701770" lon="2.587958"/>
    <trkpt lat="39.701711" lon="2.588109"/>
    <trkpt lat="39.701580" lon="2.588346"/>
    <trkpt lat="39.701525" lon="2.588459"/>
    <trkpt lat="39.701500" lon="2.588539"/>
    <trkpt lat="39.701482" lon="2.588632"/>
    <trkpt lat="39.701474" lon="2.588821"/>
    <trkpt lat="39.701471" lon="2.589031"/>
    <trkpt lat="39.701466" lon="2.589368"/>
    <trkpt lat="39.701474" lon="2.589566"/>
    <trkpt lat="39.701562" lon="2.590082"/>
    <trkpt lat="39.701568" lon="2.590115"/>
    <trkpt lat="39.701779" lon="2.591094"/>
    <trkpt lat="39.701846" lon="2.591409"/>
    <trkpt lat="39.701867" lon="2.591490"/>
    <trkpt lat="39.701905" lon="2.591611"/>
    <trkpt lat="39.701986" lon="2.591769"/>
    <trkpt lat="39.702861" lon="2.593090"/>
    <trkpt lat="39.703359" lon="2.593896"/>
    <trkpt lat="39.704079" lon="2.595000"/>
    <trkpt lat="39.704737" lon="2.596011"/>
    <trkpt lat="39.705742" lon="2.597557"/>
    <trkpt lat="39.705786" lon="2.597625"/>
    <trkpt lat="39.706876" lon="2.599349"/>
    <trkpt lat="39.708167" lon="2.601671"/>
    <trkpt lat="39.708897" lon="2.602985"/>
    <trkpt lat="39.709005" lon="2.603238"/>
    <trkpt lat="39.709181" lon="2.603689"/>
    <trkpt lat="39.709221" lon="2.603813"/>
    <trkpt lat="39.709361" lon="2.604252"/>
    <trkpt lat="39.709937" lon="2.606318"/>
    <trkpt lat="39.710048" lon="2.606732"/>
    <trkpt lat="39.710194" lon="2.607280"/>
    <trkpt lat="39.710348" lon="2.607856"/>
    <trkpt lat="39.710421" lon="2.608057"/>
    <trkpt lat="39.710518" lon="2.608266"/>
    <trkpt lat="39.710620" lon="2.608487"/>
    <trkpt lat="39.710756" lon="2.608795"/>
    <trkpt lat="39.710803" lon="2.608917"/>
    <trkpt lat="39.710878" lon="2.609115"/>
    <trkpt lat="39.710943" lon="2.609409"/>
    <trkpt lat="39.710970" lon="2.609657"/>
    <trkpt lat="39.710977" lon="2.609980"/>
    <trkpt lat="39.710991" lon="2.610539"/>
    <trkpt lat="39.710755" lon="2.612655"/>
    <trkpt lat="39.710470" lon="2.613931"/>
    <trkpt lat="39.710192" lon="2.614863"/>
    <trkpt lat="39.710143" lon="2.615082"/>
    <trkpt lat="39.710109" lon="2.615376"/>
    <trkpt lat="39.710097" lon="2.615689"/>
    <trkpt lat="39.710105" lon="2.616979"/>
    <trkpt lat="39.709955" lon="2.617956"/>
    <trkpt lat="39.709930" lon="2.618102"/>
    <trkpt lat="39.709888" lon="2.618380"/>
    <trkpt lat="39.709872" lon="2.618750"/>
    <trkpt lat="39.709855" lon="2.619472"/>
    <trkpt lat="39.709857" lon="2.619691"/>
    <trkpt lat="39.709865" lon="2.620118"/>
    <trkpt lat="39.709880" lon="2.620342"/>
    <trkpt lat="39.709892" lon="2.620438"/>
    <trkpt lat="39.709948" lon="2.620619"/>
    <trkpt lat="39.710017" lon="2.620752"/>
    <trkpt lat="39.710073" lon="2.620855"/>
    <trkpt lat="39.710148" lon="2.620941"/>
    <trkpt lat="39.710393" lon="2.621182"/>
    <trkpt lat="39.710506" lon="2.621246"/>
    <trkpt lat="39.710528" lon="2.621266"/>
    <trkpt lat="39.710638" lon="2.621364"/>
    <trkpt lat="39.710722" lon="2.621447"/>
    <trkpt lat="39.710895" lon="2.621616"/>
    <trkpt lat="39.710965" lon="2.621687"/>
    <trkpt lat="39.711007" lon="2.621729"/>
    <trkpt lat="39.711086" lon="2.621800"/>
    <trkpt lat="39.711218" lon="2.621933"/>
    <trkpt lat="39.711320" lon="2.622049"/>
    <trkpt lat="39.711389" lon="2.622134"/>
    <trkpt lat="39.711468" lon="2.622248"/>
    <trkpt lat="39.711589" lon="2.622437"/>
    <trkpt lat="39.711611" lon="2.622484"/>
    <trkpt lat="39.711626" lon="2.622517"/>
    <trkpt lat="39.711654" lon="2.622576"/>
    <trkpt lat="39.711701" lon="2.622703"/>
    <trkpt lat="39.711734" lon="2.622789"/>
    <trkpt lat="39.711772" lon="2.622907"/>
    <trkpt lat="39.711845" lon="2.623217"/>
    <trkpt lat="39.711886" lon="2.623518"/>
    <trkpt lat="39.711888" lon="2.623582"/>
    <trkpt lat="39.711747" lon="2.623586"/>
    <trkpt lat="39.711516" lon="2.623228"/>
    <trkpt lat="39.711454" lon="2.623132"/>
    <trkpt lat="39.711381" lon="2.623027"/>
    <trkpt lat="39.711232" lon="2.622907"/>
    <trkpt lat="39.710932" lon="2.622639"/>
    <trkpt lat="39.710801" lon="2.622641"/>
    <trkpt lat="39.710932" lon="2.622639"/>
    <trkpt lat="39.711232" lon="2.622907"/>
    <trkpt lat="39.711381" lon="2.623027"/>
    <trkpt lat="39.711454" lon="2.623132"/>
    <trkpt lat="39.711516" lon="2.623228"/>
    <trkpt lat="39.711747" lon="2.623586"/>
    <trkpt lat="39.711888" lon="2.623582"/>
    <trkpt lat="39.711886" lon="2.623518"/>
    <trkpt lat="39.711845" lon="2.623217"/>
    <trkpt lat="39.711772" lon="2.622907"/>
    <trkpt lat="39.711734" lon="2.622789"/>
    <trkpt lat="39.711701" lon="2.622703"/>
    <trkpt lat="39.711654" lon="2.622576"/>
    <trkpt lat="39.711626" lon="2.622517"/>
    <trkpt lat="39.711611" lon="2.622484"/>
    <trkpt lat="39.711589" lon="2.622437"/>
    <trkpt lat="39.711468" lon="2.622248"/>
    <trkpt lat="39.711389" lon="2.622134"/>
    <trkpt lat="39.711320" lon="2.622049"/>
    <trkpt lat="39.711218" lon="2.621933"/>
    <trkpt lat="39.711086" lon="2.621800"/>
    <trkpt lat="39.711007" lon="2.621729"/>
    <trkpt lat="39.710965" lon="2.621687"/>
    <trkpt lat="39.710895" lon="2.621616"/>
    <trkpt lat="39.710722" lon="2.621447"/>
    <trkpt lat="39.710638" lon="2.621364"/>
    <trkpt lat="39.710528" lon="2.621266"/>
    <trkpt lat="39.710506" lon="2.621246"/>
    <trkpt lat="39.710425" lon="2.621127"/>
    <trkpt lat="39.710175" lon="2.620887"/>
    <trkpt lat="39.710103" lon="2.620799"/>
    <trkpt lat="39.710017" lon="2.620752"/>
    <trkpt lat="39.709948" lon="2.620619"/>
    <trkpt lat="39.709892" lon="2.620438"/>
    <trkpt lat="39.709880" lon="2.620342"/>
    <trkpt lat="39.709865" lon="2.620118"/>
    <trkpt lat="39.709857" lon="2.619691"/>
    <trkpt lat="39.709855" lon="2.619472"/>
    <trkpt lat="39.709872" lon="2.618750"/>
    <trkpt lat="39.709888" lon="2.618380"/>
    <trkpt lat="39.709930" lon="2.618102"/>
    <trkpt lat="39.709955" lon="2.617956"/>
    <trkpt lat="39.710105" lon="2.616979"/>
    <trkpt lat="39.710097" lon="2.615689"/>
    <trkpt lat="39.710109" lon="2.615376"/>
    <trkpt lat="39.710143" lon="2.615082"/>
    <trkpt lat="39.710192" lon="2.614863"/>
    <trkpt lat="39.710470" lon="2.613931"/>
    <trkpt lat="39.710755" lon="2.612655"/>
    <trkpt lat="39.710991" lon="2.610539"/>
    <trkpt lat="39.711049" lon="2.610524"/>
    <trkpt lat="39.711151" lon="2.610475"/>
    <trkpt lat="39.711479" lon="2.610263"/>
    <trkpt lat="39.712312" lon="2.609769"/>
    <trkpt lat="39.712585" lon="2.609584"/>
    <trkpt lat="39.712887" lon="2.609381"/>
    <trkpt lat="39.712959" lon="2.609332"/>
    <trkpt lat="39.713011" lon="2.609299"/>
    <trkpt lat="39.713921" lon="2.608731"/>
    <trkpt lat="39.714029" lon="2.608670"/>
    <trkpt lat="39.714394" lon="2.608494"/>
    <trkpt lat="39.714475" lon="2.608454"/>
    <trkpt lat="39.715926" lon="2.607735"/>
    <trkpt lat="39.716214" lon="2.607574"/>
    <trkpt lat="39.716345" lon="2.607490"/>
    <trkpt lat="39.717067" lon="2.607028"/>
    <trkpt lat="39.717239" lon="2.606978"/>
    <trkpt lat="39.717778" lon="2.606897"/>
    <trkpt lat="39.719513" lon="2.606636"/>
    <trkpt lat="39.720134" lon="2.606553"/>
    <trkpt lat="39.720284" lon="2.606531"/>
    <trkpt lat="39.721745" lon="2.606419"/>
    <trkpt lat="39.721878" lon="2.606385"/>
    <trkpt lat="39.721977" lon="2.606341"/>
    <trkpt lat="39.722102" lon="2.606262"/>
    <trkpt lat="39.722213" lon="2.606151"/>
    <trkpt lat="39.722326" lon="2.606024"/>
    <trkpt lat="39.722490" lon="2.605879"/>
    <trkpt lat="39.722571" lon="2.605828"/>
    <trkpt lat="39.722664" lon="2.605796"/>
    <trkpt lat="39.722763" lon="2.605792"/>
    <trkpt lat="39.722884" lon="2.605798"/>
    <trkpt lat="39.722982" lon="2.605809"/>
    <trkpt lat="39.723092" lon="2.605830"/>
    <trkpt lat="39.723124" lon="2.605835"/>
    <trkpt lat="39.723236" lon="2.605866"/>
    <trkpt lat="39.723640" lon="2.605979"/>
    <trkpt lat="39.723697" lon="2.605992"/>
    <trkpt lat="39.724127" lon="2.606095"/>
    <trkpt lat="39.724891" lon="2.606153"/>
    <trkpt lat="39.725058" lon="2.606218"/>
    <trkpt lat="39.725543" lon="2.606534"/>
    <trkpt lat="39.725644" lon="2.606587"/>
    <trkpt lat="39.725750" lon="2.606598"/>
    <trkpt lat="39.725837" lon="2.606570"/>
    <trkpt lat="39.726149" lon="2.606422"/>
    <trkpt lat="39.726256" lon="2.606395"/>
    <trkpt lat="39.726321" lon="2.606393"/>
    <trkpt lat="39.726436" lon="2.606418"/>
    <trkpt lat="39.726547" lon="2.606459"/>
    <trkpt lat="39.726736" lon="2.606557"/>
    <trkpt lat="39.726921" lon="2.606718"/>
    <trkpt lat="39.727217" lon="2.607044"/>
    <trkpt lat="39.727396" lon="2.607163"/>
    <trkpt lat="39.727526" lon="2.607232"/>
    <trkpt lat="39.727733" lon="2.607314"/>
    <trkpt lat="39.727998" lon="2.607412"/>
    <trkpt lat="39.728195" lon="2.607504"/>
    <trkpt lat="39.728508" lon="2.607668"/>
    <trkpt lat="39.728649" lon="2.607705"/>
    <trkpt lat="39.728810" lon="2.607713"/>
    <trkpt lat="39.728928" lon="2.607706"/>
    <trkpt lat="39.729070" lon="2.607661"/>
    <trkpt lat="39.729183" lon="2.607588"/>
    <trkpt lat="39.729284" lon="2.607553"/>
    <trkpt lat="39.729693" lon="2.607576"/>
    <trkpt lat="39.729814" lon="2.607595"/>
    <trkpt lat="39.729916" lon="2.607664"/>
    <trkpt lat="39.730974" lon="2.608782"/>
    <trkpt lat="39.731387" lon="2.609115"/>
    <trkpt lat="39.731754" lon="2.609338"/>
    <trkpt lat="39.732026" lon="2.609438"/>
    <trkpt lat="39.732243" lon="2.609458"/>
    <trkpt lat="39.732327" lon="2.609454"/>
    <trkpt lat="39.732495" lon="2.609463"/>
    <trkpt lat="39.732643" lon="2.609473"/>
    <trkpt lat="39.732728" lon="2.609529"/>
    <trkpt lat="39.732806" lon="2.609622"/>
    <trkpt lat="39.733222" lon="2.610245"/>
    <trkpt lat="39.733716" lon="2.611484"/>
    <trkpt lat="39.733806" lon="2.611614"/>
    <trkpt lat="39.733945" lon="2.611692"/>
    <trkpt lat="39.734155" lon="2.611781"/>
    <trkpt lat="39.734292" lon="2.611852"/>
    <trkpt lat="39.734329" lon="2.611879"/>
    <trkpt lat="39.734386" lon="2.611929"/>
    <trkpt lat="39.734686" lon="2.612262"/>
    <trkpt lat="39.734755" lon="2.612338"/>
    <trkpt lat="39.734916" lon="2.612509"/>
    <trkpt lat="39.734971" lon="2.612588"/>
    <trkpt lat="39.735016" lon="2.612667"/>
    <trkpt lat="39.735083" lon="2.612785"/>
    <trkpt lat="39.735190" lon="2.613018"/>
    <trkpt lat="39.735348" lon="2.613307"/>
    <trkpt lat="39.735587" lon="2.613625"/>
    <trkpt lat="39.735626" lon="2.613693"/>
    <trkpt lat="39.735733" lon="2.613971"/>
    <trkpt lat="39.735854" lon="2.614219"/>
    <trkpt lat="39.735950" lon="2.614383"/>
    <trkpt lat="39.736068" lon="2.614515"/>
    <trkpt lat="39.736088" lon="2.614531"/>
    <trkpt lat="39.736144" lon="2.614577"/>
    <trkpt lat="39.736261" lon="2.614639"/>
    <trkpt lat="39.736333" lon="2.614679"/>
    <trkpt lat="39.736391" lon="2.614731"/>
    <trkpt lat="39.736447" lon="2.614816"/>
    <trkpt lat="39.736485" lon="2.614911"/>
    <trkpt lat="39.736535" lon="2.615074"/>
    <trkpt lat="39.736622" lon="2.615368"/>
    <trkpt lat="39.736660" lon="2.615557"/>
    <trkpt lat="39.736685" lon="2.615753"/>
    <trkpt lat="39.736699" lon="2.615920"/>
    <trkpt lat="39.736698" lon="2.616103"/>
    <trkpt lat="39.736684" lon="2.616382"/>
    <trkpt lat="39.736674" lon="2.616701"/>
    <trkpt lat="39.736686" lon="2.616883"/>
    <trkpt lat="39.736728" lon="2.617021"/>
    <trkpt lat="39.736808" lon="2.617137"/>
    <trkpt lat="39.736899" lon="2.617230"/>
    <trkpt lat="39.737744" lon="2.617680"/>
    <trkpt lat="39.737860" lon="2.617752"/>
    <trkpt lat="39.737972" lon="2.617822"/>
    <trkpt lat="39.738036" lon="2.617872"/>
    <trkpt lat="39.738073" lon="2.617922"/>
    <trkpt lat="39.738101" lon="2.617977"/>
    <trkpt lat="39.738123" lon="2.618054"/>
    <trkpt lat="39.738134" lon="2.618128"/>
    <trkpt lat="39.738125" lon="2.618250"/>
    <trkpt lat="39.738107" lon="2.618532"/>
    <trkpt lat="39.738097" lon="2.618714"/>
    <trkpt lat="39.738093" lon="2.618781"/>
    <trkpt lat="39.738093" lon="2.618837"/>
    <trkpt lat="39.738091" lon="2.619268"/>
    <trkpt lat="39.738069" lon="2.619471"/>
    <trkpt lat="39.738037" lon="2.619578"/>
    <trkpt lat="39.738000" lon="2.619713"/>
    <trkpt lat="39.737976" lon="2.619819"/>
    <trkpt lat="39.737961" lon="2.619897"/>
    <trkpt lat="39.737957" lon="2.619963"/>
    <trkpt lat="39.737961" lon="2.620024"/>
    <trkpt lat="39.737968" lon="2.620093"/>
    <trkpt lat="39.738003" lon="2.620225"/>
    <trkpt lat="39.738044" lon="2.620340"/>
    <trkpt lat="39.738134" lon="2.620541"/>
    <trkpt lat="39.738254" lon="2.620748"/>
    <trkpt lat="39.738521" lon="2.621174"/>
    <trkpt lat="39.738685" lon="2.621395"/>
    <trkpt lat="39.738782" lon="2.621505"/>
    <trkpt lat="39.738921" lon="2.621640"/>
    <trkpt lat="39.739062" lon="2.621746"/>
    <trkpt lat="39.739503" lon="2.622044"/>
    <trkpt lat="39.739965" lon="2.622364"/>
    <trkpt lat="39.740840" lon="2.622949"/>
    <trkpt lat="39.740976" lon="2.623054"/>
    <trkpt lat="39.741091" lon="2.623160"/>
    <trkpt lat="39.741204" lon="2.623285"/>
    <trkpt lat="39.741321" lon="2.623454"/>
    <trkpt lat="39.741486" lon="2.623761"/>
    <trkpt lat="39.741757" lon="2.624265"/>
    <trkpt lat="39.742351" lon="2.625427"/>
    <trkpt lat="39.742695" lon="2.626257"/>
    <trkpt lat="39.742846" lon="2.626606"/>
    <trkpt lat="39.743045" lon="2.626967"/>
    <trkpt lat="39.743333" lon="2.627402"/>
    <trkpt lat="39.743424" lon="2.627521"/>
    <trkpt lat="39.743601" lon="2.627686"/>
    <trkpt lat="39.743837" lon="2.627866"/>
    <trkpt lat="39.744623" lon="2.628415"/>
    <trkpt lat="39.744841" lon="2.628593"/>
    <trkpt lat="39.745048" lon="2.628725"/>
    <trkpt lat="39.745372" lon="2.628787"/>
    <trkpt lat="39.746391" lon="2.629022"/>
    <trkpt lat="39.746510" lon="2.629093"/>
    <trkpt lat="39.746652" lon="2.629225"/>
    <trkpt lat="39.747825" lon="2.630547"/>
    <trkpt lat="39.747959" lon="2.630649"/>
    <trkpt lat="39.749090" lon="2.631130"/>
    <trkpt lat="39.749163" lon="2.631150"/>
    <trkpt lat="39.749234" lon="2.631147"/>
    <trkpt lat="39.749326" lon="2.631122"/>
    <trkpt lat="39.749422" lon="2.631059"/>
    <trkpt lat="39.749511" lon="2.630979"/>
    <trkpt lat="39.749778" lon="2.630741"/>
    <trkpt lat="39.749879" lon="2.630664"/>
    <trkpt lat="39.749982" lon="2.630612"/>
    <trkpt lat="39.750279" lon="2.630499"/>
    <trkpt lat="39.750814" lon="2.630326"/>
    <trkpt lat="39.751111" lon="2.630165"/>
    <trkpt lat="39.751442" lon="2.629968"/>
    <trkpt lat="39.751693" lon="2.629833"/>
    <trkpt lat="39.751920" lon="2.629742"/>
    <trkpt lat="39.752031" lon="2.629732"/>
    <trkpt lat="39.752152" lon="2.629739"/>
    <trkpt lat="39.752269" lon="2.629765"/>
    <trkpt lat="39.752367" lon="2.629820"/>
    <trkpt lat="39.752478" lon="2.629896"/>
    <trkpt lat="39.752587" lon="2.630017"/>
    <trkpt lat="39.752702" lon="2.630239"/>
    <trkpt lat="39.752765" lon="2.630445"/>
    <trkpt lat="39.752804" lon="2.630700"/>
    <trkpt lat="39.752858" lon="2.631124"/>
    <trkpt lat="39.752907" lon="2.631293"/>
    <trkpt lat="39.752997" lon="2.631502"/>
    <trkpt lat="39.753114" lon="2.631692"/>
    <trkpt lat="39.753267" lon="2.631920"/>
    <trkpt lat="39.753464" lon="2.632146"/>
    <trkpt lat="39.753646" lon="2.632281"/>
    <trkpt lat="39.754151" lon="2.632548"/>
    <trkpt lat="39.754356" lon="2.632622"/>
    <trkpt lat="39.754797" lon="2.632711"/>
    <trkpt lat="39.755238" lon="2.632800"/>
    <trkpt lat="39.755919" lon="2.632934"/>
    <trkpt lat="39.756106" lon="2.633034"/>
    <trkpt lat="39.756229" lon="2.633131"/>
    <trkpt lat="39.756400" lon="2.633323"/>
    <trkpt lat="39.756495" lon="2.633465"/>
    <trkpt lat="39.756567" lon="2.633613"/>
    <trkpt lat="39.756629" lon="2.633816"/>
    <trkpt lat="39.756658" lon="2.634034"/>
    <trkpt lat="39.756675" lon="2.634743"/>
    <trkpt lat="39.756661" lon="2.634910"/>
    <trkpt lat="39.756611" lon="2.635107"/>
    <trkpt lat="39.756548" lon="2.635283"/>
    <trkpt lat="39.756510" lon="2.635361"/>
    <trkpt lat="39.756448" lon="2.635490"/>
    <trkpt lat="39.756331" lon="2.635688"/>
    <trkpt lat="39.756200" lon="2.635819"/>
    <trkpt lat="39.756035" lon="2.635909"/>
    <trkpt lat="39.755856" lon="2.635950"/>
    <trkpt lat="39.755558" lon="2.635977"/>
    <trkpt lat="39.755261" lon="2.636001"/>
    <trkpt lat="39.754941" lon="2.635979"/>
    <trkpt lat="39.754819" lon="2.635988"/>
    <trkpt lat="39.754753" lon="2.636016"/>
    <trkpt lat="39.754701" lon="2.636076"/>
    <trkpt lat="39.754656" lon="2.636205"/>
    <trkpt lat="39.754621" lon="2.636546"/>
    <trkpt lat="39.754580" lon="2.636837"/>
    <trkpt lat="39.754536" lon="2.636967"/>
    <trkpt lat="39.754472" lon="2.637071"/>
    <trkpt lat="39.754422" lon="2.637136"/>
    <trkpt lat="39.754260" lon="2.637267"/>
    <trkpt lat="39.753621" lon="2.637540"/>
    <trkpt lat="39.753483" lon="2.637633"/>
    <trkpt lat="39.753338" lon="2.637789"/>
    <trkpt lat="39.753240" lon="2.637878"/>
    <trkpt lat="39.753094" lon="2.637939"/>
    <trkpt lat="39.752442" lon="2.638126"/>
    <trkpt lat="39.752325" lon="2.638128"/>
    <trkpt lat="39.752247" lon="2.638113"/>
    <trkpt lat="39.752122" lon="2.638055"/>
    <trkpt lat="39.751667" lon="2.637809"/>
    <trkpt lat="39.751554" lon="2.637784"/>
    <trkpt lat="39.751456" lon="2.637793"/>
    <trkpt lat="39.751351" lon="2.637836"/>
    <trkpt lat="39.751221" lon="2.637916"/>
    <trkpt lat="39.751039" lon="2.638015"/>
    <trkpt lat="39.750644" lon="2.638111"/>
    <trkpt lat="39.750602" lon="2.638130"/>
    <trkpt lat="39.750521" lon="2.638172"/>
    <trkpt lat="39.750446" lon="2.638248"/>
    <trkpt lat="39.750444" lon="2.638253"/>
    <trkpt lat="39.750417" lon="2.638330"/>
    <trkpt lat="39.750413" lon="2.638340"/>
    <trkpt lat="39.750399" lon="2.638455"/>
    <trkpt lat="39.750424" lon="2.638607"/>
    <trkpt lat="39.750684" lon="2.639079"/>
    <trkpt lat="39.750775" lon="2.639252"/>
    <trkpt lat="39.751014" lon="2.639709"/>
    <trkpt lat="39.751063" lon="2.639858"/>
    <trkpt lat="39.751085" lon="2.639974"/>
    <trkpt lat="39.751101" lon="2.640110"/>
    <trkpt lat="39.751104" lon="2.640240"/>
    <trkpt lat="39.751083" lon="2.640480"/>
    <trkpt lat="39.751053" lon="2.640689"/>
    <trkpt lat="39.751035" lon="2.640866"/>
    <trkpt lat="39.750997" lon="2.641078"/>
    <trkpt lat="39.750912" lon="2.641277"/>
    <trkpt lat="39.750798" lon="2.641462"/>
    <trkpt lat="39.750651" lon="2.641617"/>
    <trkpt lat="39.750524" lon="2.641718"/>
    <trkpt lat="39.750414" lon="2.641764"/>
    <trkpt lat="39.750344" lon="2.641764"/>
    <trkpt lat="39.750216" lon="2.641721"/>
    <trkpt lat="39.750018" lon="2.641608"/>
    <trkpt lat="39.749848" lon="2.641500"/>
    <trkpt lat="39.749766" lon="2.641453"/>
    <trkpt lat="39.749646" lon="2.641415"/>
    <trkpt lat="39.749529" lon="2.641408"/>
    <trkpt lat="39.749365" lon="2.641463"/>
    <trkpt lat="39.749268" lon="2.641548"/>
    <trkpt lat="39.749186" lon="2.641638"/>
    <trkpt lat="39.748931" lon="2.642006"/>
    <trkpt lat="39.748687" lon="2.642357"/>
    <trkpt lat="39.748622" lon="2.642432"/>
    <trkpt lat="39.748563" lon="2.642479"/>
    <trkpt lat="39.748435" lon="2.642537"/>
    <trkpt lat="39.748315" lon="2.642531"/>
    <trkpt lat="39.748201" lon="2.642493"/>
    <trkpt lat="39.748091" lon="2.642392"/>
    <trkpt lat="39.747986" lon="2.642274"/>
    <trkpt lat="39.747791" lon="2.641962"/>
    <trkpt lat="39.747725" lon="2.641850"/>
    <trkpt lat="39.747676" lon="2.641807"/>
    <trkpt lat="39.747606" lon="2.641787"/>
    <trkpt lat="39.747536" lon="2.641795"/>
    <trkpt lat="39.747455" lon="2.641843"/>
    <trkpt lat="39.747422" lon="2.641876"/>
    <trkpt lat="39.747378" lon="2.641978"/>
    <trkpt lat="39.747327" lon="2.642147"/>
    <trkpt lat="39.747315" lon="2.642216"/>
    <trkpt lat="39.747296" lon="2.642329"/>
    <trkpt lat="39.747298" lon="2.642473"/>
    <trkpt lat="39.747302" lon="2.642579"/>
    <trkpt lat="39.747309" lon="2.643198"/>
    <trkpt lat="39.747294" lon="2.643362"/>
    <trkpt lat="39.747264" lon="2.643467"/>
    <trkpt lat="39.747204" lon="2.643595"/>
    <trkpt lat="39.747124" lon="2.643690"/>
    <trkpt lat="39.746966" lon="2.643797"/>
    <trkpt lat="39.746793" lon="2.643921"/>
    <trkpt lat="39.746636" lon="2.644095"/>
    <trkpt lat="39.746382" lon="2.644430"/>
    <trkpt lat="39.746252" lon="2.644591"/>
    <trkpt lat="39.746127" lon="2.644710"/>
    <trkpt lat="39.746016" lon="2.644784"/>
    <trkpt lat="39.745772" lon="2.644887"/>
    <trkpt lat="39.744881" lon="2.645191"/>
    <trkpt lat="39.744802" lon="2.645248"/>
    <trkpt lat="39.744765" lon="2.645313"/>
    <trkpt lat="39.744741" lon="2.645386"/>
    <trkpt lat="39.744737" lon="2.645504"/>
    <trkpt lat="39.744759" lon="2.645581"/>
    <trkpt lat="39.744797" lon="2.645648"/>
    <trkpt lat="39.745116" lon="2.645908"/>
    <trkpt lat="39.745458" lon="2.646281"/>
    <trkpt lat="39.745712" lon="2.646583"/>
    <trkpt lat="39.745717" lon="2.646589"/>
    <trkpt lat="39.745813" lon="2.646702"/>
    <trkpt lat="39.745865" lon="2.646783"/>
    <trkpt lat="39.745903" lon="2.646860"/>
    <trkpt lat="39.745931" lon="2.646961"/>
    <trkpt lat="39.746058" lon="2.647513"/>
    <trkpt lat="39.746093" lon="2.647665"/>
    <trkpt lat="39.746108" lon="2.647731"/>
    <trkpt lat="39.746195" lon="2.648094"/>
    <trkpt lat="39.746203" lon="2.648126"/>
    <trkpt lat="39.746366" lon="2.649021"/>
    <trkpt lat="39.746370" lon="2.649113"/>
    <trkpt lat="39.746365" lon="2.649188"/>
    <trkpt lat="39.746343" lon="2.649321"/>
    <trkpt lat="39.746305" lon="2.649430"/>
    <trkpt lat="39.746292" lon="2.649514"/>
    <trkpt lat="39.746295" lon="2.649546"/>
    <trkpt lat="39.746313" lon="2.649593"/>
    <trkpt lat="39.746361" lon="2.649641"/>
    <trkpt lat="39.746420" lon="2.649652"/>
    <trkpt lat="39.746518" lon="2.649654"/>
    <trkpt lat="39.746601" lon="2.649640"/>
    <trkpt lat="39.746662" lon="2.649596"/>
    <trkpt lat="39.746708" lon="2.649537"/>
    <trkpt lat="39.746737" lon="2.649484"/>
    <trkpt lat="39.746803" lon="2.649369"/>
    <trkpt lat="39.747075" lon="2.648893"/>
    <trkpt lat="39.747093" lon="2.648862"/>
    <trkpt lat="39.747184" lon="2.648732"/>
    <trkpt lat="39.747248" lon="2.648673"/>
    <trkpt lat="39.747316" lon="2.648623"/>
    <trkpt lat="39.747389" lon="2.648585"/>
    <trkpt lat="39.747486" lon="2.648564"/>
    <trkpt lat="39.747581" lon="2.648567"/>
    <trkpt lat="39.747658" lon="2.648588"/>
    <trkpt lat="39.747823" lon="2.648690"/>
    <trkpt lat="39.747923" lon="2.648764"/>
    <trkpt lat="39.748200" lon="2.648956"/>
    <trkpt lat="39.748293" lon="2.649021"/>
    <trkpt lat="39.748351" lon="2.649041"/>
    <trkpt lat="39.748374" lon="2.649045"/>
    <trkpt lat="39.748398" lon="2.649047"/>
    <trkpt lat="39.748476" lon="2.649029"/>
    <trkpt lat="39.748541" lon="2.648985"/>
    <trkpt lat="39.748616" lon="2.648911"/>
    <trkpt lat="39.748633" lon="2.648896"/>
    <trkpt lat="39.748678" lon="2.648845"/>
    <trkpt lat="39.748802" lon="2.648688"/>
    <trkpt lat="39.748932" lon="2.648526"/>
    <trkpt lat="39.749002" lon="2.648443"/>
    <trkpt lat="39.749085" lon="2.648411"/>
    <trkpt lat="39.749140" lon="2.648409"/>
    <trkpt lat="39.749238" lon="2.648418"/>
    <trkpt lat="39.749445" lon="2.648432"/>
    <trkpt lat="39.749687" lon="2.648442"/>
    <trkpt lat="39.749806" lon="2.648440"/>
    <trkpt lat="39.749876" lon="2.648416"/>
    <trkpt lat="39.749957" lon="2.648334"/>
    <trkpt lat="39.750037" lon="2.648231"/>
    <trkpt lat="39.750178" lon="2.648055"/>
    <trkpt lat="39.750680" lon="2.647428"/>
    <trkpt lat="39.750750" lon="2.647366"/>
    <trkpt lat="39.750814" lon="2.647327"/>
    <trkpt lat="39.750876" lon="2.647299"/>
    <trkpt lat="39.750939" lon="2.647288"/>
    <trkpt lat="39.750996" lon="2.647282"/>
    <trkpt lat="39.751095" lon="2.647272"/>
    <trkpt lat="39.751287" lon="2.647261"/>
    <trkpt lat="39.751362" lon="2.647250"/>
    <trkpt lat="39.751409" lon="2.647243"/>
    <trkpt lat="39.751491" lon="2.647224"/>
    <trkpt lat="39.751658" lon="2.647137"/>
    <trkpt lat="39.751787" lon="2.647018"/>
    <trkpt lat="39.751937" lon="2.646880"/>
    <trkpt lat="39.752160" lon="2.646657"/>
    <trkpt lat="39.752219" lon="2.646632"/>
    <trkpt lat="39.752277" lon="2.646641"/>
    <trkpt lat="39.752322" lon="2.646672"/>
    <trkpt lat="39.752520" lon="2.646906"/>
    <trkpt lat="39.752769" lon="2.647186"/>
    <trkpt lat="39.752838" lon="2.647232"/>
    <trkpt lat="39.752913" lon="2.647231"/>
    <trkpt lat="39.752972" lon="2.647220"/>
    <trkpt lat="39.753457" lon="2.647132"/>
    <trkpt lat="39.753602" lon="2.647136"/>
    <trkpt lat="39.753722" lon="2.647179"/>
    <trkpt lat="39.753819" lon="2.647241"/>
    <trkpt lat="39.754399" lon="2.647682"/>
    <trkpt lat="39.754648" lon="2.647877"/>
    <trkpt lat="39.754727" lon="2.647893"/>
    <trkpt lat="39.754800" lon="2.647858"/>
    <trkpt lat="39.754864" lon="2.647769"/>
    <trkpt lat="39.754924" lon="2.647689"/>
    <trkpt lat="39.755233" lon="2.647260"/>
    <trkpt lat="39.755292" lon="2.647215"/>
    <trkpt lat="39.755363" lon="2.647185"/>
    <trkpt lat="39.755466" lon="2.647157"/>
    <trkpt lat="39.755653" lon="2.647119"/>
    <trkpt lat="39.755763" lon="2.647084"/>
    <trkpt lat="39.755820" lon="2.647046"/>
    <trkpt lat="39.756121" lon="2.646809"/>
    <trkpt lat="39.756224" lon="2.646766"/>
    <trkpt lat="39.756292" lon="2.646764"/>
    <trkpt lat="39.756369" lon="2.646776"/>
    <trkpt lat="39.756591" lon="2.646857"/>
    <trkpt lat="39.757706" lon="2.647274"/>
    <trkpt lat="39.757790" lon="2.647321"/>
    <trkpt lat="39.757870" lon="2.647404"/>
    <trkpt lat="39.757932" lon="2.647528"/>
    <trkpt lat="39.757954" lon="2.647623"/>
    <trkpt lat="39.757960" lon="2.647743"/>
    <trkpt lat="39.757945" lon="2.647831"/>
    <trkpt lat="39.757902" lon="2.647956"/>
    <trkpt lat="39.757637" lon="2.648304"/>
    <trkpt lat="39.757586" lon="2.648405"/>
    <trkpt lat="39.757577" lon="2.648523"/>
    <trkpt lat="39.757695" lon="2.648919"/>
    <trkpt lat="39.757817" lon="2.649330"/>
    <trkpt lat="39.757892" lon="2.649562"/>
    <trkpt lat="39.757897" lon="2.649604"/>
    <trkpt lat="39.757924" lon="2.649801"/>
    <trkpt lat="39.757918" lon="2.649974"/>
    <trkpt lat="39.757887" lon="2.650184"/>
    <trkpt lat="39.757883" lon="2.650264"/>
    <trkpt lat="39.757899" lon="2.650327"/>
    <trkpt lat="39.757934" lon="2.650376"/>
    <trkpt lat="39.757974" lon="2.650417"/>
    <trkpt lat="39.758024" lon="2.650436"/>
    <trkpt lat="39.758143" lon="2.650428"/>
    <trkpt lat="39.758243" lon="2.650397"/>
    <trkpt lat="39.758362" lon="2.650344"/>
    <trkpt lat="39.758417" lon="2.650298"/>
    <trkpt lat="39.758593" lon="2.650127"/>
    <trkpt lat="39.758663" lon="2.650070"/>
    <trkpt lat="39.758727" lon="2.650042"/>
    <trkpt lat="39.758765" lon="2.650037"/>
    <trkpt lat="39.758797" lon="2.650052"/>
    <trkpt lat="39.758867" lon="2.650123"/>
    <trkpt lat="39.758927" lon="2.650202"/>
    <trkpt lat="39.758989" lon="2.650286"/>
    <trkpt lat="39.759080" lon="2.650370"/>
    <trkpt lat="39.759172" lon="2.650406"/>
    <trkpt lat="39.759253" lon="2.650440"/>
    <trkpt lat="39.759327" lon="2.650449"/>
    <trkpt lat="39.759439" lon="2.650433"/>
    <trkpt lat="39.759599" lon="2.650422"/>
    <trkpt lat="39.759692" lon="2.650430"/>
    <trkpt lat="39.759983" lon="2.650555"/>
    <trkpt lat="39.760146" lon="2.650607"/>
    <trkpt lat="39.760273" lon="2.650651"/>
    <trkpt lat="39.760375" lon="2.650685"/>
    <trkpt lat="39.760477" lon="2.650732"/>
    <trkpt lat="39.760529" lon="2.650739"/>
    <trkpt lat="39.760600" lon="2.650714"/>
    <trkpt lat="39.760674" lon="2.650640"/>
    <trkpt lat="39.760770" lon="2.650519"/>
    <trkpt lat="39.760839" lon="2.650436"/>
    <trkpt lat="39.760912" lon="2.650390"/>
    <trkpt lat="39.760975" lon="2.650385"/>
    <trkpt lat="39.761027" lon="2.650406"/>
    <trkpt lat="39.761105" lon="2.650491"/>
    <trkpt lat="39.761175" lon="2.650677"/>
    <trkpt lat="39.761218" lon="2.650793"/>
    <trkpt lat="39.761449" lon="2.651439"/>
    <trkpt lat="39.761509" lon="2.651556"/>
    <trkpt lat="39.761578" lon="2.651632"/>
    <trkpt lat="39.761669" lon="2.651708"/>
    <trkpt lat="39.761856" lon="2.651867"/>
    <trkpt lat="39.761922" lon="2.651938"/>
    <trkpt lat="39.761960" lon="2.652009"/>
    <trkpt lat="39.762033" lon="2.652183"/>
    <trkpt lat="39.762077" lon="2.652244"/>
    <trkpt lat="39.762148" lon="2.652298"/>
    <trkpt lat="39.762296" lon="2.652353"/>
    <trkpt lat="39.762379" lon="2.652427"/>
    <trkpt lat="39.762508" lon="2.652580"/>
    <trkpt lat="39.762569" lon="2.652639"/>
    <trkpt lat="39.762667" lon="2.652694"/>
    <trkpt lat="39.762734" lon="2.652715"/>
    <trkpt lat="39.762825" lon="2.652729"/>
    <trkpt lat="39.762904" lon="2.652768"/>
    <trkpt lat="39.762995" lon="2.652839"/>
    <trkpt lat="39.763464" lon="2.653300"/>
    <trkpt lat="39.763560" lon="2.653448"/>
    <trkpt lat="39.763619" lon="2.653575"/>
    <trkpt lat="39.763671" lon="2.653772"/>
    <trkpt lat="39.763700" lon="2.653983"/>
    <trkpt lat="39.763755" lon="2.654228"/>
    <trkpt lat="39.763817" lon="2.654370"/>
    <trkpt lat="39.763871" lon="2.654460"/>
    <trkpt lat="39.763938" lon="2.654542"/>
    <trkpt lat="39.764306" lon="2.654786"/>
    <trkpt lat="39.764656" lon="2.655117"/>
    <trkpt lat="39.764937" lon="2.655283"/>
    <trkpt lat="39.765039" lon="2.655361"/>
    <trkpt lat="39.765137" lon="2.655457"/>
    <trkpt lat="39.765284" lon="2.655648"/>
    <trkpt lat="39.765564" lon="2.655890"/>
    <trkpt lat="39.765641" lon="2.656030"/>
    <trkpt lat="39.765697" lon="2.656208"/>
    <trkpt lat="39.765741" lon="2.656326"/>
    <trkpt lat="39.765780" lon="2.656365"/>
    <trkpt lat="39.765849" lon="2.656466"/>
    <trkpt lat="39.765913" lon="2.656582"/>
    <trkpt lat="39.765952" lon="2.656735"/>
    <trkpt lat="39.765977" lon="2.656890"/>
    <trkpt lat="39.766052" lon="2.657046"/>
    <trkpt lat="39.766164" lon="2.657158"/>
    <trkpt lat="39.766299" lon="2.657334"/>
    <trkpt lat="39.766369" lon="2.657526"/>
    <trkpt lat="39.766391" lon="2.657727"/>
    <trkpt lat="39.766369" lon="2.657850"/>
    <trkpt lat="39.766314" lon="2.658074"/>
    <trkpt lat="39.766307" lon="2.658188"/>
    <trkpt lat="39.766317" lon="2.658310"/>
    <trkpt lat="39.766353" lon="2.658408"/>
    <trkpt lat="39.766402" lon="2.658490"/>
    <trkpt lat="39.766437" lon="2.658541"/>
    <trkpt lat="39.766530" lon="2.658675"/>
    <trkpt lat="39.766608" lon="2.658887"/>
    <trkpt lat="39.766661" lon="2.659091"/>
    <trkpt lat="39.766768" lon="2.659326"/>
    <trkpt lat="39.766848" lon="2.659606"/>
    <trkpt lat="39.766935" lon="2.660120"/>
    <trkpt lat="39.767008" lon="2.660406"/>
    <trkpt lat="39.767088" lon="2.660661"/>
    <trkpt lat="39.767140" lon="2.660744"/>
    <trkpt lat="39.767191" lon="2.660792"/>
    <trkpt lat="39.767313" lon="2.660886"/>
    <trkpt lat="39.767556" lon="2.660988"/>
    <trkpt lat="39.767647" lon="2.661051"/>
    <trkpt lat="39.767729" lon="2.661128"/>
    <trkpt lat="39.767842" lon="2.661283"/>
    <trkpt lat="39.767917" lon="2.661355"/>
    <trkpt lat="39.768001" lon="2.661407"/>
    <trkpt lat="39.768242" lon="2.661494"/>
    <trkpt lat="39.768405" lon="2.661611"/>
    <trkpt lat="39.768534" lon="2.661775"/>
    <trkpt lat="39.768577" lon="2.661868"/>
    <trkpt lat="39.768602" lon="2.661989"/>
    <trkpt lat="39.768611" lon="2.662344"/>
    <trkpt lat="39.768608" lon="2.662559"/>
    <trkpt lat="39.768628" lon="2.662689"/>
    <trkpt lat="39.768665" lon="2.662791"/>
    <trkpt lat="39.768791" lon="2.663032"/>
    <trkpt lat="39.768954" lon="2.663218"/>
    <trkpt lat="39.769045" lon="2.663288"/>
    <trkpt lat="39.769162" lon="2.663331"/>
    <trkpt lat="39.769296" lon="2.663338"/>
    <trkpt lat="39.769431" lon="2.663326"/>
    <trkpt lat="39.769559" lon="2.663359"/>
    <trkpt lat="39.769663" lon="2.663459"/>
    <trkpt lat="39.769832" lon="2.663650"/>
    <trkpt lat="39.769925" lon="2.663704"/>
    <trkpt lat="39.770024" lon="2.663745"/>
    <trkpt lat="39.770152" lon="2.663813"/>
    <trkpt lat="39.770304" lon="2.663962"/>
    <trkpt lat="39.770456" lon="2.664152"/>
    <trkpt lat="39.770905" lon="2.664451"/>
    <trkpt lat="39.770970" lon="2.664552"/>
    <trkpt lat="39.771009" lon="2.664831"/>
    <trkpt lat="39.771038" lon="2.665112"/>
    <trkpt lat="39.771068" lon="2.665363"/>
    <trkpt lat="39.771045" lon="2.665740"/>
    <trkpt lat="39.771010" lon="2.666081"/>
    <trkpt lat="39.770963" lon="2.666389"/>
    <trkpt lat="39.770929" lon="2.666489"/>
    <trkpt lat="39.770880" lon="2.666581"/>
    <trkpt lat="39.770767" lon="2.666690"/>
    <trkpt lat="39.770559" lon="2.666847"/>
    <trkpt lat="39.770446" lon="2.666954"/>
    <trkpt lat="39.770345" lon="2.667072"/>
    <trkpt lat="39.770266" lon="2.667187"/>
    <trkpt lat="39.770210" lon="2.667304"/>
    <trkpt lat="39.770183" lon="2.667421"/>
    <trkpt lat="39.770191" lon="2.667538"/>
    <trkpt lat="39.770246" lon="2.667767"/>
    <trkpt lat="39.770297" lon="2.667908"/>
    <trkpt lat="39.770338" lon="2.667967"/>
    <trkpt lat="39.770395" lon="2.667979"/>
    <trkpt lat="39.770612" lon="2.667885"/>
    <trkpt lat="39.770699" lon="2.667859"/>
    <trkpt lat="39.770763" lon="2.667862"/>
    <trkpt lat="39.770852" lon="2.667923"/>
    <trkpt lat="39.771022" lon="2.668113"/>
    <trkpt lat="39.771141" lon="2.668252"/>
    <trkpt lat="39.771195" lon="2.668286"/>
    <trkpt lat="39.771280" lon="2.668298"/>
    <trkpt lat="39.771470" lon="2.668310"/>
    <trkpt lat="39.771571" lon="2.668328"/>
    <trkpt lat="39.771665" lon="2.668374"/>
    <trkpt lat="39.772159" lon="2.668774"/>
    <trkpt lat="39.772317" lon="2.668927"/>
    <trkpt lat="39.772574" lon="2.669222"/>
    <trkpt lat="39.772814" lon="2.669533"/>
    <trkpt lat="39.772894" lon="2.669631"/>
    <trkpt lat="39.773030" lon="2.669687"/>
    <trkpt lat="39.773110" lon="2.669717"/>
    <trkpt lat="39.773197" lon="2.669754"/>
    <trkpt lat="39.773296" lon="2.669829"/>
    <trkpt lat="39.773373" lon="2.669953"/>
    <trkpt lat="39.773474" lon="2.670257"/>
    <trkpt lat="39.773496" lon="2.670375"/>
    <trkpt lat="39.773497" lon="2.670574"/>
    <trkpt lat="39.773506" lon="2.670693"/>
    <trkpt lat="39.773540" lon="2.670800"/>
    <trkpt lat="39.773631" lon="2.671000"/>
    <trkpt lat="39.773708" lon="2.671136"/>
    <trkpt lat="39.773731" lon="2.671223"/>
    <trkpt lat="39.773731" lon="2.671349"/>
    <trkpt lat="39.773737" lon="2.671534"/>
    <trkpt lat="39.773752" lon="2.671599"/>
    <trkpt lat="39.773800" lon="2.671684"/>
    <trkpt lat="39.773868" lon="2.671809"/>
    <trkpt lat="39.773936" lon="2.671958"/>
    <trkpt lat="39.773965" lon="2.672087"/>
    <trkpt lat="39.774015" lon="2.672413"/>
    <trkpt lat="39.774073" lon="2.672782"/>
    <trkpt lat="39.774104" lon="2.672885"/>
    <trkpt lat="39.774143" lon="2.672932"/>
    <trkpt lat="39.774252" lon="2.673030"/>
    <trkpt lat="39.774324" lon="2.673107"/>
    <trkpt lat="39.774380" lon="2.673203"/>
    <trkpt lat="39.774417" lon="2.673330"/>
    <trkpt lat="39.774450" lon="2.673501"/>
    <trkpt lat="39.774481" lon="2.673758"/>
    <trkpt lat="39.774488" lon="2.673978"/>
    <trkpt lat="39.774489" lon="2.674103"/>
    <trkpt lat="39.774485" lon="2.674212"/>
    <trkpt lat="39.774468" lon="2.674308"/>
    <trkpt lat="39.774430" lon="2.674414"/>
    <trkpt lat="39.774394" lon="2.674493"/>
    <trkpt lat="39.774360" lon="2.674566"/>
    <trkpt lat="39.774312" lon="2.674657"/>
    <trkpt lat="39.774292" lon="2.674738"/>
    <trkpt lat="39.774278" lon="2.674842"/>
    <trkpt lat="39.774271" lon="2.675033"/>
    <trkpt lat="39.774256" lon="2.675170"/>
    <trkpt lat="39.774200" lon="2.675442"/>
    <trkpt lat="39.774155" lon="2.675665"/>
    <trkpt lat="39.774140" lon="2.675820"/>
    <trkpt lat="39.774150" lon="2.675935"/>
    <trkpt lat="39.774179" lon="2.676008"/>
    <trkpt lat="39.774199" lon="2.676027"/>
    <trkpt lat="39.774233" lon="2.676060"/>
    <trkpt lat="39.774315" lon="2.676092"/>
    <trkpt lat="39.774443" lon="2.676090"/>
    <trkpt lat="39.774512" lon="2.676096"/>
    <trkpt lat="39.774581" lon="2.676101"/>
    <trkpt lat="39.774625" lon="2.676132"/>
    <trkpt lat="39.774648" lon="2.676180"/>
    <trkpt lat="39.774651" lon="2.676212"/>
    <trkpt lat="39.774647" lon="2.676248"/>
    <trkpt lat="39.774621" lon="2.676289"/>
    <trkpt lat="39.774573" lon="2.676308"/>
    <trkpt lat="39.774508" lon="2.676312"/>
    <trkpt lat="39.774420" lon="2.676307"/>
    <trkpt lat="39.774281" lon="2.676319"/>
    <trkpt lat="39.774207" lon="2.676327"/>
    <trkpt lat="39.774148" lon="2.676339"/>
    <trkpt lat="39.774056" lon="2.676378"/>
    <trkpt lat="39.773923" lon="2.676459"/>
    <trkpt lat="39.773846" lon="2.676502"/>
    <trkpt lat="39.773764" lon="2.676546"/>
    <trkpt lat="39.773704" lon="2.676564"/>
    <trkpt lat="39.773542" lon="2.676574"/>
    <trkpt lat="39.773354" lon="2.676592"/>
    <trkpt lat="39.772492" lon="2.676650"/>
    <trkpt lat="39.772442" lon="2.676676"/>
    <trkpt lat="39.772402" lon="2.676733"/>
    <trkpt lat="39.772353" lon="2.676963"/>
    <trkpt lat="39.772353" lon="2.677064"/>
    <trkpt lat="39.772379" lon="2.677140"/>
    <trkpt lat="39.772473" lon="2.677376"/>
    <trkpt lat="39.772524" lon="2.677605"/>
    <trkpt lat="39.772532" lon="2.678080"/>
    <trkpt lat="39.772692" lon="2.679014"/>
    <trkpt lat="39.772701" lon="2.679211"/>
    <trkpt lat="39.772702" lon="2.679698"/>
    <trkpt lat="39.772702" lon="2.679825"/>
    <trkpt lat="39.772721" lon="2.679911"/>
    <trkpt lat="39.772779" lon="2.679980"/>
    <trkpt lat="39.772887" lon="2.680033"/>
    <trkpt lat="39.772988" lon="2.680074"/>
    <trkpt lat="39.773069" lon="2.680137"/>
    <trkpt lat="39.773124" lon="2.680238"/>
    <trkpt lat="39.773135" lon="2.680342"/>
    <trkpt lat="39.773110" lon="2.680577"/>
    <trkpt lat="39.773105" lon="2.680682"/>
    <trkpt lat="39.773137" lon="2.680784"/>
    <trkpt lat="39.773214" lon="2.680884"/>
    <trkpt lat="39.773270" lon="2.680956"/>
    <trkpt lat="39.773302" lon="2.681042"/>
    <trkpt lat="39.773303" lon="2.681167"/>
    <trkpt lat="39.773265" lon="2.681484"/>
    <trkpt lat="39.773269" lon="2.681823"/>
    <trkpt lat="39.773370" lon="2.682169"/>
    <trkpt lat="39.773483" lon="2.683036"/>
    <trkpt lat="39.773499" lon="2.683158"/>
    <trkpt lat="39.773555" lon="2.683314"/>
    <trkpt lat="39.773756" lon="2.683421"/>
    <trkpt lat="39.773829" lon="2.683486"/>
    <trkpt lat="39.773985" lon="2.683745"/>
    <trkpt lat="39.774013" lon="2.683859"/>
    <trkpt lat="39.774013" lon="2.684011"/>
    <trkpt lat="39.773970" lon="2.684381"/>
    <trkpt lat="39.773957" lon="2.684630"/>
    <trkpt lat="39.773981" lon="2.684999"/>
    <trkpt lat="39.774035" lon="2.685156"/>
    <trkpt lat="39.774269" lon="2.685407"/>
    <trkpt lat="39.774332" lon="2.685507"/>
    <trkpt lat="39.774353" lon="2.685590"/>
    <trkpt lat="39.774349" lon="2.685655"/>
    <trkpt lat="39.774318" lon="2.685734"/>
    <trkpt lat="39.774256" lon="2.685780"/>
    <trkpt lat="39.774060" lon="2.685857"/>
    <trkpt lat="39.774019" lon="2.685912"/>
    <trkpt lat="39.774015" lon="2.685958"/>
    <trkpt lat="39.774014" lon="2.685979"/>
    <trkpt lat="39.774041" lon="2.686055"/>
    <trkpt lat="39.774104" lon="2.686082"/>
    <trkpt lat="39.774538" lon="2.686004"/>
    <trkpt lat="39.774574" lon="2.685977"/>
    <trkpt lat="39.774600" lon="2.685918"/>
    <trkpt lat="39.774600" lon="2.685846"/>
    <trkpt lat="39.774515" lon="2.685509"/>
    <trkpt lat="39.774516" lon="2.685401"/>
    <trkpt lat="39.774550" lon="2.685261"/>
    <trkpt lat="39.774614" lon="2.685135"/>
    <trkpt lat="39.774646" lon="2.684992"/>
    <trkpt lat="39.774647" lon="2.684371"/>
    <trkpt lat="39.774604" lon="2.684063"/>
    <trkpt lat="39.774588" lon="2.684004"/>
    <trkpt lat="39.774556" lon="2.683887"/>
    <trkpt lat="39.774434" lon="2.683734"/>
    <trkpt lat="39.774399" lon="2.683657"/>
    <trkpt lat="39.774409" lon="2.683598"/>
    <trkpt lat="39.774429" lon="2.683573"/>
    <trkpt lat="39.774449" lon="2.683549"/>
    <trkpt lat="39.774515" lon="2.683546"/>
    <trkpt lat="39.774633" lon="2.683689"/>
    <trkpt lat="39.774725" lon="2.683895"/>
    <trkpt lat="39.774798" lon="2.684135"/>
    <trkpt lat="39.774944" lon="2.684472"/>
    <trkpt lat="39.774966" lon="2.684621"/>
    <trkpt lat="39.774995" lon="2.685371"/>
    <trkpt lat="39.775023" lon="2.685539"/>
    <trkpt lat="39.775185" lon="2.685932"/>
    <trkpt lat="39.775471" lon="2.686340"/>
    <trkpt lat="39.775503" lon="2.686424"/>
    <trkpt lat="39.775505" lon="2.686498"/>
    <trkpt lat="39.775483" lon="2.686598"/>
    <trkpt lat="39.775422" lon="2.686729"/>
    <trkpt lat="39.775376" lon="2.686828"/>
    <trkpt lat="39.775332" lon="2.686891"/>
    <trkpt lat="39.775273" lon="2.686940"/>
    <trkpt lat="39.775164" lon="2.686965"/>
    <trkpt lat="39.774992" lon="2.686993"/>
    <trkpt lat="39.774843" lon="2.687034"/>
    <trkpt lat="39.774757" lon="2.687074"/>
    <trkpt lat="39.774650" lon="2.687123"/>
    <trkpt lat="39.774372" lon="2.687288"/>
    <trkpt lat="39.774246" lon="2.687383"/>
    <trkpt lat="39.774162" lon="2.687489"/>
    <trkpt lat="39.774138" lon="2.687561"/>
    <trkpt lat="39.774122" lon="2.687657"/>
    <trkpt lat="39.774129" lon="2.687770"/>
    <trkpt lat="39.774148" lon="2.687862"/>
    <trkpt lat="39.774223" lon="2.688001"/>
    <trkpt lat="39.774317" lon="2.688133"/>
    <trkpt lat="39.774388" lon="2.688278"/>
    <trkpt lat="39.774416" lon="2.688372"/>
    <trkpt lat="39.774426" lon="2.688509"/>
    <trkpt lat="39.774376" lon="2.688794"/>
    <trkpt lat="39.774355" lon="2.689006"/>
    <trkpt lat="39.774373" lon="2.689159"/>
    <trkpt lat="39.774429" lon="2.689376"/>
    <trkpt lat="39.774493" lon="2.689562"/>
    <trkpt lat="39.774533" lon="2.689676"/>
    <trkpt lat="39.774677" lon="2.689962"/>
    <trkpt lat="39.774766" lon="2.690094"/>
    <trkpt lat="39.774834" lon="2.690165"/>
    <trkpt lat="39.774919" lon="2.690254"/>
    <trkpt lat="39.775090" lon="2.690348"/>
    <trkpt lat="39.775259" lon="2.690437"/>
    <trkpt lat="39.775459" lon="2.690568"/>
    <trkpt lat="39.775562" lon="2.690668"/>
    <trkpt lat="39.775629" lon="2.690775"/>
    <trkpt lat="39.775675" lon="2.690936"/>
    <trkpt lat="39.775710" lon="2.691059"/>
    <trkpt lat="39.775722" lon="2.691267"/>
    <trkpt lat="39.775699" lon="2.691445"/>
    <trkpt lat="39.775650" lon="2.691594"/>
    <trkpt lat="39.775545" lon="2.691743"/>
    <trkpt lat="39.775098" lon="2.692157"/>
    <trkpt lat="39.774917" lon="2.692263"/>
    <trkpt lat="39.774738" lon="2.692319"/>
    <trkpt lat="39.774440" lon="2.692317"/>
    <trkpt lat="39.774348" lon="2.692321"/>
    <trkpt lat="39.774262" lon="2.692355"/>
    <trkpt lat="39.774177" lon="2.692416"/>
    <trkpt lat="39.774089" lon="2.692512"/>
    <trkpt lat="39.774009" lon="2.692698"/>
    <trkpt lat="39.773943" lon="2.692904"/>
    <trkpt lat="39.773929" lon="2.693121"/>
    <trkpt lat="39.773939" lon="2.693253"/>
    <trkpt lat="39.773956" lon="2.693353"/>
    <trkpt lat="39.773990" lon="2.693419"/>
    <trkpt lat="39.774028" lon="2.693469"/>
    <trkpt lat="39.774135" lon="2.693564"/>
    <trkpt lat="39.774270" lon="2.693676"/>
    <trkpt lat="39.774423" lon="2.693853"/>
    <trkpt lat="39.774517" lon="2.694037"/>
    <trkpt lat="39.774593" lon="2.694207"/>
    <trkpt lat="39.774700" lon="2.694435"/>
    <trkpt lat="39.774756" lon="2.694519"/>
    <trkpt lat="39.774818" lon="2.694578"/>
    <trkpt lat="39.774930" lon="2.694656"/>
    <trkpt lat="39.775102" lon="2.694761"/>
    <trkpt lat="39.775173" lon="2.694815"/>
    <trkpt lat="39.775232" lon="2.694873"/>
    <trkpt lat="39.775294" lon="2.694957"/>
    <trkpt lat="39.775338" lon="2.695052"/>
    <trkpt lat="39.775370" lon="2.695152"/>
    <trkpt lat="39.775391" lon="2.695266"/>
    <trkpt lat="39.775394" lon="2.695378"/>
    <trkpt lat="39.775380" lon="2.695499"/>
    <trkpt lat="39.775354" lon="2.695611"/>
    <trkpt lat="39.775313" lon="2.695715"/>
    <trkpt lat="39.775252" lon="2.695807"/>
    <trkpt lat="39.775171" lon="2.695892"/>
    <trkpt lat="39.775070" lon="2.695949"/>
    <trkpt lat="39.774997" lon="2.695973"/>
    <trkpt lat="39.774819" lon="2.696020"/>
    <trkpt lat="39.774758" lon="2.696047"/>
    <trkpt lat="39.774700" lon="2.696115"/>
    <trkpt lat="39.774664" lon="2.696212"/>
    <trkpt lat="39.774655" lon="2.696308"/>
    <trkpt lat="39.774669" lon="2.696541"/>
    <trkpt lat="39.774665" lon="2.696835"/>
    <trkpt lat="39.774653" lon="2.697051"/>
    <trkpt lat="39.774628" lon="2.697231"/>
    <trkpt lat="39.774618" lon="2.697316"/>
    <trkpt lat="39.774578" lon="2.697523"/>
    <trkpt lat="39.774525" lon="2.697737"/>
    <trkpt lat="39.774469" lon="2.697918"/>
    <trkpt lat="39.774391" lon="2.698128"/>
    <trkpt lat="39.774262" lon="2.698419"/>
    <trkpt lat="39.774246" lon="2.698480"/>
    <trkpt lat="39.774247" lon="2.698554"/>
    <trkpt lat="39.774283" lon="2.698650"/>
    <trkpt lat="39.774326" lon="2.698696"/>
    <trkpt lat="39.774391" lon="2.698723"/>
    <trkpt lat="39.774460" lon="2.698713"/>
    <trkpt lat="39.774511" lon="2.698675"/>
    <trkpt lat="39.774550" lon="2.698615"/>
    <trkpt lat="39.774830" lon="2.697819"/>
    <trkpt lat="39.774864" lon="2.697660"/>
    <trkpt lat="39.774881" lon="2.697465"/>
    <trkpt lat="39.774884" lon="2.697235"/>
    <trkpt lat="39.774891" lon="2.697157"/>
    <trkpt lat="39.774914" lon="2.697090"/>
    <trkpt lat="39.774978" lon="2.697033"/>
    <trkpt lat="39.775032" lon="2.697027"/>
    <trkpt lat="39.775077" lon="2.697041"/>
    <trkpt lat="39.775116" lon="2.697075"/>
    <trkpt lat="39.775135" lon="2.697117"/>
    <trkpt lat="39.775146" lon="2.697175"/>
    <trkpt lat="39.775142" lon="2.697302"/>
    <trkpt lat="39.775126" lon="2.697442"/>
    <trkpt lat="39.775073" lon="2.697717"/>
    <trkpt lat="39.775006" lon="2.697988"/>
    <trkpt lat="39.774932" lon="2.698254"/>
    <trkpt lat="39.774880" lon="2.698413"/>
    <trkpt lat="39.774820" lon="2.698584"/>
    <trkpt lat="39.774725" lon="2.698813"/>
    <trkpt lat="39.774610" lon="2.699056"/>
    <trkpt lat="39.774485" lon="2.699289"/>
    <trkpt lat="39.774348" lon="2.699511"/>
    <trkpt lat="39.773644" lon="2.700524"/>
    <trkpt lat="39.773268" lon="2.701057"/>
    <trkpt lat="39.773164" lon="2.701200"/>
    <trkpt lat="39.773082" lon="2.701294"/>
    <trkpt lat="39.772988" lon="2.701378"/>
    <trkpt lat="39.772384" lon="2.701851"/>
    <trkpt lat="39.772335" lon="2.701891"/>
    <trkpt lat="39.772261" lon="2.701942"/>
    <trkpt lat="39.772175" lon="2.702013"/>
    <trkpt lat="39.772122" lon="2.702089"/>
    <trkpt lat="39.772072" lon="2.702181"/>
    <trkpt lat="39.771986" lon="2.702393"/>
    <trkpt lat="39.771820" lon="2.702804"/>
    <trkpt lat="39.771743" lon="2.703007"/>
    <trkpt lat="39.771423" lon="2.703814"/>
    <trkpt lat="39.771234" lon="2.704291"/>
    <trkpt lat="39.771057" lon="2.704717"/>
    <trkpt lat="39.770977" lon="2.704909"/>
    <trkpt lat="39.770821" lon="2.705329"/>
    <trkpt lat="39.770735" lon="2.705529"/>
    <trkpt lat="39.770730" lon="2.705551"/>
    <trkpt lat="39.770725" lon="2.705572"/>
    <trkpt lat="39.770728" lon="2.705589"/>
    <trkpt lat="39.770748" lon="2.705617"/>
    <trkpt lat="39.770844" lon="2.705742"/>
    <trkpt lat="39.770913" lon="2.705831"/>
    <trkpt lat="39.770933" lon="2.705881"/>
    <trkpt lat="39.770942" lon="2.705926"/>
    <trkpt lat="39.770941" lon="2.705997"/>
    <trkpt lat="39.770934" lon="2.706062"/>
    <trkpt lat="39.770917" lon="2.706121"/>
    <trkpt lat="39.770877" lon="2.706175"/>
    <trkpt lat="39.770801" lon="2.706250"/>
    <trkpt lat="39.770676" lon="2.706355"/>
    <trkpt lat="39.769868" lon="2.706684"/>
    <trkpt lat="39.769769" lon="2.706724"/>
    <trkpt lat="39.768987" lon="2.707039"/>
    <trkpt lat="39.768903" lon="2.707073"/>
    <trkpt lat="39.768645" lon="2.707178"/>
    <trkpt lat="39.767827" lon="2.707507"/>
    <trkpt lat="39.767027" lon="2.707827"/>
    <trkpt lat="39.766967" lon="2.707819"/>
    <trkpt lat="39.766905" lon="2.707809"/>
    <trkpt lat="39.766878" lon="2.707805"/>
    <trkpt lat="39.766825" lon="2.707797"/>
    <trkpt lat="39.766799" lon="2.707778"/>
    <trkpt lat="39.766769" lon="2.707774"/>
    <trkpt lat="39.766740" lon="2.707783"/>
    <trkpt lat="39.766716" lon="2.707805"/>
    <trkpt lat="39.766699" lon="2.707838"/>
    <trkpt lat="39.766694" lon="2.707864"/>
    <trkpt lat="39.766693" lon="2.707890"/>
    <trkpt lat="39.766698" lon="2.707917"/>
    <trkpt lat="39.766707" lon="2.707940"/>
    <trkpt lat="39.766721" lon="2.707960"/>
    <trkpt lat="39.766739" lon="2.707975"/>
    <trkpt lat="39.766748" lon="2.707980"/>
    <trkpt lat="39.766763" lon="2.708047"/>
    <trkpt lat="39.766806" lon="2.708113"/>
    <trkpt lat="39.766981" lon="2.708548"/>
    <trkpt lat="39.767131" lon="2.708936"/>
    <trkpt lat="39.767304" lon="2.709343"/>
    <trkpt lat="39.767432" lon="2.709659"/>
    <trkpt lat="39.767523" lon="2.709879"/>
    <trkpt lat="39.767705" lon="2.710296"/>
    <trkpt lat="39.767773" lon="2.710452"/>
    <trkpt lat="39.767992" lon="2.710957"/>
    <trkpt lat="39.768009" lon="2.710996"/>
    <trkpt lat="39.768121" lon="2.711252"/>
    <trkpt lat="39.768170" lon="2.711366"/>
    <trkpt lat="39.768154" lon="2.711384"/>
    <trkpt lat="39.768142" lon="2.711407"/>
    <trkpt lat="39.768135" lon="2.711434"/>
    <trkpt lat="39.768135" lon="2.711462"/>
    <trkpt lat="39.768141" lon="2.711489"/>
    <trkpt lat="39.768073" lon="2.711539"/>
    <trkpt lat="39.766367" lon="2.712789"/>
    <trkpt lat="39.766144" lon="2.712953"/>
    <trkpt lat="39.765980" lon="2.713022"/>
    <trkpt lat="39.765980" lon="2.713079"/>
    <trkpt lat="39.765979" lon="2.713481"/>
    <trkpt lat="39.766100" lon="2.713720"/>
    <trkpt lat="39.766203" lon="2.713868"/>
    <trkpt lat="39.766244" lon="2.713926"/>
    <trkpt lat="39.766353" lon="2.714190"/>
    <trkpt lat="39.766471" lon="2.714609"/>
    <trkpt lat="39.766505" lon="2.714695"/>
    <trkpt lat="39.766486" lon="2.714731"/>
    <trkpt lat="39.766505" lon="2.714695"/>
    <trkpt lat="39.766568" lon="2.714550"/>
    <trkpt lat="39.766640" lon="2.714405"/>
    <trkpt lat="39.766694" lon="2.714326"/>
    <trkpt lat="39.766738" lon="2.714282"/>
    <trkpt lat="39.766769" lon="2.714252"/>
    <trkpt lat="39.766807" lon="2.714223"/>
    <trkpt lat="39.766846" lon="2.714197"/>
    <trkpt lat="39.766926" lon="2.714157"/>
    <trkpt lat="39.767040" lon="2.714131"/>
    <trkpt lat="39.767102" lon="2.714118"/>
    <trkpt lat="39.767161" lon="2.714111"/>
    <trkpt lat="39.767224" lon="2.714109"/>
    <trkpt lat="39.767286" lon="2.714104"/>
    <trkpt lat="39.767484" lon="2.714099"/>
    <trkpt lat="39.767602" lon="2.714096"/>
    <trkpt lat="39.767738" lon="2.714096"/>
    <trkpt lat="39.767791" lon="2.714112"/>
    <trkpt lat="39.768034" lon="2.714285"/>
    <trkpt lat="39.768252" lon="2.714489"/>
    <trkpt lat="39.768272" lon="2.714532"/>
    <trkpt lat="39.768223" lon="2.714693"/>
    <trkpt lat="39.768278" lon="2.714757"/>
    <trkpt lat="39.768305" lon="2.714789"/>
    <trkpt lat="39.768468" lon="2.714978"/>
    <trkpt lat="39.768659" lon="2.715158"/>
    <trkpt lat="39.768688" lon="2.715185"/>
    <trkpt lat="39.768754" lon="2.715248"/>
    <trkpt lat="39.769400" lon="2.714980"/>
    <trkpt lat="39.769643" lon="2.715169"/>
    <trkpt lat="39.770472" lon="2.715785"/>
    <trkpt lat="39.771063" lon="2.716224"/>
    <trkpt lat="39.771076" lon="2.716962"/>
    <trkpt lat="39.771376" lon="2.716968"/>
    <trkpt lat="39.771398" lon="2.716968"/>
    <trkpt lat="39.771470" lon="2.716970"/>
    <trkpt lat="39.771501" lon="2.716969"/>
    <trkpt lat="39.771604" lon="2.716964"/>
    <trkpt lat="39.771804" lon="2.716954"/>
    <trkpt lat="39.771926" lon="2.716920"/>
    <trkpt lat="39.772163" lon="2.716803"/>
    <trkpt lat="39.772321" lon="2.716653"/>
    <trkpt lat="39.772523" lon="2.716322"/>
    <trkpt lat="39.772572" lon="2.716266"/>
    <trkpt lat="39.772610" lon="2.716223"/>
    <trkpt lat="39.772710" lon="2.716127"/>
    <trkpt lat="39.772814" lon="2.716061"/>
    <trkpt lat="39.772938" lon="2.716012"/>
    <trkpt lat="39.773371" lon="2.716111"/>
    <trkpt lat="39.773518" lon="2.716081"/>
    <trkpt lat="39.773932" lon="2.715866"/>
    <trkpt lat="39.774044" lon="2.715783"/>
    <trkpt lat="39.774363" lon="2.715388"/>
    <trkpt lat="39.774560" lon="2.715084"/>
    <trkpt lat="39.774677" lon="2.714904"/>
    <trkpt lat="39.774853" lon="2.714729"/>
    <trkpt lat="39.775045" lon="2.714542"/>
    <trkpt lat="39.775407" lon="2.714217"/>
    <trkpt lat="39.775504" lon="2.714166"/>
    <trkpt lat="39.775605" lon="2.714132"/>
    <trkpt lat="39.775815" lon="2.714057"/>
    <trkpt lat="39.776005" lon="2.713948"/>
    <trkpt lat="39.776158" lon="2.713843"/>
    <trkpt lat="39.776904" lon="2.713207"/>
    <trkpt lat="39.776981" lon="2.713222"/>
    <trkpt lat="39.777114" lon="2.713316"/>
    <trkpt lat="39.777292" lon="2.713526"/>
    <trkpt lat="39.777453" lon="2.713615"/>
    <trkpt lat="39.777664" lon="2.713685"/>
    <trkpt lat="39.777773" lon="2.713702"/>
    <trkpt lat="39.777891" lon="2.713693"/>
    <trkpt lat="39.777999" lon="2.713640"/>
    <trkpt lat="39.778070" lon="2.713593"/>
    <trkpt lat="39.778133" lon="2.713556"/>
    <trkpt lat="39.778147" lon="2.713535"/>
    <trkpt lat="39.778173" lon="2.713497"/>
    <trkpt lat="39.778214" lon="2.713294"/>
    <trkpt lat="39.778258" lon="2.713104"/>
    <trkpt lat="39.778326" lon="2.712786"/>
    <trkpt lat="39.778396" lon="2.712513"/>
    <trkpt lat="39.778429" lon="2.712455"/>
    <trkpt lat="39.778482" lon="2.712400"/>
    <trkpt lat="39.778519" lon="2.712371"/>
    <trkpt lat="39.778748" lon="2.712188"/>
    <trkpt lat="39.778954" lon="2.711956"/>
    <trkpt lat="39.779070" lon="2.711872"/>
    <trkpt lat="39.779229" lon="2.711795"/>
    <trkpt lat="39.779596" lon="2.711678"/>
    <trkpt lat="39.779964" lon="2.711620"/>
    <trkpt lat="39.780075" lon="2.711611"/>
    <trkpt lat="39.780287" lon="2.711471"/>
    <trkpt lat="39.780419" lon="2.711384"/>
    <trkpt lat="39.780658" lon="2.711291"/>
    <trkpt lat="39.780743" lon="2.711265"/>
    <trkpt lat="39.780847" lon="2.711209"/>
    <trkpt lat="39.780890" lon="2.711186"/>
    <trkpt lat="39.780935" lon="2.711246"/>
    <trkpt lat="39.781315" lon="2.711726"/>
    <trkpt lat="39.781399" lon="2.711815"/>
    <trkpt lat="39.781467" lon="2.711865"/>
    <trkpt lat="39.781544" lon="2.711891"/>
    <trkpt lat="39.781612" lon="2.711893"/>
    <trkpt lat="39.781681" lon="2.711879"/>
    <trkpt lat="39.781740" lon="2.711851"/>
    <trkpt lat="39.781804" lon="2.711801"/>
    <trkpt lat="39.781851" lon="2.711749"/>
    <trkpt lat="39.781895" lon="2.711681"/>
    <trkpt lat="39.782316" lon="2.710902"/>
    <trkpt lat="39.782374" lon="2.710820"/>
    <trkpt lat="39.782442" lon="2.710762"/>
    <trkpt lat="39.782506" lon="2.710722"/>
    <trkpt lat="39.782572" lon="2.710697"/>
    <trkpt lat="39.782638" lon="2.710684"/>
    <trkpt lat="39.782793" lon="2.710705"/>
    <trkpt lat="39.782855" lon="2.710719"/>
    <trkpt lat="39.783112" lon="2.710756"/>
    <trkpt lat="39.783186" lon="2.710760"/>
    <trkpt lat="39.783254" lon="2.710752"/>
    <trkpt lat="39.783320" lon="2.710729"/>
    <trkpt lat="39.783484" lon="2.710662"/>
    <trkpt lat="39.783691" lon="2.710577"/>
    <trkpt lat="39.783748" lon="2.710561"/>
    <trkpt lat="39.783799" lon="2.710557"/>
    <trkpt lat="39.783849" lon="2.710562"/>
    <trkpt lat="39.783906" lon="2.710586"/>
    <trkpt lat="39.783957" lon="2.710628"/>
    <trkpt lat="39.783998" lon="2.710686"/>
    <trkpt lat="39.784023" lon="2.710742"/>
    <trkpt lat="39.784041" lon="2.710798"/>
    <trkpt lat="39.784046" lon="2.710888"/>
    <trkpt lat="39.784036" lon="2.710953"/>
    <trkpt lat="39.784013" lon="2.711028"/>
    <trkpt lat="39.783966" lon="2.711107"/>
    <trkpt lat="39.783906" lon="2.711164"/>
    <trkpt lat="39.783841" lon="2.711186"/>
    <trkpt lat="39.783770" lon="2.711191"/>
    <trkpt lat="39.783410" lon="2.711151"/>
    <trkpt lat="39.783316" lon="2.711144"/>
    <trkpt lat="39.783220" lon="2.711146"/>
    <trkpt lat="39.783144" lon="2.711155"/>
    <trkpt lat="39.783076" lon="2.711176"/>
    <trkpt lat="39.782986" lon="2.711229"/>
    <trkpt lat="39.782923" lon="2.711280"/>
    <trkpt lat="39.782856" lon="2.711351"/>
    <trkpt lat="39.782806" lon="2.711426"/>
    <trkpt lat="39.782759" lon="2.711520"/>
    <trkpt lat="39.782711" lon="2.711663"/>
    <trkpt lat="39.782690" lon="2.711800"/>
    <trkpt lat="39.782693" lon="2.711972"/>
    <trkpt lat="39.782733" lon="2.712149"/>
    <trkpt lat="39.782871" lon="2.712585"/>
    <trkpt lat="39.783095" lon="2.713303"/>
    <trkpt lat="39.783132" lon="2.713443"/>
    <trkpt lat="39.783146" lon="2.713554"/>
    <trkpt lat="39.783145" lon="2.713681"/>
    <trkpt lat="39.783131" lon="2.713775"/>
    <trkpt lat="39.783082" lon="2.713928"/>
    <trkpt lat="39.783044" lon="2.714011"/>
    <trkpt lat="39.782991" lon="2.714100"/>
    <trkpt lat="39.782749" lon="2.714463"/>
    <trkpt lat="39.782658" lon="2.714600"/>
    <trkpt lat="39.782594" lon="2.714701"/>
    <trkpt lat="39.782559" lon="2.714780"/>
    <trkpt lat="39.782528" lon="2.714892"/>
    <trkpt lat="39.782522" lon="2.715011"/>
    <trkpt lat="39.782538" lon="2.715134"/>
    <trkpt lat="39.782587" lon="2.715250"/>
    <trkpt lat="39.782800" lon="2.715613"/>
    <trkpt lat="39.782860" lon="2.715720"/>
    <trkpt lat="39.782901" lon="2.715831"/>
    <trkpt lat="39.782917" lon="2.715920"/>
    <trkpt lat="39.782918" lon="2.716040"/>
    <trkpt lat="39.782899" lon="2.716174"/>
    <trkpt lat="39.782862" lon="2.716287"/>
    <trkpt lat="39.782816" lon="2.716363"/>
    <trkpt lat="39.782756" lon="2.716416"/>
    <trkpt lat="39.782675" lon="2.716453"/>
    <trkpt lat="39.782611" lon="2.716465"/>
    <trkpt lat="39.782553" lon="2.716469"/>
    <trkpt lat="39.782386" lon="2.716473"/>
    <trkpt lat="39.782300" lon="2.716482"/>
    <trkpt lat="39.782215" lon="2.716516"/>
    <trkpt lat="39.782131" lon="2.716566"/>
    <trkpt lat="39.781600" lon="2.716960"/>
    <trkpt lat="39.781532" lon="2.717018"/>
    <trkpt lat="39.781475" lon="2.717076"/>
    <trkpt lat="39.781376" lon="2.717193"/>
    <trkpt lat="39.781248" lon="2.717393"/>
    <trkpt lat="39.781041" lon="2.717725"/>
    <trkpt lat="39.780964" lon="2.717842"/>
    <trkpt lat="39.780773" lon="2.718034"/>
    <trkpt lat="39.780623" lon="2.718170"/>
    <trkpt lat="39.780519" lon="2.718241"/>
    <trkpt lat="39.780441" lon="2.718273"/>
    <trkpt lat="39.780357" lon="2.718278"/>
    <trkpt lat="39.780282" lon="2.718264"/>
    <trkpt lat="39.780199" lon="2.718224"/>
    <trkpt lat="39.780083" lon="2.718152"/>
    <trkpt lat="39.779963" lon="2.718073"/>
    <trkpt lat="39.779867" lon="2.718031"/>
    <trkpt lat="39.779734" lon="2.717994"/>
    <trkpt lat="39.779624" lon="2.717966"/>
    <trkpt lat="39.779499" lon="2.717951"/>
    <trkpt lat="39.779357" lon="2.717950"/>
    <trkpt lat="39.779242" lon="2.717966"/>
    <trkpt lat="39.779137" lon="2.718020"/>
    <trkpt lat="39.778978" lon="2.718167"/>
    <trkpt lat="39.778811" lon="2.718402"/>
    <trkpt lat="39.778735" lon="2.718580"/>
    <trkpt lat="39.778716" lon="2.718755"/>
    <trkpt lat="39.778710" lon="2.719058"/>
    <trkpt lat="39.778703" lon="2.719565"/>
    <trkpt lat="39.778705" lon="2.719828"/>
    <trkpt lat="39.778739" lon="2.719976"/>
    <trkpt lat="39.778791" lon="2.720073"/>
    <trkpt lat="39.778857" lon="2.720135"/>
    <trkpt lat="39.778980" lon="2.720196"/>
    <trkpt lat="39.779134" lon="2.720241"/>
    <trkpt lat="39.779182" lon="2.720262"/>
    <trkpt lat="39.779224" lon="2.720289"/>
    <trkpt lat="39.779275" lon="2.720346"/>
    <trkpt lat="39.779333" lon="2.720432"/>
    <trkpt lat="39.779382" lon="2.720531"/>
    <trkpt lat="39.779417" lon="2.720635"/>
    <trkpt lat="39.779432" lon="2.720734"/>
    <trkpt lat="39.779432" lon="2.720814"/>
    <trkpt lat="39.779405" lon="2.720922"/>
    <trkpt lat="39.779362" lon="2.721013"/>
    <trkpt lat="39.779321" lon="2.721070"/>
    <trkpt lat="39.779149" lon="2.721263"/>
    <trkpt lat="39.779033" lon="2.721387"/>
    <trkpt lat="39.778974" lon="2.721463"/>
    <trkpt lat="39.778921" lon="2.721532"/>
    <trkpt lat="39.778856" lon="2.721647"/>
    <trkpt lat="39.778809" lon="2.721794"/>
    <trkpt lat="39.778781" lon="2.721936"/>
    <trkpt lat="39.778762" lon="2.722064"/>
    <trkpt lat="39.778741" lon="2.722240"/>
    <trkpt lat="39.778744" lon="2.722369"/>
    <trkpt lat="39.778762" lon="2.722480"/>
    <trkpt lat="39.778794" lon="2.722578"/>
    <trkpt lat="39.778838" lon="2.722667"/>
    <trkpt lat="39.778984" lon="2.722850"/>
    <trkpt lat="39.779156" lon="2.723038"/>
    <trkpt lat="39.779240" lon="2.723118"/>
    <trkpt lat="39.779352" lon="2.723219"/>
    <trkpt lat="39.779821" lon="2.723511"/>
    <trkpt lat="39.780249" lon="2.723731"/>
    <trkpt lat="39.780325" lon="2.723795"/>
    <trkpt lat="39.780381" lon="2.723885"/>
    <trkpt lat="39.780411" lon="2.723985"/>
    <trkpt lat="39.780416" lon="2.724100"/>
    <trkpt lat="39.780395" lon="2.724212"/>
    <trkpt lat="39.780328" lon="2.724425"/>
    <trkpt lat="39.780306" lon="2.724547"/>
    <trkpt lat="39.780315" lon="2.724738"/>
    <trkpt lat="39.780403" lon="2.724997"/>
    <trkpt lat="39.780529" lon="2.725186"/>
    <trkpt lat="39.780756" lon="2.725393"/>
    <trkpt lat="39.781076" lon="2.725705"/>
    <trkpt lat="39.781165" lon="2.725791"/>
    <trkpt lat="39.781251" lon="2.725912"/>
    <trkpt lat="39.781312" lon="2.726042"/>
    <trkpt lat="39.781360" lon="2.726217"/>
    <trkpt lat="39.781377" lon="2.726383"/>
    <trkpt lat="39.781361" lon="2.726576"/>
    <trkpt lat="39.781306" lon="2.726778"/>
    <trkpt lat="39.781225" lon="2.727099"/>
    <trkpt lat="39.781196" lon="2.727303"/>
    <trkpt lat="39.781160" lon="2.727653"/>
    <trkpt lat="39.781133" lon="2.727994"/>
    <trkpt lat="39.781080" lon="2.728668"/>
    <trkpt lat="39.781088" lon="2.728805"/>
    <trkpt lat="39.781116" lon="2.728904"/>
    <trkpt lat="39.781160" lon="2.728974"/>
    <trkpt lat="39.781336" lon="2.729182"/>
    <trkpt lat="39.781366" lon="2.729229"/>
    <trkpt lat="39.781391" lon="2.729282"/>
    <trkpt lat="39.781414" lon="2.729371"/>
    <trkpt lat="39.781419" lon="2.729489"/>
    <trkpt lat="39.781416" lon="2.729799"/>
    <trkpt lat="39.781406" lon="2.730137"/>
    <trkpt lat="39.781406" lon="2.730271"/>
    <trkpt lat="39.781410" lon="2.730380"/>
    <trkpt lat="39.781432" lon="2.730515"/>
    <trkpt lat="39.781472" lon="2.730648"/>
    <trkpt lat="39.781525" lon="2.730766"/>
    <trkpt lat="39.781588" lon="2.730860"/>
    <trkpt lat="39.781671" lon="2.730953"/>
    <trkpt lat="39.781774" lon="2.731034"/>
    <trkpt lat="39.781872" lon="2.731080"/>
    <trkpt lat="39.781959" lon="2.731107"/>
    <trkpt lat="39.782040" lon="2.731114"/>
    <trkpt lat="39.782148" lon="2.731107"/>
    <trkpt lat="39.782254" lon="2.731071"/>
    <trkpt lat="39.782356" lon="2.731017"/>
    <trkpt lat="39.782528" lon="2.730906"/>
    <trkpt lat="39.782773" lon="2.730727"/>
    <trkpt lat="39.782943" lon="2.730594"/>
    <trkpt lat="39.783213" lon="2.730361"/>
    <trkpt lat="39.783283" lon="2.730311"/>
    <trkpt lat="39.783330" lon="2.730285"/>
    <trkpt lat="39.783399" lon="2.730263"/>
    <trkpt lat="39.783480" lon="2.730262"/>
    <trkpt lat="39.783550" lon="2.730278"/>
    <trkpt lat="39.783619" lon="2.730313"/>
    <trkpt lat="39.783686" lon="2.730372"/>
    <trkpt lat="39.783738" lon="2.730437"/>
    <trkpt lat="39.783778" lon="2.730513"/>
    <trkpt lat="39.783808" lon="2.730603"/>
    <trkpt lat="39.783823" lon="2.730723"/>
    <trkpt lat="39.783815" lon="2.730848"/>
    <trkpt lat="39.783792" lon="2.730940"/>
    <trkpt lat="39.783761" lon="2.731010"/>
    <trkpt lat="39.783715" lon="2.731092"/>
    <trkpt lat="39.783559" lon="2.731283"/>
    <trkpt lat="39.783526" lon="2.731342"/>
    <trkpt lat="39.783496" lon="2.731434"/>
    <trkpt lat="39.783481" lon="2.731531"/>
    <trkpt lat="39.783478" lon="2.731636"/>
    <trkpt lat="39.783494" lon="2.731730"/>
    <trkpt lat="39.783532" lon="2.731821"/>
    <trkpt lat="39.783600" lon="2.731934"/>
    <trkpt lat="39.783710" lon="2.732071"/>
    <trkpt lat="39.783759" lon="2.732139"/>
    <trkpt lat="39.783803" lon="2.732205"/>
    <trkpt lat="39.783844" lon="2.732282"/>
    <trkpt lat="39.783885" lon="2.732373"/>
    <trkpt lat="39.783934" lon="2.732509"/>
    <trkpt lat="39.783987" lon="2.732689"/>
    <trkpt lat="39.784013" lon="2.732783"/>
    <trkpt lat="39.784062" lon="2.732954"/>
    <trkpt lat="39.784188" lon="2.733401"/>
    <trkpt lat="39.784242" lon="2.733530"/>
    <trkpt lat="39.784302" lon="2.733648"/>
    <trkpt lat="39.784350" lon="2.733722"/>
    <trkpt lat="39.784392" lon="2.733776"/>
    <trkpt lat="39.784476" lon="2.733849"/>
    <trkpt lat="39.784587" lon="2.733929"/>
    <trkpt lat="39.784722" lon="2.733998"/>
    <trkpt lat="39.784802" lon="2.734039"/>
    <trkpt lat="39.784968" lon="2.734108"/>
    <trkpt lat="39.785044" lon="2.734173"/>
    <trkpt lat="39.785088" lon="2.734234"/>
    <trkpt lat="39.785127" lon="2.734311"/>
    <trkpt lat="39.785151" lon="2.734410"/>
    <trkpt lat="39.785165" lon="2.734535"/>
    <trkpt lat="39.785172" lon="2.734726"/>
    <trkpt lat="39.785172" lon="2.735010"/>
    <trkpt lat="39.785177" lon="2.735221"/>
    <trkpt lat="39.785190" lon="2.735316"/>
    <trkpt lat="39.785220" lon="2.735426"/>
    <trkpt lat="39.785262" lon="2.735546"/>
    <trkpt lat="39.785515" lon="2.736116"/>
    <trkpt lat="39.785814" lon="2.736792"/>
    <trkpt lat="39.786036" lon="2.737276"/>
    <trkpt lat="39.786102" lon="2.737400"/>
    <trkpt lat="39.786177" lon="2.737501"/>
    <trkpt lat="39.786239" lon="2.737562"/>
    <trkpt lat="39.786314" lon="2.737625"/>
    <trkpt lat="39.786422" lon="2.737691"/>
    <trkpt lat="39.786665" lon="2.737813"/>
    <trkpt lat="39.787160" lon="2.738079"/>
    <trkpt lat="39.787518" lon="2.738249"/>
    <trkpt lat="39.787664" lon="2.738321"/>
    <trkpt lat="39.787750" lon="2.738339"/>
    <trkpt lat="39.787825" lon="2.738327"/>
    <trkpt lat="39.787890" lon="2.738293"/>
    <trkpt lat="39.787937" lon="2.738239"/>
    <trkpt lat="39.787968" lon="2.738178"/>
    <trkpt lat="39.787991" lon="2.738103"/>
    <trkpt lat="39.787989" lon="2.738013"/>
    <trkpt lat="39.787966" lon="2.737928"/>
    <trkpt lat="39.787923" lon="2.737844"/>
    <trkpt lat="39.787873" lon="2.737796"/>
    <trkpt lat="39.787785" lon="2.737731"/>
    <trkpt lat="39.787417" lon="2.737519"/>
    <trkpt lat="39.787152" lon="2.737355"/>
    <trkpt lat="39.787068" lon="2.737280"/>
    <trkpt lat="39.787022" lon="2.737206"/>
    <trkpt lat="39.786994" lon="2.737126"/>
    <trkpt lat="39.786960" lon="2.736961"/>
    <trkpt lat="39.786771" lon="2.735181"/>
    <trkpt lat="39.786743" lon="2.734814"/>
    <trkpt lat="39.786731" lon="2.734540"/>
    <trkpt lat="39.786726" lon="2.734305"/>
    <trkpt lat="39.786726" lon="2.734093"/>
    <trkpt lat="39.786737" lon="2.733820"/>
    <trkpt lat="39.786770" lon="2.733318"/>
    <trkpt lat="39.786811" lon="2.732668"/>
    <trkpt lat="39.786833" lon="2.732303"/>
    <trkpt lat="39.786845" lon="2.732174"/>
    <trkpt lat="39.786866" lon="2.732071"/>
    <trkpt lat="39.786893" lon="2.731990"/>
    <trkpt lat="39.786949" lon="2.731884"/>
    <trkpt lat="39.787101" lon="2.731637"/>
    <trkpt lat="39.787144" lon="2.731538"/>
    <trkpt lat="39.787161" lon="2.731458"/>
    <trkpt lat="39.787164" lon="2.731373"/>
    <trkpt lat="39.787149" lon="2.731230"/>
    <trkpt lat="39.787097" lon="2.730858"/>
    <trkpt lat="39.787016" lon="2.730232"/>
    <trkpt lat="39.787006" lon="2.730084"/>
    <trkpt lat="39.787007" lon="2.729987"/>
    <trkpt lat="39.787011" lon="2.729893"/>
    <trkpt lat="39.787024" lon="2.729782"/>
    <trkpt lat="39.787042" lon="2.729669"/>
    <trkpt lat="39.787086" lon="2.729463"/>
    <trkpt lat="39.787131" lon="2.729257"/>
    <trkpt lat="39.787149" lon="2.729157"/>
    <trkpt lat="39.787150" lon="2.729070"/>
    <trkpt lat="39.787136" lon="2.728988"/>
    <trkpt lat="39.787117" lon="2.728935"/>
    <trkpt lat="39.787086" lon="2.728879"/>
    <trkpt lat="39.787047" lon="2.728825"/>
    <trkpt lat="39.786946" lon="2.728723"/>
    <trkpt lat="39.786050" lon="2.727883"/>
    <trkpt lat="39.785944" lon="2.727769"/>
    <trkpt lat="39.785863" lon="2.727665"/>
    <trkpt lat="39.785786" lon="2.727538"/>
    <trkpt lat="39.785741" lon="2.727411"/>
    <trkpt lat="39.785710" lon="2.727271"/>
    <trkpt lat="39.785696" lon="2.727152"/>
    <trkpt lat="39.785691" lon="2.726987"/>
    <trkpt lat="39.785706" lon="2.726837"/>
    <trkpt lat="39.785738" lon="2.726717"/>
    <trkpt lat="39.785776" lon="2.726611"/>
    <trkpt lat="39.785818" lon="2.726520"/>
    <trkpt lat="39.785888" lon="2.726405"/>
    <trkpt lat="39.785968" lon="2.726310"/>
    <trkpt lat="39.786022" lon="2.726260"/>
    <trkpt lat="39.786089" lon="2.726209"/>
    <trkpt lat="39.786168" lon="2.726155"/>
    <trkpt lat="39.786247" lon="2.726123"/>
    <trkpt lat="39.786316" lon="2.726111"/>
    <trkpt lat="39.786398" lon="2.726105"/>
    <trkpt lat="39.786458" lon="2.726109"/>
    <trkpt lat="39.786549" lon="2.726125"/>
    <trkpt lat="39.786665" lon="2.726164"/>
    <trkpt lat="39.786942" lon="2.726284"/>
    <trkpt lat="39.787376" lon="2.726478"/>
    <trkpt lat="39.787455" lon="2.726512"/>
    <trkpt lat="39.787539" lon="2.726543"/>
    <trkpt lat="39.787616" lon="2.726560"/>
    <trkpt lat="39.787950" lon="2.726580"/>
    <trkpt lat="39.788714" lon="2.726612"/>
    <trkpt lat="39.788765" lon="2.726614"/>
    <trkpt lat="39.788834" lon="2.726617"/>
    <trkpt lat="39.789476" lon="2.726643"/>
    <trkpt lat="39.789729" lon="2.726654"/>
    <trkpt lat="39.789817" lon="2.726648"/>
    <trkpt lat="39.789895" lon="2.726624"/>
    <trkpt lat="39.789954" lon="2.726588"/>
    <trkpt lat="39.790015" lon="2.726524"/>
    <trkpt lat="39.790065" lon="2.726447"/>
    <trkpt lat="39.790104" lon="2.726343"/>
    <trkpt lat="39.790125" lon="2.726253"/>
    <trkpt lat="39.790144" lon="2.726148"/>
    <trkpt lat="39.790169" lon="2.725997"/>
    <trkpt lat="39.790245" lon="2.725534"/>
    <trkpt lat="39.790279" lon="2.725390"/>
    <trkpt lat="39.790316" lon="2.725287"/>
    <trkpt lat="39.790371" lon="2.725205"/>
    <trkpt lat="39.790439" lon="2.725150"/>
    <trkpt lat="39.790510" lon="2.725126"/>
    <trkpt lat="39.790564" lon="2.725125"/>
    <trkpt lat="39.790596" lon="2.725135"/>
    <trkpt lat="39.790659" lon="2.725169"/>
    <trkpt lat="39.790710" lon="2.725218"/>
    <trkpt lat="39.790744" lon="2.725271"/>
    <trkpt lat="39.790774" lon="2.725346"/>
    <trkpt lat="39.790790" lon="2.725418"/>
    <trkpt lat="39.790792" lon="2.725510"/>
    <trkpt lat="39.790779" lon="2.725636"/>
    <trkpt lat="39.790738" lon="2.725909"/>
    <trkpt lat="39.790714" lon="2.726062"/>
    <trkpt lat="39.790707" lon="2.726109"/>
    <trkpt lat="39.790694" lon="2.726228"/>
    <trkpt lat="39.790688" lon="2.726343"/>
    <trkpt lat="39.790695" lon="2.726470"/>
    <trkpt lat="39.790711" lon="2.726588"/>
    <trkpt lat="39.790732" lon="2.726731"/>
    <trkpt lat="39.790780" lon="2.727037"/>
    <trkpt lat="39.790795" lon="2.727141"/>
    <trkpt lat="39.790805" lon="2.727244"/>
    <trkpt lat="39.790803" lon="2.727342"/>
    <trkpt lat="39.790783" lon="2.727444"/>
    <trkpt lat="39.790746" lon="2.727523"/>
    <trkpt lat="39.790703" lon="2.727579"/>
    <trkpt lat="39.790651" lon="2.727621"/>
    <trkpt lat="39.790598" lon="2.727650"/>
    <trkpt lat="39.790536" lon="2.727674"/>
    <trkpt lat="39.790200" lon="2.727791"/>
    <trkpt lat="39.790083" lon="2.727832"/>
    <trkpt lat="39.789885" lon="2.727901"/>
    <trkpt lat="39.789781" lon="2.727935"/>
    <trkpt lat="39.789711" lon="2.727953"/>
    <trkpt lat="39.789631" lon="2.727966"/>
    <trkpt lat="39.789529" lon="2.727974"/>
    <trkpt lat="39.789290" lon="2.727980"/>
    <trkpt lat="39.789208" lon="2.727989"/>
    <trkpt lat="39.789134" lon="2.728017"/>
    <trkpt lat="39.789073" lon="2.728061"/>
    <trkpt lat="39.789015" lon="2.728132"/>
    <trkpt lat="39.788977" lon="2.728205"/>
    <trkpt lat="39.788951" lon="2.728299"/>
    <trkpt lat="39.788931" lon="2.728432"/>
    <trkpt lat="39.788898" lon="2.728763"/>
    <trkpt lat="39.788831" lon="2.729455"/>
    <trkpt lat="39.788793" lon="2.729865"/>
    <trkpt lat="39.788786" lon="2.730017"/>
    <trkpt lat="39.788796" lon="2.730153"/>
    <trkpt lat="39.788824" lon="2.730279"/>
    <trkpt lat="39.788848" lon="2.730346"/>
    <trkpt lat="39.788876" lon="2.730401"/>
    <trkpt lat="39.788922" lon="2.730483"/>
    <trkpt lat="39.789157" lon="2.730880"/>
    <trkpt lat="39.789234" lon="2.731007"/>
    <trkpt lat="39.789401" lon="2.731286"/>
    <trkpt lat="39.789495" lon="2.731457"/>
    <trkpt lat="39.789578" lon="2.731627"/>
    <trkpt lat="39.789656" lon="2.731808"/>
    <trkpt lat="39.789924" lon="2.732444"/>
    <trkpt lat="39.789989" lon="2.732556"/>
    <trkpt lat="39.790037" lon="2.732620"/>
    <trkpt lat="39.790095" lon="2.732668"/>
    <trkpt lat="39.790141" lon="2.732688"/>
    <trkpt lat="39.790185" lon="2.732699"/>
    <trkpt lat="39.790233" lon="2.732704"/>
    <trkpt lat="39.790292" lon="2.732692"/>
    <trkpt lat="39.790345" lon="2.732666"/>
    <trkpt lat="39.790397" lon="2.732630"/>
    <trkpt lat="39.790454" lon="2.732574"/>
    <trkpt lat="39.790516" lon="2.732496"/>
    <trkpt lat="39.790577" lon="2.732403"/>
    <trkpt lat="39.790847" lon="2.731942"/>
    <trkpt lat="39.790934" lon="2.731817"/>
    <trkpt lat="39.790993" lon="2.731749"/>
    <trkpt lat="39.791057" lon="2.731690"/>
    <trkpt lat="39.791119" lon="2.731642"/>
    <trkpt lat="39.791195" lon="2.731598"/>
    <trkpt lat="39.791291" lon="2.731563"/>
    <trkpt lat="39.791393" lon="2.731547"/>
    <trkpt lat="39.791466" lon="2.731550"/>
    <trkpt lat="39.791531" lon="2.731558"/>
    <trkpt lat="39.791642" lon="2.731591"/>
    <trkpt lat="39.791762" lon="2.731643"/>
    <trkpt lat="39.791879" lon="2.731694"/>
    <trkpt lat="39.792169" lon="2.731823"/>
    <trkpt lat="39.792319" lon="2.731889"/>
    <trkpt lat="39.792409" lon="2.731937"/>
    <trkpt lat="39.792452" lon="2.731970"/>
    <trkpt lat="39.792496" lon="2.732013"/>
    <trkpt lat="39.792529" lon="2.732066"/>
    <trkpt lat="39.792556" lon="2.732123"/>
    <trkpt lat="39.792577" lon="2.732216"/>
    <trkpt lat="39.792583" lon="2.732272"/>
    <trkpt lat="39.792578" lon="2.732366"/>
    <trkpt lat="39.792556" lon="2.732451"/>
    <trkpt lat="39.792512" lon="2.732536"/>
    <trkpt lat="39.792375" lon="2.732701"/>
    <trkpt lat="39.792293" lon="2.732793"/>
    <trkpt lat="39.792147" lon="2.732958"/>
    <trkpt lat="39.792104" lon="2.733014"/>
    <trkpt lat="39.792056" lon="2.733087"/>
    <trkpt lat="39.792012" lon="2.733173"/>
    <trkpt lat="39.791980" lon="2.733278"/>
    <trkpt lat="39.791963" lon="2.733383"/>
    <trkpt lat="39.791953" lon="2.733520"/>
    <trkpt lat="39.791910" lon="2.734668"/>
    <trkpt lat="39.791808" lon="2.737371"/>
    <trkpt lat="39.791803" lon="2.737461"/>
    <trkpt lat="39.791794" lon="2.737532"/>
    <trkpt lat="39.791779" lon="2.737609"/>
    <trkpt lat="39.791746" lon="2.737742"/>
    <trkpt lat="39.791609" lon="2.738205"/>
    <trkpt lat="39.791584" lon="2.738321"/>
    <trkpt lat="39.791579" lon="2.738392"/>
    <trkpt lat="39.791583" lon="2.738473"/>
    <trkpt lat="39.791604" lon="2.738621"/>
    <trkpt lat="39.791667" lon="2.738933"/>
    <trkpt lat="39.791804" lon="2.739654"/>
    <trkpt lat="39.791935" lon="2.740353"/>
    <trkpt lat="39.791958" lon="2.740466"/>
    <trkpt lat="39.791983" lon="2.740570"/>
    <trkpt lat="39.792022" lon="2.740687"/>
    <trkpt lat="39.792064" lon="2.740794"/>
    <trkpt lat="39.792508" lon="2.741929"/>
    <trkpt lat="39.792564" lon="2.742074"/>
    <trkpt lat="39.792604" lon="2.742204"/>
    <trkpt lat="39.792632" lon="2.742344"/>
    <trkpt lat="39.792646" lon="2.742490"/>
    <trkpt lat="39.792646" lon="2.742636"/>
    <trkpt lat="39.792637" lon="2.742757"/>
    <trkpt lat="39.792609" lon="2.742946"/>
    <trkpt lat="39.792417" lon="2.744061"/>
    <trkpt lat="39.792390" lon="2.744286"/>
    <trkpt lat="39.792388" lon="2.744452"/>
    <trkpt lat="39.792400" lon="2.744600"/>
    <trkpt lat="39.792419" lon="2.744717"/>
    <trkpt lat="39.792460" lon="2.744867"/>
    <trkpt lat="39.792508" lon="2.744994"/>
    <trkpt lat="39.792571" lon="2.745116"/>
    <trkpt lat="39.792648" lon="2.745225"/>
    <trkpt lat="39.792702" lon="2.745286"/>
    <trkpt lat="39.792754" lon="2.745336"/>
    <trkpt lat="39.794100" lon="2.746456"/>
    <trkpt lat="39.794524" lon="2.746809"/>
    <trkpt lat="39.794950" lon="2.747163"/>
    <trkpt lat="39.795034" lon="2.747238"/>
    <trkpt lat="39.795108" lon="2.747336"/>
    <trkpt lat="39.795146" lon="2.747426"/>
    <trkpt lat="39.795167" lon="2.747527"/>
    <trkpt lat="39.795170" lon="2.747625"/>
    <trkpt lat="39.795153" lon="2.747712"/>
    <trkpt lat="39.795128" lon="2.747793"/>
    <trkpt lat="39.795095" lon="2.747868"/>
    <trkpt lat="39.795048" lon="2.747955"/>
    <trkpt lat="39.794673" lon="2.748559"/>
    <trkpt lat="39.794614" lon="2.748669"/>
    <trkpt lat="39.794558" lon="2.748798"/>
    <trkpt lat="39.794501" lon="2.748965"/>
    <trkpt lat="39.794069" lon="2.750232"/>
    <trkpt lat="39.794028" lon="2.750367"/>
    <trkpt lat="39.794003" lon="2.750498"/>
    <trkpt lat="39.793999" lon="2.750608"/>
    <trkpt lat="39.794004" lon="2.750720"/>
    <trkpt lat="39.794021" lon="2.750854"/>
    <trkpt lat="39.794064" lon="2.751010"/>
    <trkpt lat="39.794306" lon="2.751798"/>
    <trkpt lat="39.794581" lon="2.752692"/>
    <trkpt lat="39.794613" lon="2.752783"/>
    <trkpt lat="39.794652" lon="2.752876"/>
    <trkpt lat="39.794695" lon="2.752953"/>
    <trkpt lat="39.795084" lon="2.753527"/>
    <trkpt lat="39.795169" lon="2.753654"/>
    <trkpt lat="39.795217" lon="2.753739"/>
    <trkpt lat="39.795257" lon="2.753822"/>
    <trkpt lat="39.795303" lon="2.753939"/>
    <trkpt lat="39.795760" lon="2.755253"/>
    <trkpt lat="39.795821" lon="2.755414"/>
    <trkpt lat="39.795894" lon="2.755564"/>
    <trkpt lat="39.795983" lon="2.755725"/>
    <trkpt lat="39.796311" lon="2.756291"/>
    <trkpt lat="39.796368" lon="2.756395"/>
    <trkpt lat="39.796414" lon="2.756502"/>
    <trkpt lat="39.796446" lon="2.756599"/>
    <trkpt lat="39.796484" lon="2.756748"/>
    <trkpt lat="39.796654" lon="2.757505"/>
    <trkpt lat="39.796746" lon="2.757918"/>
    <trkpt lat="39.796824" lon="2.758274"/>
    <trkpt lat="39.796839" lon="2.758385"/>
    <trkpt lat="39.796839" lon="2.758487"/>
    <trkpt lat="39.796827" lon="2.758570"/>
    <trkpt lat="39.796802" lon="2.758665"/>
    <trkpt lat="39.796697" lon="2.758998"/>
    <trkpt lat="39.796301" lon="2.760262"/>
    <trkpt lat="39.796236" lon="2.760455"/>
    <trkpt lat="39.796192" lon="2.760567"/>
    <trkpt lat="39.796104" lon="2.760690"/>
    <trkpt lat="39.795973" lon="2.760830"/>
    <trkpt lat="39.795715" lon="2.761097"/>
    <trkpt lat="39.795615" lon="2.761200"/>
    <trkpt lat="39.795542" lon="2.761302"/>
    <trkpt lat="39.795502" lon="2.761394"/>
    <trkpt lat="39.795471" lon="2.761514"/>
    <trkpt lat="39.795350" lon="2.762035"/>
    <trkpt lat="39.795314" lon="2.762265"/>
    <trkpt lat="39.795298" lon="2.762463"/>
    <trkpt lat="39.795297" lon="2.762634"/>
    <trkpt lat="39.795323" lon="2.762885"/>
    <trkpt lat="39.795428" lon="2.763467"/>
    <trkpt lat="39.795447" lon="2.763612"/>
    <trkpt lat="39.795452" lon="2.763754"/>
    <trkpt lat="39.795448" lon="2.763905"/>
    <trkpt lat="39.795398" lon="2.764712"/>
    <trkpt lat="39.795389" lon="2.764889"/>
    <trkpt lat="39.795390" lon="2.764994"/>
    <trkpt lat="39.795399" lon="2.765098"/>
    <trkpt lat="39.795413" lon="2.765221"/>
    <trkpt lat="39.795473" lon="2.765683"/>
    <trkpt lat="39.795569" lon="2.766416"/>
    <trkpt lat="39.795575" lon="2.766491"/>
    <trkpt lat="39.795577" lon="2.766604"/>
    <trkpt lat="39.795565" lon="2.766705"/>
    <trkpt lat="39.795540" lon="2.766823"/>
    <trkpt lat="39.795443" lon="2.767161"/>
    <trkpt lat="39.795406" lon="2.767302"/>
    <trkpt lat="39.795395" lon="2.767417"/>
    <trkpt lat="39.795404" lon="2.767513"/>
    <trkpt lat="39.795429" lon="2.767594"/>
    <trkpt lat="39.795472" lon="2.767670"/>
    <trkpt lat="39.795512" lon="2.767712"/>
    <trkpt lat="39.795556" lon="2.767742"/>
    <trkpt lat="39.795606" lon="2.767760"/>
    <trkpt lat="39.795676" lon="2.767767"/>
    <trkpt lat="39.795731" lon="2.767760"/>
    <trkpt lat="39.795795" lon="2.767731"/>
    <trkpt lat="39.795840" lon="2.767686"/>
    <trkpt lat="39.795898" lon="2.767582"/>
    <trkpt lat="39.795962" lon="2.767448"/>
    <trkpt lat="39.796288" lon="2.766745"/>
    <trkpt lat="39.796326" lon="2.766667"/>
    <trkpt lat="39.796370" lon="2.766600"/>
    <trkpt lat="39.796406" lon="2.766560"/>
    <trkpt lat="39.796453" lon="2.766531"/>
    <trkpt lat="39.796520" lon="2.766509"/>
    <trkpt lat="39.796591" lon="2.766514"/>
    <trkpt lat="39.796655" lon="2.766538"/>
    <trkpt lat="39.796702" lon="2.766572"/>
    <trkpt lat="39.796742" lon="2.766618"/>
    <trkpt lat="39.796779" lon="2.766683"/>
    <trkpt lat="39.796802" lon="2.766777"/>
    <trkpt lat="39.796802" lon="2.766874"/>
    <trkpt lat="39.796782" lon="2.766964"/>
    <trkpt lat="39.796748" lon="2.767042"/>
    <trkpt lat="39.796711" lon="2.767103"/>
    <trkpt lat="39.796631" lon="2.767189"/>
    <trkpt lat="39.796373" lon="2.767433"/>
    <trkpt lat="39.796317" lon="2.767483"/>
    <trkpt lat="39.796258" lon="2.767548"/>
    <trkpt lat="39.796209" lon="2.767620"/>
    <trkpt lat="39.796178" lon="2.767685"/>
    <trkpt lat="39.796154" lon="2.767759"/>
    <trkpt lat="39.796140" lon="2.767834"/>
    <trkpt lat="39.796133" lon="2.767930"/>
    <trkpt lat="39.796144" lon="2.769979"/>
    <trkpt lat="39.796143" lon="2.770149"/>
    <trkpt lat="39.796132" lon="2.770422"/>
    <trkpt lat="39.796106" lon="2.770579"/>
    <trkpt lat="39.796046" lon="2.770800"/>
    <trkpt lat="39.795956" lon="2.770991"/>
    <trkpt lat="39.795884" lon="2.771107"/>
    <trkpt lat="39.795803" lon="2.771210"/>
    <trkpt lat="39.795722" lon="2.771290"/>
    <trkpt lat="39.795646" lon="2.771354"/>
    <trkpt lat="39.795568" lon="2.771406"/>
    <trkpt lat="39.795475" lon="2.771453"/>
    <trkpt lat="39.795350" lon="2.771502"/>
    <trkpt lat="39.795256" lon="2.771531"/>
    <trkpt lat="39.795147" lon="2.771540"/>
    <trkpt lat="39.795054" lon="2.771527"/>
    <trkpt lat="39.794844" lon="2.771462"/>
    <trkpt lat="39.794610" lon="2.771325"/>
    <trkpt lat="39.793393" lon="2.770384"/>
    <trkpt lat="39.793289" lon="2.770307"/>
    <trkpt lat="39.793216" lon="2.770271"/>
    <trkpt lat="39.793145" lon="2.770261"/>
    <trkpt lat="39.793077" lon="2.770271"/>
    <trkpt lat="39.793010" lon="2.770303"/>
    <trkpt lat="39.792949" lon="2.770349"/>
    <trkpt lat="39.792906" lon="2.770396"/>
    <trkpt lat="39.792861" lon="2.770468"/>
    <trkpt lat="39.792834" lon="2.770547"/>
    <trkpt lat="39.792823" lon="2.770632"/>
    <trkpt lat="39.792831" lon="2.770742"/>
    <trkpt lat="39.792847" lon="2.770814"/>
    <trkpt lat="39.792880" lon="2.770887"/>
    <trkpt lat="39.792974" lon="2.771022"/>
    <trkpt lat="39.793468" lon="2.771633"/>
    <trkpt lat="39.793744" lon="2.771974"/>
    <trkpt lat="39.794019" lon="2.772311"/>
    <trkpt lat="39.794098" lon="2.772391"/>
    <trkpt lat="39.794169" lon="2.772449"/>
    <trkpt lat="39.794640" lon="2.772810"/>
    <trkpt lat="39.794730" lon="2.772893"/>
    <trkpt lat="39.794798" lon="2.772974"/>
    <trkpt lat="39.794845" lon="2.773070"/>
    <trkpt lat="39.794871" lon="2.773168"/>
    <trkpt lat="39.794883" lon="2.773284"/>
    <trkpt lat="39.794882" lon="2.773396"/>
    <trkpt lat="39.794870" lon="2.773555"/>
    <trkpt lat="39.794833" lon="2.773912"/>
    <trkpt lat="39.794825" lon="2.774023"/>
    <trkpt lat="39.794828" lon="2.774123"/>
    <trkpt lat="39.794847" lon="2.774196"/>
    <trkpt lat="39.794883" lon="2.774270"/>
    <trkpt lat="39.794924" lon="2.774321"/>
    <trkpt lat="39.794969" lon="2.774360"/>
    <trkpt lat="39.795023" lon="2.774393"/>
    <trkpt lat="39.795086" lon="2.774413"/>
    <trkpt lat="39.795165" lon="2.774427"/>
    <trkpt lat="39.795392" lon="2.774456"/>
    <trkpt lat="39.795868" lon="2.774519"/>
    <trkpt lat="39.796155" lon="2.774561"/>
    <trkpt lat="39.796220" lon="2.774569"/>
    <trkpt lat="39.796298" lon="2.774574"/>
    <trkpt lat="39.796359" lon="2.774570"/>
    <trkpt lat="39.796419" lon="2.774558"/>
    <trkpt lat="39.796505" lon="2.774533"/>
    <trkpt lat="39.796582" lon="2.774497"/>
    <trkpt lat="39.796985" lon="2.774240"/>
    <trkpt lat="39.797083" lon="2.774175"/>
    <trkpt lat="39.797178" lon="2.774098"/>
    <trkpt lat="39.797261" lon="2.774015"/>
    <trkpt lat="39.797346" lon="2.773910"/>
    <trkpt lat="39.797401" lon="2.773833"/>
    <trkpt lat="39.797458" lon="2.773743"/>
    <trkpt lat="39.797521" lon="2.773609"/>
    <trkpt lat="39.797583" lon="2.773459"/>
    <trkpt lat="39.797736" lon="2.773083"/>
    <trkpt lat="39.797762" lon="2.773031"/>
    <trkpt lat="39.797789" lon="2.772994"/>
    <trkpt lat="39.797828" lon="2.772950"/>
    <trkpt lat="39.797878" lon="2.772918"/>
    <trkpt lat="39.797928" lon="2.772901"/>
    <trkpt lat="39.797986" lon="2.772899"/>
    <trkpt lat="39.798048" lon="2.772913"/>
    <trkpt lat="39.798103" lon="2.772945"/>
    <trkpt lat="39.798143" lon="2.772980"/>
    <trkpt lat="39.798183" lon="2.773043"/>
    <trkpt lat="39.798216" lon="2.773139"/>
    <trkpt lat="39.798228" lon="2.773220"/>
    <trkpt lat="39.798228" lon="2.773311"/>
    <trkpt lat="39.798214" lon="2.773390"/>
    <trkpt lat="39.798182" lon="2.773460"/>
    <trkpt lat="39.798132" lon="2.773521"/>
    <trkpt lat="39.798025" lon="2.773610"/>
    <trkpt lat="39.797857" lon="2.773739"/>
    <trkpt lat="39.797798" lon="2.773801"/>
    <trkpt lat="39.797763" lon="2.773856"/>
    <trkpt lat="39.797735" lon="2.773924"/>
    <trkpt lat="39.797713" lon="2.774018"/>
    <trkpt lat="39.797696" lon="2.774142"/>
    <trkpt lat="39.797675" lon="2.774350"/>
    <trkpt lat="39.797641" lon="2.774553"/>
    <trkpt lat="39.797602" lon="2.774687"/>
    <trkpt lat="39.797565" lon="2.774785"/>
    <trkpt lat="39.797516" lon="2.774878"/>
    <trkpt lat="39.797461" lon="2.774961"/>
    <trkpt lat="39.797394" lon="2.775046"/>
    <trkpt lat="39.797323" lon="2.775112"/>
    <trkpt lat="39.797221" lon="2.775186"/>
    <trkpt lat="39.797039" lon="2.775283"/>
    <trkpt lat="39.796918" lon="2.775363"/>
    <trkpt lat="39.796829" lon="2.775438"/>
    <trkpt lat="39.796757" lon="2.775520"/>
    <trkpt lat="39.796676" lon="2.775632"/>
    <trkpt lat="39.796559" lon="2.775835"/>
    <trkpt lat="39.796442" lon="2.776062"/>
    <trkpt lat="39.796382" lon="2.776160"/>
    <trkpt lat="39.796327" lon="2.776237"/>
    <trkpt lat="39.796282" lon="2.776290"/>
    <trkpt lat="39.796232" lon="2.776343"/>
    <trkpt lat="39.796161" lon="2.776401"/>
    <trkpt lat="39.796099" lon="2.776444"/>
    <trkpt lat="39.795738" lon="2.776664"/>
    <trkpt lat="39.795645" lon="2.776738"/>
    <trkpt lat="39.795569" lon="2.776811"/>
    <trkpt lat="39.795453" lon="2.776935"/>
    <trkpt lat="39.795332" lon="2.777056"/>
    <trkpt lat="39.795262" lon="2.777125"/>
    <trkpt lat="39.795199" lon="2.777171"/>
    <trkpt lat="39.795150" lon="2.777198"/>
    <trkpt lat="39.795092" lon="2.777218"/>
    <trkpt lat="39.795021" lon="2.777224"/>
    <trkpt lat="39.794960" lon="2.777220"/>
    <trkpt lat="39.794895" lon="2.777207"/>
    <trkpt lat="39.794812" lon="2.777185"/>
    <trkpt lat="39.794445" lon="2.777059"/>
    <trkpt lat="39.794338" lon="2.777026"/>
    <trkpt lat="39.794244" lon="2.776976"/>
    <trkpt lat="39.794184" lon="2.776940"/>
    <trkpt lat="39.794090" lon="2.776865"/>
    <trkpt lat="39.793813" lon="2.776596"/>
    <trkpt lat="39.793652" lon="2.776438"/>
    <trkpt lat="39.793581" lon="2.776363"/>
    <trkpt lat="39.793526" lon="2.776287"/>
    <trkpt lat="39.793472" lon="2.776196"/>
    <trkpt lat="39.793225" lon="2.775757"/>
    <trkpt lat="39.793182" lon="2.775684"/>
    <trkpt lat="39.793145" lon="2.775635"/>
    <trkpt lat="39.793099" lon="2.775592"/>
    <trkpt lat="39.793040" lon="2.775557"/>
    <trkpt lat="39.792973" lon="2.775539"/>
    <trkpt lat="39.792835" lon="2.775528"/>
    <trkpt lat="39.792815" lon="2.775527"/>
    <trkpt lat="39.792486" lon="2.775505"/>
    <trkpt lat="39.792400" lon="2.775496"/>
    <trkpt lat="39.792312" lon="2.775475"/>
    <trkpt lat="39.792237" lon="2.775443"/>
    <trkpt lat="39.791442" lon="2.775073"/>
    <trkpt lat="39.791287" lon="2.774983"/>
    <trkpt lat="39.791120" lon="2.774878"/>
    <trkpt lat="39.790690" lon="2.774563"/>
    <trkpt lat="39.790595" lon="2.774498"/>
    <trkpt lat="39.790538" lon="2.774467"/>
    <trkpt lat="39.790482" lon="2.774457"/>
    <trkpt lat="39.790439" lon="2.774459"/>
    <trkpt lat="39.790405" lon="2.774470"/>
    <trkpt lat="39.790373" lon="2.774487"/>
    <trkpt lat="39.790350" lon="2.774505"/>
    <trkpt lat="39.790303" lon="2.774572"/>
    <trkpt lat="39.788320" lon="2.778362"/>
    <trkpt lat="39.788283" lon="2.778433"/>
    <trkpt lat="39.788253" lon="2.778509"/>
    <trkpt lat="39.788238" lon="2.778573"/>
    <trkpt lat="39.788234" lon="2.778646"/>
    <trkpt lat="39.788243" lon="2.778725"/>
    <trkpt lat="39.788266" lon="2.778791"/>
    <trkpt lat="39.788297" lon="2.778850"/>
    <trkpt lat="39.788340" lon="2.778908"/>
    <trkpt lat="39.788413" lon="2.778983"/>
    <trkpt lat="39.788604" lon="2.779144"/>
    <trkpt lat="39.788792" lon="2.779303"/>
    <trkpt lat="39.788856" lon="2.779359"/>
    <trkpt lat="39.788907" lon="2.779427"/>
    <trkpt lat="39.788959" lon="2.779510"/>
    <trkpt lat="39.789002" lon="2.779604"/>
    <trkpt lat="39.789143" lon="2.779953"/>
    <trkpt lat="39.789643" lon="2.781227"/>
    <trkpt lat="39.789978" lon="2.782088"/>
    <trkpt lat="39.790523" lon="2.783337"/>
    <trkpt lat="39.790651" lon="2.783585"/>
    <trkpt lat="39.790748" lon="2.783751"/>
    <trkpt lat="39.791770" lon="2.785358"/>
    <trkpt lat="39.792078" lon="2.785865"/>
    <trkpt lat="39.792345" lon="2.786248"/>
    <trkpt lat="39.792515" lon="2.786431"/>
    <trkpt lat="39.793058" lon="2.786895"/>
    <trkpt lat="39.793146" lon="2.786965"/>
    <trkpt lat="39.793221" lon="2.787033"/>
    <trkpt lat="39.793275" lon="2.787124"/>
    <trkpt lat="39.793466" lon="2.787567"/>
    <trkpt lat="39.793997" lon="2.788655"/>
    <trkpt lat="39.794085" lon="2.788789"/>
    <trkpt lat="39.794975" lon="2.789778"/>
    <trkpt lat="39.795003" lon="2.789822"/>
    <trkpt lat="39.795039" lon="2.789879"/>
    <trkpt lat="39.795067" lon="2.789967"/>
    <trkpt lat="39.795066" lon="2.790088"/>
    <trkpt lat="39.795051" lon="2.790178"/>
    <trkpt lat="39.795009" lon="2.790257"/>
    <trkpt lat="39.794959" lon="2.790309"/>
    <trkpt lat="39.794880" lon="2.790373"/>
    <trkpt lat="39.794774" lon="2.790376"/>
    <trkpt lat="39.794606" lon="2.790348"/>
    <trkpt lat="39.794398" lon="2.790309"/>
    <trkpt lat="39.793837" lon="2.790217"/>
    <trkpt lat="39.793564" lon="2.790169"/>
    <trkpt lat="39.793537" lon="2.790164"/>
    <trkpt lat="39.793400" lon="2.790153"/>
    <trkpt lat="39.793268" lon="2.790201"/>
    <trkpt lat="39.793174" lon="2.790282"/>
    <trkpt lat="39.792942" lon="2.790464"/>
    <trkpt lat="39.792741" lon="2.790638"/>
    <trkpt lat="39.792603" lon="2.790778"/>
    <trkpt lat="39.792318" lon="2.791152"/>
    <trkpt lat="39.792232" lon="2.791265"/>
    <trkpt lat="39.792137" lon="2.791321"/>
    <trkpt lat="39.792005" lon="2.791370"/>
    <trkpt lat="39.791841" lon="2.791417"/>
    <trkpt lat="39.791748" lon="2.791448"/>
    <trkpt lat="39.791704" lon="2.791489"/>
    <trkpt lat="39.791656" lon="2.791567"/>
    <trkpt lat="39.791643" lon="2.791691"/>
    <trkpt lat="39.791666" lon="2.791946"/>
    <trkpt lat="39.791768" lon="2.792513"/>
    <trkpt lat="39.791867" lon="2.792988"/>
    <trkpt lat="39.791975" lon="2.793508"/>
    <trkpt lat="39.792038" lon="2.794102"/>
    <trkpt lat="39.792066" lon="2.794710"/>
    <trkpt lat="39.792078" lon="2.795141"/>
    <trkpt lat="39.792092" lon="2.795647"/>
    <trkpt lat="39.792109" lon="2.796136"/>
    <trkpt lat="39.792104" lon="2.796307"/>
    <trkpt lat="39.792068" lon="2.796461"/>
    <trkpt lat="39.791975" lon="2.796587"/>
    <trkpt lat="39.791866" lon="2.796621"/>
    <trkpt lat="39.791747" lon="2.796604"/>
    <trkpt lat="39.791640" lon="2.796528"/>
    <trkpt lat="39.791484" lon="2.796218"/>
    <trkpt lat="39.791281" lon="2.795828"/>
    <trkpt lat="39.791140" lon="2.795629"/>
    <trkpt lat="39.790950" lon="2.795427"/>
    <trkpt lat="39.790713" lon="2.795272"/>
    <trkpt lat="39.790104" lon="2.795053"/>
    <trkpt lat="39.789815" lon="2.794892"/>
    <trkpt lat="39.789519" lon="2.794681"/>
    <trkpt lat="39.789378" lon="2.794616"/>
    <trkpt lat="39.789228" lon="2.794628"/>
    <trkpt lat="39.789095" lon="2.794698"/>
    <trkpt lat="39.788964" lon="2.794825"/>
    <trkpt lat="39.788898" lon="2.794958"/>
    <trkpt lat="39.788862" lon="2.795075"/>
    <trkpt lat="39.788546" lon="2.796652"/>
    <trkpt lat="39.788514" lon="2.796807"/>
    <trkpt lat="39.788458" lon="2.797029"/>
    <trkpt lat="39.788423" lon="2.797132"/>
    <trkpt lat="39.788385" lon="2.797184"/>
    <trkpt lat="39.788345" lon="2.797205"/>
    <trkpt lat="39.788289" lon="2.797218"/>
    <trkpt lat="39.788241" lon="2.797219"/>
    <trkpt lat="39.788202" lon="2.797199"/>
    <trkpt lat="39.788115" lon="2.797128"/>
    <trkpt lat="39.787876" lon="2.796933"/>
    <trkpt lat="39.787706" lon="2.796800"/>
    <trkpt lat="39.787647" lon="2.796777"/>
    <trkpt lat="39.787604" lon="2.796781"/>
    <trkpt lat="39.787558" lon="2.796794"/>
    <trkpt lat="39.787477" lon="2.796848"/>
    <trkpt lat="39.787420" lon="2.796905"/>
    <trkpt lat="39.787348" lon="2.796982"/>
    <trkpt lat="39.787302" lon="2.797031"/>
    <trkpt lat="39.787095" lon="2.797263"/>
    <trkpt lat="39.787076" lon="2.797284"/>
    <trkpt lat="39.786989" lon="2.797383"/>
    <trkpt lat="39.786925" lon="2.797457"/>
    <trkpt lat="39.786888" lon="2.797520"/>
    <trkpt lat="39.786875" lon="2.797565"/>
    <trkpt lat="39.786865" lon="2.797631"/>
    <trkpt lat="39.786873" lon="2.797718"/>
    <trkpt lat="39.786892" lon="2.797774"/>
    <trkpt lat="39.786909" lon="2.797814"/>
    <trkpt lat="39.787029" lon="2.798090"/>
    <trkpt lat="39.787083" lon="2.798208"/>
    <trkpt lat="39.787119" lon="2.798316"/>
    <trkpt lat="39.787147" lon="2.798436"/>
    <trkpt lat="39.787173" lon="2.798636"/>
    <trkpt lat="39.787193" lon="2.798809"/>
    <trkpt lat="39.787220" lon="2.798936"/>
    <trkpt lat="39.787228" lon="2.798962"/>
    <trkpt lat="39.787246" lon="2.799021"/>
    <trkpt lat="39.787318" lon="2.799159"/>
    <trkpt lat="39.787385" lon="2.799251"/>
    <trkpt lat="39.787425" lon="2.799309"/>
    <trkpt lat="39.787498" lon="2.799413"/>
    <trkpt lat="39.787556" lon="2.799498"/>
    <trkpt lat="39.787649" lon="2.799631"/>
    <trkpt lat="39.787822" lon="2.799918"/>
    <trkpt lat="39.787892" lon="2.800006"/>
    <trkpt lat="39.787962" lon="2.800070"/>
    <trkpt lat="39.788069" lon="2.800168"/>
    <trkpt lat="39.788374" lon="2.800408"/>
    <trkpt lat="39.788480" lon="2.800508"/>
    <trkpt lat="39.788687" lon="2.800741"/>
    <trkpt lat="39.788990" lon="2.801088"/>
    <trkpt lat="39.789160" lon="2.801278"/>
    <trkpt lat="39.789218" lon="2.801303"/>
    <trkpt lat="39.789301" lon="2.801306"/>
    <trkpt lat="39.789468" lon="2.801303"/>
    <trkpt lat="39.789755" lon="2.801269"/>
    <trkpt lat="39.789850" lon="2.801279"/>
    <trkpt lat="39.789915" lon="2.801310"/>
    <trkpt lat="39.789988" lon="2.801370"/>
    <trkpt lat="39.790259" lon="2.801885"/>
    <trkpt lat="39.790607" lon="2.802499"/>
    <trkpt lat="39.790731" lon="2.802675"/>
    <trkpt lat="39.790868" lon="2.802783"/>
    <trkpt lat="39.790955" lon="2.802832"/>
    <trkpt lat="39.791078" lon="2.802839"/>
    <trkpt lat="39.791199" lon="2.802822"/>
    <trkpt lat="39.791316" lon="2.802800"/>
    <trkpt lat="39.791417" lon="2.802780"/>
    <trkpt lat="39.791517" lon="2.802775"/>
    <trkpt lat="39.791603" lon="2.802802"/>
    <trkpt lat="39.791683" lon="2.802891"/>
    <trkpt lat="39.791788" lon="2.803081"/>
    <trkpt lat="39.791923" lon="2.803411"/>
    <trkpt lat="39.792154" lon="2.803965"/>
    <trkpt lat="39.792348" lon="2.804191"/>
    <trkpt lat="39.792550" lon="2.804337"/>
    <trkpt lat="39.792681" lon="2.804405"/>
    <trkpt lat="39.792749" lon="2.804454"/>
    <trkpt lat="39.792807" lon="2.804572"/>
    <trkpt lat="39.792839" lon="2.804712"/>
    <trkpt lat="39.792857" lon="2.804932"/>
    <trkpt lat="39.792825" lon="2.805131"/>
    <trkpt lat="39.792741" lon="2.805380"/>
    <trkpt lat="39.792704" lon="2.805586"/>
    <trkpt lat="39.792707" lon="2.805752"/>
    <trkpt lat="39.792840" lon="2.806665"/>
    <trkpt lat="39.792872" lon="2.806783"/>
    <trkpt lat="39.792923" lon="2.806941"/>
    <trkpt lat="39.793010" lon="2.807074"/>
    <trkpt lat="39.793189" lon="2.807308"/>
    <trkpt lat="39.793323" lon="2.807465"/>
    <trkpt lat="39.793570" lon="2.807759"/>
    <trkpt lat="39.793741" lon="2.807959"/>
    <trkpt lat="39.793796" lon="2.808001"/>
    <trkpt lat="39.794034" lon="2.808097"/>
    <trkpt lat="39.794407" lon="2.808223"/>
    <trkpt lat="39.794631" lon="2.808336"/>
    <trkpt lat="39.795165" lon="2.808655"/>
    <trkpt lat="39.795284" lon="2.808766"/>
    <trkpt lat="39.795417" lon="2.808946"/>
    <trkpt lat="39.795640" lon="2.809303"/>
    <trkpt lat="39.795734" lon="2.809445"/>
    <trkpt lat="39.796362" lon="2.810372"/>
    <trkpt lat="39.796466" lon="2.810480"/>
    <trkpt lat="39.796519" lon="2.810526"/>
    <trkpt lat="39.796613" lon="2.810594"/>
    <trkpt lat="39.796821" lon="2.810677"/>
    <trkpt lat="39.796987" lon="2.810713"/>
    <trkpt lat="39.797457" lon="2.810792"/>
    <trkpt lat="39.797646" lon="2.810795"/>
    <trkpt lat="39.797790" lon="2.810781"/>
    <trkpt lat="39.797939" lon="2.810722"/>
    <trkpt lat="39.798099" lon="2.810633"/>
    <trkpt lat="39.798724" lon="2.810260"/>
    <trkpt lat="39.798826" lon="2.810193"/>
    <trkpt lat="39.798915" lon="2.810154"/>
    <trkpt lat="39.799003" lon="2.810119"/>
    <trkpt lat="39.799098" lon="2.810123"/>
    <trkpt lat="39.799238" lon="2.810178"/>
    <trkpt lat="39.799355" lon="2.810288"/>
    <trkpt lat="39.799675" lon="2.810603"/>
    <trkpt lat="39.799987" lon="2.810903"/>
    <trkpt lat="39.800261" lon="2.811101"/>
    <trkpt lat="39.800404" lon="2.811195"/>
    <trkpt lat="39.800536" lon="2.811282"/>
    <trkpt lat="39.800700" lon="2.811416"/>
    <trkpt lat="39.801160" lon="2.811845"/>
    <trkpt lat="39.801530" lon="2.812238"/>
    <trkpt lat="39.801832" lon="2.812601"/>
    <trkpt lat="39.802163" lon="2.813016"/>
    <trkpt lat="39.802637" lon="2.813641"/>
    <trkpt lat="39.803580" lon="2.815023"/>
    <trkpt lat="39.803818" lon="2.815443"/>
    <trkpt lat="39.804006" lon="2.815733"/>
    <trkpt lat="39.804277" lon="2.816083"/>
    <trkpt lat="39.804627" lon="2.816494"/>
    <trkpt lat="39.804805" lon="2.816689"/>
    <trkpt lat="39.805020" lon="2.816879"/>
    <trkpt lat="39.805274" lon="2.817068"/>
    <trkpt lat="39.805467" lon="2.817242"/>
    <trkpt lat="39.805661" lon="2.817447"/>
    <trkpt lat="39.805846" lon="2.817696"/>
    <trkpt lat="39.806012" lon="2.817939"/>
    <trkpt lat="39.806181" lon="2.818192"/>
    <trkpt lat="39.806314" lon="2.818393"/>
    <trkpt lat="39.806419" lon="2.818533"/>
    <trkpt lat="39.806532" lon="2.818661"/>
    <trkpt lat="39.806753" lon="2.818871"/>
    <trkpt lat="39.806928" lon="2.819045"/>
    <trkpt lat="39.807207" lon="2.819302"/>
    <trkpt lat="39.807678" lon="2.819731"/>
    <trkpt lat="39.808323" lon="2.820350"/>
    <trkpt lat="39.808678" lon="2.820691"/>
    <trkpt lat="39.808768" lon="2.820795"/>
    <trkpt lat="39.809085" lon="2.821219"/>
    <trkpt lat="39.809207" lon="2.821361"/>
    <trkpt lat="39.809279" lon="2.821423"/>
    <trkpt lat="39.809363" lon="2.821481"/>
    <trkpt lat="39.809469" lon="2.821546"/>
    <trkpt lat="39.809681" lon="2.821683"/>
    <trkpt lat="39.809785" lon="2.821762"/>
    <trkpt lat="39.809923" lon="2.821878"/>
    <trkpt lat="39.810050" lon="2.822001"/>
    <trkpt lat="39.810507" lon="2.822446"/>
    <trkpt lat="39.810656" lon="2.822581"/>
    <trkpt lat="39.810753" lon="2.822643"/>
    <trkpt lat="39.810811" lon="2.822669"/>
    <trkpt lat="39.810869" lon="2.822666"/>
    <trkpt lat="39.810948" lon="2.822652"/>
    <trkpt lat="39.811004" lon="2.822609"/>
    <trkpt lat="39.812774" lon="2.820999"/>
    <trkpt lat="39.812864" lon="2.820876"/>
    <trkpt lat="39.812894" lon="2.820777"/>
    <trkpt lat="39.812911" lon="2.820643"/>
    <trkpt lat="39.812904" lon="2.819945"/>
    <trkpt lat="39.812902" lon="2.819817"/>
    <trkpt lat="39.812911" lon="2.819169"/>
    <trkpt lat="39.812912" lon="2.819090"/>
    <trkpt lat="39.812941" lon="2.818923"/>
    <trkpt lat="39.813007" lon="2.818796"/>
    <trkpt lat="39.813092" lon="2.818719"/>
    <trkpt lat="39.813214" lon="2.818683"/>
    <trkpt lat="39.813339" lon="2.818703"/>
    <trkpt lat="39.813451" lon="2.818805"/>
    <trkpt lat="39.813554" lon="2.819032"/>
    <trkpt lat="39.813585" lon="2.819190"/>
    <trkpt lat="39.813592" lon="2.819390"/>
    <trkpt lat="39.813580" lon="2.820121"/>
    <trkpt lat="39.813623" lon="2.820468"/>
    <trkpt lat="39.813672" lon="2.820626"/>
    <trkpt lat="39.814072" lon="2.821435"/>
    <trkpt lat="39.814212" lon="2.821789"/>
    <trkpt lat="39.814404" lon="2.822199"/>
    <trkpt lat="39.814561" lon="2.822425"/>
    <trkpt lat="39.814766" lon="2.822615"/>
    <trkpt lat="39.815052" lon="2.822883"/>
    <trkpt lat="39.815586" lon="2.823374"/>
    <trkpt lat="39.815750" lon="2.823541"/>
    <trkpt lat="39.815833" lon="2.823655"/>
    <trkpt lat="39.815899" lon="2.823763"/>
    <trkpt lat="39.815972" lon="2.823896"/>
    <trkpt lat="39.816049" lon="2.824050"/>
    <trkpt lat="39.816093" lon="2.824169"/>
    <trkpt lat="39.816111" lon="2.824382"/>
    <trkpt lat="39.816109" lon="2.824431"/>
    <trkpt lat="39.816103" lon="2.824477"/>
    <trkpt lat="39.816090" lon="2.824533"/>
    <trkpt lat="39.816072" lon="2.824583"/>
    <trkpt lat="39.816050" lon="2.824628"/>
    <trkpt lat="39.815961" lon="2.824770"/>
    <trkpt lat="39.815874" lon="2.824862"/>
    <trkpt lat="39.815772" lon="2.824960"/>
    <trkpt lat="39.815590" lon="2.825143"/>
    <trkpt lat="39.815472" lon="2.825244"/>
    <trkpt lat="39.815100" lon="2.825473"/>
    <trkpt lat="39.815034" lon="2.825530"/>
    <trkpt lat="39.814971" lon="2.825599"/>
    <trkpt lat="39.814902" lon="2.825735"/>
    <trkpt lat="39.814871" lon="2.825847"/>
    <trkpt lat="39.814872" lon="2.825958"/>
    <trkpt lat="39.814893" lon="2.826075"/>
    <trkpt lat="39.814956" lon="2.826252"/>
    <trkpt lat="39.815092" lon="2.826520"/>
    <trkpt lat="39.815215" lon="2.826746"/>
    <trkpt lat="39.815370" lon="2.826985"/>
    <trkpt lat="39.815483" lon="2.827119"/>
    <trkpt lat="39.815766" lon="2.827401"/>
    <trkpt lat="39.815852" lon="2.827520"/>
    <trkpt lat="39.815908" lon="2.827619"/>
    <trkpt lat="39.815945" lon="2.827749"/>
    <trkpt lat="39.815985" lon="2.827971"/>
    <trkpt lat="39.816023" lon="2.828282"/>
    <trkpt lat="39.816192" lon="2.829488"/>
    <trkpt lat="39.816215" lon="2.829656"/>
    <trkpt lat="39.816230" lon="2.829742"/>
    <trkpt lat="39.816279" lon="2.829800"/>
    <trkpt lat="39.816357" lon="2.829832"/>
    <trkpt lat="39.816440" lon="2.829858"/>
    <trkpt lat="39.816525" lon="2.829861"/>
    <trkpt lat="39.816621" lon="2.829832"/>
    <trkpt lat="39.816751" lon="2.829735"/>
    <trkpt lat="39.816937" lon="2.829545"/>
    <trkpt lat="39.817555" lon="2.828918"/>
    <trkpt lat="39.817724" lon="2.828762"/>
    <trkpt lat="39.817813" lon="2.828728"/>
    <trkpt lat="39.817910" lon="2.828733"/>
    <trkpt lat="39.817975" lon="2.828755"/>
    <trkpt lat="39.818054" lon="2.828806"/>
    <trkpt lat="39.818196" lon="2.828944"/>
    <trkpt lat="39.818261" lon="2.829040"/>
    <trkpt lat="39.818288" lon="2.829128"/>
    <trkpt lat="39.818368" lon="2.829574"/>
    <trkpt lat="39.818415" lon="2.829747"/>
    <trkpt lat="39.818451" lon="2.829837"/>
    <trkpt lat="39.818521" lon="2.829881"/>
    <trkpt lat="39.818594" lon="2.829887"/>
    <trkpt lat="39.818660" lon="2.829857"/>
    <trkpt lat="39.818757" lon="2.829806"/>
    <trkpt lat="39.818878" lon="2.829673"/>
    <trkpt lat="39.818957" lon="2.829578"/>
    <trkpt lat="39.819030" lon="2.829514"/>
    <trkpt lat="39.819107" lon="2.829505"/>
    <trkpt lat="39.819168" lon="2.829534"/>
    <trkpt lat="39.819306" lon="2.829650"/>
    <trkpt lat="39.819500" lon="2.829871"/>
    <trkpt lat="39.819650" lon="2.830009"/>
    <trkpt lat="39.819795" lon="2.830063"/>
    <trkpt lat="39.820004" lon="2.830078"/>
    <trkpt lat="39.820174" lon="2.830050"/>
    <trkpt lat="39.820316" lon="2.830014"/>
    <trkpt lat="39.820488" lon="2.829948"/>
    <trkpt lat="39.820625" lon="2.829848"/>
    <trkpt lat="39.820693" lon="2.829755"/>
    <trkpt lat="39.820770" lon="2.829612"/>
    <trkpt lat="39.820819" lon="2.829460"/>
    <trkpt lat="39.820905" lon="2.829118"/>
    <trkpt lat="39.820962" lon="2.828946"/>
    <trkpt lat="39.821029" lon="2.828842"/>
    <trkpt lat="39.821088" lon="2.828775"/>
    <trkpt lat="39.821235" lon="2.828673"/>
    <trkpt lat="39.821579" lon="2.828372"/>
    <trkpt lat="39.821664" lon="2.828253"/>
    <trkpt lat="39.821689" lon="2.828139"/>
    <trkpt lat="39.821690" lon="2.828033"/>
    <trkpt lat="39.821672" lon="2.827894"/>
    <trkpt lat="39.821664" lon="2.827796"/>
    <trkpt lat="39.821674" lon="2.827730"/>
    <trkpt lat="39.821716" lon="2.827675"/>
    <trkpt lat="39.821779" lon="2.827652"/>
    <trkpt lat="39.821877" lon="2.827632"/>
    <trkpt lat="39.822073" lon="2.827594"/>
    <trkpt lat="39.822251" lon="2.827508"/>
    <trkpt lat="39.822435" lon="2.827396"/>
    <trkpt lat="39.822560" lon="2.827338"/>
    <trkpt lat="39.822652" lon="2.827311"/>
    <trkpt lat="39.822770" lon="2.827308"/>
    <trkpt lat="39.822887" lon="2.827337"/>
    <trkpt lat="39.823007" lon="2.827384"/>
    <trkpt lat="39.823121" lon="2.827446"/>
    <trkpt lat="39.823262" lon="2.827528"/>
    <trkpt lat="39.823499" lon="2.827732"/>
    <trkpt lat="39.823652" lon="2.827911"/>
    <trkpt lat="39.823680" lon="2.827943"/>
    <trkpt lat="39.824108" lon="2.828442"/>
    <trkpt lat="39.824597" lon="2.828931"/>
    <trkpt lat="39.824749" lon="2.829089"/>
    <trkpt lat="39.824880" lon="2.829193"/>
    <trkpt lat="39.825007" lon="2.829252"/>
    <trkpt lat="39.825140" lon="2.829304"/>
    <trkpt lat="39.825240" lon="2.829370"/>
    <trkpt lat="39.825490" lon="2.829497"/>
    <trkpt lat="39.825723" lon="2.829562"/>
    <trkpt lat="39.825902" lon="2.829599"/>
    <trkpt lat="39.826084" lon="2.829652"/>
    <trkpt lat="39.826214" lon="2.829713"/>
    <trkpt lat="39.826351" lon="2.829805"/>
    <trkpt lat="39.826533" lon="2.829925"/>
    <trkpt lat="39.826607" lon="2.829997"/>
    <trkpt lat="39.826835" lon="2.830276"/>
    <trkpt lat="39.827107" lon="2.830596"/>
    <trkpt lat="39.827209" lon="2.830740"/>
    <trkpt lat="39.827599" lon="2.831291"/>
    <trkpt lat="39.827681" lon="2.831421"/>
    <trkpt lat="39.827749" lon="2.831529"/>
    <trkpt lat="39.827793" lon="2.831667"/>
    <trkpt lat="39.827812" lon="2.831764"/>
    <trkpt lat="39.827859" lon="2.832169"/>
    <trkpt lat="39.827890" lon="2.832413"/>
    <trkpt lat="39.827992" lon="2.832793"/>
    <trkpt lat="39.828014" lon="2.832867"/>
    <trkpt lat="39.828101" lon="2.833164"/>
    <trkpt lat="39.828185" lon="2.833371"/>
    <trkpt lat="39.828282" lon="2.833556"/>
    <trkpt lat="39.828348" lon="2.833686"/>
    <trkpt lat="39.828401" lon="2.833916"/>
    <trkpt lat="39.828435" lon="2.834142"/>
    <trkpt lat="39.828442" lon="2.834228"/>
    <trkpt lat="39.828428" lon="2.834365"/>
    <trkpt lat="39.828317" lon="2.834816"/>
    <trkpt lat="39.828211" lon="2.835249"/>
    <trkpt lat="39.828164" lon="2.835559"/>
    <trkpt lat="39.828158" lon="2.835900"/>
    <trkpt lat="39.828184" lon="2.836156"/>
    <trkpt lat="39.828272" lon="2.836409"/>
    <trkpt lat="39.828332" lon="2.836535"/>
    <trkpt lat="39.828482" lon="2.836789"/>
    <trkpt lat="39.828578" lon="2.836922"/>
    <trkpt lat="39.828616" lon="2.837027"/>
    <trkpt lat="39.828636" lon="2.837135"/>
    <trkpt lat="39.828640" lon="2.837167"/>
    <trkpt lat="39.828646" lon="2.837220"/>
    <trkpt lat="39.828644" lon="2.837308"/>
    <trkpt lat="39.828632" lon="2.837421"/>
    <trkpt lat="39.828568" lon="2.837654"/>
    <trkpt lat="39.828475" lon="2.837929"/>
    <trkpt lat="39.828445" lon="2.838020"/>
    <trkpt lat="39.828402" lon="2.838092"/>
    <trkpt lat="39.828314" lon="2.838157"/>
    <trkpt lat="39.828239" lon="2.838194"/>
    <trkpt lat="39.828052" lon="2.838284"/>
    <trkpt lat="39.827857" lon="2.838383"/>
    <trkpt lat="39.827500" lon="2.838615"/>
    <trkpt lat="39.827315" lon="2.838747"/>
    <trkpt lat="39.827204" lon="2.838823"/>
    <trkpt lat="39.827134" lon="2.838856"/>
    <trkpt lat="39.827061" lon="2.838881"/>
    <trkpt lat="39.826924" lon="2.838917"/>
    <trkpt lat="39.826690" lon="2.838978"/>
    <trkpt lat="39.826308" lon="2.839078"/>
    <trkpt lat="39.826124" lon="2.839135"/>
    <trkpt lat="39.826056" lon="2.839168"/>
    <trkpt lat="39.825990" lon="2.839224"/>
    <trkpt lat="39.825949" lon="2.839273"/>
    <trkpt lat="39.825887" lon="2.839360"/>
    <trkpt lat="39.825854" lon="2.839446"/>
    <trkpt lat="39.825835" lon="2.839520"/>
    <trkpt lat="39.825821" lon="2.839635"/>
    <trkpt lat="39.825809" lon="2.839776"/>
    <trkpt lat="39.825785" lon="2.840431"/>
    <trkpt lat="39.825776" lon="2.840857"/>
    <trkpt lat="39.825799" lon="2.841095"/>
    <trkpt lat="39.825830" lon="2.841306"/>
    <trkpt lat="39.825858" lon="2.841489"/>
    <trkpt lat="39.825896" lon="2.841522"/>
    <trkpt lat="39.825939" lon="2.841531"/>
    <trkpt lat="39.826001" lon="2.841505"/>
    <trkpt lat="39.826093" lon="2.841423"/>
    <trkpt lat="39.826221" lon="2.841345"/>
    <trkpt lat="39.826276" lon="2.841329"/>
    <trkpt lat="39.826331" lon="2.841342"/>
    <trkpt lat="39.826375" lon="2.841385"/>
    <trkpt lat="39.826432" lon="2.841497"/>
    <trkpt lat="39.826523" lon="2.841736"/>
    <trkpt lat="39.826562" lon="2.841858"/>
    <trkpt lat="39.826575" lon="2.841962"/>
    <trkpt lat="39.826572" lon="2.842122"/>
    <trkpt lat="39.826542" lon="2.842541"/>
    <trkpt lat="39.826512" lon="2.843115"/>
    <trkpt lat="39.826484" lon="2.843518"/>
    <trkpt lat="39.826467" lon="2.843841"/>
    <trkpt lat="39.826454" lon="2.844004"/>
    <trkpt lat="39.826330" lon="2.844830"/>
    <trkpt lat="39.826242" lon="2.845283"/>
    <trkpt lat="39.826129" lon="2.845840"/>
    <trkpt lat="39.826090" lon="2.846052"/>
    <trkpt lat="39.826079" lon="2.846189"/>
    <trkpt lat="39.826100" lon="2.846461"/>
    <trkpt lat="39.826152" lon="2.846940"/>
    <trkpt lat="39.826158" lon="2.846996"/>
    <trkpt lat="39.826170" lon="2.847103"/>
    <trkpt lat="39.826176" lon="2.847209"/>
    <trkpt lat="39.826164" lon="2.847306"/>
    <trkpt lat="39.826153" lon="2.847354"/>
    <trkpt lat="39.826139" lon="2.847417"/>
    <trkpt lat="39.826112" lon="2.847492"/>
    <trkpt lat="39.826086" lon="2.847563"/>
    <trkpt lat="39.826039" lon="2.847645"/>
    <trkpt lat="39.825977" lon="2.847716"/>
    <trkpt lat="39.825884" lon="2.847797"/>
    <trkpt lat="39.825827" lon="2.847834"/>
    <trkpt lat="39.825778" lon="2.847866"/>
    <trkpt lat="39.825701" lon="2.847916"/>
    <trkpt lat="39.825618" lon="2.847978"/>
    <trkpt lat="39.825571" lon="2.848057"/>
    <trkpt lat="39.825484" lon="2.848284"/>
    <trkpt lat="39.825272" lon="2.848857"/>
    <trkpt lat="39.825134" lon="2.849233"/>
    <trkpt lat="39.824921" lon="2.850090"/>
    <trkpt lat="39.824865" lon="2.850231"/>
    <trkpt lat="39.824824" lon="2.850307"/>
    <trkpt lat="39.824737" lon="2.850422"/>
    <trkpt lat="39.824365" lon="2.850948"/>
    <trkpt lat="39.824138" lon="2.851227"/>
    <trkpt lat="39.823918" lon="2.851484"/>
    <trkpt lat="39.823872" lon="2.851535"/>
    <trkpt lat="39.823590" lon="2.851711"/>
    <trkpt lat="39.823518" lon="2.851775"/>
    <trkpt lat="39.823439" lon="2.851871"/>
    <trkpt lat="39.823326" lon="2.852032"/>
    <trkpt lat="39.823276" lon="2.852139"/>
    <trkpt lat="39.823252" lon="2.852240"/>
    <trkpt lat="39.823234" lon="2.852386"/>
    <trkpt lat="39.823221" lon="2.852570"/>
    <trkpt lat="39.823192" lon="2.852688"/>
    <trkpt lat="39.823154" lon="2.852793"/>
    <trkpt lat="39.823048" lon="2.853019"/>
    <trkpt lat="39.822889" lon="2.853315"/>
    <trkpt lat="39.822653" lon="2.853693"/>
    <trkpt lat="39.822585" lon="2.853796"/>
    <trkpt lat="39.822520" lon="2.853889"/>
    <trkpt lat="39.822485" lon="2.853975"/>
    <trkpt lat="39.822478" lon="2.854069"/>
    <trkpt lat="39.822486" lon="2.854162"/>
    <trkpt lat="39.822504" lon="2.854256"/>
    <trkpt lat="39.822538" lon="2.854382"/>
    <trkpt lat="39.822540" lon="2.854423"/>
    <trkpt lat="39.822542" lon="2.854466"/>
    <trkpt lat="39.822538" lon="2.854562"/>
    <trkpt lat="39.822516" lon="2.854728"/>
    <trkpt lat="39.822469" lon="2.854981"/>
    <trkpt lat="39.822433" lon="2.855163"/>
    <trkpt lat="39.822392" lon="2.855350"/>
    <trkpt lat="39.822372" lon="2.855471"/>
    <trkpt lat="39.822375" lon="2.855605"/>
    <trkpt lat="39.822392" lon="2.855712"/>
    <trkpt lat="39.822433" lon="2.855826"/>
    <trkpt lat="39.822489" lon="2.855908"/>
    <trkpt lat="39.822602" lon="2.855995"/>
    <trkpt lat="39.822727" lon="2.856051"/>
    <trkpt lat="39.822850" lon="2.856096"/>
    <trkpt lat="39.823034" lon="2.856161"/>
    <trkpt lat="39.823255" lon="2.856260"/>
    <trkpt lat="39.823480" lon="2.856354"/>
    <trkpt lat="39.823594" lon="2.856413"/>
    <trkpt lat="39.823662" lon="2.856465"/>
    <trkpt lat="39.823738" lon="2.856556"/>
    <trkpt lat="39.823818" lon="2.856686"/>
    <trkpt lat="39.823966" lon="2.857005"/>
    <trkpt lat="39.824115" lon="2.857413"/>
    <trkpt lat="39.824137" lon="2.857507"/>
    <trkpt lat="39.824146" lon="2.857622"/>
    <trkpt lat="39.824150" lon="2.857734"/>
    <trkpt lat="39.824164" lon="2.857821"/>
    <trkpt lat="39.824198" lon="2.857919"/>
    <trkpt lat="39.824275" lon="2.858060"/>
    <trkpt lat="39.824389" lon="2.858237"/>
    <trkpt lat="39.824646" lon="2.858650"/>
    <trkpt lat="39.824721" lon="2.858792"/>
    <trkpt lat="39.824774" lon="2.858913"/>
    <trkpt lat="39.824801" lon="2.859037"/>
    <trkpt lat="39.824793" lon="2.859140"/>
    <trkpt lat="39.824767" lon="2.859218"/>
    <trkpt lat="39.824382" lon="2.860047"/>
    <trkpt lat="39.824006" lon="2.860822"/>
    <trkpt lat="39.823927" lon="2.860981"/>
    <trkpt lat="39.823867" lon="2.861045"/>
    <trkpt lat="39.823815" lon="2.861071"/>
    <trkpt lat="39.823720" lon="2.861088"/>
    <trkpt lat="39.823567" lon="2.861041"/>
    <trkpt lat="39.823451" lon="2.860999"/>
    <trkpt lat="39.823371" lon="2.860986"/>
    <trkpt lat="39.823309" lon="2.861018"/>
    <trkpt lat="39.823268" lon="2.861088"/>
    <trkpt lat="39.823241" lon="2.861195"/>
    <trkpt lat="39.823246" lon="2.861357"/>
    <trkpt lat="39.823271" lon="2.861517"/>
    <trkpt lat="39.823327" lon="2.861743"/>
    <trkpt lat="39.823344" lon="2.861834"/>
    <trkpt lat="39.823349" lon="2.861909"/>
    <trkpt lat="39.823339" lon="2.861948"/>
    <trkpt lat="39.823315" lon="2.861989"/>
    <trkpt lat="39.823271" lon="2.862043"/>
    <trkpt lat="39.823201" lon="2.862121"/>
    <trkpt lat="39.823148" lon="2.862202"/>
    <trkpt lat="39.823108" lon="2.862286"/>
    <trkpt lat="39.823087" lon="2.862392"/>
    <trkpt lat="39.823083" lon="2.862534"/>
    <trkpt lat="39.823088" lon="2.862776"/>
    <trkpt lat="39.823075" lon="2.862898"/>
    <trkpt lat="39.823057" lon="2.862970"/>
    <trkpt lat="39.823023" lon="2.863057"/>
    <trkpt lat="39.822866" lon="2.863316"/>
    <trkpt lat="39.822711" lon="2.863580"/>
    <trkpt lat="39.822476" lon="2.863980"/>
    <trkpt lat="39.822149" lon="2.864494"/>
    <trkpt lat="39.822052" lon="2.864674"/>
    <trkpt lat="39.822022" lon="2.864803"/>
    <trkpt lat="39.822008" lon="2.864894"/>
    <trkpt lat="39.822009" lon="2.865009"/>
    <trkpt lat="39.822052" lon="2.865181"/>
    <trkpt lat="39.822148" lon="2.865352"/>
    <trkpt lat="39.822197" lon="2.865448"/>
    <trkpt lat="39.822218" lon="2.865543"/>
    <trkpt lat="39.822217" lon="2.865637"/>
    <trkpt lat="39.822204" lon="2.865701"/>
    <trkpt lat="39.822152" lon="2.865801"/>
    <trkpt lat="39.822075" lon="2.865911"/>
    <trkpt lat="39.821718" lon="2.866397"/>
    <trkpt lat="39.821644" lon="2.866512"/>
    <trkpt lat="39.821581" lon="2.866646"/>
    <trkpt lat="39.821540" lon="2.866774"/>
    <trkpt lat="39.821520" lon="2.866935"/>
    <trkpt lat="39.821528" lon="2.867134"/>
    <trkpt lat="39.821544" lon="2.867262"/>
    <trkpt lat="39.821581" lon="2.867427"/>
    <trkpt lat="39.821688" lon="2.867727"/>
    <trkpt lat="39.821729" lon="2.867908"/>
    <trkpt lat="39.821781" lon="2.868217"/>
    <trkpt lat="39.821859" lon="2.868694"/>
    <trkpt lat="39.821865" lon="2.868784"/>
    <trkpt lat="39.821859" lon="2.868946"/>
    <trkpt lat="39.821830" lon="2.869250"/>
    <trkpt lat="39.821798" lon="2.869433"/>
    <trkpt lat="39.821718" lon="2.869781"/>
    <trkpt lat="39.821683" lon="2.869893"/>
    <trkpt lat="39.821612" lon="2.870046"/>
    <trkpt lat="39.821502" lon="2.870249"/>
    <trkpt lat="39.821434" lon="2.870390"/>
    <trkpt lat="39.821106" lon="2.871176"/>
    <trkpt lat="39.820868" lon="2.871771"/>
    <trkpt lat="39.820745" lon="2.872072"/>
    <trkpt lat="39.820636" lon="2.872302"/>
    <trkpt lat="39.820590" lon="2.872403"/>
    <trkpt lat="39.820498" lon="2.872582"/>
    <trkpt lat="39.820437" lon="2.872720"/>
    <trkpt lat="39.820397" lon="2.872885"/>
    <trkpt lat="39.820389" lon="2.873091"/>
    <trkpt lat="39.820399" lon="2.873246"/>
    <trkpt lat="39.820462" lon="2.873587"/>
    <trkpt lat="39.820505" lon="2.873820"/>
    <trkpt lat="39.820560" lon="2.874011"/>
    <trkpt lat="39.820617" lon="2.874197"/>
    <trkpt lat="39.820642" lon="2.874284"/>
    <trkpt lat="39.820646" lon="2.874356"/>
    <trkpt lat="39.820637" lon="2.874396"/>
    <trkpt lat="39.820614" lon="2.874456"/>
    <trkpt lat="39.820495" lon="2.874608"/>
    <trkpt lat="39.820399" lon="2.874711"/>
    <trkpt lat="39.820275" lon="2.874861"/>
    <trkpt lat="39.820231" lon="2.874921"/>
    <trkpt lat="39.820206" lon="2.875012"/>
    <trkpt lat="39.820175" lon="2.875217"/>
    <trkpt lat="39.820148" lon="2.875451"/>
    <trkpt lat="39.820116" lon="2.875633"/>
    <trkpt lat="39.820082" lon="2.875751"/>
    <trkpt lat="39.819971" lon="2.876001"/>
    <trkpt lat="39.819894" lon="2.876130"/>
    <trkpt lat="39.819841" lon="2.876218"/>
    <trkpt lat="39.819766" lon="2.876291"/>
    <trkpt lat="39.819653" lon="2.876342"/>
    <trkpt lat="39.819505" lon="2.876396"/>
    <trkpt lat="39.819321" lon="2.876444"/>
    <trkpt lat="39.819052" lon="2.876485"/>
    <trkpt lat="39.818812" lon="2.876508"/>
    <trkpt lat="39.818716" lon="2.876529"/>
    <trkpt lat="39.818614" lon="2.876568"/>
    <trkpt lat="39.818501" lon="2.876649"/>
    <trkpt lat="39.818439" lon="2.876719"/>
    <trkpt lat="39.818339" lon="2.876841"/>
    <trkpt lat="39.818269" lon="2.876975"/>
    <trkpt lat="39.818235" lon="2.877069"/>
    <trkpt lat="39.818187" lon="2.877157"/>
    <trkpt lat="39.818137" lon="2.877203"/>
    <trkpt lat="39.818087" lon="2.877227"/>
    <trkpt lat="39.817958" lon="2.877256"/>
    <trkpt lat="39.817711" lon="2.877305"/>
    <trkpt lat="39.817645" lon="2.877312"/>
    <trkpt lat="39.817597" lon="2.877298"/>
    <trkpt lat="39.817515" lon="2.877255"/>
    <trkpt lat="39.817450" lon="2.877207"/>
    <trkpt lat="39.817360" lon="2.877166"/>
    <trkpt lat="39.817287" lon="2.877151"/>
    <trkpt lat="39.817178" lon="2.877159"/>
    <trkpt lat="39.817096" lon="2.877181"/>
    <trkpt lat="39.817036" lon="2.877216"/>
    <trkpt lat="39.816989" lon="2.877275"/>
    <trkpt lat="39.816962" lon="2.877372"/>
    <trkpt lat="39.816947" lon="2.877494"/>
    <trkpt lat="39.816939" lon="2.877662"/>
    <trkpt lat="39.816964" lon="2.877846"/>
    <trkpt lat="39.817027" lon="2.878029"/>
    <trkpt lat="39.817065" lon="2.878152"/>
    <trkpt lat="39.817067" lon="2.878203"/>
    <trkpt lat="39.817056" lon="2.878260"/>
    <trkpt lat="39.817025" lon="2.878288"/>
    <trkpt lat="39.816997" lon="2.878312"/>
    <trkpt lat="39.816957" lon="2.878317"/>
    <trkpt lat="39.816922" lon="2.878306"/>
    <trkpt lat="39.816725" lon="2.878210"/>
    <trkpt lat="39.816651" lon="2.878174"/>
    <trkpt lat="39.816533" lon="2.878171"/>
    <trkpt lat="39.816450" lon="2.878189"/>
    <trkpt lat="39.816327" lon="2.878238"/>
    <trkpt lat="39.816192" lon="2.878326"/>
    <trkpt lat="39.816069" lon="2.878442"/>
    <trkpt lat="39.816012" lon="2.878512"/>
    <trkpt lat="39.815959" lon="2.878623"/>
    <trkpt lat="39.815880" lon="2.878842"/>
    <trkpt lat="39.815813" lon="2.878985"/>
    <trkpt lat="39.815739" lon="2.879143"/>
    <trkpt lat="39.815700" lon="2.879256"/>
    <trkpt lat="39.815685" lon="2.879364"/>
    <trkpt lat="39.815679" lon="2.879448"/>
    <trkpt lat="39.815715" lon="2.879703"/>
    <trkpt lat="39.815745" lon="2.879846"/>
    <trkpt lat="39.815776" lon="2.880134"/>
    <trkpt lat="39.815797" lon="2.880393"/>
    <trkpt lat="39.815803" lon="2.880528"/>
    <trkpt lat="39.815790" lon="2.880647"/>
    <trkpt lat="39.815761" lon="2.880736"/>
    <trkpt lat="39.815717" lon="2.880813"/>
    <trkpt lat="39.815662" lon="2.880884"/>
    <trkpt lat="39.815540" lon="2.881053"/>
    <trkpt lat="39.815460" lon="2.881200"/>
    <trkpt lat="39.815406" lon="2.881313"/>
    <trkpt lat="39.815368" lon="2.881486"/>
    <trkpt lat="39.815354" lon="2.881624"/>
    <trkpt lat="39.815362" lon="2.881757"/>
    <trkpt lat="39.815395" lon="2.881909"/>
    <trkpt lat="39.815453" lon="2.882131"/>
    <trkpt lat="39.815497" lon="2.882326"/>
    <trkpt lat="39.815508" lon="2.882409"/>
    <trkpt lat="39.815507" lon="2.882521"/>
    <trkpt lat="39.815498" lon="2.882701"/>
    <trkpt lat="39.815498" lon="2.882943"/>
    <trkpt lat="39.815452" lon="2.883390"/>
    <trkpt lat="39.815421" lon="2.883656"/>
    <trkpt lat="39.815417" lon="2.884307"/>
    <trkpt lat="39.815381" lon="2.884466"/>
    <trkpt lat="39.815345" lon="2.884649"/>
    <trkpt lat="39.815336" lon="2.884705"/>
    <trkpt lat="39.815325" lon="2.884780"/>
    <trkpt lat="39.815323" lon="2.884879"/>
    <trkpt lat="39.815343" lon="2.884977"/>
    <trkpt lat="39.815370" lon="2.885045"/>
    <trkpt lat="39.815485" lon="2.885244"/>
    <trkpt lat="39.815597" lon="2.885448"/>
    <trkpt lat="39.815638" lon="2.885528"/>
    <trkpt lat="39.815670" lon="2.885625"/>
    <trkpt lat="39.815692" lon="2.885757"/>
    <trkpt lat="39.815730" lon="2.885931"/>
    <trkpt lat="39.815776" lon="2.886061"/>
    <trkpt lat="39.815890" lon="2.886278"/>
    <trkpt lat="39.815955" lon="2.886405"/>
    <trkpt lat="39.815978" lon="2.886475"/>
    <trkpt lat="39.815989" lon="2.886531"/>
    <trkpt lat="39.815981" lon="2.886602"/>
    <trkpt lat="39.815954" lon="2.886692"/>
    <trkpt lat="39.815887" lon="2.886810"/>
    <trkpt lat="39.815786" lon="2.886973"/>
    <trkpt lat="39.815601" lon="2.887328"/>
    <trkpt lat="39.815504" lon="2.887586"/>
    <trkpt lat="39.815430" lon="2.887808"/>
    <trkpt lat="39.815376" lon="2.887943"/>
    <trkpt lat="39.815312" lon="2.888032"/>
    <trkpt lat="39.815174" lon="2.888186"/>
    <trkpt lat="39.814970" lon="2.888336"/>
    <trkpt lat="39.814753" lon="2.888508"/>
    <trkpt lat="39.814304" lon="2.888849"/>
    <trkpt lat="39.813930" lon="2.889122"/>
    <trkpt lat="39.813660" lon="2.889281"/>
    <trkpt lat="39.813511" lon="2.889369"/>
    <trkpt lat="39.813337" lon="2.889467"/>
    <trkpt lat="39.813395" lon="2.889578"/>
    <trkpt lat="39.813468" lon="2.889713"/>
    <trkpt lat="39.813778" lon="2.890171"/>
    <trkpt lat="39.813883" lon="2.890319"/>
    <trkpt lat="39.814159" lon="2.890549"/>
    <trkpt lat="39.814412" lon="2.890761"/>
    <trkpt lat="39.814468" lon="2.890873"/>
    <trkpt lat="39.814522" lon="2.891028"/>
    <trkpt lat="39.814622" lon="2.891630"/>
    <trkpt lat="39.814667" lon="2.891798"/>
    <trkpt lat="39.814733" lon="2.891941"/>
    <trkpt lat="39.814867" lon="2.892226"/>
    <trkpt lat="39.815029" lon="2.892561"/>
    <trkpt lat="39.815153" lon="2.892872"/>
    <trkpt lat="39.815224" lon="2.893260"/>
    <trkpt lat="39.815295" lon="2.893771"/>
    <trkpt lat="39.815385" lon="2.894346"/>
    <trkpt lat="39.815453" lon="2.894761"/>
    <trkpt lat="39.815536" lon="2.895397"/>
    <trkpt lat="39.815580" lon="2.895659"/>
    <trkpt lat="39.815650" lon="2.896028"/>
    <trkpt lat="39.815724" lon="2.896211"/>
    <trkpt lat="39.815784" lon="2.896282"/>
    <trkpt lat="39.815808" lon="2.896310"/>
    <trkpt lat="39.815879" lon="2.896349"/>
    <trkpt lat="39.815977" lon="2.896380"/>
    <trkpt lat="39.816072" lon="2.896367"/>
    <trkpt lat="39.816170" lon="2.896300"/>
    <trkpt lat="39.816238" lon="2.896216"/>
    <trkpt lat="39.816304" lon="2.896067"/>
    <trkpt lat="39.816383" lon="2.895805"/>
    <trkpt lat="39.816460" lon="2.895382"/>
    <trkpt lat="39.816502" lon="2.895195"/>
    <trkpt lat="39.816687" lon="2.894260"/>
    <trkpt lat="39.816740" lon="2.894107"/>
    <trkpt lat="39.816806" lon="2.893987"/>
    <trkpt lat="39.816876" lon="2.893917"/>
    <trkpt lat="39.816912" lon="2.893892"/>
    <trkpt lat="39.817106" lon="2.893803"/>
    <trkpt lat="39.817195" lon="2.893787"/>
    <trkpt lat="39.817264" lon="2.893760"/>
    <trkpt lat="39.817296" lon="2.893729"/>
    <trkpt lat="39.817319" lon="2.893707"/>
    <trkpt lat="39.817368" lon="2.893573"/>
    <trkpt lat="39.817549" lon="2.892839"/>
    <trkpt lat="39.817581" lon="2.892704"/>
    <trkpt lat="39.817626" lon="2.892585"/>
    <trkpt lat="39.817702" lon="2.892493"/>
    <trkpt lat="39.817777" lon="2.892477"/>
    <trkpt lat="39.817865" lon="2.892489"/>
    <trkpt lat="39.818070" lon="2.892547"/>
    <trkpt lat="39.818239" lon="2.892580"/>
    <trkpt lat="39.818637" lon="2.892669"/>
    <trkpt lat="39.818858" lon="2.892674"/>
    <trkpt lat="39.819268" lon="2.892695"/>
    <trkpt lat="39.819537" lon="2.892708"/>
    <trkpt lat="39.819640" lon="2.892708"/>
    <trkpt lat="39.819715" lon="2.892694"/>
    <trkpt lat="39.819778" lon="2.892648"/>
    <trkpt lat="39.819849" lon="2.892563"/>
    <trkpt lat="39.819992" lon="2.892378"/>
    <trkpt lat="39.820051" lon="2.892329"/>
    <trkpt lat="39.820129" lon="2.892284"/>
    <trkpt lat="39.820260" lon="2.892287"/>
    <trkpt lat="39.820368" lon="2.892308"/>
    <trkpt lat="39.820565" lon="2.892354"/>
    <trkpt lat="39.820739" lon="2.892400"/>
    <trkpt lat="39.820792" lon="2.892456"/>
    <trkpt lat="39.820822" lon="2.892418"/>
    <trkpt lat="39.820847" lon="2.892379"/>
    <trkpt lat="39.820869" lon="2.892316"/>
    <trkpt lat="39.821195" lon="2.891194"/>
    <trkpt lat="39.821272" lon="2.890931"/>
    <trkpt lat="39.821362" lon="2.890621"/>
    <trkpt lat="39.821528" lon="2.890075"/>
    <trkpt lat="39.821740" lon="2.889325"/>
    <trkpt lat="39.821790" lon="2.889059"/>
    <trkpt lat="39.821916" lon="2.888198"/>
    <trkpt lat="39.821972" lon="2.887730"/>
    <trkpt lat="39.821980" lon="2.887576"/>
    <trkpt lat="39.821973" lon="2.887477"/>
    <trkpt lat="39.821814" lon="2.887071"/>
    <trkpt lat="39.821359" lon="2.886198"/>
    <trkpt lat="39.820998" lon="2.885401"/>
    <trkpt lat="39.820949" lon="2.885236"/>
    <trkpt lat="39.820967" lon="2.884980"/>
    <trkpt lat="39.821028" lon="2.884839"/>
    <trkpt lat="39.821094" lon="2.884743"/>
    <trkpt lat="39.821285" lon="2.884678"/>
    <trkpt lat="39.821297" lon="2.884707"/>
    <trkpt lat="39.821321" lon="2.884736"/>
    <trkpt lat="39.821350" lon="2.884750"/>
    <trkpt lat="39.821369" lon="2.884751"/>
    <trkpt lat="39.821392" lon="2.884745"/>
    <trkpt lat="39.821417" lon="2.884726"/>
    <trkpt lat="39.821429" lon="2.884710"/>
    <trkpt lat="39.821436" lon="2.884694"/>
    <trkpt lat="39.821446" lon="2.884648"/>
    <trkpt lat="39.821446" lon="2.884648"/>
    <trkpt lat="39.821436" lon="2.884694"/>
    <trkpt lat="39.821429" lon="2.884710"/>
    <trkpt lat="39.821417" lon="2.884726"/>
    <trkpt lat="39.821392" lon="2.884745"/>
    <trkpt lat="39.821369" lon="2.884751"/>
    <trkpt lat="39.821350" lon="2.884750"/>
    <trkpt lat="39.821321" lon="2.884736"/>
    <trkpt lat="39.821297" lon="2.884707"/>
    <trkpt lat="39.821285" lon="2.884678"/>
    <trkpt lat="39.821094" lon="2.884743"/>
    <trkpt lat="39.821028" lon="2.884839"/>
    <trkpt lat="39.820967" lon="2.884980"/>
    <trkpt lat="39.820949" lon="2.885236"/>
    <trkpt lat="39.820998" lon="2.885401"/>
    <trkpt lat="39.821359" lon="2.886198"/>
    <trkpt lat="39.821814" lon="2.887071"/>
    <trkpt lat="39.821973" lon="2.887477"/>
    <trkpt lat="39.821980" lon="2.887576"/>
    <trkpt lat="39.821972" lon="2.887730"/>
    <trkpt lat="39.821916" lon="2.888198"/>
    <trkpt lat="39.821790" lon="2.889059"/>
    <trkpt lat="39.821740" lon="2.889325"/>
    <trkpt lat="39.821528" lon="2.890075"/>
    <trkpt lat="39.821362" lon="2.890621"/>
    <trkpt lat="39.821272" lon="2.890931"/>
    <trkpt lat="39.821195" lon="2.891194"/>
    <trkpt lat="39.820869" lon="2.892316"/>
    <trkpt lat="39.820847" lon="2.892379"/>
    <trkpt lat="39.820822" lon="2.892418"/>
    <trkpt lat="39.820792" lon="2.892456"/>
    <trkpt lat="39.820803" lon="2.892537"/>
    <trkpt lat="39.820749" lon="2.892729"/>
    <trkpt lat="39.820606" lon="2.893149"/>
    <trkpt lat="39.820508" lon="2.893616"/>
    <trkpt lat="39.820504" lon="2.893774"/>
    <trkpt lat="39.820516" lon="2.893911"/>
    <trkpt lat="39.820560" lon="2.894121"/>
    <trkpt lat="39.820611" lon="2.894239"/>
    <trkpt lat="39.820687" lon="2.894418"/>
    <trkpt lat="39.820734" lon="2.894507"/>
    <trkpt lat="39.821235" lon="2.895191"/>
    <trkpt lat="39.822087" lon="2.896342"/>
    <trkpt lat="39.822994" lon="2.897593"/>
    <trkpt lat="39.823490" lon="2.898234"/>
    <trkpt lat="39.823744" lon="2.898520"/>
    <trkpt lat="39.824007" lon="2.898783"/>
    <trkpt lat="39.824477" lon="2.899176"/>
    <trkpt lat="39.825086" lon="2.899631"/>
    <trkpt lat="39.825311" lon="2.899777"/>
    <trkpt lat="39.825514" lon="2.899904"/>
    <trkpt lat="39.825755" lon="2.899958"/>
    <trkpt lat="39.825815" lon="2.899956"/>
    <trkpt lat="39.825901" lon="2.899953"/>
    <trkpt lat="39.826124" lon="2.899945"/>
    <trkpt lat="39.826601" lon="2.899884"/>
    <trkpt lat="39.826868" lon="2.899829"/>
    <trkpt lat="39.827023" lon="2.899706"/>
    <trkpt lat="39.827122" lon="2.899577"/>
    <trkpt lat="39.827299" lon="2.899123"/>
    <trkpt lat="39.827584" lon="2.898421"/>
    <trkpt lat="39.827644" lon="2.898278"/>
    <trkpt lat="39.827678" lon="2.898204"/>
    <trkpt lat="39.827707" lon="2.898155"/>
    <trkpt lat="39.827731" lon="2.898121"/>
    <trkpt lat="39.827760" lon="2.898090"/>
    <trkpt lat="39.827797" lon="2.898058"/>
    <trkpt lat="39.827841" lon="2.898026"/>
    <trkpt lat="39.827882" lon="2.898003"/>
    <trkpt lat="39.827924" lon="2.897985"/>
    <trkpt lat="39.827963" lon="2.897972"/>
    <trkpt lat="39.827992" lon="2.897967"/>
    <trkpt lat="39.828028" lon="2.897965"/>
    <trkpt lat="39.828083" lon="2.897972"/>
    <trkpt lat="39.828122" lon="2.897981"/>
    <trkpt lat="39.828735" lon="2.898140"/>
    <trkpt lat="39.828791" lon="2.898145"/>
    <trkpt lat="39.828830" lon="2.898146"/>
    <trkpt lat="39.828861" lon="2.898142"/>
    <trkpt lat="39.828902" lon="2.898133"/>
    <trkpt lat="39.828944" lon="2.898118"/>
    <trkpt lat="39.828980" lon="2.898097"/>
    <trkpt lat="39.829021" lon="2.898068"/>
    <trkpt lat="39.829052" lon="2.898043"/>
    <trkpt lat="39.829085" lon="2.898009"/>
    <trkpt lat="39.829115" lon="2.897971"/>
    <trkpt lat="39.829152" lon="2.897919"/>
    <trkpt lat="39.829211" lon="2.897822"/>
    <trkpt lat="39.829308" lon="2.897650"/>
    <trkpt lat="39.829359" lon="2.897559"/>
    <trkpt lat="39.829672" lon="2.897017"/>
    <trkpt lat="39.829965" lon="2.896498"/>
    <trkpt lat="39.830127" lon="2.896210"/>
    <trkpt lat="39.830235" lon="2.896032"/>
    <trkpt lat="39.830323" lon="2.895926"/>
    <trkpt lat="39.830394" lon="2.895860"/>
    <trkpt lat="39.830531" lon="2.895778"/>
    <trkpt lat="39.830673" lon="2.895732"/>
    <trkpt lat="39.830720" lon="2.895717"/>
    <trkpt lat="39.831086" lon="2.895652"/>
    <trkpt lat="39.831486" lon="2.895601"/>
    <trkpt lat="39.831650" lon="2.895613"/>
    <trkpt lat="39.831847" lon="2.895644"/>
    <trkpt lat="39.832222" lon="2.895727"/>
    <trkpt lat="39.833054" lon="2.895893"/>
    <trkpt lat="39.833352" lon="2.895933"/>
    <trkpt lat="39.833436" lon="2.895926"/>
    <trkpt lat="39.833726" lon="2.895903"/>
    <trkpt lat="39.833887" lon="2.895891"/>
    <trkpt lat="39.834413" lon="2.895843"/>
    <trkpt lat="39.834560" lon="2.895859"/>
    <trkpt lat="39.834690" lon="2.895904"/>
    <trkpt lat="39.835435" lon="2.896690"/>
    <trkpt lat="39.835611" lon="2.896795"/>
    <trkpt lat="39.836407" lon="2.897058"/>
    <trkpt lat="39.836470" lon="2.897078"/>
    <trkpt lat="39.836553" lon="2.897111"/>
    <trkpt lat="39.837124" lon="2.897324"/>
    <trkpt lat="39.837404" lon="2.897356"/>
    <trkpt lat="39.837756" lon="2.897287"/>
    <trkpt lat="39.838851" lon="2.896955"/>
    <trkpt lat="39.839076" lon="2.896884"/>
    <trkpt lat="39.839296" lon="2.896815"/>
    <trkpt lat="39.840468" lon="2.896446"/>
    <trkpt lat="39.841381" lon="2.896171"/>
    <trkpt lat="39.841425" lon="2.896158"/>
    <trkpt lat="39.843794" lon="2.895443"/>
    <trkpt lat="39.843854" lon="2.895425"/>
    <trkpt lat="39.843893" lon="2.895413"/>
    <trkpt lat="39.845650" lon="2.894899"/>
    <trkpt lat="39.845804" lon="2.894851"/>
    <trkpt lat="39.845946" lon="2.894856"/>
    <trkpt lat="39.846146" lon="2.894910"/>
    <trkpt lat="39.846331" lon="2.895001"/>
    <trkpt lat="39.846589" lon="2.895152"/>
    <trkpt lat="39.847099" lon="2.895468"/>
    <trkpt lat="39.848025" lon="2.896176"/>
    <trkpt lat="39.848137" lon="2.896258"/>
    <trkpt lat="39.848264" lon="2.896342"/>
    <trkpt lat="39.848560" lon="2.896401"/>
    <trkpt lat="39.848804" lon="2.896432"/>
    <trkpt lat="39.848849" lon="2.896437"/>
    <trkpt lat="39.849835" lon="2.896546"/>
    <trkpt lat="39.850765" lon="2.896670"/>
    <trkpt lat="39.851599" lon="2.896896"/>
    <trkpt lat="39.852558" lon="2.897220"/>
    <trkpt lat="39.852721" lon="2.897280"/>
    <trkpt lat="39.853272" lon="2.897576"/>
    <trkpt lat="39.853646" lon="2.897787"/>
    <trkpt lat="39.853782" lon="2.897912"/>
    <trkpt lat="39.853912" lon="2.898090"/>
    <trkpt lat="39.854884" lon="2.899814"/>
    <trkpt lat="39.855021" lon="2.900057"/>
    <trkpt lat="39.855587" lon="2.901060"/>
    <trkpt lat="39.855742" lon="2.901333"/>
    <trkpt lat="39.855934" lon="2.901659"/>
    <trkpt lat="39.856076" lon="2.901956"/>
    <trkpt lat="39.856101" lon="2.902014"/>
    <trkpt lat="39.856129" lon="2.902200"/>
    <trkpt lat="39.856147" lon="2.902476"/>
    <trkpt lat="39.856164" lon="2.902948"/>
    <trkpt lat="39.856153" lon="2.903151"/>
    <trkpt lat="39.856116" lon="2.903399"/>
    <trkpt lat="39.856033" lon="2.903687"/>
    <trkpt lat="39.855952" lon="2.903875"/>
    <trkpt lat="39.855876" lon="2.903977"/>
    <trkpt lat="39.855759" lon="2.904090"/>
    <trkpt lat="39.855624" lon="2.904149"/>
    <trkpt lat="39.855301" lon="2.904200"/>
    <trkpt lat="39.855114" lon="2.904230"/>
    <trkpt lat="39.855022" lon="2.904289"/>
    <trkpt lat="39.854941" lon="2.904386"/>
    <trkpt lat="39.854819" lon="2.904579"/>
    <trkpt lat="39.854551" lon="2.904955"/>
    <trkpt lat="39.854507" lon="2.905087"/>
    <trkpt lat="39.854478" lon="2.905271"/>
    <trkpt lat="39.854452" lon="2.905656"/>
    <trkpt lat="39.854412" lon="2.905850"/>
    <trkpt lat="39.854361" lon="2.905981"/>
    <trkpt lat="39.854224" lon="2.906204"/>
    <trkpt lat="39.854136" lon="2.906356"/>
    <trkpt lat="39.854048" lon="2.906574"/>
    <trkpt lat="39.854020" lon="2.906712"/>
    <trkpt lat="39.854018" lon="2.906854"/>
    <trkpt lat="39.854060" lon="2.907042"/>
    <trkpt lat="39.854117" lon="2.907224"/>
    <trkpt lat="39.854215" lon="2.907514"/>
    <trkpt lat="39.854334" lon="2.907759"/>
    <trkpt lat="39.854415" lon="2.907869"/>
    <trkpt lat="39.854514" lon="2.907954"/>
    <trkpt lat="39.855172" lon="2.908551"/>
    <trkpt lat="39.855724" lon="2.909092"/>
    <trkpt lat="39.856475" lon="2.909925"/>
    <trkpt lat="39.856734" lon="2.910195"/>
    <trkpt lat="39.856816" lon="2.910257"/>
    <trkpt lat="39.856901" lon="2.910322"/>
    <trkpt lat="39.857012" lon="2.910361"/>
    <trkpt lat="39.857200" lon="2.910402"/>
    <trkpt lat="39.857551" lon="2.910480"/>
    <trkpt lat="39.857899" lon="2.910492"/>
    <trkpt lat="39.858248" lon="2.910477"/>
    <trkpt lat="39.858327" lon="2.910493"/>
    <trkpt lat="39.858382" lon="2.910545"/>
    <trkpt lat="39.858452" lon="2.910636"/>
    <trkpt lat="39.858478" lon="2.910738"/>
    <trkpt lat="39.858459" lon="2.910879"/>
    <trkpt lat="39.858408" lon="2.910978"/>
    <trkpt lat="39.857957" lon="2.911441"/>
    <trkpt lat="39.857464" lon="2.911936"/>
    <trkpt lat="39.856982" lon="2.912431"/>
    <trkpt lat="39.856888" lon="2.912578"/>
    <trkpt lat="39.856775" lon="2.912779"/>
    <trkpt lat="39.856706" lon="2.912961"/>
    <trkpt lat="39.856655" lon="2.913141"/>
    <trkpt lat="39.856651" lon="2.913240"/>
    <trkpt lat="39.856684" lon="2.913372"/>
    <trkpt lat="39.856764" lon="2.913563"/>
    <trkpt lat="39.856871" lon="2.913742"/>
    <trkpt lat="39.856912" lon="2.913811"/>
    <trkpt lat="39.857031" lon="2.913983"/>
    <trkpt lat="39.857118" lon="2.914070"/>
    <trkpt lat="39.857194" lon="2.914093"/>
    <trkpt lat="39.857653" lon="2.914054"/>
    <trkpt lat="39.857934" lon="2.914029"/>
    <trkpt lat="39.858041" lon="2.914030"/>
    <trkpt lat="39.858136" lon="2.914057"/>
    <trkpt lat="39.858553" lon="2.914274"/>
    <trkpt lat="39.858851" lon="2.914458"/>
    <trkpt lat="39.858973" lon="2.914561"/>
    <trkpt lat="39.859084" lon="2.914697"/>
    <trkpt lat="39.859268" lon="2.915011"/>
    <trkpt lat="39.859468" lon="2.915437"/>
    <trkpt lat="39.859515" lon="2.915491"/>
    <trkpt lat="39.859570" lon="2.915518"/>
    <trkpt lat="39.859635" lon="2.915526"/>
    <trkpt lat="39.859716" lon="2.915516"/>
    <trkpt lat="39.859801" lon="2.915496"/>
    <trkpt lat="39.859917" lon="2.915453"/>
    <trkpt lat="39.860031" lon="2.915424"/>
    <trkpt lat="39.860119" lon="2.915435"/>
    <trkpt lat="39.860409" lon="2.915596"/>
    <trkpt lat="39.860628" lon="2.915761"/>
    <trkpt lat="39.860825" lon="2.915895"/>
    <trkpt lat="39.860913" lon="2.916004"/>
    <trkpt lat="39.860975" lon="2.916135"/>
    <trkpt lat="39.861040" lon="2.916314"/>
    <trkpt lat="39.861106" lon="2.916443"/>
    <trkpt lat="39.861206" lon="2.916544"/>
    <trkpt lat="39.861303" lon="2.916590"/>
    <trkpt lat="39.861430" lon="2.916592"/>
    <trkpt lat="39.861962" lon="2.916467"/>
    <trkpt lat="39.862415" lon="2.916351"/>
    <trkpt lat="39.862564" lon="2.916350"/>
    <trkpt lat="39.862693" lon="2.916393"/>
    <trkpt lat="39.862806" lon="2.916476"/>
    <trkpt lat="39.862923" lon="2.916574"/>
    <trkpt lat="39.862984" lon="2.916662"/>
    <trkpt lat="39.863028" lon="2.916744"/>
    <trkpt lat="39.863090" lon="2.916899"/>
    <trkpt lat="39.863144" lon="2.917044"/>
    <trkpt lat="39.863205" lon="2.917134"/>
    <trkpt lat="39.863346" lon="2.917241"/>
    <trkpt lat="39.863679" lon="2.917373"/>
    <trkpt lat="39.863955" lon="2.917496"/>
    <trkpt lat="39.864063" lon="2.917565"/>
    <trkpt lat="39.864121" lon="2.917614"/>
    <trkpt lat="39.864170" lon="2.917683"/>
    <trkpt lat="39.864220" lon="2.917809"/>
    <trkpt lat="39.864339" lon="2.918228"/>
    <trkpt lat="39.864440" lon="2.918538"/>
    <trkpt lat="39.864490" lon="2.918674"/>
    <trkpt lat="39.864559" lon="2.918825"/>
    <trkpt lat="39.864655" lon="2.918956"/>
    <trkpt lat="39.864841" lon="2.919191"/>
    <trkpt lat="39.865213" lon="2.919821"/>
    <trkpt lat="39.865586" lon="2.920385"/>
    <trkpt lat="39.865921" lon="2.920804"/>
    <trkpt lat="39.866002" lon="2.920948"/>
    <trkpt lat="39.866034" lon="2.921062"/>
    <trkpt lat="39.866032" lon="2.921203"/>
    <trkpt lat="39.866018" lon="2.921431"/>
    <trkpt lat="39.865973" lon="2.922070"/>
    <trkpt lat="39.865978" lon="2.922334"/>
    <trkpt lat="39.866022" lon="2.922631"/>
    <trkpt lat="39.866241" lon="2.923691"/>
    <trkpt lat="39.866351" lon="2.924202"/>
    <trkpt lat="39.866387" lon="2.924269"/>
    <trkpt lat="39.866422" lon="2.924310"/>
    <trkpt lat="39.866489" lon="2.924354"/>
    <trkpt lat="39.866579" lon="2.924372"/>
    <trkpt lat="39.866998" lon="2.924366"/>
    <trkpt lat="39.867090" lon="2.924384"/>
    <trkpt lat="39.867222" lon="2.924410"/>
    <trkpt lat="39.868047" lon="2.924663"/>
    <trkpt lat="39.868915" lon="2.924913"/>
    <trkpt lat="39.869081" lon="2.925004"/>
    <trkpt lat="39.869227" lon="2.925137"/>
    <trkpt lat="39.869312" lon="2.925232"/>
    <trkpt lat="39.869382" lon="2.925361"/>
    <trkpt lat="39.869419" lon="2.925541"/>
    <trkpt lat="39.869402" lon="2.925694"/>
    <trkpt lat="39.869355" lon="2.925873"/>
    <trkpt lat="39.869282" lon="2.926054"/>
    <trkpt lat="39.869164" lon="2.926262"/>
    <trkpt lat="39.869043" lon="2.926419"/>
    <trkpt lat="39.868949" lon="2.926544"/>
    <trkpt lat="39.868856" lon="2.926674"/>
    <trkpt lat="39.868787" lon="2.926811"/>
    <trkpt lat="39.868726" lon="2.926980"/>
    <trkpt lat="39.868656" lon="2.927290"/>
    <trkpt lat="39.868573" lon="2.927650"/>
    <trkpt lat="39.868454" lon="2.928186"/>
    <trkpt lat="39.868370" lon="2.928535"/>
    <trkpt lat="39.868293" lon="2.928653"/>
    <trkpt lat="39.868194" lon="2.928719"/>
    <trkpt lat="39.868094" lon="2.928726"/>
    <trkpt lat="39.868015" lon="2.928703"/>
    <trkpt lat="39.867924" lon="2.928602"/>
    <trkpt lat="39.867870" lon="2.928487"/>
    <trkpt lat="39.867762" lon="2.928117"/>
    <trkpt lat="39.867645" lon="2.927794"/>
    <trkpt lat="39.867558" lon="2.927678"/>
    <trkpt lat="39.867462" lon="2.927615"/>
    <trkpt lat="39.867386" lon="2.927592"/>
    <trkpt lat="39.867324" lon="2.927599"/>
    <trkpt lat="39.867235" lon="2.927682"/>
    <trkpt lat="39.867163" lon="2.927792"/>
    <trkpt lat="39.867000" lon="2.928206"/>
    <trkpt lat="39.866597" lon="2.929197"/>
    <trkpt lat="39.866529" lon="2.929339"/>
    <trkpt lat="39.866454" lon="2.929437"/>
    <trkpt lat="39.866322" lon="2.929568"/>
    <trkpt lat="39.866233" lon="2.929681"/>
    <trkpt lat="39.866155" lon="2.929867"/>
    <trkpt lat="39.866000" lon="2.930560"/>
    <trkpt lat="39.865961" lon="2.930721"/>
    <trkpt lat="39.865969" lon="2.930842"/>
    <trkpt lat="39.866014" lon="2.930955"/>
    <trkpt lat="39.866079" lon="2.931019"/>
    <trkpt lat="39.866243" lon="2.931102"/>
    <trkpt lat="39.866681" lon="2.931247"/>
    <trkpt lat="39.866803" lon="2.931301"/>
    <trkpt lat="39.866889" lon="2.931367"/>
    <trkpt lat="39.866954" lon="2.931501"/>
    <trkpt lat="39.867265" lon="2.932410"/>
    <trkpt lat="39.867321" lon="2.932619"/>
    <trkpt lat="39.867315" lon="2.932752"/>
    <trkpt lat="39.867277" lon="2.932880"/>
    <trkpt lat="39.866888" lon="2.933363"/>
    <trkpt lat="39.866817" lon="2.933497"/>
    <trkpt lat="39.866751" lon="2.933646"/>
    <trkpt lat="39.866712" lon="2.933892"/>
    <trkpt lat="39.866670" lon="2.934530"/>
    <trkpt lat="39.866615" lon="2.935243"/>
    <trkpt lat="39.866599" lon="2.935549"/>
    <trkpt lat="39.866664" lon="2.935913"/>
    <trkpt lat="39.866721" lon="2.936330"/>
    <trkpt lat="39.866789" lon="2.936680"/>
    <trkpt lat="39.866904" lon="2.937307"/>
    <trkpt lat="39.867005" lon="2.937683"/>
    <trkpt lat="39.867139" lon="2.938080"/>
    <trkpt lat="39.867216" lon="2.938369"/>
    <trkpt lat="39.867267" lon="2.938557"/>
    <trkpt lat="39.867287" lon="2.939014"/>
    <trkpt lat="39.867311" lon="2.939333"/>
    <trkpt lat="39.867398" lon="2.939524"/>
    <trkpt lat="39.867591" lon="2.939782"/>
    <trkpt lat="39.867862" lon="2.940081"/>
    <trkpt lat="39.868189" lon="2.940442"/>
    <trkpt lat="39.868499" lon="2.940693"/>
    <trkpt lat="39.868654" lon="2.940801"/>
    <trkpt lat="39.868810" lon="2.940878"/>
    <trkpt lat="39.869187" lon="2.940969"/>
    <trkpt lat="39.869283" lon="2.941054"/>
    <trkpt lat="39.869325" lon="2.941145"/>
    <trkpt lat="39.869357" lon="2.941284"/>
    <trkpt lat="39.869362" lon="2.941463"/>
    <trkpt lat="39.869382" lon="2.941707"/>
    <trkpt lat="39.869751" lon="2.942946"/>
    <trkpt lat="39.869789" lon="2.943117"/>
    <trkpt lat="39.869775" lon="2.943252"/>
    <trkpt lat="39.869726" lon="2.943350"/>
    <trkpt lat="39.869636" lon="2.943447"/>
    <trkpt lat="39.869536" lon="2.943514"/>
    <trkpt lat="39.869444" lon="2.943517"/>
    <trkpt lat="39.869353" lon="2.943498"/>
    <trkpt lat="39.869252" lon="2.943413"/>
    <trkpt lat="39.869187" lon="2.943275"/>
    <trkpt lat="39.869170" lon="2.943197"/>
    <trkpt lat="39.868942" lon="2.942261"/>
    <trkpt lat="39.868922" lon="2.942103"/>
    <trkpt lat="39.868924" lon="2.941913"/>
    <trkpt lat="39.868943" lon="2.941738"/>
    <trkpt lat="39.868935" lon="2.941645"/>
    <trkpt lat="39.868916" lon="2.941577"/>
    <trkpt lat="39.868886" lon="2.941530"/>
    <trkpt lat="39.868851" lon="2.941490"/>
    <trkpt lat="39.868810" lon="2.941464"/>
    <trkpt lat="39.868751" lon="2.941443"/>
    <trkpt lat="39.868437" lon="2.941428"/>
    <trkpt lat="39.868333" lon="2.941408"/>
    <trkpt lat="39.868135" lon="2.941344"/>
    <trkpt lat="39.867764" lon="2.941195"/>
    <trkpt lat="39.867143" lon="2.940923"/>
    <trkpt lat="39.867082" lon="2.940875"/>
    <trkpt lat="39.867027" lon="2.940819"/>
    <trkpt lat="39.866759" lon="2.940378"/>
    <trkpt lat="39.866598" lon="2.940120"/>
    <trkpt lat="39.866511" lon="2.939981"/>
    <trkpt lat="39.866342" lon="2.939704"/>
    <trkpt lat="39.866310" lon="2.939645"/>
    <trkpt lat="39.866276" lon="2.939557"/>
    <trkpt lat="39.866252" lon="2.939451"/>
    <trkpt lat="39.866219" lon="2.938835"/>
    <trkpt lat="39.866197" lon="2.938746"/>
    <trkpt lat="39.866162" lon="2.938686"/>
    <trkpt lat="39.866129" lon="2.938646"/>
    <trkpt lat="39.866064" lon="2.938602"/>
    <trkpt lat="39.866009" lon="2.938593"/>
    <trkpt lat="39.865952" lon="2.938598"/>
    <trkpt lat="39.865901" lon="2.938624"/>
    <trkpt lat="39.865853" lon="2.938674"/>
    <trkpt lat="39.865820" lon="2.938732"/>
    <trkpt lat="39.865796" lon="2.938814"/>
    <trkpt lat="39.865790" lon="2.938915"/>
    <trkpt lat="39.865811" lon="2.939033"/>
    <trkpt lat="39.866142" lon="2.940312"/>
    <trkpt lat="39.866188" lon="2.940462"/>
    <trkpt lat="39.866254" lon="2.940621"/>
    <trkpt lat="39.866430" lon="2.941010"/>
    <trkpt lat="39.866468" lon="2.941112"/>
    <trkpt lat="39.866494" lon="2.941231"/>
    <trkpt lat="39.866515" lon="2.941391"/>
    <trkpt lat="39.866522" lon="2.941568"/>
    <trkpt lat="39.866536" lon="2.941755"/>
    <trkpt lat="39.866561" lon="2.941882"/>
    <trkpt lat="39.866598" lon="2.941986"/>
    <trkpt lat="39.866653" lon="2.942101"/>
    <trkpt lat="39.867032" lon="2.942737"/>
    <trkpt lat="39.867118" lon="2.942877"/>
    <trkpt lat="39.867188" lon="2.942963"/>
    <trkpt lat="39.867251" lon="2.943025"/>
    <trkpt lat="39.867767" lon="2.943442"/>
    <trkpt lat="39.867820" lon="2.943493"/>
    <trkpt lat="39.867858" lon="2.943559"/>
    <trkpt lat="39.867884" lon="2.943627"/>
    <trkpt lat="39.867905" lon="2.943718"/>
    <trkpt lat="39.867943" lon="2.944017"/>
    <trkpt lat="39.867963" lon="2.944126"/>
    <trkpt lat="39.867993" lon="2.944249"/>
    <trkpt lat="39.868037" lon="2.944375"/>
    <trkpt lat="39.868249" lon="2.944930"/>
    <trkpt lat="39.868309" lon="2.945078"/>
    <trkpt lat="39.868368" lon="2.945185"/>
    <trkpt lat="39.868424" lon="2.945257"/>
    <trkpt lat="39.868509" lon="2.945328"/>
    <trkpt lat="39.869249" lon="2.945838"/>
    <trkpt lat="39.869297" lon="2.945892"/>
    <trkpt lat="39.869337" lon="2.945951"/>
    <trkpt lat="39.869377" lon="2.946033"/>
    <trkpt lat="39.869395" lon="2.946102"/>
    <trkpt lat="39.869404" lon="2.946197"/>
    <trkpt lat="39.869400" lon="2.946278"/>
    <trkpt lat="39.869375" lon="2.946372"/>
    <trkpt lat="39.869332" lon="2.946463"/>
    <trkpt lat="39.869239" lon="2.946631"/>
    <trkpt lat="39.869195" lon="2.946729"/>
    <trkpt lat="39.869171" lon="2.946814"/>
    <trkpt lat="39.869156" lon="2.946917"/>
    <trkpt lat="39.869147" lon="2.947060"/>
    <trkpt lat="39.869144" lon="2.947197"/>
    <trkpt lat="39.869193" lon="2.948441"/>
    <trkpt lat="39.869199" lon="2.948644"/>
    <trkpt lat="39.869192" lon="2.948770"/>
    <trkpt lat="39.869173" lon="2.948902"/>
    <trkpt lat="39.869148" lon="2.949029"/>
    <trkpt lat="39.868917" lon="2.950067"/>
    <trkpt lat="39.868851" lon="2.950361"/>
    <trkpt lat="39.868798" lon="2.950522"/>
    <trkpt lat="39.868740" lon="2.950642"/>
    <trkpt lat="39.868585" lon="2.950978"/>
    <trkpt lat="39.868534" lon="2.951116"/>
    <trkpt lat="39.868501" lon="2.951242"/>
    <trkpt lat="39.868483" lon="2.951365"/>
    <trkpt lat="39.868446" lon="2.951816"/>
    <trkpt lat="39.868402" lon="2.952374"/>
    <trkpt lat="39.868380" lon="2.952656"/>
    <trkpt lat="39.868343" lon="2.953063"/>
    <trkpt lat="39.868333" lon="2.953296"/>
    <trkpt lat="39.868343" lon="2.953443"/>
    <trkpt lat="39.868378" lon="2.953628"/>
    <trkpt lat="39.868838" lon="2.955131"/>
    <trkpt lat="39.868888" lon="2.955309"/>
    <trkpt lat="39.868920" lon="2.955409"/>
    <trkpt lat="39.869263" lon="2.956519"/>
    <trkpt lat="39.869331" lon="2.956748"/>
    <trkpt lat="39.869357" lon="2.956852"/>
    <trkpt lat="39.869386" lon="2.957015"/>
    <trkpt lat="39.869409" lon="2.957220"/>
    <trkpt lat="39.869463" lon="2.957859"/>
    <trkpt lat="39.869577" lon="2.959147"/>
    <trkpt lat="39.869689" lon="2.960419"/>
    <trkpt lat="39.869831" lon="2.962016"/>
    <trkpt lat="39.869834" lon="2.962173"/>
    <trkpt lat="39.869833" lon="2.962286"/>
    <trkpt lat="39.869821" lon="2.962385"/>
    <trkpt lat="39.869796" lon="2.962511"/>
    <trkpt lat="39.869487" lon="2.963839"/>
    <trkpt lat="39.868819" lon="2.966674"/>
    <trkpt lat="39.868815" lon="2.966691"/>
    <trkpt lat="39.868791" lon="2.966794"/>
    <trkpt lat="39.868550" lon="2.967811"/>
    <trkpt lat="39.868130" lon="2.969571"/>
    <trkpt lat="39.867710" lon="2.971339"/>
    <trkpt lat="39.867684" lon="2.971447"/>
    <trkpt lat="39.867636" lon="2.971641"/>
    <trkpt lat="39.867610" lon="2.971804"/>
    <trkpt lat="39.867599" lon="2.971950"/>
    <trkpt lat="39.867602" lon="2.972093"/>
    <trkpt lat="39.867616" lon="2.972210"/>
    <trkpt lat="39.867652" lon="2.972377"/>
    <trkpt lat="39.867947" lon="2.973650"/>
    <trkpt lat="39.868670" lon="2.976731"/>
    <trkpt lat="39.868912" lon="2.977773"/>
    <trkpt lat="39.869293" lon="2.979404"/>
    <trkpt lat="39.869331" lon="2.979532"/>
    <trkpt lat="39.869374" lon="2.979643"/>
    <trkpt lat="39.869863" lon="2.980798"/>
    <trkpt lat="39.870144" lon="2.981446"/>
    <trkpt lat="39.870300" lon="2.981823"/>
    <trkpt lat="39.870360" lon="2.981955"/>
    <trkpt lat="39.870411" lon="2.982060"/>
    <trkpt lat="39.870449" lon="2.982115"/>
    <trkpt lat="39.870507" lon="2.982196"/>
    <trkpt lat="39.871058" lon="2.982820"/>
    <trkpt lat="39.871474" lon="2.983334"/>
    <trkpt lat="39.871567" lon="2.983456"/>
    <trkpt lat="39.871660" lon="2.983594"/>
    <trkpt lat="39.871747" lon="2.983768"/>
    <trkpt lat="39.872021" lon="2.984479"/>
    <trkpt lat="39.872039" lon="2.984526"/>
    <trkpt lat="39.872403" lon="2.985472"/>
    <trkpt lat="39.872477" lon="2.985674"/>
    <trkpt lat="39.872873" lon="2.986708"/>
    <trkpt lat="39.873006" lon="2.987062"/>
    <trkpt lat="39.873358" lon="2.987983"/>
    <trkpt lat="39.874069" lon="2.989854"/>
    <trkpt lat="39.874125" lon="2.990026"/>
    <trkpt lat="39.874179" lon="2.990227"/>
    <trkpt lat="39.874269" lon="2.990578"/>
    <trkpt lat="39.874449" lon="2.991411"/>
    <trkpt lat="39.874514" lon="2.991703"/>
    <trkpt lat="39.874749" lon="2.992780"/>
    <trkpt lat="39.874801" lon="2.993001"/>
    <trkpt lat="39.874852" lon="2.993178"/>
    <trkpt lat="39.874889" lon="2.993288"/>
    <trkpt lat="39.874951" lon="2.993433"/>
    <trkpt lat="39.875358" lon="2.994197"/>
    <trkpt lat="39.875561" lon="2.994582"/>
    <trkpt lat="39.876140" lon="2.995668"/>
    <trkpt lat="39.876505" lon="2.996356"/>
    <trkpt lat="39.877020" lon="2.997323"/>
    <trkpt lat="39.878339" lon="2.999802"/>
    <trkpt lat="39.878600" lon="3.000292"/>
    <trkpt lat="39.878895" lon="3.000838"/>
    <trkpt lat="39.879581" lon="3.002136"/>
    <trkpt lat="39.879764" lon="3.002486"/>
    <trkpt lat="39.880189" lon="3.003286"/>
    <trkpt lat="39.880973" lon="3.004764"/>
    <trkpt lat="39.881000" lon="3.004817"/>
    <trkpt lat="39.881012" lon="3.004844"/>
    <trkpt lat="39.881636" lon="3.006009"/>
    <trkpt lat="39.882541" lon="3.007722"/>
    <trkpt lat="39.882844" lon="3.008294"/>
    <trkpt lat="39.882884" lon="3.008384"/>
    <trkpt lat="39.882931" lon="3.008517"/>
    <trkpt lat="39.882960" lon="3.008629"/>
    <trkpt lat="39.882980" lon="3.008732"/>
    <trkpt lat="39.882988" lon="3.008852"/>
    <trkpt lat="39.883005" lon="3.009530"/>
    <trkpt lat="39.883011" lon="3.010043"/>
    <trkpt lat="39.883024" lon="3.010857"/>
    <trkpt lat="39.883040" lon="3.011805"/>
    <trkpt lat="39.883043" lon="3.011980"/>
    <trkpt lat="39.883053" lon="3.012765"/>
    <trkpt lat="39.883069" lon="3.013835"/>
    <trkpt lat="39.882729" lon="3.013916"/>
    <trkpt lat="39.882577" lon="3.013955"/>
    <trkpt lat="39.882392" lon="3.014071"/>
    <trkpt lat="39.882283" lon="3.014158"/>
    <trkpt lat="39.881914" lon="3.014451"/>
    <trkpt lat="39.881795" lon="3.014535"/>
    <trkpt lat="39.881682" lon="3.014630"/>
    <trkpt lat="39.881448" lon="3.014911"/>
    <trkpt lat="39.881070" lon="3.015128"/>
    <trkpt lat="39.880637" lon="3.015389"/>
    <trkpt lat="39.880566" lon="3.015435"/>
    <trkpt lat="39.880472" lon="3.015501"/>
    <trkpt lat="39.879963" lon="3.015850"/>
    <trkpt lat="39.879780" lon="3.016033"/>
    <trkpt lat="39.879599" lon="3.016104"/>
    <trkpt lat="39.879908" lon="3.016668"/>
    <trkpt lat="39.879978" lon="3.016790"/>
    <trkpt lat="39.880090" lon="3.017051"/>
    <trkpt lat="39.879673" lon="3.017470"/>
    <trkpt lat="39.879447" lon="3.017710"/>
    <trkpt lat="39.879320" lon="3.017849"/>
    <trkpt lat="39.879195" lon="3.017978"/>
    <trkpt lat="39.879173" lon="3.018075"/>
    <trkpt lat="39.879036" lon="3.018349"/>
    <trkpt lat="39.878975" lon="3.018396"/>
    <trkpt lat="39.878735" lon="3.018536"/>
    <trkpt lat="39.878369" lon="3.018812"/>
    <trkpt lat="39.878040" lon="3.018109"/>
    <trkpt lat="39.877856" lon="3.017744"/>
    <trkpt lat="39.877758" lon="3.017210"/>
    <trkpt lat="39.877685" lon="3.017003"/>
    <trkpt lat="39.877592" lon="3.016811"/>
    <trkpt lat="39.877380" lon="3.016390"/>
    <trkpt lat="39.877592" lon="3.016811"/>
    <trkpt lat="39.877685" lon="3.017003"/>
    <trkpt lat="39.877758" lon="3.017210"/>
    <trkpt lat="39.877395" lon="3.017415"/>
    <trkpt lat="39.877110" lon="3.017593"/>
    <trkpt lat="39.876711" lon="3.017887"/>
    <trkpt lat="39.876367" lon="3.018144"/>
    <trkpt lat="39.875955" lon="3.018436"/>
    <trkpt lat="39.875867" lon="3.018584"/>
    <trkpt lat="39.875742" lon="3.019006"/>
    <trkpt lat="39.875635" lon="3.019293"/>
    <trkpt lat="39.875537" lon="3.019128"/>
    <trkpt lat="39.875252" lon="3.018648"/>
    <trkpt lat="39.875059" lon="3.018321"/>
    <trkpt lat="39.874704" lon="3.018688"/>
    <trkpt lat="39.874643" lon="3.018618"/>
    <trkpt lat="39.874593" lon="3.018600"/>
    <trkpt lat="39.874537" lon="3.018617"/>
    <trkpt lat="39.874047" lon="3.019101"/>
    <trkpt lat="39.874028" lon="3.019119"/>
    <trkpt lat="39.873984" lon="3.019147"/>
    <trkpt lat="39.873890" lon="3.019231"/>
    <trkpt lat="39.873744" lon="3.018995"/>
    <trkpt lat="39.873623" lon="3.018767"/>
    <trkpt lat="39.873363" lon="3.018329"/>
    <trkpt lat="39.872508" lon="3.016891"/>
    <trkpt lat="39.872498" lon="3.016875"/>
    <trkpt lat="39.872429" lon="3.016761"/>
    <trkpt lat="39.871824" lon="3.015718"/>
    <trkpt lat="39.871304" lon="3.014830"/>
    <trkpt lat="39.871061" lon="3.014432"/>
    <trkpt lat="39.870853" lon="3.014175"/>
    <trkpt lat="39.870602" lon="3.013929"/>
    <trkpt lat="39.870333" lon="3.013709"/>
    <trkpt lat="39.870049" lon="3.013505"/>
    <trkpt lat="39.869828" lon="3.013414"/>
    <trkpt lat="39.869572" lon="3.013333"/>
    <trkpt lat="39.869499" lon="3.013310"/>
    <trkpt lat="39.869243" lon="3.013290"/>
    <trkpt lat="39.869078" lon="3.013287"/>
    <trkpt lat="39.868990" lon="3.013285"/>
    <trkpt lat="39.868643" lon="3.013321"/>
    <trkpt lat="39.868479" lon="3.013366"/>
    <trkpt lat="39.868323" lon="3.013409"/>
    <trkpt lat="39.867798" lon="3.013618"/>
    <trkpt lat="39.867676" lon="3.013665"/>
    <trkpt lat="39.866913" lon="3.013949"/>
    <trkpt lat="39.866818" lon="3.013989"/>
    <trkpt lat="39.866423" lon="3.014154"/>
    <trkpt lat="39.866238" lon="3.014243"/>
    <trkpt lat="39.865973" lon="3.014433"/>
    <trkpt lat="39.865796" lon="3.014577"/>
    <trkpt lat="39.865632" lon="3.014707"/>
    <trkpt lat="39.865400" lon="3.014930"/>
    <trkpt lat="39.865070" lon="3.015336"/>
    <trkpt lat="39.864788" lon="3.015748"/>
    <trkpt lat="39.864397" lon="3.016349"/>
    <trkpt lat="39.864066" lon="3.016861"/>
    <trkpt lat="39.863892" lon="3.017105"/>
    <trkpt lat="39.863645" lon="3.017585"/>
    <trkpt lat="39.863501" lon="3.017929"/>
    <trkpt lat="39.863315" lon="3.018402"/>
    <trkpt lat="39.863177" lon="3.018786"/>
    <trkpt lat="39.862937" lon="3.019459"/>
    <trkpt lat="39.862911" lon="3.019534"/>
    <trkpt lat="39.862855" lon="3.019699"/>
    <trkpt lat="39.862023" lon="3.021997"/>
    <trkpt lat="39.861943" lon="3.022217"/>
    <trkpt lat="39.861775" lon="3.022696"/>
    <trkpt lat="39.861597" lon="3.023143"/>
    <trkpt lat="39.861525" lon="3.023304"/>
    <trkpt lat="39.861342" lon="3.023640"/>
    <trkpt lat="39.861132" lon="3.023960"/>
    <trkpt lat="39.861072" lon="3.024052"/>
    <trkpt lat="39.860974" lon="3.024202"/>
    <trkpt lat="39.860826" lon="3.024397"/>
    <trkpt lat="39.860607" lon="3.024699"/>
    <trkpt lat="39.860364" lon="3.025036"/>
    <trkpt lat="39.860307" lon="3.025114"/>
    <trkpt lat="39.859515" lon="3.026189"/>
    <trkpt lat="39.859010" lon="3.026872"/>
    <trkpt lat="39.858626" lon="3.027402"/>
    <trkpt lat="39.857944" lon="3.028304"/>
    <trkpt lat="39.857364" lon="3.029125"/>
    <trkpt lat="39.856992" lon="3.029722"/>
    <trkpt lat="39.856446" lon="3.030592"/>
    <trkpt lat="39.856117" lon="3.031050"/>
    <trkpt lat="39.855863" lon="3.031374"/>
    <trkpt lat="39.855500" lon="3.031768"/>
    <trkpt lat="39.855023" lon="3.032286"/>
    <trkpt lat="39.854258" lon="3.033115"/>
    <trkpt lat="39.853809" lon="3.033587"/>
    <trkpt lat="39.853548" lon="3.033886"/>
    <trkpt lat="39.853306" lon="3.034096"/>
    <trkpt lat="39.853095" lon="3.034233"/>
    <trkpt lat="39.852901" lon="3.034314"/>
    <trkpt lat="39.852669" lon="3.034374"/>
    <trkpt lat="39.852526" lon="3.034401"/>
    <trkpt lat="39.852309" lon="3.034403"/>
    <trkpt lat="39.852093" lon="3.034359"/>
    <trkpt lat="39.851836" lon="3.034288"/>
    <trkpt lat="39.851567" lon="3.034184"/>
    <trkpt lat="39.851225" lon="3.034005"/>
    <trkpt lat="39.850945" lon="3.033843"/>
    <trkpt lat="39.850622" lon="3.033674"/>
    <trkpt lat="39.850217" lon="3.033537"/>
    <trkpt lat="39.849920" lon="3.033481"/>
    <trkpt lat="39.849472" lon="3.033437"/>
    <trkpt lat="39.849189" lon="3.033420"/>
    <trkpt lat="39.848378" lon="3.033371"/>
    <trkpt lat="39.847706" lon="3.033282"/>
    <trkpt lat="39.847498" lon="3.033236"/>
    <trkpt lat="39.847187" lon="3.033147"/>
    <trkpt lat="39.846873" lon="3.033022"/>
    <trkpt lat="39.846545" lon="3.032835"/>
    <trkpt lat="39.845807" lon="3.032271"/>
    <trkpt lat="39.845355" lon="3.031861"/>
    <trkpt lat="39.844583" lon="3.031209"/>
    <trkpt lat="39.844232" lon="3.030927"/>
    <trkpt lat="39.843822" lon="3.030694"/>
    <trkpt lat="39.842952" lon="3.030315"/>
    <trkpt lat="39.841347" lon="3.029635"/>
    <trkpt lat="39.840863" lon="3.029432"/>
    <trkpt lat="39.840457" lon="3.029314"/>
    <trkpt lat="39.840187" lon="3.029281"/>
    <trkpt lat="39.839858" lon="3.029279"/>
    <trkpt lat="39.839367" lon="3.029329"/>
    <trkpt lat="39.837922" lon="3.029464"/>
    <trkpt lat="39.837618" lon="3.029462"/>
    <trkpt lat="39.837318" lon="3.029450"/>
    <trkpt lat="39.836902" lon="3.029423"/>
    <trkpt lat="39.836030" lon="3.029364"/>
    <trkpt lat="39.834857" lon="3.029289"/>
    <trkpt lat="39.833924" lon="3.029260"/>
    <trkpt lat="39.833901" lon="3.029258"/>
    <trkpt lat="39.833811" lon="3.029249"/>
    <trkpt lat="39.832992" lon="3.029196"/>
    <trkpt lat="39.832664" lon="3.029152"/>
    <trkpt lat="39.830978" lon="3.029065"/>
    <trkpt lat="39.829218" lon="3.028946"/>
    <trkpt lat="39.828316" lon="3.028891"/>
    <trkpt lat="39.827565" lon="3.028842"/>
    <trkpt lat="39.827100" lon="3.028814"/>
    <trkpt lat="39.825752" lon="3.028745"/>
    <trkpt lat="39.824266" lon="3.028560"/>
    <trkpt lat="39.823167" lon="3.028339"/>
    <trkpt lat="39.820043" lon="3.027359"/>
    <trkpt lat="39.819405" lon="3.027205"/>
    <trkpt lat="39.819089" lon="3.027154"/>
    <trkpt lat="39.818777" lon="3.027105"/>
    <trkpt lat="39.816846" lon="3.026793"/>
    <trkpt lat="39.816751" lon="3.026789"/>
    <trkpt lat="39.816140" lon="3.026760"/>
    <trkpt lat="39.813899" lon="3.026495"/>
    <trkpt lat="39.813478" lon="3.026424"/>
    <trkpt lat="39.811860" lon="3.026124"/>
    <trkpt lat="39.811218" lon="3.026004"/>
    <trkpt lat="39.810572" lon="3.025900"/>
    <trkpt lat="39.809737" lon="3.025657"/>
    <trkpt lat="39.809174" lon="3.025336"/>
    <trkpt lat="39.808893" lon="3.025158"/>
    <trkpt lat="39.807210" lon="3.024090"/>
    <trkpt lat="39.806762" lon="3.023809"/>
    <trkpt lat="39.806668" lon="3.023733"/>
    <trkpt lat="39.804698" lon="3.022421"/>
    <trkpt lat="39.804160" lon="3.022075"/>
    <trkpt lat="39.803367" lon="3.021542"/>
    <trkpt lat="39.803236" lon="3.021457"/>
    <trkpt lat="39.803040" lon="3.021331"/>
    <trkpt lat="39.802720" lon="3.021125"/>
    <trkpt lat="39.802678" lon="3.021103"/>
    <trkpt lat="39.802517" lon="3.021018"/>
    <trkpt lat="39.802326" lon="3.020896"/>
    <trkpt lat="39.802287" lon="3.020870"/>
    <trkpt lat="39.802145" lon="3.020779"/>
    <trkpt lat="39.802119" lon="3.020768"/>
    <trkpt lat="39.801824" lon="3.020617"/>
    <trkpt lat="39.801605" lon="3.020522"/>
    <trkpt lat="39.801346" lon="3.020446"/>
    <trkpt lat="39.801082" lon="3.020386"/>
    <trkpt lat="39.800676" lon="3.020356"/>
    <trkpt lat="39.800242" lon="3.020366"/>
    <trkpt lat="39.799829" lon="3.020430"/>
    <trkpt lat="39.799444" lon="3.020490"/>
    <trkpt lat="39.798649" lon="3.020629"/>
    <trkpt lat="39.798371" lon="3.020675"/>
    <trkpt lat="39.798059" lon="3.020726"/>
    <trkpt lat="39.797469" lon="3.020826"/>
    <trkpt lat="39.796995" lon="3.020910"/>
    <trkpt lat="39.796917" lon="3.020901"/>
    <trkpt lat="39.796828" lon="3.020913"/>
    <trkpt lat="39.796734" lon="3.020919"/>
    <trkpt lat="39.796643" lon="3.020915"/>
    <trkpt lat="39.796544" lon="3.020904"/>
    <trkpt lat="39.796461" lon="3.020883"/>
    <trkpt lat="39.796383" lon="3.020854"/>
    <trkpt lat="39.796334" lon="3.020828"/>
    <trkpt lat="39.796289" lon="3.020798"/>
    <trkpt lat="39.796260" lon="3.020772"/>
    <trkpt lat="39.796193" lon="3.020691"/>
    <trkpt lat="39.796180" lon="3.020674"/>
    <trkpt lat="39.796161" lon="3.020657"/>
    <trkpt lat="39.796142" lon="3.020644"/>
    <trkpt lat="39.796122" lon="3.020636"/>
    <trkpt lat="39.796101" lon="3.020632"/>
    <trkpt lat="39.796081" lon="3.020630"/>
    <trkpt lat="39.796057" lon="3.020635"/>
    <trkpt lat="39.796036" lon="3.020644"/>
    <trkpt lat="39.796015" lon="3.020658"/>
    <trkpt lat="39.795997" lon="3.020675"/>
    <trkpt lat="39.795981" lon="3.020697"/>
    <trkpt lat="39.795967" lon="3.020723"/>
    <trkpt lat="39.795958" lon="3.020749"/>
    <trkpt lat="39.795952" lon="3.020779"/>
    <trkpt lat="39.795932" lon="3.020847"/>
    <trkpt lat="39.795913" lon="3.020884"/>
    <trkpt lat="39.795889" lon="3.020911"/>
    <trkpt lat="39.795867" lon="3.020931"/>
    <trkpt lat="39.795848" lon="3.020949"/>
    <trkpt lat="39.795813" lon="3.020967"/>
    <trkpt lat="39.795791" lon="3.020974"/>
    <trkpt lat="39.795766" lon="3.020978"/>
    <trkpt lat="39.795739" lon="3.020977"/>
    <trkpt lat="39.795714" lon="3.020972"/>
    <trkpt lat="39.795678" lon="3.020962"/>
    <trkpt lat="39.795638" lon="3.020947"/>
    <trkpt lat="39.795548" lon="3.020928"/>
    <trkpt lat="39.795436" lon="3.020873"/>
    <trkpt lat="39.795345" lon="3.020828"/>
    <trkpt lat="39.795186" lon="3.020754"/>
    <trkpt lat="39.795118" lon="3.020731"/>
    <trkpt lat="39.795055" lon="3.020717"/>
    <trkpt lat="39.794994" lon="3.020706"/>
    <trkpt lat="39.794939" lon="3.020700"/>
    <trkpt lat="39.794879" lon="3.020698"/>
    <trkpt lat="39.794810" lon="3.020703"/>
    <trkpt lat="39.794752" lon="3.020711"/>
    <trkpt lat="39.794646" lon="3.020722"/>
    <trkpt lat="39.794527" lon="3.020780"/>
    <trkpt lat="39.794477" lon="3.020806"/>
    <trkpt lat="39.794444" lon="3.020822"/>
    <trkpt lat="39.794412" lon="3.020831"/>
    <trkpt lat="39.794381" lon="3.020834"/>
    <trkpt lat="39.794358" lon="3.020834"/>
    <trkpt lat="39.794328" lon="3.020830"/>
    <trkpt lat="39.794295" lon="3.020816"/>
    <trkpt lat="39.794242" lon="3.020787"/>
    <trkpt lat="39.794202" lon="3.020758"/>
    <trkpt lat="39.794159" lon="3.020735"/>
    <trkpt lat="39.794115" lon="3.020719"/>
    <trkpt lat="39.794068" lon="3.020708"/>
    <trkpt lat="39.794001" lon="3.020707"/>
    <trkpt lat="39.793939" lon="3.020716"/>
    <trkpt lat="39.793878" lon="3.020739"/>
    <trkpt lat="39.793817" lon="3.020774"/>
    <trkpt lat="39.793762" lon="3.020823"/>
    <trkpt lat="39.793715" lon="3.020878"/>
    <trkpt lat="39.793672" lon="3.020947"/>
    <trkpt lat="39.793643" lon="3.021017"/>
    <trkpt lat="39.793621" lon="3.021089"/>
    <trkpt lat="39.793607" lon="3.021179"/>
    <trkpt lat="39.793603" lon="3.021244"/>
    <trkpt lat="39.793606" lon="3.021315"/>
    <trkpt lat="39.793614" lon="3.021382"/>
    <trkpt lat="39.793632" lon="3.021447"/>
    <trkpt lat="39.793648" lon="3.021536"/>
    <trkpt lat="39.793647" lon="3.021582"/>
    <trkpt lat="39.793635" lon="3.021625"/>
    <trkpt lat="39.793618" lon="3.021657"/>
    <trkpt lat="39.793598" lon="3.021687"/>
    <trkpt lat="39.793570" lon="3.021710"/>
    <trkpt lat="39.793536" lon="3.021728"/>
    <trkpt lat="39.793499" lon="3.021739"/>
    <trkpt lat="39.793467" lon="3.021744"/>
    <trkpt lat="39.793424" lon="3.021747"/>
    <trkpt lat="39.793373" lon="3.021743"/>
    <trkpt lat="39.793316" lon="3.021729"/>
    <trkpt lat="39.793261" lon="3.021709"/>
    <trkpt lat="39.793211" lon="3.021683"/>
    <trkpt lat="39.793196" lon="3.021667"/>
    <trkpt lat="39.793184" lon="3.021648"/>
    <trkpt lat="39.793156" lon="3.021566"/>
    <trkpt lat="39.793146" lon="3.021531"/>
    <trkpt lat="39.793134" lon="3.021461"/>
    <trkpt lat="39.793134" lon="3.021420"/>
    <trkpt lat="39.793136" lon="3.021380"/>
    <trkpt lat="39.793140" lon="3.021332"/>
    <trkpt lat="39.793165" lon="3.021184"/>
    <trkpt lat="39.793168" lon="3.021135"/>
    <trkpt lat="39.793163" lon="3.021033"/>
    <trkpt lat="39.793164" lon="3.020941"/>
    <trkpt lat="39.793157" lon="3.020840"/>
    <trkpt lat="39.793149" lon="3.020761"/>
    <trkpt lat="39.793138" lon="3.020693"/>
    <trkpt lat="39.793123" lon="3.020620"/>
    <trkpt lat="39.793101" lon="3.020544"/>
    <trkpt lat="39.793075" lon="3.020466"/>
    <trkpt lat="39.793049" lon="3.020401"/>
    <trkpt lat="39.793021" lon="3.020342"/>
    <trkpt lat="39.792775" lon="3.019903"/>
    <trkpt lat="39.792336" lon="3.019112"/>
    <trkpt lat="39.792127" lon="3.018719"/>
    <trkpt lat="39.792024" lon="3.018529"/>
    <trkpt lat="39.791939" lon="3.018384"/>
    <trkpt lat="39.791792" lon="3.018147"/>
    <trkpt lat="39.791540" lon="3.017722"/>
    <trkpt lat="39.791084" lon="3.016966"/>
    <trkpt lat="39.790794" lon="3.016487"/>
    <trkpt lat="39.790677" lon="3.016296"/>
    <trkpt lat="39.790106" lon="3.015356"/>
    <trkpt lat="39.789777" lon="3.014804"/>
    <trkpt lat="39.789262" lon="3.013957"/>
    <trkpt lat="39.789071" lon="3.013639"/>
    <trkpt lat="39.788059" lon="3.011952"/>
    <trkpt lat="39.787887" lon="3.011663"/>
    <trkpt lat="39.787806" lon="3.011521"/>
    <trkpt lat="39.787723" lon="3.011355"/>
    <trkpt lat="39.787661" lon="3.011211"/>
    <trkpt lat="39.787601" lon="3.011042"/>
    <trkpt lat="39.787556" lon="3.010905"/>
    <trkpt lat="39.787438" lon="3.010538"/>
    <trkpt lat="39.787343" lon="3.010244"/>
    <trkpt lat="39.787137" lon="3.009613"/>
    <trkpt lat="39.786785" lon="3.008514"/>
    <trkpt lat="39.786211" lon="3.006729"/>
    <trkpt lat="39.785790" lon="3.005426"/>
    <trkpt lat="39.785569" lon="3.004739"/>
    <trkpt lat="39.785452" lon="3.004384"/>
    <trkpt lat="39.785329" lon="3.004056"/>
    <trkpt lat="39.785049" lon="3.003383"/>
    <trkpt lat="39.784847" lon="3.002949"/>
    <trkpt lat="39.784621" lon="3.002508"/>
    <trkpt lat="39.784451" lon="3.002207"/>
    <trkpt lat="39.784288" lon="3.001940"/>
    <trkpt lat="39.784082" lon="3.001615"/>
    <trkpt lat="39.783812" lon="3.001207"/>
    <trkpt lat="39.783536" lon="3.000810"/>
    <trkpt lat="39.783456" lon="3.000691"/>
    <trkpt lat="39.782971" lon="2.999979"/>
    <trkpt lat="39.782752" lon="2.999666"/>
    <trkpt lat="39.782596" lon="2.999432"/>
    <trkpt lat="39.782436" lon="2.999212"/>
    <trkpt lat="39.782235" lon="2.998961"/>
    <trkpt lat="39.782070" lon="2.998760"/>
    <trkpt lat="39.781687" lon="2.998298"/>
    <trkpt lat="39.781434" lon="2.997993"/>
    <trkpt lat="39.780999" lon="2.997467"/>
    <trkpt lat="39.780865" lon="2.997305"/>
    <trkpt lat="39.780797" lon="2.997229"/>
    <trkpt lat="39.780734" lon="2.997163"/>
    <trkpt lat="39.780681" lon="2.997115"/>
    <trkpt lat="39.780638" lon="2.997077"/>
    <trkpt lat="39.780602" lon="2.997049"/>
    <trkpt lat="39.780532" lon="2.996966"/>
    <trkpt lat="39.780451" lon="2.996912"/>
    <trkpt lat="39.780320" lon="2.996824"/>
    <trkpt lat="39.780162" lon="2.996728"/>
    <trkpt lat="39.780129" lon="2.996706"/>
    <trkpt lat="39.780097" lon="2.996681"/>
    <trkpt lat="39.780064" lon="2.996649"/>
    <trkpt lat="39.780037" lon="2.996609"/>
    <trkpt lat="39.780032" lon="2.996573"/>
    <trkpt lat="39.780019" lon="2.996546"/>
    <trkpt lat="39.780000" lon="2.996526"/>
    <trkpt lat="39.779978" lon="2.996514"/>
    <trkpt lat="39.779941" lon="2.996486"/>
    <trkpt lat="39.779875" lon="2.996436"/>
    <trkpt lat="39.779854" lon="2.996409"/>
    <trkpt lat="39.779836" lon="2.996380"/>
    <trkpt lat="39.779824" lon="2.996348"/>
    <trkpt lat="39.779817" lon="2.996315"/>
    <trkpt lat="39.779812" lon="2.996271"/>
    <trkpt lat="39.779811" lon="2.996055"/>
    <trkpt lat="39.779808" lon="2.996014"/>
    <trkpt lat="39.779806" lon="2.995977"/>
    <trkpt lat="39.779800" lon="2.995914"/>
    <trkpt lat="39.779789" lon="2.995852"/>
    <trkpt lat="39.779753" lon="2.995757"/>
    <trkpt lat="39.779736" lon="2.995689"/>
    <trkpt lat="39.779715" lon="2.995625"/>
    <trkpt lat="39.779691" lon="2.995561"/>
    <trkpt lat="39.779667" lon="2.995502"/>
    <trkpt lat="39.779636" lon="2.995437"/>
    <trkpt lat="39.779605" lon="2.995375"/>
    <trkpt lat="39.779553" lon="2.995280"/>
    <trkpt lat="39.779347" lon="2.994930"/>
    <trkpt lat="39.778879" lon="2.994144"/>
    <trkpt lat="39.778379" lon="2.993310"/>
    <trkpt lat="39.778203" lon="2.993016"/>
    <trkpt lat="39.778095" lon="2.992837"/>
    <trkpt lat="39.777906" lon="2.992560"/>
    <trkpt lat="39.777788" lon="2.992388"/>
    <trkpt lat="39.777641" lon="2.992173"/>
    <trkpt lat="39.777425" lon="2.991857"/>
    <trkpt lat="39.777129" lon="2.991425"/>
    <trkpt lat="39.776901" lon="2.991092"/>
    <trkpt lat="39.776763" lon="2.990890"/>
    <trkpt lat="39.776546" lon="2.990572"/>
    <trkpt lat="39.776328" lon="2.990254"/>
    <trkpt lat="39.776103" lon="2.989924"/>
    <trkpt lat="39.775940" lon="2.989688"/>
    <trkpt lat="39.775834" lon="2.989532"/>
    <trkpt lat="39.775782" lon="2.989459"/>
    <trkpt lat="39.775636" lon="2.989247"/>
    <trkpt lat="39.775578" lon="2.989177"/>
    <trkpt lat="39.775466" lon="2.989055"/>
    <trkpt lat="39.775420" lon="2.989015"/>
    <trkpt lat="39.775338" lon="2.988944"/>
    <trkpt lat="39.775251" lon="2.988880"/>
    <trkpt lat="39.775207" lon="2.988854"/>
    <trkpt lat="39.775147" lon="2.988828"/>
    <trkpt lat="39.775061" lon="2.988801"/>
    <trkpt lat="39.775006" lon="2.988791"/>
    <trkpt lat="39.774966" lon="2.988787"/>
    <trkpt lat="39.774917" lon="2.988787"/>
    <trkpt lat="39.774837" lon="2.988793"/>
    <trkpt lat="39.774776" lon="2.988804"/>
    <trkpt lat="39.774706" lon="2.988822"/>
    <trkpt lat="39.774607" lon="2.988851"/>
    <trkpt lat="39.774231" lon="2.988967"/>
    <trkpt lat="39.774173" lon="2.988983"/>
    <trkpt lat="39.774092" lon="2.988977"/>
    <trkpt lat="39.774062" lon="2.988972"/>
    <trkpt lat="39.774041" lon="2.988965"/>
    <trkpt lat="39.774021" lon="2.988957"/>
    <trkpt lat="39.774009" lon="2.988947"/>
    <trkpt lat="39.773998" lon="2.988935"/>
    <trkpt lat="39.773990" lon="2.988919"/>
    <trkpt lat="39.773984" lon="2.988897"/>
    <trkpt lat="39.773974" lon="2.988839"/>
    <trkpt lat="39.773976" lon="2.988820"/>
    <trkpt lat="39.773975" lon="2.988777"/>
    <trkpt lat="39.773965" lon="2.988735"/>
    <trkpt lat="39.773948" lon="2.988698"/>
    <trkpt lat="39.773935" lon="2.988679"/>
    <trkpt lat="39.773928" lon="2.988637"/>
    <trkpt lat="39.773924" lon="2.988612"/>
    <trkpt lat="39.773923" lon="2.988584"/>
    <trkpt lat="39.773927" lon="2.988554"/>
    <trkpt lat="39.773958" lon="2.988388"/>
    <trkpt lat="39.773969" lon="2.988313"/>
    <trkpt lat="39.774007" lon="2.988152"/>
    <trkpt lat="39.774036" lon="2.988007"/>
    <trkpt lat="39.774055" lon="2.987885"/>
    <trkpt lat="39.774070" lon="2.987763"/>
    <trkpt lat="39.774080" lon="2.987652"/>
    <trkpt lat="39.774080" lon="2.987544"/>
    <trkpt lat="39.774077" lon="2.987439"/>
    <trkpt lat="39.774070" lon="2.987346"/>
    <trkpt lat="39.774058" lon="2.987252"/>
    <trkpt lat="39.774042" lon="2.987155"/>
    <trkpt lat="39.774017" lon="2.987054"/>
    <trkpt lat="39.773989" lon="2.986954"/>
    <trkpt lat="39.773951" lon="2.986848"/>
    <trkpt lat="39.773917" lon="2.986767"/>
    <trkpt lat="39.773885" lon="2.986701"/>
    <trkpt lat="39.773844" lon="2.986626"/>
    <trkpt lat="39.773787" lon="2.986535"/>
    <trkpt lat="39.773726" lon="2.986446"/>
    <trkpt lat="39.773583" lon="2.986239"/>
    <trkpt lat="39.773163" lon="2.985612"/>
    <trkpt lat="39.773052" lon="2.985449"/>
    <trkpt lat="39.772931" lon="2.985261"/>
    <trkpt lat="39.772815" lon="2.985044"/>
    <trkpt lat="39.772677" lon="2.984793"/>
    <trkpt lat="39.772568" lon="2.984581"/>
    <trkpt lat="39.772465" lon="2.984371"/>
    <trkpt lat="39.772346" lon="2.984111"/>
    <trkpt lat="39.772262" lon="2.983909"/>
    <trkpt lat="39.772194" lon="2.983740"/>
    <trkpt lat="39.772093" lon="2.983468"/>
    <trkpt lat="39.772016" lon="2.983250"/>
    <trkpt lat="39.771946" lon="2.983034"/>
    <trkpt lat="39.771873" lon="2.982793"/>
    <trkpt lat="39.771810" lon="2.982568"/>
    <trkpt lat="39.771737" lon="2.982276"/>
    <trkpt lat="39.771678" lon="2.982019"/>
    <trkpt lat="39.771614" lon="2.981707"/>
    <trkpt lat="39.771603" lon="2.981650"/>
    <trkpt lat="39.771561" lon="2.981427"/>
    <trkpt lat="39.771519" lon="2.981190"/>
    <trkpt lat="39.771480" lon="2.980987"/>
    <trkpt lat="39.771455" lon="2.980866"/>
    <trkpt lat="39.771426" lon="2.980751"/>
    <trkpt lat="39.771387" lon="2.980623"/>
    <trkpt lat="39.771328" lon="2.980488"/>
    <trkpt lat="39.771273" lon="2.980381"/>
    <trkpt lat="39.770956" lon="2.979784"/>
    <trkpt lat="39.770641" lon="2.979200"/>
    <trkpt lat="39.770599" lon="2.979120"/>
    <trkpt lat="39.770275" lon="2.978510"/>
    <trkpt lat="39.769858" lon="2.977728"/>
    <trkpt lat="39.769687" lon="2.977408"/>
    <trkpt lat="39.769447" lon="2.976958"/>
    <trkpt lat="39.769354" lon="2.976783"/>
    <trkpt lat="39.769218" lon="2.976530"/>
    <trkpt lat="39.769107" lon="2.976317"/>
    <trkpt lat="39.769032" lon="2.976185"/>
    <trkpt lat="39.768978" lon="2.976090"/>
    <trkpt lat="39.768859" lon="2.975894"/>
    <trkpt lat="39.768777" lon="2.975773"/>
    <trkpt lat="39.768710" lon="2.975680"/>
    <trkpt lat="39.768634" lon="2.975588"/>
    <trkpt lat="39.768560" lon="2.975508"/>
    <trkpt lat="39.768526" lon="2.975471"/>
    <trkpt lat="39.768197" lon="2.975140"/>
    <trkpt lat="39.767763" lon="2.974738"/>
    <trkpt lat="39.767425" lon="2.974424"/>
    <trkpt lat="39.767033" lon="2.974058"/>
    <trkpt lat="39.766922" lon="2.973915"/>
    <trkpt lat="39.766798" lon="2.973776"/>
    <trkpt lat="39.766709" lon="2.973676"/>
    <trkpt lat="39.766682" lon="2.973637"/>
    <trkpt lat="39.766663" lon="2.973604"/>
    <trkpt lat="39.766636" lon="2.973553"/>
    <trkpt lat="39.766615" lon="2.973508"/>
    <trkpt lat="39.766600" lon="2.973465"/>
    <trkpt lat="39.766579" lon="2.973413"/>
    <trkpt lat="39.766582" lon="2.973398"/>
    <trkpt lat="39.766580" lon="2.973297"/>
    <trkpt lat="39.766568" lon="2.973234"/>
    <trkpt lat="39.766547" lon="2.973183"/>
    <trkpt lat="39.766517" lon="2.973136"/>
    <trkpt lat="39.766489" lon="2.973105"/>
    <trkpt lat="39.766460" lon="2.973083"/>
    <trkpt lat="39.766427" lon="2.973065"/>
    <trkpt lat="39.766399" lon="2.973056"/>
    <trkpt lat="39.766394" lon="2.973055"/>
    <trkpt lat="39.766386" lon="2.973054"/>
    <trkpt lat="39.766293" lon="2.973004"/>
    <trkpt lat="39.766253" lon="2.972973"/>
    <trkpt lat="39.766214" lon="2.972934"/>
    <trkpt lat="39.766184" lon="2.972900"/>
    <trkpt lat="39.766149" lon="2.972849"/>
    <trkpt lat="39.766032" lon="2.972659"/>
    <trkpt lat="39.765917" lon="2.972457"/>
    <trkpt lat="39.765815" lon="2.972272"/>
    <trkpt lat="39.765707" lon="2.972072"/>
    <trkpt lat="39.765540" lon="2.971800"/>
    <trkpt lat="39.765442" lon="2.971617"/>
    <trkpt lat="39.765152" lon="2.971079"/>
    <trkpt lat="39.765006" lon="2.970818"/>
    <trkpt lat="39.764998" lon="2.970805"/>
    <trkpt lat="39.764898" lon="2.970637"/>
    <trkpt lat="39.764818" lon="2.970510"/>
    <trkpt lat="39.764804" lon="2.970488"/>
    <trkpt lat="39.764748" lon="2.970407"/>
    <trkpt lat="39.763931" lon="2.969324"/>
    <trkpt lat="39.763648" lon="2.968947"/>
    <trkpt lat="39.763316" lon="2.968532"/>
    <trkpt lat="39.763080" lon="2.968236"/>
    <trkpt lat="39.762642" lon="2.967687"/>
    <trkpt lat="39.762602" lon="2.967632"/>
    <trkpt lat="39.762229" lon="2.967172"/>
    <trkpt lat="39.761975" lon="2.966867"/>
    <trkpt lat="39.761884" lon="2.966757"/>
    <trkpt lat="39.761746" lon="2.966591"/>
    <trkpt lat="39.761653" lon="2.966489"/>
    <trkpt lat="39.761576" lon="2.966408"/>
    <trkpt lat="39.761507" lon="2.966341"/>
    <trkpt lat="39.761265" lon="2.966119"/>
    <trkpt lat="39.761020" lon="2.965899"/>
    <trkpt lat="39.760645" lon="2.965569"/>
    <trkpt lat="39.760551" lon="2.965483"/>
    <trkpt lat="39.760484" lon="2.965284"/>
    <trkpt lat="39.760476" lon="2.965210"/>
    <trkpt lat="39.760481" lon="2.965153"/>
    <trkpt lat="39.760504" lon="2.965045"/>
    <trkpt lat="39.760518" lon="2.965003"/>
    <trkpt lat="39.760526" lon="2.964955"/>
    <trkpt lat="39.760524" lon="2.964890"/>
    <trkpt lat="39.760513" lon="2.964847"/>
    <trkpt lat="39.760494" lon="2.964802"/>
    <trkpt lat="39.760470" lon="2.964770"/>
    <trkpt lat="39.760442" lon="2.964742"/>
    <trkpt lat="39.760420" lon="2.964731"/>
    <trkpt lat="39.760391" lon="2.964721"/>
    <trkpt lat="39.760356" lon="2.964718"/>
    <trkpt lat="39.760324" lon="2.964721"/>
    <trkpt lat="39.760283" lon="2.964738"/>
    <trkpt lat="39.760247" lon="2.964769"/>
    <trkpt lat="39.760224" lon="2.964802"/>
    <trkpt lat="39.760184" lon="2.964818"/>
    <trkpt lat="39.760159" lon="2.964831"/>
    <trkpt lat="39.760134" lon="2.964839"/>
    <trkpt lat="39.760106" lon="2.964844"/>
    <trkpt lat="39.760053" lon="2.964847"/>
    <trkpt lat="39.759984" lon="2.964840"/>
    <trkpt lat="39.759935" lon="2.964832"/>
    <trkpt lat="39.759894" lon="2.964820"/>
    <trkpt lat="39.759712" lon="2.964726"/>
    <trkpt lat="39.759575" lon="2.964607"/>
    <trkpt lat="39.759301" lon="2.964363"/>
    <trkpt lat="39.759144" lon="2.964227"/>
    <trkpt lat="39.759008" lon="2.964111"/>
    <trkpt lat="39.758908" lon="2.964027"/>
    <trkpt lat="39.758827" lon="2.963964"/>
    <trkpt lat="39.758731" lon="2.963892"/>
    <trkpt lat="39.758665" lon="2.963847"/>
    <trkpt lat="39.758579" lon="2.963794"/>
    <trkpt lat="39.758492" lon="2.963749"/>
    <trkpt lat="39.758419" lon="2.963715"/>
    <trkpt lat="39.758327" lon="2.963677"/>
    <trkpt lat="39.758211" lon="2.963634"/>
    <trkpt lat="39.758102" lon="2.963596"/>
    <trkpt lat="39.757992" lon="2.963563"/>
    <trkpt lat="39.757941" lon="2.963548"/>
    <trkpt lat="39.757643" lon="2.963463"/>
    <trkpt lat="39.757444" lon="2.963402"/>
    <trkpt lat="39.757297" lon="2.963350"/>
    <trkpt lat="39.757059" lon="2.963256"/>
    <trkpt lat="39.756891" lon="2.963187"/>
    <trkpt lat="39.756710" lon="2.963112"/>
    <trkpt lat="39.756545" lon="2.963043"/>
    <trkpt lat="39.756263" lon="2.962922"/>
    <trkpt lat="39.756121" lon="2.962861"/>
    <trkpt lat="39.756006" lon="2.962806"/>
    <trkpt lat="39.755901" lon="2.962753"/>
    <trkpt lat="39.755802" lon="2.962699"/>
    <trkpt lat="39.755478" lon="2.962526"/>
    <trkpt lat="39.755268" lon="2.962423"/>
    <trkpt lat="39.755035" lon="2.962306"/>
    <trkpt lat="39.754917" lon="2.962244"/>
    <trkpt lat="39.754787" lon="2.962174"/>
    <trkpt lat="39.754664" lon="2.962104"/>
    <trkpt lat="39.754482" lon="2.961995"/>
    <trkpt lat="39.754356" lon="2.961918"/>
    <trkpt lat="39.754174" lon="2.961803"/>
    <trkpt lat="39.754029" lon="2.961709"/>
    <trkpt lat="39.753915" lon="2.961636"/>
    <trkpt lat="39.753772" lon="2.961541"/>
    <trkpt lat="39.753573" lon="2.961402"/>
    <trkpt lat="39.753491" lon="2.961344"/>
    <trkpt lat="39.753402" lon="2.961282"/>
    <trkpt lat="39.753241" lon="2.961167"/>
    <trkpt lat="39.753020" lon="2.961000"/>
    <trkpt lat="39.752668" lon="2.960723"/>
    <trkpt lat="39.752599" lon="2.960669"/>
    <trkpt lat="39.752543" lon="2.960627"/>
    <trkpt lat="39.752481" lon="2.960584"/>
    <trkpt lat="39.752437" lon="2.960558"/>
    <trkpt lat="39.752372" lon="2.960525"/>
    <trkpt lat="39.752285" lon="2.960486"/>
    <trkpt lat="39.752099" lon="2.960401"/>
    <trkpt lat="39.752010" lon="2.960361"/>
    <trkpt lat="39.751902" lon="2.960304"/>
    <trkpt lat="39.751815" lon="2.960252"/>
    <trkpt lat="39.751746" lon="2.960202"/>
    <trkpt lat="39.751675" lon="2.960143"/>
    <trkpt lat="39.751634" lon="2.960107"/>
    <trkpt lat="39.751578" lon="2.960055"/>
    <trkpt lat="39.751526" lon="2.960001"/>
    <trkpt lat="39.751469" lon="2.959939"/>
    <trkpt lat="39.751419" lon="2.959881"/>
    <trkpt lat="39.751364" lon="2.959808"/>
    <trkpt lat="39.751307" lon="2.959726"/>
    <trkpt lat="39.751187" lon="2.959550"/>
    <trkpt lat="39.751108" lon="2.959433"/>
    <trkpt lat="39.751024" lon="2.959306"/>
    <trkpt lat="39.750978" lon="2.959241"/>
    <trkpt lat="39.750933" lon="2.959185"/>
    <trkpt lat="39.750885" lon="2.959133"/>
    <trkpt lat="39.750837" lon="2.959090"/>
    <trkpt lat="39.750798" lon="2.959063"/>
    <trkpt lat="39.750746" lon="2.959036"/>
    <trkpt lat="39.750697" lon="2.959016"/>
    <trkpt lat="39.750648" lon="2.959005"/>
    <trkpt lat="39.750593" lon="2.959000"/>
    <trkpt lat="39.750530" lon="2.959007"/>
    <trkpt lat="39.750482" lon="2.959020"/>
    <trkpt lat="39.750427" lon="2.959045"/>
    <trkpt lat="39.750388" lon="2.959069"/>
    <trkpt lat="39.750313" lon="2.959128"/>
    <trkpt lat="39.750280" lon="2.959151"/>
    <trkpt lat="39.750228" lon="2.959148"/>
    <trkpt lat="39.750209" lon="2.959142"/>
    <trkpt lat="39.750188" lon="2.959133"/>
    <trkpt lat="39.750167" lon="2.959119"/>
    <trkpt lat="39.750150" lon="2.959102"/>
    <trkpt lat="39.750133" lon="2.959080"/>
    <trkpt lat="39.750115" lon="2.959049"/>
    <trkpt lat="39.750087" lon="2.958997"/>
    <trkpt lat="39.750056" lon="2.958955"/>
    <trkpt lat="39.750059" lon="2.958927"/>
    <trkpt lat="39.750059" lon="2.958893"/>
    <trkpt lat="39.750053" lon="2.958860"/>
    <trkpt lat="39.750043" lon="2.958829"/>
    <trkpt lat="39.750028" lon="2.958801"/>
    <trkpt lat="39.750009" lon="2.958777"/>
    <trkpt lat="39.749996" lon="2.958765"/>
    <trkpt lat="39.749979" lon="2.958740"/>
    <trkpt lat="39.749967" lon="2.958713"/>
    <trkpt lat="39.749955" lon="2.958674"/>
    <trkpt lat="39.749949" lon="2.958632"/>
    <trkpt lat="39.749946" lon="2.958563"/>
    <trkpt lat="39.749937" lon="2.958496"/>
    <trkpt lat="39.749914" lon="2.958404"/>
    <trkpt lat="39.749901" lon="2.958336"/>
    <trkpt lat="39.749886" lon="2.958271"/>
    <trkpt lat="39.749867" lon="2.958212"/>
    <trkpt lat="39.749844" lon="2.958149"/>
    <trkpt lat="39.749814" lon="2.958073"/>
    <trkpt lat="39.749788" lon="2.958017"/>
    <trkpt lat="39.749761" lon="2.957966"/>
    <trkpt lat="39.749731" lon="2.957917"/>
    <trkpt lat="39.749700" lon="2.957871"/>
    <trkpt lat="39.749655" lon="2.957811"/>
    <trkpt lat="39.749562" lon="2.957694"/>
    <trkpt lat="39.749453" lon="2.957561"/>
    <trkpt lat="39.749249" lon="2.957317"/>
    <trkpt lat="39.749052" lon="2.957075"/>
    <trkpt lat="39.748803" lon="2.956774"/>
    <trkpt lat="39.748502" lon="2.956411"/>
    <trkpt lat="39.748289" lon="2.956153"/>
    <trkpt lat="39.748141" lon="2.955974"/>
    <trkpt lat="39.747915" lon="2.955704"/>
    <trkpt lat="39.747753" lon="2.955508"/>
    <trkpt lat="39.747591" lon="2.955310"/>
    <trkpt lat="39.747354" lon="2.955027"/>
    <trkpt lat="39.747037" lon="2.954641"/>
    <trkpt lat="39.746789" lon="2.954341"/>
    <trkpt lat="39.746633" lon="2.954152"/>
    <trkpt lat="39.746231" lon="2.953672"/>
    <trkpt lat="39.745577" lon="2.952878"/>
    <trkpt lat="39.745341" lon="2.952595"/>
    <trkpt lat="39.745098" lon="2.952302"/>
    <trkpt lat="39.744935" lon="2.952103"/>
    <trkpt lat="39.744699" lon="2.951818"/>
    <trkpt lat="39.744458" lon="2.951528"/>
    <trkpt lat="39.744296" lon="2.951335"/>
    <trkpt lat="39.744058" lon="2.951052"/>
    <trkpt lat="39.743811" lon="2.950762"/>
    <trkpt lat="39.743411" lon="2.950289"/>
    <trkpt lat="39.742928" lon="2.949715"/>
    <trkpt lat="39.742603" lon="2.949326"/>
    <trkpt lat="39.742285" lon="2.948944"/>
    <trkpt lat="39.742012" lon="2.948613"/>
    <trkpt lat="39.741769" lon="2.948320"/>
    <trkpt lat="39.741574" lon="2.948083"/>
    <trkpt lat="39.741290" lon="2.947735"/>
    <trkpt lat="39.740892" lon="2.947246"/>
    <trkpt lat="39.740576" lon="2.946858"/>
    <trkpt lat="39.740409" lon="2.946649"/>
    <trkpt lat="39.740180" lon="2.946370"/>
    <trkpt lat="39.739916" lon="2.946054"/>
    <trkpt lat="39.739663" lon="2.945754"/>
    <trkpt lat="39.739411" lon="2.945460"/>
    <trkpt lat="39.739162" lon="2.945171"/>
    <trkpt lat="39.738945" lon="2.944923"/>
    <trkpt lat="39.738708" lon="2.944656"/>
    <trkpt lat="39.738422" lon="2.944330"/>
    <trkpt lat="39.738147" lon="2.944006"/>
    <trkpt lat="39.737758" lon="2.943528"/>
    <trkpt lat="39.737563" lon="2.943286"/>
    <trkpt lat="39.737254" lon="2.942907"/>
    <trkpt lat="39.737067" lon="2.942685"/>
    <trkpt lat="39.736770" lon="2.942336"/>
    <trkpt lat="39.736677" lon="2.942230"/>
    <trkpt lat="39.736580" lon="2.942127"/>
    <trkpt lat="39.736539" lon="2.942086"/>
    <trkpt lat="39.736405" lon="2.941952"/>
    <trkpt lat="39.736146" lon="2.941706"/>
    <trkpt lat="39.735975" lon="2.941541"/>
    <trkpt lat="39.735709" lon="2.941284"/>
    <trkpt lat="39.735321" lon="2.940886"/>
    <trkpt lat="39.735081" lon="2.940638"/>
    <trkpt lat="39.734925" lon="2.940468"/>
    <trkpt lat="39.734864" lon="2.940406"/>
    <trkpt lat="39.734806" lon="2.940351"/>
    <trkpt lat="39.734747" lon="2.940302"/>
    <trkpt lat="39.734685" lon="2.940255"/>
    <trkpt lat="39.734615" lon="2.940211"/>
    <trkpt lat="39.734569" lon="2.940185"/>
    <trkpt lat="39.734508" lon="2.940155"/>
    <trkpt lat="39.734424" lon="2.940122"/>
    <trkpt lat="39.734269" lon="2.940051"/>
    <trkpt lat="39.734248" lon="2.940036"/>
    <trkpt lat="39.734226" lon="2.940013"/>
    <trkpt lat="39.734208" lon="2.939985"/>
    <trkpt lat="39.734198" lon="2.939951"/>
    <trkpt lat="39.734194" lon="2.939920"/>
    <trkpt lat="39.734192" lon="2.939863"/>
    <trkpt lat="39.734197" lon="2.939827"/>
    <trkpt lat="39.734207" lon="2.939787"/>
    <trkpt lat="39.734221" lon="2.939753"/>
    <trkpt lat="39.734240" lon="2.939723"/>
    <trkpt lat="39.734261" lon="2.939698"/>
    <trkpt lat="39.734292" lon="2.939674"/>
    <trkpt lat="39.734321" lon="2.939658"/>
    <trkpt lat="39.734345" lon="2.939652"/>
    <trkpt lat="39.734368" lon="2.939650"/>
    <trkpt lat="39.734420" lon="2.939664"/>
    <trkpt lat="39.734461" lon="2.939683"/>
    <trkpt lat="39.734531" lon="2.939702"/>
    <trkpt lat="39.734596" lon="2.939705"/>
    <trkpt lat="39.734662" lon="2.939697"/>
    <trkpt lat="39.734725" lon="2.939672"/>
    <trkpt lat="39.734774" lon="2.939642"/>
    <trkpt lat="39.734831" lon="2.939594"/>
    <trkpt lat="39.734874" lon="2.939544"/>
    <trkpt lat="39.734914" lon="2.939481"/>
    <trkpt lat="39.734946" lon="2.939412"/>
    <trkpt lat="39.734973" lon="2.939335"/>
    <trkpt lat="39.734989" lon="2.939251"/>
    <trkpt lat="39.734992" lon="2.939166"/>
    <trkpt lat="39.734984" lon="2.939072"/>
    <trkpt lat="39.734972" lon="2.939012"/>
    <trkpt lat="39.734956" lon="2.938962"/>
    <trkpt lat="39.734941" lon="2.938866"/>
    <trkpt lat="39.734937" lon="2.938828"/>
    <trkpt lat="39.734937" lon="2.938795"/>
    <trkpt lat="39.734939" lon="2.938761"/>
    <trkpt lat="39.734944" lon="2.938729"/>
    <trkpt lat="39.734952" lon="2.938699"/>
    <trkpt lat="39.734959" lon="2.938676"/>
    <trkpt lat="39.734975" lon="2.938620"/>
    <trkpt lat="39.734987" lon="2.938576"/>
    <trkpt lat="39.734996" lon="2.938536"/>
    <trkpt lat="39.735003" lon="2.938493"/>
    <trkpt lat="39.735004" lon="2.938444"/>
    <trkpt lat="39.734996" lon="2.938377"/>
    <trkpt lat="39.734993" lon="2.938338"/>
    <trkpt lat="39.734986" lon="2.938295"/>
    <trkpt lat="39.734975" lon="2.938253"/>
    <trkpt lat="39.734959" lon="2.938212"/>
    <trkpt lat="39.734939" lon="2.938171"/>
    <trkpt lat="39.734913" lon="2.938128"/>
    <trkpt lat="39.734883" lon="2.938086"/>
    <trkpt lat="39.734868" lon="2.938068"/>
    <trkpt lat="39.734850" lon="2.938048"/>
    <trkpt lat="39.734833" lon="2.938031"/>
    <trkpt lat="39.734808" lon="2.938011"/>
    <trkpt lat="39.734769" lon="2.937985"/>
    <trkpt lat="39.734726" lon="2.937958"/>
    <trkpt lat="39.734667" lon="2.937923"/>
    <trkpt lat="39.734558" lon="2.937859"/>
    <trkpt lat="39.734382" lon="2.937756"/>
    <trkpt lat="39.734210" lon="2.937657"/>
    <trkpt lat="39.734069" lon="2.937577"/>
    <trkpt lat="39.733825" lon="2.937432"/>
    <trkpt lat="39.733746" lon="2.937383"/>
    <trkpt lat="39.733696" lon="2.937348"/>
    <trkpt lat="39.733656" lon="2.937317"/>
    <trkpt lat="39.733615" lon="2.937283"/>
    <trkpt lat="39.733571" lon="2.937243"/>
    <trkpt lat="39.733525" lon="2.937199"/>
    <trkpt lat="39.733487" lon="2.937158"/>
    <trkpt lat="39.733451" lon="2.937114"/>
    <trkpt lat="39.733417" lon="2.937072"/>
    <trkpt lat="39.733378" lon="2.937019"/>
    <trkpt lat="39.733354" lon="2.936985"/>
    <trkpt lat="39.733330" lon="2.936947"/>
    <trkpt lat="39.733297" lon="2.936890"/>
    <trkpt lat="39.733269" lon="2.936837"/>
    <trkpt lat="39.733241" lon="2.936780"/>
    <trkpt lat="39.733169" lon="2.936626"/>
    <trkpt lat="39.733047" lon="2.936359"/>
    <trkpt lat="39.732891" lon="2.936025"/>
    <trkpt lat="39.732786" lon="2.935802"/>
    <trkpt lat="39.732064" lon="2.934248"/>
    <trkpt lat="39.728277" lon="2.926105"/>
    <trkpt lat="39.728203" lon="2.925945"/>
    <trkpt lat="39.728009" lon="2.925534"/>
    <trkpt lat="39.727554" lon="2.924554"/>
    <trkpt lat="39.727391" lon="2.924202"/>
    <trkpt lat="39.727179" lon="2.923751"/>
    <trkpt lat="39.727052" lon="2.923483"/>
    <trkpt lat="39.726746" lon="2.922835"/>
    <trkpt lat="39.726615" lon="2.922560"/>
    <trkpt lat="39.726524" lon="2.922382"/>
    <trkpt lat="39.726357" lon="2.922106"/>
    <trkpt lat="39.726189" lon="2.921848"/>
    <trkpt lat="39.726054" lon="2.921652"/>
    <trkpt lat="39.725933" lon="2.921491"/>
    <trkpt lat="39.725767" lon="2.921280"/>
    <trkpt lat="39.725692" lon="2.921190"/>
    <trkpt lat="39.725590" lon="2.921081"/>
    <trkpt lat="39.725267" lon="2.920774"/>
    <trkpt lat="39.725144" lon="2.920673"/>
    <trkpt lat="39.724705" lon="2.920321"/>
    <trkpt lat="39.724612" lon="2.920258"/>
    <trkpt lat="39.724514" lon="2.920192"/>
    <trkpt lat="39.724167" lon="2.919990"/>
    <trkpt lat="39.724044" lon="2.919914"/>
    <trkpt lat="39.723921" lon="2.919836"/>
    <trkpt lat="39.723220" lon="2.919398"/>
    <trkpt lat="39.722867" lon="2.919182"/>
    <trkpt lat="39.722739" lon="2.919102"/>
    <trkpt lat="39.721520" lon="2.918346"/>
    <trkpt lat="39.720448" lon="2.917666"/>
    <trkpt lat="39.720365" lon="2.917596"/>
    <trkpt lat="39.720317" lon="2.917536"/>
    <trkpt lat="39.720298" lon="2.917508"/>
    <trkpt lat="39.720276" lon="2.917464"/>
    <trkpt lat="39.720271" lon="2.917417"/>
    <trkpt lat="39.720262" lon="2.917383"/>
    <trkpt lat="39.720282" lon="2.917324"/>
    <trkpt lat="39.720330" lon="2.917180"/>
    <trkpt lat="39.720339" lon="2.917155"/>
    <trkpt lat="39.720509" lon="2.916704"/>
    <trkpt lat="39.720559" lon="2.916568"/>
    <trkpt lat="39.720618" lon="2.916407"/>
    <trkpt lat="39.720855" lon="2.915765"/>
    <trkpt lat="39.721082" lon="2.915150"/>
    <trkpt lat="39.721128" lon="2.915030"/>
    <trkpt lat="39.721391" lon="2.914291"/>
    <trkpt lat="39.721439" lon="2.914177"/>
    <trkpt lat="39.721458" lon="2.914133"/>
    <trkpt lat="39.721478" lon="2.914108"/>
    <trkpt lat="39.721524" lon="2.914069"/>
    <trkpt lat="39.721551" lon="2.914046"/>
    <trkpt lat="39.721866" lon="2.913790"/>
    <trkpt lat="39.722252" lon="2.913474"/>
    <trkpt lat="39.722284" lon="2.913448"/>
    <trkpt lat="39.722305" lon="2.913409"/>
    <trkpt lat="39.722312" lon="2.913358"/>
    <trkpt lat="39.722304" lon="2.913308"/>
    <trkpt lat="39.722099" lon="2.912856"/>
    <trkpt lat="39.722063" lon="2.912779"/>
    <trkpt lat="39.722002" lon="2.912649"/>
    <trkpt lat="39.721925" lon="2.912449"/>
    <trkpt lat="39.721836" lon="2.912220"/>
    <trkpt lat="39.721761" lon="2.912001"/>
    <trkpt lat="39.721588" lon="2.911561"/>
    <trkpt lat="39.721575" lon="2.911209"/>
    <trkpt lat="39.721569" lon="2.911067"/>
    <trkpt lat="39.720922" lon="2.911565"/>
    <trkpt lat="39.721218" lon="2.911984"/>
    <trkpt lat="39.721259" lon="2.912085"/>
    <trkpt lat="39.721287" lon="2.912151"/>
    <trkpt lat="39.721304" lon="2.912191"/>
    <trkpt lat="39.721404" lon="2.912519"/>
    <trkpt lat="39.721593" lon="2.913082"/>
    <trkpt lat="39.721612" lon="2.913139"/>
    <trkpt lat="39.721298" lon="2.913388"/>
    <trkpt lat="39.721188" lon="2.913462"/>
    <trkpt lat="39.721333" lon="2.913795"/>
    <trkpt lat="39.721336" lon="2.913843"/>
    <trkpt lat="39.721323" lon="2.913901"/>
    <trkpt lat="39.721291" lon="2.913987"/>
    <trkpt lat="39.721215" lon="2.914180"/>
    <trkpt lat="39.720952" lon="2.914876"/>
    <trkpt lat="39.720939" lon="2.914912"/>
    <trkpt lat="39.720700" lon="2.915567"/>
    <trkpt lat="39.720668" lon="2.915657"/>
    <trkpt lat="39.720379" lon="2.916449"/>
    <trkpt lat="39.720328" lon="2.916588"/>
    <trkpt lat="39.720163" lon="2.917059"/>
    <trkpt lat="39.720152" lon="2.917092"/>
    <trkpt lat="39.720121" lon="2.917183"/>
    <trkpt lat="39.720108" lon="2.917212"/>
    <trkpt lat="39.720099" lon="2.917231"/>
    <trkpt lat="39.720087" lon="2.917259"/>
    <trkpt lat="39.720048" lon="2.917273"/>
    <trkpt lat="39.720001" lon="2.917282"/>
    <trkpt lat="39.719911" lon="2.917299"/>
    <trkpt lat="39.719857" lon="2.917293"/>
    <trkpt lat="39.719802" lon="2.917279"/>
    <trkpt lat="39.719211" lon="2.916921"/>
    <trkpt lat="39.719086" lon="2.916845"/>
    <trkpt lat="39.718366" lon="2.916410"/>
    <trkpt lat="39.717328" lon="2.915750"/>
    <trkpt lat="39.717208" lon="2.915676"/>
    <trkpt lat="39.716834" lon="2.915446"/>
    <trkpt lat="39.716704" lon="2.915367"/>
    <trkpt lat="39.716649" lon="2.915318"/>
    <trkpt lat="39.716615" lon="2.915279"/>
    <trkpt lat="39.716599" lon="2.915251"/>
    <trkpt lat="39.716589" lon="2.915226"/>
    <trkpt lat="39.716580" lon="2.915202"/>
    <trkpt lat="39.716578" lon="2.915171"/>
    <trkpt lat="39.716571" lon="2.915142"/>
    <trkpt lat="39.716563" lon="2.915118"/>
    <trkpt lat="39.716553" lon="2.915095"/>
    <trkpt lat="39.716533" lon="2.915067"/>
    <trkpt lat="39.716510" lon="2.915044"/>
    <trkpt lat="39.716484" lon="2.915027"/>
    <trkpt lat="39.716456" lon="2.915016"/>
    <trkpt lat="39.716427" lon="2.915014"/>
    <trkpt lat="39.716409" lon="2.915016"/>
    <trkpt lat="39.716391" lon="2.915020"/>
    <trkpt lat="39.716358" lon="2.915038"/>
    <trkpt lat="39.716304" lon="2.915026"/>
    <trkpt lat="39.716252" lon="2.915017"/>
    <trkpt lat="39.716207" lon="2.914995"/>
    <trkpt lat="39.716151" lon="2.914965"/>
    <trkpt lat="39.716034" lon="2.914894"/>
    <trkpt lat="39.715787" lon="2.914747"/>
    <trkpt lat="39.715532" lon="2.914593"/>
    <trkpt lat="39.715345" lon="2.914479"/>
    <trkpt lat="39.715156" lon="2.914366"/>
    <trkpt lat="39.714905" lon="2.914212"/>
    <trkpt lat="39.714778" lon="2.914131"/>
    <trkpt lat="39.714656" lon="2.914055"/>
    <trkpt lat="39.714534" lon="2.913975"/>
    <trkpt lat="39.714284" lon="2.913817"/>
    <trkpt lat="39.713984" lon="2.913627"/>
    <trkpt lat="39.713877" lon="2.913558"/>
    <trkpt lat="39.713656" lon="2.913417"/>
    <trkpt lat="39.713410" lon="2.913261"/>
    <trkpt lat="39.713218" lon="2.913138"/>
    <trkpt lat="39.712907" lon="2.912942"/>
    <trkpt lat="39.712661" lon="2.912784"/>
    <trkpt lat="39.712473" lon="2.912666"/>
    <trkpt lat="39.712286" lon="2.912546"/>
    <trkpt lat="39.712159" lon="2.912463"/>
    <trkpt lat="39.712039" lon="2.912371"/>
    <trkpt lat="39.711922" lon="2.912269"/>
    <trkpt lat="39.711761" lon="2.912108"/>
    <trkpt lat="39.711602" lon="2.911926"/>
    <trkpt lat="39.711506" lon="2.911799"/>
    <trkpt lat="39.711413" lon="2.911663"/>
    <trkpt lat="39.711324" lon="2.911522"/>
    <trkpt lat="39.711205" lon="2.911305"/>
    <trkpt lat="39.711127" lon="2.911156"/>
    <trkpt lat="39.711055" lon="2.910998"/>
    <trkpt lat="39.710960" lon="2.910755"/>
    <trkpt lat="39.710905" lon="2.910589"/>
    <trkpt lat="39.710857" lon="2.910422"/>
    <trkpt lat="39.710816" lon="2.910250"/>
    <trkpt lat="39.710767" lon="2.909988"/>
    <trkpt lat="39.710747" lon="2.909809"/>
    <trkpt lat="39.710743" lon="2.909721"/>
    <trkpt lat="39.710739" lon="2.909575"/>
    <trkpt lat="39.710742" lon="2.909489"/>
    <trkpt lat="39.710753" lon="2.909406"/>
    <trkpt lat="39.710768" lon="2.909336"/>
    <trkpt lat="39.710787" lon="2.909248"/>
    <trkpt lat="39.710808" lon="2.909207"/>
    <trkpt lat="39.710821" lon="2.909164"/>
    <trkpt lat="39.710830" lon="2.909104"/>
    <trkpt lat="39.710827" lon="2.909044"/>
    <trkpt lat="39.710814" lon="2.908986"/>
    <trkpt lat="39.710791" lon="2.908934"/>
    <trkpt lat="39.710758" lon="2.908888"/>
    <trkpt lat="39.710723" lon="2.908857"/>
    <trkpt lat="39.710681" lon="2.908806"/>
    <trkpt lat="39.710658" lon="2.908765"/>
    <trkpt lat="39.710633" lon="2.908708"/>
    <trkpt lat="39.710613" lon="2.908630"/>
    <trkpt lat="39.710600" lon="2.908561"/>
    <trkpt lat="39.710570" lon="2.908363"/>
    <trkpt lat="39.710333" lon="2.906330"/>
    <trkpt lat="39.710205" lon="2.905175"/>
    <trkpt lat="39.710051" lon="2.903896"/>
    <trkpt lat="39.709947" lon="2.903076"/>
    <trkpt lat="39.709833" lon="2.902176"/>
    <trkpt lat="39.709801" lon="2.902011"/>
    <trkpt lat="39.709730" lon="2.901633"/>
    <trkpt lat="39.709726" lon="2.901585"/>
    <trkpt lat="39.709728" lon="2.901551"/>
    <trkpt lat="39.709735" lon="2.901517"/>
    <trkpt lat="39.709750" lon="2.901479"/>
    <trkpt lat="39.709782" lon="2.901419"/>
    <trkpt lat="39.709804" lon="2.901380"/>
    <trkpt lat="39.709821" lon="2.901336"/>
    <trkpt lat="39.709833" lon="2.901289"/>
    <trkpt lat="39.709839" lon="2.901241"/>
    <trkpt lat="39.709839" lon="2.901192"/>
    <trkpt lat="39.709833" lon="2.901144"/>
    <trkpt lat="39.709822" lon="2.901097"/>
    <trkpt lat="39.709805" lon="2.901053"/>
    <trkpt lat="39.709784" lon="2.901013"/>
    <trkpt lat="39.709753" lon="2.900972"/>
    <trkpt lat="39.709625" lon="2.900772"/>
    <trkpt lat="39.709356" lon="2.900330"/>
    <trkpt lat="39.709263" lon="2.900173"/>
    <trkpt lat="39.709157" lon="2.899992"/>
    <trkpt lat="39.708949" lon="2.899625"/>
    <trkpt lat="39.708823" lon="2.899449"/>
    <trkpt lat="39.708240" lon="2.898535"/>
    <trkpt lat="39.708119" lon="2.898343"/>
    <trkpt lat="39.707972" lon="2.898105"/>
    <trkpt lat="39.707813" lon="2.897830"/>
    <trkpt lat="39.707675" lon="2.897583"/>
    <trkpt lat="39.707581" lon="2.897405"/>
    <trkpt lat="39.707148" lon="2.896630"/>
    <trkpt lat="39.706573" lon="2.895550"/>
    <trkpt lat="39.706486" lon="2.895385"/>
    <trkpt lat="39.706083" lon="2.894614"/>
    <trkpt lat="39.705159" lon="2.892816"/>
    <trkpt lat="39.704607" lon="2.891743"/>
    <trkpt lat="39.704293" lon="2.891110"/>
    <trkpt lat="39.703883" lon="2.890101"/>
    <trkpt lat="39.703460" lon="2.889080"/>
    <trkpt lat="39.702283" lon="2.886448"/>
    <trkpt lat="39.700928" lon="2.883498"/>
    <trkpt lat="39.699836" lon="2.881121"/>
    <trkpt lat="39.699798" lon="2.881063"/>
    <trkpt lat="39.698819" lon="2.879573"/>
    <trkpt lat="39.698766" lon="2.879492"/>
    <trkpt lat="39.698456" lon="2.879020"/>
    <trkpt lat="39.697983" lon="2.878299"/>
    <trkpt lat="39.697886" lon="2.878090"/>
    <trkpt lat="39.697801" lon="2.877865"/>
    <trkpt lat="39.697706" lon="2.877612"/>
    <trkpt lat="39.697683" lon="2.877552"/>
    <trkpt lat="39.697619" lon="2.877337"/>
    <trkpt lat="39.697505" lon="2.876954"/>
    <trkpt lat="39.697454" lon="2.876779"/>
    <trkpt lat="39.697243" lon="2.876059"/>
    <trkpt lat="39.697149" lon="2.875794"/>
    <trkpt lat="39.696771" lon="2.874756"/>
    <trkpt lat="39.696710" lon="2.874610"/>
    <trkpt lat="39.696697" lon="2.874584"/>
    <trkpt lat="39.696631" lon="2.874307"/>
    <trkpt lat="39.696631" lon="2.874209"/>
    <trkpt lat="39.696640" lon="2.874183"/>
    <trkpt lat="39.696646" lon="2.874154"/>
    <trkpt lat="39.696647" lon="2.874094"/>
    <trkpt lat="39.696634" lon="2.874038"/>
    <trkpt lat="39.696608" lon="2.873989"/>
    <trkpt lat="39.696572" lon="2.873954"/>
    <trkpt lat="39.696531" lon="2.873935"/>
    <trkpt lat="39.696459" lon="2.873892"/>
    <trkpt lat="39.696318" lon="2.873716"/>
    <trkpt lat="39.695956" lon="2.872894"/>
    <trkpt lat="39.695324" lon="2.871544"/>
    <trkpt lat="39.694568" lon="2.869902"/>
    <trkpt lat="39.694368" lon="2.869465"/>
    <trkpt lat="39.693565" lon="2.867724"/>
    <trkpt lat="39.692927" lon="2.866371"/>
    <trkpt lat="39.692573" lon="2.865580"/>
    <trkpt lat="39.691080" lon="2.862002"/>
    <trkpt lat="39.690946" lon="2.861679"/>
    <trkpt lat="39.690605" lon="2.860692"/>
    <trkpt lat="39.689907" lon="2.858848"/>
    <trkpt lat="39.689571" lon="2.857993"/>
    <trkpt lat="39.689396" lon="2.857610"/>
    <trkpt lat="39.688292" lon="2.855409"/>
    <trkpt lat="39.687621" lon="2.853927"/>
    <trkpt lat="39.687210" lon="2.853019"/>
    <trkpt lat="39.686763" lon="2.851953"/>
    <trkpt lat="39.686763" lon="2.851777"/>
    <trkpt lat="39.686763" lon="2.851729"/>
    <trkpt lat="39.686783" lon="2.851714"/>
    <trkpt lat="39.686800" lon="2.851695"/>
    <trkpt lat="39.686821" lon="2.851658"/>
    <trkpt lat="39.686833" lon="2.851614"/>
    <trkpt lat="39.686834" lon="2.851568"/>
    <trkpt lat="39.686825" lon="2.851523"/>
    <trkpt lat="39.686806" lon="2.851484"/>
    <trkpt lat="39.686774" lon="2.851449"/>
    <trkpt lat="39.686735" lon="2.851431"/>
    <trkpt lat="39.686694" lon="2.851431"/>
    <trkpt lat="39.686661" lon="2.851445"/>
    <trkpt lat="39.686649" lon="2.851454"/>
    <trkpt lat="39.686642" lon="2.851461"/>
    <trkpt lat="39.686482" lon="2.851369"/>
    <trkpt lat="39.686460" lon="2.851335"/>
    <trkpt lat="39.686061" lon="2.850617"/>
    <trkpt lat="39.685966" lon="2.850434"/>
    <trkpt lat="39.685218" lon="2.849008"/>
    <trkpt lat="39.684899" lon="2.848401"/>
    <trkpt lat="39.684468" lon="2.847581"/>
    <trkpt lat="39.684430" lon="2.847502"/>
    <trkpt lat="39.685102" lon="2.846780"/>
    <trkpt lat="39.685162" lon="2.846716"/>
    <trkpt lat="39.685860" lon="2.845980"/>
    <trkpt lat="39.685996" lon="2.845836"/>
    <trkpt lat="39.686639" lon="2.845006"/>
    <trkpt lat="39.686690" lon="2.844941"/>
    <trkpt lat="39.686746" lon="2.844853"/>
    <trkpt lat="39.686782" lon="2.844796"/>
    <trkpt lat="39.686878" lon="2.844635"/>
    <trkpt lat="39.686872" lon="2.844547"/>
    <trkpt lat="39.686849" lon="2.844206"/>
    <trkpt lat="39.686880" lon="2.843570"/>
    <trkpt lat="39.686933" lon="2.843361"/>
    <trkpt lat="39.686994" lon="2.843416"/>
    <trkpt lat="39.687086" lon="2.843411"/>
    <trkpt lat="39.687201" lon="2.843560"/>
    <trkpt lat="39.687305" lon="2.843627"/>
    <trkpt lat="39.687423" lon="2.843704"/>
    <trkpt lat="39.687513" lon="2.843760"/>
    <trkpt lat="39.687631" lon="2.843833"/>
    <trkpt lat="39.687791" lon="2.843654"/>
    <trkpt lat="39.687807" lon="2.843685"/>
    <trkpt lat="39.687962" lon="2.843931"/>
    <trkpt lat="39.687975" lon="2.844016"/>
    <trkpt lat="39.688034" lon="2.844123"/>
    <trkpt lat="39.688202" lon="2.844427"/>
    <trkpt lat="39.687891" lon="2.844801"/>
    <trkpt lat="39.687752" lon="2.844968"/>
    <trkpt lat="39.687591" lon="2.845149"/>
    <trkpt lat="39.687380" lon="2.845308"/>
    <trkpt lat="39.687665" lon="2.845882"/>
    <trkpt lat="39.687731" lon="2.846016"/>
    <trkpt lat="39.687768" lon="2.846083"/>
    <trkpt lat="39.687871" lon="2.846272"/>
    <trkpt lat="39.688098" lon="2.846690"/>
    <trkpt lat="39.688145" lon="2.846776"/>
    <trkpt lat="39.687730" lon="2.847094"/>
    <trkpt lat="39.687211" lon="2.847488"/>
    <trkpt lat="39.686705" lon="2.847824"/>
    <trkpt lat="39.686618" lon="2.847882"/>
    <trkpt lat="39.686532" lon="2.848291"/>
    <trkpt lat="39.686340" lon="2.849166"/>
    <trkpt lat="39.686050" lon="2.850352"/>
    <trkpt lat="39.685966" lon="2.850434"/>
    <trkpt lat="39.685218" lon="2.849008"/>
    <trkpt lat="39.684899" lon="2.848401"/>
    <trkpt lat="39.684468" lon="2.847581"/>
    <trkpt lat="39.684430" lon="2.847502"/>
    <trkpt lat="39.684352" lon="2.847340"/>
    <trkpt lat="39.684166" lon="2.846823"/>
    <trkpt lat="39.683966" lon="2.846268"/>
    <trkpt lat="39.683907" lon="2.846126"/>
    <trkpt lat="39.683751" lon="2.845747"/>
    <trkpt lat="39.683730" lon="2.845696"/>
    <trkpt lat="39.683706" lon="2.845636"/>
    <trkpt lat="39.683411" lon="2.845015"/>
    <trkpt lat="39.683406" lon="2.845004"/>
    <trkpt lat="39.683342" lon="2.844880"/>
    <trkpt lat="39.683142" lon="2.844492"/>
    <trkpt lat="39.683071" lon="2.844354"/>
    <trkpt lat="39.682811" lon="2.843848"/>
    <trkpt lat="39.682554" lon="2.843367"/>
    <trkpt lat="39.682290" lon="2.842855"/>
    <trkpt lat="39.681934" lon="2.842210"/>
    <trkpt lat="39.681214" lon="2.840932"/>
    <trkpt lat="39.680480" lon="2.839628"/>
    <trkpt lat="39.680291" lon="2.839292"/>
    <trkpt lat="39.680156" lon="2.839069"/>
    <trkpt lat="39.679992" lon="2.838799"/>
    <trkpt lat="39.679766" lon="2.838425"/>
    <trkpt lat="39.679677" lon="2.838238"/>
    <trkpt lat="39.679616" lon="2.838109"/>
    <trkpt lat="39.679389" lon="2.837653"/>
    <trkpt lat="39.679353" lon="2.837554"/>
    <trkpt lat="39.679307" lon="2.837458"/>
    <trkpt lat="39.679259" lon="2.837356"/>
    <trkpt lat="39.679145" lon="2.837097"/>
    <trkpt lat="39.678934" lon="2.836620"/>
    <trkpt lat="39.678472" lon="2.835577"/>
    <trkpt lat="39.678209" lon="2.834958"/>
    <trkpt lat="39.677864" lon="2.834327"/>
    <trkpt lat="39.677014" lon="2.832460"/>
    <trkpt lat="39.676683" lon="2.831501"/>
    <trkpt lat="39.676650" lon="2.831420"/>
    <trkpt lat="39.676355" lon="2.830565"/>
    <trkpt lat="39.676047" lon="2.829722"/>
    <trkpt lat="39.675955" lon="2.829288"/>
    <trkpt lat="39.675752" lon="2.828671"/>
    <trkpt lat="39.675605" lon="2.828221"/>
    <trkpt lat="39.675456" lon="2.827789"/>
    <trkpt lat="39.675324" lon="2.827405"/>
    <trkpt lat="39.675158" lon="2.827006"/>
    <trkpt lat="39.675115" lon="2.826918"/>
    <trkpt lat="39.674987" lon="2.826666"/>
    <trkpt lat="39.674850" lon="2.826424"/>
    <trkpt lat="39.674513" lon="2.825761"/>
    <trkpt lat="39.674182" lon="2.825094"/>
    <trkpt lat="39.673888" lon="2.824503"/>
    <trkpt lat="39.673459" lon="2.823620"/>
    <trkpt lat="39.673428" lon="2.823483"/>
    <trkpt lat="39.673412" lon="2.823388"/>
    <trkpt lat="39.673400" lon="2.823219"/>
    <trkpt lat="39.673425" lon="2.823141"/>
    <trkpt lat="39.673433" lon="2.823056"/>
    <trkpt lat="39.673421" lon="2.822962"/>
    <trkpt lat="39.673387" lon="2.822877"/>
    <trkpt lat="39.673335" lon="2.822808"/>
    <trkpt lat="39.673303" lon="2.822793"/>
    <trkpt lat="39.673209" lon="2.822747"/>
    <trkpt lat="39.673146" lon="2.822693"/>
    <trkpt lat="39.673076" lon="2.822631"/>
    <trkpt lat="39.672973" lon="2.822515"/>
    <trkpt lat="39.672890" lon="2.822407"/>
    <trkpt lat="39.672682" lon="2.821924"/>
    <trkpt lat="39.672492" lon="2.821484"/>
    <trkpt lat="39.672248" lon="2.820919"/>
    <trkpt lat="39.672135" lon="2.820671"/>
    <trkpt lat="39.672080" lon="2.820550"/>
    <trkpt lat="39.671816" lon="2.819957"/>
    <trkpt lat="39.671285" lon="2.818767"/>
    <trkpt lat="39.671103" lon="2.818360"/>
    <trkpt lat="39.670606" lon="2.817266"/>
    <trkpt lat="39.670334" lon="2.816665"/>
    <trkpt lat="39.670328" lon="2.816648"/>
    <trkpt lat="39.670204" lon="2.816367"/>
    <trkpt lat="39.670114" lon="2.816161"/>
    <trkpt lat="39.669676" lon="2.815236"/>
    <trkpt lat="39.669565" lon="2.814988"/>
    <trkpt lat="39.669390" lon="2.814606"/>
    <trkpt lat="39.669074" lon="2.813909"/>
    <trkpt lat="39.669294" lon="2.813864"/>
    <trkpt lat="39.669497" lon="2.813768"/>
    <trkpt lat="39.669691" lon="2.813556"/>
    <trkpt lat="39.669774" lon="2.813499"/>
    <trkpt lat="39.669821" lon="2.813477"/>
    <trkpt lat="39.669933" lon="2.813453"/>
    <trkpt lat="39.669953" lon="2.813450"/>
    <trkpt lat="39.670393" lon="2.813348"/>
    <trkpt lat="39.670556" lon="2.813348"/>
    <trkpt lat="39.671047" lon="2.813275"/>
    <trkpt lat="39.670787" lon="2.812339"/>
    <trkpt lat="39.670588" lon="2.811652"/>
    <trkpt lat="39.670575" lon="2.811604"/>
    <trkpt lat="39.670440" lon="2.811287"/>
    <trkpt lat="39.670419" lon="2.811253"/>
    <trkpt lat="39.669934" lon="2.810475"/>
    <trkpt lat="39.669494" lon="2.810691"/>
    <trkpt lat="39.669085" lon="2.810892"/>
    <trkpt lat="39.668830" lon="2.811017"/>
    <trkpt lat="39.668514" lon="2.811173"/>
    <trkpt lat="39.668044" lon="2.811405"/>
    <trkpt lat="39.667951" lon="2.811202"/>
    <trkpt lat="39.667931" lon="2.811163"/>
    <trkpt lat="39.667728" lon="2.810715"/>
    <trkpt lat="39.667537" lon="2.810293"/>
    <trkpt lat="39.667291" lon="2.809780"/>
    <trkpt lat="39.667256" lon="2.809712"/>
    <trkpt lat="39.667163" lon="2.809521"/>
    <trkpt lat="39.666894" lon="2.809001"/>
    <trkpt lat="39.666880" lon="2.808973"/>
    <trkpt lat="39.665534" lon="2.806113"/>
    <trkpt lat="39.665436" lon="2.805902"/>
    <trkpt lat="39.664904" lon="2.804809"/>
    <trkpt lat="39.664711" lon="2.804402"/>
    <trkpt lat="39.664573" lon="2.804099"/>
    <trkpt lat="39.664446" lon="2.803786"/>
    <trkpt lat="39.663712" lon="2.801911"/>
    <trkpt lat="39.662667" lon="2.799404"/>
    <trkpt lat="39.662140" lon="2.798176"/>
    <trkpt lat="39.662044" lon="2.797987"/>
    <trkpt lat="39.661986" lon="2.797766"/>
    <trkpt lat="39.661952" lon="2.797576"/>
    <trkpt lat="39.661947" lon="2.797545"/>
    <trkpt lat="39.661953" lon="2.797482"/>
    <trkpt lat="39.661945" lon="2.797421"/>
    <trkpt lat="39.661917" lon="2.797361"/>
    <trkpt lat="39.661879" lon="2.797315"/>
    <trkpt lat="39.661828" lon="2.797293"/>
    <trkpt lat="39.661685" lon="2.797147"/>
    <trkpt lat="39.661541" lon="2.796950"/>
    <trkpt lat="39.660730" lon="2.795323"/>
    <trkpt lat="39.660724" lon="2.795303"/>
    <trkpt lat="39.660148" lon="2.794151"/>
    <trkpt lat="39.660081" lon="2.794016"/>
    <trkpt lat="39.659708" lon="2.793111"/>
    <trkpt lat="39.659479" lon="2.792556"/>
    <trkpt lat="39.659277" lon="2.792073"/>
    <trkpt lat="39.658957" lon="2.791208"/>
    <trkpt lat="39.658705" lon="2.790522"/>
    <trkpt lat="39.658553" lon="2.790129"/>
    <trkpt lat="39.658318" lon="2.789531"/>
    <trkpt lat="39.658268" lon="2.789416"/>
    <trkpt lat="39.658174" lon="2.789199"/>
    <trkpt lat="39.657769" lon="2.788264"/>
    <trkpt lat="39.657201" lon="2.786952"/>
    <trkpt lat="39.656796" lon="2.785994"/>
    <trkpt lat="39.656182" lon="2.784689"/>
    <trkpt lat="39.655945" lon="2.784187"/>
    <trkpt lat="39.655130" lon="2.782681"/>
    <trkpt lat="39.654988" lon="2.782405"/>
    <trkpt lat="39.654935" lon="2.782295"/>
    <trkpt lat="39.654679" lon="2.781713"/>
    <trkpt lat="39.654347" lon="2.780918"/>
    <trkpt lat="39.654233" lon="2.780651"/>
    <trkpt lat="39.653636" lon="2.779248"/>
    <trkpt lat="39.653554" lon="2.779048"/>
    <trkpt lat="39.653547" lon="2.779029"/>
    <trkpt lat="39.653513" lon="2.778947"/>
    <trkpt lat="39.653226" lon="2.778248"/>
    <trkpt lat="39.653150" lon="2.778066"/>
    <trkpt lat="39.653086" lon="2.777896"/>
    <trkpt lat="39.653044" lon="2.777776"/>
    <trkpt lat="39.652989" lon="2.777621"/>
    <trkpt lat="39.652936" lon="2.777484"/>
    <trkpt lat="39.652842" lon="2.777223"/>
    <trkpt lat="39.652785" lon="2.777007"/>
    <trkpt lat="39.652716" lon="2.776751"/>
    <trkpt lat="39.652682" lon="2.776625"/>
    <trkpt lat="39.652674" lon="2.776595"/>
    <trkpt lat="39.652650" lon="2.776479"/>
    <trkpt lat="39.652622" lon="2.776375"/>
    <trkpt lat="39.652598" lon="2.776287"/>
    <trkpt lat="39.652551" lon="2.776114"/>
    <trkpt lat="39.652423" lon="2.775721"/>
    <trkpt lat="39.652247" lon="2.775266"/>
    <trkpt lat="39.652225" lon="2.775208"/>
    <trkpt lat="39.652043" lon="2.774730"/>
    <trkpt lat="39.652025" lon="2.774683"/>
    <trkpt lat="39.651994" lon="2.774592"/>
    <trkpt lat="39.651825" lon="2.774207"/>
    <trkpt lat="39.651793" lon="2.774135"/>
    <trkpt lat="39.651754" lon="2.774052"/>
    <trkpt lat="39.651743" lon="2.774029"/>
    <trkpt lat="39.651566" lon="2.773650"/>
    <trkpt lat="39.651446" lon="2.773476"/>
    <trkpt lat="39.651311" lon="2.773320"/>
    <trkpt lat="39.651285" lon="2.773288"/>
    <trkpt lat="39.651252" lon="2.773229"/>
    <trkpt lat="39.651230" lon="2.773204"/>
    <trkpt lat="39.651177" lon="2.773140"/>
    <trkpt lat="39.651126" lon="2.773149"/>
    <trkpt lat="39.651075" lon="2.773226"/>
    <trkpt lat="39.650842" lon="2.773617"/>
    <trkpt lat="39.650343" lon="2.774398"/>
    <trkpt lat="39.650319" lon="2.774354"/>
    <trkpt lat="39.650091" lon="2.773946"/>
    <trkpt lat="39.650057" lon="2.773887"/>
    <trkpt lat="39.650032" lon="2.773842"/>
    <trkpt lat="39.649990" lon="2.773763"/>
    <trkpt lat="39.650027" lon="2.773729"/>
    <trkpt lat="39.650200" lon="2.773563"/>
    <trkpt lat="39.650231" lon="2.773518"/>
    <trkpt lat="39.650257" lon="2.773482"/>
    <trkpt lat="39.650495" lon="2.773099"/>
    <trkpt lat="39.650531" lon="2.773082"/>
    <trkpt lat="39.650816" lon="2.772866"/>
    <trkpt lat="39.650835" lon="2.772852"/>
    <trkpt lat="39.650884" lon="2.772828"/>
    <trkpt lat="39.650818" lon="2.772709"/>
    <trkpt lat="39.650724" lon="2.772508"/>
    <trkpt lat="39.650653" lon="2.772372"/>
    <trkpt lat="39.650605" lon="2.772281"/>
    <trkpt lat="39.650414" lon="2.771899"/>
    <trkpt lat="39.650355" lon="2.771781"/>
    <trkpt lat="39.650322" lon="2.771712"/>
    <trkpt lat="39.650306" lon="2.771677"/>
    <trkpt lat="39.650102" lon="2.771243"/>
    <trkpt lat="39.650079" lon="2.771196"/>
    <trkpt lat="39.649852" lon="2.770725"/>
    <trkpt lat="39.649573" lon="2.770148"/>
    <trkpt lat="39.649362" lon="2.769777"/>
    <trkpt lat="39.649075" lon="2.769265"/>
    <trkpt lat="39.648861" lon="2.768884"/>
    <trkpt lat="39.648750" lon="2.768687"/>
    <trkpt lat="39.648416" lon="2.768100"/>
    <trkpt lat="39.648368" lon="2.768019"/>
    <trkpt lat="39.648311" lon="2.767910"/>
    <trkpt lat="39.648250" lon="2.767797"/>
    <trkpt lat="39.648223" lon="2.767746"/>
    <trkpt lat="39.648198" lon="2.767697"/>
    <trkpt lat="39.647981" lon="2.767282"/>
    <trkpt lat="39.647850" lon="2.767008"/>
    <trkpt lat="39.647782" lon="2.766821"/>
    <trkpt lat="39.647717" lon="2.766638"/>
    <trkpt lat="39.647634" lon="2.766270"/>
    <trkpt lat="39.647561" lon="2.765869"/>
    <trkpt lat="39.647553" lon="2.765793"/>
    <trkpt lat="39.647544" lon="2.765699"/>
    <trkpt lat="39.647535" lon="2.765518"/>
    <trkpt lat="39.647548" lon="2.765085"/>
    <trkpt lat="39.647551" lon="2.764984"/>
    <trkpt lat="39.647582" lon="2.764444"/>
    <trkpt lat="39.647590" lon="2.764345"/>
    <trkpt lat="39.647607" lon="2.764111"/>
    <trkpt lat="39.647640" lon="2.763784"/>
    <trkpt lat="39.647661" lon="2.763596"/>
    <trkpt lat="39.647690" lon="2.763418"/>
    <trkpt lat="39.647972" lon="2.761867"/>
    <trkpt lat="39.647994" lon="2.761680"/>
    <trkpt lat="39.648016" lon="2.761512"/>
    <trkpt lat="39.648030" lon="2.761332"/>
    <trkpt lat="39.648045" lon="2.760875"/>
    <trkpt lat="39.648066" lon="2.759711"/>
    <trkpt lat="39.648067" lon="2.759624"/>
    <trkpt lat="39.648089" lon="2.758860"/>
    <trkpt lat="39.648124" lon="2.757415"/>
    <trkpt lat="39.648129" lon="2.757214"/>
    <trkpt lat="39.648130" lon="2.757189"/>
    <trkpt lat="39.648143" lon="2.756296"/>
    <trkpt lat="39.648143" lon="2.755965"/>
    <trkpt lat="39.648146" lon="2.755774"/>
    <trkpt lat="39.648187" lon="2.754375"/>
    <trkpt lat="39.648178" lon="2.754055"/>
    <trkpt lat="39.648153" lon="2.753877"/>
    <trkpt lat="39.648127" lon="2.753704"/>
    <trkpt lat="39.648085" lon="2.753532"/>
    <trkpt lat="39.647991" lon="2.753186"/>
    <trkpt lat="39.646896" lon="2.750499"/>
    <trkpt lat="39.646087" lon="2.748513"/>
    <trkpt lat="39.645607" lon="2.747365"/>
    <trkpt lat="39.645277" lon="2.746558"/>
    <trkpt lat="39.645075" lon="2.746075"/>
    <trkpt lat="39.644928" lon="2.745798"/>
    <trkpt lat="39.644780" lon="2.745579"/>
    <trkpt lat="39.644609" lon="2.745374"/>
    <trkpt lat="39.644399" lon="2.745175"/>
    <trkpt lat="39.644177" lon="2.744999"/>
    <trkpt lat="39.643730" lon="2.744644"/>
    <trkpt lat="39.643118" lon="2.744165"/>
    <trkpt lat="39.642794" lon="2.743929"/>
    <trkpt lat="39.642438" lon="2.743716"/>
    <trkpt lat="39.642081" lon="2.743522"/>
    <trkpt lat="39.640828" lon="2.742850"/>
    <trkpt lat="39.637787" lon="2.741232"/>
    <trkpt lat="39.636734" lon="2.740648"/>
    <trkpt lat="39.636559" lon="2.740557"/>
    <trkpt lat="39.635623" lon="2.740031"/>
    <trkpt lat="39.635095" lon="2.739695"/>
    <trkpt lat="39.634441" lon="2.739289"/>
    <trkpt lat="39.634139" lon="2.739109"/>
    <trkpt lat="39.634092" lon="2.739084"/>
    <trkpt lat="39.633886" lon="2.738957"/>
    <trkpt lat="39.633608" lon="2.738780"/>
    <trkpt lat="39.633132" lon="2.738491"/>
    <trkpt lat="39.632557" lon="2.738143"/>
    <trkpt lat="39.632217" lon="2.737951"/>
    <trkpt lat="39.631624" lon="2.737585"/>
    <trkpt lat="39.631579" lon="2.737548"/>
    <trkpt lat="39.631544" lon="2.737509"/>
    <trkpt lat="39.631522" lon="2.737464"/>
    <trkpt lat="39.631508" lon="2.737418"/>
    <trkpt lat="39.631498" lon="2.737383"/>
    <trkpt lat="39.631490" lon="2.737356"/>
    <trkpt lat="39.631456" lon="2.737293"/>
    <trkpt lat="39.631432" lon="2.737265"/>
    <trkpt lat="39.631402" lon="2.737239"/>
    <trkpt lat="39.631368" lon="2.737220"/>
    <trkpt lat="39.631336" lon="2.737208"/>
    <trkpt lat="39.631291" lon="2.737202"/>
    <trkpt lat="39.631262" lon="2.737206"/>
    <trkpt lat="39.631227" lon="2.737214"/>
    <trkpt lat="39.631196" lon="2.737231"/>
    <trkpt lat="39.631167" lon="2.737251"/>
    <trkpt lat="39.631122" lon="2.737260"/>
    <trkpt lat="39.631085" lon="2.737267"/>
    <trkpt lat="39.631044" lon="2.737261"/>
    <trkpt lat="39.631004" lon="2.737251"/>
    <trkpt lat="39.630959" lon="2.737228"/>
    <trkpt lat="39.630822" lon="2.737135"/>
    <trkpt lat="39.630280" lon="2.736650"/>
    <trkpt lat="39.629887" lon="2.736274"/>
    <trkpt lat="39.629580" lon="2.735961"/>
    <trkpt lat="39.629249" lon="2.735549"/>
    <trkpt lat="39.628680" lon="2.734772"/>
    <trkpt lat="39.628217" lon="2.734159"/>
    <trkpt lat="39.628105" lon="2.734015"/>
    <trkpt lat="39.627825" lon="2.733648"/>
    <trkpt lat="39.627674" lon="2.733452"/>
    <trkpt lat="39.627506" lon="2.733232"/>
    <trkpt lat="39.627171" lon="2.732795"/>
    <trkpt lat="39.626891" lon="2.732448"/>
    <trkpt lat="39.626412" lon="2.731825"/>
    <trkpt lat="39.626181" lon="2.731405"/>
    <trkpt lat="39.625973" lon="2.730980"/>
    <trkpt lat="39.625955" lon="2.730941"/>
    <trkpt lat="39.625638" lon="2.730254"/>
    <trkpt lat="39.625585" lon="2.730139"/>
    <trkpt lat="39.625378" lon="2.729737"/>
    <trkpt lat="39.625163" lon="2.729439"/>
    <trkpt lat="39.624609" lon="2.728707"/>
    <trkpt lat="39.624456" lon="2.728499"/>
    <trkpt lat="39.624474" lon="2.728463"/>
    <trkpt lat="39.624485" lon="2.728421"/>
    <trkpt lat="39.624488" lon="2.728378"/>
    <trkpt lat="39.624480" lon="2.728328"/>
    <trkpt lat="39.624462" lon="2.728283"/>
    <trkpt lat="39.624440" lon="2.728252"/>
    <trkpt lat="39.624413" lon="2.728229"/>
    <trkpt lat="39.624382" lon="2.728214"/>
    <trkpt lat="39.624330" lon="2.728212"/>
    <trkpt lat="39.624282" lon="2.728236"/>
    <trkpt lat="39.624244" lon="2.728281"/>
    <trkpt lat="39.623756" lon="2.727623"/>
    <trkpt lat="39.621693" lon="2.725590"/>
    <trkpt lat="39.621521" lon="2.725401"/>
    <trkpt lat="39.621318" lon="2.725178"/>
    <trkpt lat="39.620997" lon="2.724751"/>
    <trkpt lat="39.620867" lon="2.724485"/>
    <trkpt lat="39.620768" lon="2.724324"/>
    <trkpt lat="39.620744" lon="2.724270"/>
    <trkpt lat="39.620746" lon="2.724249"/>
    <trkpt lat="39.620745" lon="2.724222"/>
    <trkpt lat="39.620741" lon="2.724200"/>
    <trkpt lat="39.620736" lon="2.724176"/>
    <trkpt lat="39.620723" lon="2.724157"/>
    <trkpt lat="39.620704" lon="2.724137"/>
    <trkpt lat="39.620687" lon="2.724127"/>
    <trkpt lat="39.620667" lon="2.724122"/>
    <trkpt lat="39.620649" lon="2.724126"/>
    <trkpt lat="39.620602" lon="2.724104"/>
    <trkpt lat="39.620528" lon="2.724051"/>
    <trkpt lat="39.620493" lon="2.724014"/>
    <trkpt lat="39.620472" lon="2.723992"/>
    <trkpt lat="39.620463" lon="2.723983"/>
    <trkpt lat="39.620399" lon="2.723922"/>
    <trkpt lat="39.620342" lon="2.723881"/>
    <trkpt lat="39.619130" lon="2.722368"/>
    <trkpt lat="39.618994" lon="2.722198"/>
    <trkpt lat="39.618899" lon="2.722078"/>
    <trkpt lat="39.618072" lon="2.721014"/>
    <trkpt lat="39.617701" lon="2.720557"/>
    <trkpt lat="39.617578" lon="2.720402"/>
    <trkpt lat="39.617100" lon="2.719795"/>
    <trkpt lat="39.617080" lon="2.719770"/>
    <trkpt lat="39.617053" lon="2.719736"/>
    <trkpt lat="39.617045" lon="2.719727"/>
    <trkpt lat="39.616807" lon="2.719433"/>
    <trkpt lat="39.616776" lon="2.719365"/>
    <trkpt lat="39.616728" lon="2.719305"/>
    <trkpt lat="39.616592" lon="2.719135"/>
    <trkpt lat="39.616557" lon="2.719095"/>
    <trkpt lat="39.616522" lon="2.719063"/>
    <trkpt lat="39.616457" lon="2.719011"/>
    <trkpt lat="39.616416" lon="2.718978"/>
    <trkpt lat="39.616379" lon="2.718941"/>
    <trkpt lat="39.616349" lon="2.718898"/>
    <trkpt lat="39.616328" lon="2.718841"/>
    <trkpt lat="39.616322" lon="2.718806"/>
    <trkpt lat="39.616311" lon="2.718766"/>
    <trkpt lat="39.616294" lon="2.718737"/>
    <trkpt lat="39.616276" lon="2.718710"/>
    <trkpt lat="39.616158" lon="2.718595"/>
    <trkpt lat="39.616093" lon="2.718522"/>
    <trkpt lat="39.615978" lon="2.718382"/>
    <trkpt lat="39.615838" lon="2.718209"/>
    <trkpt lat="39.615392" lon="2.717644"/>
    <trkpt lat="39.615298" lon="2.717523"/>
    <trkpt lat="39.615178" lon="2.717385"/>
    <trkpt lat="39.615056" lon="2.717256"/>
    <trkpt lat="39.614971" lon="2.717145"/>
    <trkpt lat="39.614600" lon="2.716663"/>
    <trkpt lat="39.614443" lon="2.716448"/>
    <trkpt lat="39.614276" lon="2.716215"/>
    <trkpt lat="39.614048" lon="2.715897"/>
    <trkpt lat="39.613912" lon="2.715731"/>
    <trkpt lat="39.613481" lon="2.715119"/>
    <trkpt lat="39.613226" lon="2.714753"/>
    <trkpt lat="39.613056" lon="2.714520"/>
    <trkpt lat="39.612811" lon="2.714162"/>
    <trkpt lat="39.612748" lon="2.714063"/>
    <trkpt lat="39.612680" lon="2.713910"/>
    <trkpt lat="39.611707" lon="2.712506"/>
    <trkpt lat="39.611537" lon="2.712261"/>
    <trkpt lat="39.610701" lon="2.711089"/>
    <trkpt lat="39.610627" lon="2.710982"/>
    <trkpt lat="39.610549" lon="2.710877"/>
    <trkpt lat="39.610469" lon="2.710778"/>
    <trkpt lat="39.610386" lon="2.710679"/>
    <trkpt lat="39.610307" lon="2.710590"/>
    <trkpt lat="39.610232" lon="2.710504"/>
    <trkpt lat="39.610161" lon="2.710424"/>
    <trkpt lat="39.610107" lon="2.710358"/>
    <trkpt lat="39.610072" lon="2.710282"/>
    <trkpt lat="39.610048" lon="2.710228"/>
    <trkpt lat="39.610014" lon="2.710184"/>
    <trkpt lat="39.609971" lon="2.710137"/>
    <trkpt lat="39.609881" lon="2.710001"/>
    <trkpt lat="39.609741" lon="2.709752"/>
    <trkpt lat="39.609664" lon="2.709623"/>
    <trkpt lat="39.609502" lon="2.709439"/>
    <trkpt lat="39.609242" lon="2.709071"/>
    <trkpt lat="39.608797" lon="2.708435"/>
    <trkpt lat="39.608495" lon="2.708015"/>
    <trkpt lat="39.608112" lon="2.707471"/>
    <trkpt lat="39.607800" lon="2.707047"/>
    <trkpt lat="39.607684" lon="2.706915"/>
    <trkpt lat="39.607555" lon="2.706684"/>
    <trkpt lat="39.607552" lon="2.706639"/>
    <trkpt lat="39.607540" lon="2.706596"/>
    <trkpt lat="39.607519" lon="2.706558"/>
    <trkpt lat="39.607489" lon="2.706527"/>
    <trkpt lat="39.607479" lon="2.706521"/>
    <trkpt lat="39.607416" lon="2.706411"/>
    <trkpt lat="39.607392" lon="2.706371"/>
    <trkpt lat="39.607308" lon="2.706299"/>
    <trkpt lat="39.607293" lon="2.706276"/>
    <trkpt lat="39.607171" lon="2.706079"/>
    <trkpt lat="39.606695" lon="2.705399"/>
    <trkpt lat="39.606187" lon="2.704700"/>
    <trkpt lat="39.605937" lon="2.704490"/>
    <trkpt lat="39.605822" lon="2.704429"/>
    <trkpt lat="39.605750" lon="2.704374"/>
    <trkpt lat="39.605743" lon="2.704342"/>
    <trkpt lat="39.605723" lon="2.704283"/>
    <trkpt lat="39.605700" lon="2.704248"/>
    <trkpt lat="39.605678" lon="2.704226"/>
    <trkpt lat="39.605654" lon="2.704211"/>
    <trkpt lat="39.605621" lon="2.704199"/>
    <trkpt lat="39.605476" lon="2.703939"/>
    <trkpt lat="39.605413" lon="2.703829"/>
    <trkpt lat="39.604886" lon="2.703176"/>
    <trkpt lat="39.604558" lon="2.702753"/>
    <trkpt lat="39.603993" lon="2.702046"/>
    <trkpt lat="39.603988" lon="2.702039"/>
    <trkpt lat="39.603646" lon="2.701624"/>
    <trkpt lat="39.603548" lon="2.701492"/>
    <trkpt lat="39.603443" lon="2.701370"/>
    <trkpt lat="39.603417" lon="2.701319"/>
    <trkpt lat="39.603386" lon="2.701268"/>
    <trkpt lat="39.603378" lon="2.701211"/>
    <trkpt lat="39.603374" lon="2.701200"/>
    <trkpt lat="39.603357" lon="2.701160"/>
    <trkpt lat="39.603326" lon="2.701119"/>
    <trkpt lat="39.603294" lon="2.701096"/>
    <trkpt lat="39.603278" lon="2.701091"/>
    <trkpt lat="39.603258" lon="2.701084"/>
    <trkpt lat="39.603175" lon="2.701030"/>
    <trkpt lat="39.603127" lon="2.700985"/>
    <trkpt lat="39.603110" lon="2.700966"/>
    <trkpt lat="39.602996" lon="2.700805"/>
    <trkpt lat="39.602825" lon="2.700581"/>
    <trkpt lat="39.602402" lon="2.700078"/>
    <trkpt lat="39.601821" lon="2.699373"/>
    <trkpt lat="39.600652" lon="2.697515"/>
    <trkpt lat="39.600531" lon="2.697318"/>
    <trkpt lat="39.600157" lon="2.696748"/>
    <trkpt lat="39.600097" lon="2.696666"/>
    <trkpt lat="39.600085" lon="2.696630"/>
    <trkpt lat="39.600059" lon="2.696576"/>
    <trkpt lat="39.600012" lon="2.696500"/>
    <trkpt lat="39.599991" lon="2.696453"/>
    <trkpt lat="39.599990" lon="2.696412"/>
    <trkpt lat="39.599981" lon="2.696380"/>
    <trkpt lat="39.599964" lon="2.696350"/>
    <trkpt lat="39.599948" lon="2.696333"/>
    <trkpt lat="39.599906" lon="2.696269"/>
    <trkpt lat="39.599826" lon="2.696120"/>
    <trkpt lat="39.599796" lon="2.696072"/>
    <trkpt lat="39.599761" lon="2.696033"/>
    <trkpt lat="39.599725" lon="2.696008"/>
    <trkpt lat="39.599507" lon="2.695664"/>
    <trkpt lat="39.599425" lon="2.695535"/>
    <trkpt lat="39.599349" lon="2.695418"/>
    <trkpt lat="39.598929" lon="2.694748"/>
    <trkpt lat="39.598816" lon="2.694560"/>
    <trkpt lat="39.598781" lon="2.694501"/>
    <trkpt lat="39.598678" lon="2.694331"/>
    <trkpt lat="39.598621" lon="2.694234"/>
    <trkpt lat="39.598408" lon="2.693889"/>
    <trkpt lat="39.597782" lon="2.692880"/>
    <trkpt lat="39.597698" lon="2.692743"/>
    <trkpt lat="39.597638" lon="2.692639"/>
    <trkpt lat="39.597597" lon="2.692572"/>
    <trkpt lat="39.597563" lon="2.692515"/>
    <trkpt lat="39.597399" lon="2.692244"/>
    <trkpt lat="39.596909" lon="2.691431"/>
    <trkpt lat="39.596607" lon="2.690913"/>
    <trkpt lat="39.596377" lon="2.690527"/>
    <trkpt lat="39.596297" lon="2.690393"/>
    <trkpt lat="39.596249" lon="2.690310"/>
    <trkpt lat="39.596158" lon="2.690140"/>
    <trkpt lat="39.596088" lon="2.689983"/>
    <trkpt lat="39.596023" lon="2.689808"/>
    <trkpt lat="39.595982" lon="2.689673"/>
    <trkpt lat="39.595951" lon="2.689540"/>
    <trkpt lat="39.595920" lon="2.689378"/>
    <trkpt lat="39.595884" lon="2.689189"/>
    <trkpt lat="39.595852" lon="2.689042"/>
    <trkpt lat="39.595761" lon="2.688668"/>
    <trkpt lat="39.595738" lon="2.688593"/>
    <trkpt lat="39.595699" lon="2.688469"/>
    <trkpt lat="39.595607" lon="2.688214"/>
    <trkpt lat="39.595555" lon="2.688078"/>
    <trkpt lat="39.595512" lon="2.687967"/>
    <trkpt lat="39.595469" lon="2.687854"/>
    <trkpt lat="39.595424" lon="2.687735"/>
    <trkpt lat="39.595392" lon="2.687650"/>
    <trkpt lat="39.595223" lon="2.687250"/>
    <trkpt lat="39.595138" lon="2.687052"/>
    <trkpt lat="39.595100" lon="2.686964"/>
    <trkpt lat="39.595086" lon="2.686931"/>
    <trkpt lat="39.595066" lon="2.686783"/>
    <trkpt lat="39.595020" lon="2.686581"/>
    <trkpt lat="39.594958" lon="2.686424"/>
    <trkpt lat="39.594768" lon="2.686048"/>
    <trkpt lat="39.594733" lon="2.685989"/>
    <trkpt lat="39.594449" lon="2.685480"/>
    <trkpt lat="39.594398" lon="2.685389"/>
    <trkpt lat="39.594064" lon="2.684806"/>
    <trkpt lat="39.594017" lon="2.684723"/>
    <trkpt lat="39.593869" lon="2.684451"/>
    <trkpt lat="39.593643" lon="2.684183"/>
    <trkpt lat="39.593557" lon="2.684080"/>
    <trkpt lat="39.593461" lon="2.683978"/>
    <trkpt lat="39.593058" lon="2.683268"/>
    <trkpt lat="39.592773" lon="2.682772"/>
    <trkpt lat="39.592704" lon="2.682658"/>
    <trkpt lat="39.592640" lon="2.682537"/>
    <trkpt lat="39.592466" lon="2.682240"/>
    <trkpt lat="39.592052" lon="2.681526"/>
    <trkpt lat="39.591701" lon="2.680915"/>
    <trkpt lat="39.591678" lon="2.680874"/>
    <trkpt lat="39.591529" lon="2.680616"/>
    <trkpt lat="39.591317" lon="2.680248"/>
    <trkpt lat="39.591261" lon="2.680152"/>
    <trkpt lat="39.591032" lon="2.679622"/>
    <trkpt lat="39.590927" lon="2.679429"/>
    <trkpt lat="39.590853" lon="2.679311"/>
    <trkpt lat="39.590747" lon="2.679157"/>
    <trkpt lat="39.590671" lon="2.679048"/>
    <trkpt lat="39.590508" lon="2.678816"/>
    <trkpt lat="39.590407" lon="2.678680"/>
    <trkpt lat="39.589900" lon="2.677968"/>
    <trkpt lat="39.589273" lon="2.677087"/>
    <trkpt lat="39.589254" lon="2.677060"/>
    <trkpt lat="39.589141" lon="2.676903"/>
    <trkpt lat="39.589076" lon="2.676814"/>
    <trkpt lat="39.589060" lon="2.676793"/>
    <trkpt lat="39.589044" lon="2.676771"/>
    <trkpt lat="39.588879" lon="2.676536"/>
    <trkpt lat="39.588841" lon="2.676482"/>
    <trkpt lat="39.588732" lon="2.676331"/>
    <trkpt lat="39.588343" lon="2.675785"/>
    <trkpt lat="39.588109" lon="2.675491"/>
    <trkpt lat="39.587796" lon="2.675155"/>
    <trkpt lat="39.587696" lon="2.675044"/>
    <trkpt lat="39.587400" lon="2.674728"/>
    <trkpt lat="39.587242" lon="2.674560"/>
    <trkpt lat="39.587045" lon="2.674351"/>
    <trkpt lat="39.586975" lon="2.674277"/>
    <trkpt lat="39.586879" lon="2.674175"/>
    <trkpt lat="39.586616" lon="2.673891"/>
    <trkpt lat="39.586353" lon="2.673612"/>
    <trkpt lat="39.586221" lon="2.673472"/>
    <trkpt lat="39.585671" lon="2.672885"/>
    <trkpt lat="39.585577" lon="2.672771"/>
    <trkpt lat="39.585501" lon="2.672678"/>
    <trkpt lat="39.585416" lon="2.672570"/>
    <trkpt lat="39.585330" lon="2.672447"/>
    <trkpt lat="39.584734" lon="2.671590"/>
    <trkpt lat="39.584717" lon="2.671565"/>
    <trkpt lat="39.584671" lon="2.671500"/>
    <trkpt lat="39.584360" lon="2.671070"/>
    <trkpt lat="39.584279" lon="2.670956"/>
    <trkpt lat="39.584207" lon="2.670850"/>
    <trkpt lat="39.583682" lon="2.670113"/>
    <trkpt lat="39.583428" lon="2.669759"/>
    <trkpt lat="39.583401" lon="2.669718"/>
    <trkpt lat="39.583278" lon="2.669527"/>
    <trkpt lat="39.583179" lon="2.669374"/>
    <trkpt lat="39.583099" lon="2.669284"/>
    <trkpt lat="39.582980" lon="2.669172"/>
    <trkpt lat="39.582866" lon="2.669006"/>
    <trkpt lat="39.582810" lon="2.668923"/>
    <trkpt lat="39.582761" lon="2.668850"/>
    <trkpt lat="39.582737" lon="2.668815"/>
    <trkpt lat="39.582504" lon="2.668470"/>
    <trkpt lat="39.582433" lon="2.668366"/>
    <trkpt lat="39.582259" lon="2.668109"/>
    <trkpt lat="39.582080" lon="2.667841"/>
    <trkpt lat="39.582020" lon="2.667751"/>
    <trkpt lat="39.581824" lon="2.667469"/>
    <trkpt lat="39.581779" lon="2.667403"/>
    <trkpt lat="39.581734" lon="2.667344"/>
    <trkpt lat="39.581713" lon="2.667316"/>
    <trkpt lat="39.581379" lon="2.666876"/>
    <trkpt lat="39.581064" lon="2.666460"/>
    <trkpt lat="39.580809" lon="2.666129"/>
    <trkpt lat="39.580755" lon="2.666058"/>
    <trkpt lat="39.580716" lon="2.666005"/>
    <trkpt lat="39.580691" lon="2.665972"/>
    <trkpt lat="39.580483" lon="2.665671"/>
    <trkpt lat="39.580454" lon="2.665626"/>
    <trkpt lat="39.580373" lon="2.665501"/>
    <trkpt lat="39.580352" lon="2.665469"/>
    <trkpt lat="39.580215" lon="2.665259"/>
    <trkpt lat="39.579973" lon="2.664888"/>
    <trkpt lat="39.579732" lon="2.664516"/>
    <trkpt lat="39.579482" lon="2.664137"/>
    <trkpt lat="39.579217" lon="2.663721"/>
    <trkpt lat="39.578964" lon="2.663337"/>
    <trkpt lat="39.578929" lon="2.663283"/>
    <trkpt lat="39.578845" lon="2.663155"/>
    <trkpt lat="39.578827" lon="2.663128"/>
    <trkpt lat="39.578807" lon="2.663097"/>
    <trkpt lat="39.578709" lon="2.662948"/>
    <trkpt lat="39.578661" lon="2.662629"/>
    <trkpt lat="39.578651" lon="2.662555"/>
    <trkpt lat="39.578648" lon="2.662520"/>
    <trkpt lat="39.578646" lon="2.662482"/>
    <trkpt lat="39.578608" lon="2.661492"/>
    <trkpt lat="39.578558" lon="2.659889"/>
    <trkpt lat="39.578496" lon="2.658913"/>
    <trkpt lat="39.578444" lon="2.658841"/>
    <trkpt lat="39.578308" lon="2.658603"/>
    <trkpt lat="39.578187" lon="2.658439"/>
    <trkpt lat="39.577618" lon="2.657669"/>
    <trkpt lat="39.576990" lon="2.656787"/>
    <trkpt lat="39.576606" lon="2.656231"/>
    <trkpt lat="39.576477" lon="2.656045"/>
    <trkpt lat="39.576404" lon="2.655945"/>
    <trkpt lat="39.576372" lon="2.655770"/>
    <trkpt lat="39.576140" lon="2.655437"/>
    <trkpt lat="39.576024" lon="2.655272"/>
  </trkseg></trk>
</gpx>
