<?xml version="1.0" encoding="UTF-8"?>
<gpx version="1.1" creator="top-gas" xmlns="http://www.topografix.com/GPX/1/1" xmlns:xsi="http://www.w3.org/2001/XMLSchema-instance" xsi:schemaLocation="http://www.topografix.com/GPX/1/1 http://www.topografix.com/GPX/1/1/gpx.xsd">
  <metadata><name>12 · Sa Calobra y Nus de sa Corbata (Difícil)</name><desc>La carretera más famosa de la isla (Ma-2141): 12 km de horquillas y el Nus de sa Corbata. Ida y vuelta por el mismo sitio; evitar horas de autocares. Dificultad: Difícil. Distancia aprox.: 153 km.</desc><keywords>moto, mallorca, difícil</keywords></metadata>
  <wpt lat="39.576000" lon="2.655300"><name>Palma (Plaça d'Espanya)</name></wpt>
  <wpt lat="39.650300" lon="2.773600"><name>Santa Maria del Camí</name></wpt>
  <wpt lat="39.687200" lon="2.843900"><name>Binissalem</name></wpt>
  <wpt lat="39.721100" lon="2.911100"><name>Inca</name></wpt>
  <wpt lat="39.755000" lon="2.900600"><name>Selva</name></wpt>
  <wpt lat="39.821700" lon="2.884700"><name>Santuari de Lluc</name></wpt>
  <wpt lat="39.829800" lon="2.842500"><name>Coll dels Reis</name></wpt>
  <wpt lat="39.851000" lon="2.806300"><name>Sa Calobra</name></wpt>
  <wpt lat="39.741900" lon="2.895800"><name>Caimari</name></wpt>
  <trk><name>12 · Sa Calobra y Nus de sa Corbata (Difícil)</name><desc>La carretera más famosa de la isla (Ma-2141): 12 km de horquillas y el Nus de sa Corbata. Ida y vuelta por el mismo sitio; evitar horas de autocares. Dificultad: Difícil. Distancia aprox.: 153 km.</desc><type>Moto</type><trkseg>
    <trkpt lat="39.576024" lon="2.655272"/>
    <trkpt lat="39.575429" lon="2.654423"/>
    <trkpt lat="39.575697" lon="2.654084"/>
    <trkpt lat="39.575734" lon="2.654057"/>
    <trkpt lat="39.575900" lon="2.653860"/>
    <trkpt lat="39.575926" lon="2.653835"/>
    <trkpt lat="39.575951" lon="2.653820"/>
    <trkpt lat="39.575996" lon="2.653802"/>
    <trkpt lat="39.576082" lon="2.653788"/>
    <trkpt lat="39.576092" lon="2.653774"/>
    <trkpt lat="39.576237" lon="2.653617"/>
    <trkpt lat="39.576267" lon="2.653590"/>
    <trkpt lat="39.576335" lon="2.653538"/>
    <trkpt lat="39.576487" lon="2.653436"/>
    <trkpt lat="39.576799" lon="2.653225"/>
    <trkpt lat="39.577293" lon="2.652892"/>
    <trkpt lat="39.577401" lon="2.652692"/>
    <trkpt lat="39.577417" lon="2.652645"/>
    <trkpt lat="39.577513" lon="2.652359"/>
    <trkpt lat="39.577653" lon="2.652354"/>
    <trkpt lat="39.577972" lon="2.652351"/>
    <trkpt lat="39.578603" lon="2.652343"/>
    <trkpt lat="39.579282" lon="2.652340"/>
    <trkpt lat="39.579821" lon="2.652326"/>
    <trkpt lat="39.579999" lon="2.652321"/>
    <trkpt lat="39.580132" lon="2.652342"/>
    <trkpt lat="39.580604" lon="2.652420"/>
    <trkpt lat="39.581088" lon="2.652497"/>
    <trkpt lat="39.581503" lon="2.652564"/>
    <trkpt lat="39.581678" lon="2.652593"/>
    <trkpt lat="39.582084" lon="2.652682"/>
    <trkpt lat="39.582154" lon="2.652703"/>
    <trkpt lat="39.583115" lon="2.652976"/>
    <trkpt lat="39.583888" lon="2.653009"/>
    <trkpt lat="39.583947" lon="2.653011"/>
    <trkpt lat="39.584632" lon="2.653033"/>
    <trkpt lat="39.584761" lon="2.653034"/>
    <trkpt lat="39.585138" lon="2.653044"/>
    <trkpt lat="39.585717" lon="2.653050"/>
    <trkpt lat="39.585878" lon="2.653055"/>
    <trkpt lat="39.585961" lon="2.653057"/>
    <trkpt lat="39.586297" lon="2.653064"/>
    <trkpt lat="39.586357" lon="2.653066"/>
    <trkpt lat="39.586633" lon="2.653071"/>
    <trkpt lat="39.586979" lon="2.653098"/>
    <trkpt lat="39.587340" lon="2.653125"/>
    <trkpt lat="39.587618" lon="2.653134"/>
    <trkpt lat="39.587984" lon="2.653151"/>
    <trkpt lat="39.588042" lon="2.653174"/>
    <trkpt lat="39.588131" lon="2.653209"/>
    <trkpt lat="39.588195" lon="2.653300"/>
    <trkpt lat="39.588467" lon="2.653538"/>
    <trkpt lat="39.588533" lon="2.653575"/>
    <trkpt lat="39.588579" lon="2.653578"/>
    <trkpt lat="39.588620" lon="2.653560"/>
    <trkpt lat="39.588685" lon="2.653521"/>
    <trkpt lat="39.588714" lon="2.653466"/>
    <trkpt lat="39.588728" lon="2.653422"/>
    <trkpt lat="39.588826" lon="2.653325"/>
    <trkpt lat="39.588959" lon="2.653227"/>
    <trkpt lat="39.589102" lon="2.653192"/>
    <trkpt lat="39.589234" lon="2.653196"/>
    <trkpt lat="39.589591" lon="2.653208"/>
    <trkpt lat="39.589647" lon="2.653159"/>
    <trkpt lat="39.590229" lon="2.653199"/>
    <trkpt lat="39.590261" lon="2.653204"/>
    <trkpt lat="39.590753" lon="2.653284"/>
    <trkpt lat="39.591039" lon="2.653371"/>
    <trkpt lat="39.591103" lon="2.653390"/>
    <trkpt lat="39.591928" lon="2.653640"/>
    <trkpt lat="39.592540" lon="2.653825"/>
    <trkpt lat="39.593152" lon="2.654010"/>
    <trkpt lat="39.593282" lon="2.654050"/>
    <trkpt lat="39.593745" lon="2.654187"/>
    <trkpt lat="39.593840" lon="2.654215"/>
    <trkpt lat="39.594287" lon="2.654356"/>
    <trkpt lat="39.594681" lon="2.654458"/>
    <trkpt lat="39.594813" lon="2.654521"/>
    <trkpt lat="39.594901" lon="2.654551"/>
    <trkpt lat="39.594956" lon="2.654563"/>
    <trkpt lat="39.594996" lon="2.654567"/>
    <trkpt lat="39.595386" lon="2.654603"/>
    <trkpt lat="39.595663" lon="2.654628"/>
    <trkpt lat="39.595868" lon="2.654653"/>
    <trkpt lat="39.595969" lon="2.654666"/>
    <trkpt lat="39.596027" lon="2.654672"/>
    <trkpt lat="39.596112" lon="2.654680"/>
    <trkpt lat="39.596246" lon="2.654688"/>
    <trkpt lat="39.597005" lon="2.654752"/>
    <trkpt lat="39.597231" lon="2.654755"/>
    <trkpt lat="39.597361" lon="2.654766"/>
    <trkpt lat="39.597409" lon="2.654774"/>
    <trkpt lat="39.597451" lon="2.654787"/>
    <trkpt lat="39.597499" lon="2.654810"/>
    <trkpt lat="39.597542" lon="2.654835"/>
    <trkpt lat="39.597593" lon="2.654873"/>
    <trkpt lat="39.597618" lon="2.654905"/>
    <trkpt lat="39.597644" lon="2.654930"/>
    <trkpt lat="39.597673" lon="2.654950"/>
    <trkpt lat="39.597704" lon="2.654964"/>
    <trkpt lat="39.597762" lon="2.654980"/>
    <trkpt lat="39.597791" lon="2.654979"/>
    <trkpt lat="39.597820" lon="2.654974"/>
    <trkpt lat="39.597849" lon="2.654965"/>
    <trkpt lat="39.597876" lon="2.654951"/>
    <trkpt lat="39.597903" lon="2.654932"/>
    <trkpt lat="39.597925" lon="2.654911"/>
    <trkpt lat="39.598016" lon="2.654849"/>
    <trkpt lat="39.598048" lon="2.654830"/>
    <trkpt lat="39.598084" lon="2.654813"/>
    <trkpt lat="39.598123" lon="2.654802"/>
    <trkpt lat="39.598174" lon="2.654793"/>
    <trkpt lat="39.598259" lon="2.654792"/>
    <trkpt lat="39.598443" lon="2.654797"/>
    <trkpt lat="39.598599" lon="2.654827"/>
    <trkpt lat="39.599347" lon="2.654858"/>
    <trkpt lat="39.599496" lon="2.654864"/>
    <trkpt lat="39.603271" lon="2.655001"/>
    <trkpt lat="39.604192" lon="2.655034"/>
    <trkpt lat="39.604213" lon="2.655035"/>
    <trkpt lat="39.604360" lon="2.655040"/>
    <trkpt lat="39.604484" lon="2.655045"/>
    <trkpt lat="39.604627" lon="2.655050"/>
    <trkpt lat="39.604753" lon="2.655054"/>
    <trkpt lat="39.605092" lon="2.655067"/>
    <trkpt lat="39.605161" lon="2.655068"/>
    <trkpt lat="39.605361" lon="2.655077"/>
    <trkpt lat="39.606496" lon="2.655108"/>
    <trkpt lat="39.606650" lon="2.655126"/>
    <trkpt lat="39.606807" lon="2.655174"/>
    <trkpt lat="39.607018" lon="2.655288"/>
    <trkpt lat="39.607234" lon="2.655460"/>
    <trkpt lat="39.607281" lon="2.655497"/>
    <trkpt lat="39.607303" lon="2.655542"/>
    <trkpt lat="39.607332" lon="2.655582"/>
    <trkpt lat="39.607388" lon="2.655628"/>
    <trkpt lat="39.607452" lon="2.655651"/>
    <trkpt lat="39.607518" lon="2.655649"/>
    <trkpt lat="39.607581" lon="2.655623"/>
    <trkpt lat="39.607635" lon="2.655574"/>
    <trkpt lat="39.607699" lon="2.655590"/>
    <trkpt lat="39.607844" lon="2.655617"/>
    <trkpt lat="39.607934" lon="2.655642"/>
    <trkpt lat="39.608109" lon="2.655675"/>
    <trkpt lat="39.608326" lon="2.655777"/>
    <trkpt lat="39.610060" lon="2.656540"/>
    <trkpt lat="39.610219" lon="2.656607"/>
    <trkpt lat="39.610461" lon="2.656706"/>
    <trkpt lat="39.610681" lon="2.656790"/>
    <trkpt lat="39.611115" lon="2.656949"/>
    <trkpt lat="39.611221" lon="2.656989"/>
    <trkpt lat="39.612358" lon="2.657410"/>
    <trkpt lat="39.612450" lon="2.657448"/>
    <trkpt lat="39.612560" lon="2.657493"/>
    <trkpt lat="39.612726" lon="2.657566"/>
    <trkpt lat="39.612922" lon="2.657660"/>
    <trkpt lat="39.613123" lon="2.657765"/>
    <trkpt lat="39.613158" lon="2.657785"/>
    <trkpt lat="39.613274" lon="2.657849"/>
    <trkpt lat="39.613408" lon="2.657929"/>
    <trkpt lat="39.613564" lon="2.658025"/>
    <trkpt lat="39.613718" lon="2.658126"/>
    <trkpt lat="39.613913" lon="2.658263"/>
    <trkpt lat="39.614169" lon="2.658457"/>
    <trkpt lat="39.614396" lon="2.658634"/>
    <trkpt lat="39.614516" lon="2.658729"/>
    <trkpt lat="39.614618" lon="2.658809"/>
    <trkpt lat="39.615005" lon="2.659124"/>
    <trkpt lat="39.615644" lon="2.659643"/>
    <trkpt lat="39.615766" lon="2.659741"/>
    <trkpt lat="39.615888" lon="2.659825"/>
    <trkpt lat="39.615993" lon="2.659887"/>
    <trkpt lat="39.616093" lon="2.659938"/>
    <trkpt lat="39.616185" lon="2.659980"/>
    <trkpt lat="39.616279" lon="2.660016"/>
    <trkpt lat="39.616416" lon="2.660063"/>
    <trkpt lat="39.616542" lon="2.660090"/>
    <trkpt lat="39.616667" lon="2.660112"/>
    <trkpt lat="39.616790" lon="2.660131"/>
    <trkpt lat="39.617883" lon="2.660288"/>
    <trkpt lat="39.618976" lon="2.660451"/>
    <trkpt lat="39.619216" lon="2.660488"/>
    <trkpt lat="39.619506" lon="2.660565"/>
    <trkpt lat="39.620316" lon="2.660692"/>
    <trkpt lat="39.620419" lon="2.660718"/>
    <trkpt lat="39.620598" lon="2.660778"/>
    <trkpt lat="39.620630" lon="2.660788"/>
    <trkpt lat="39.620648" lon="2.660792"/>
    <trkpt lat="39.620664" lon="2.660808"/>
    <trkpt lat="39.620682" lon="2.660818"/>
    <trkpt lat="39.620702" lon="2.660822"/>
    <trkpt lat="39.620721" lon="2.660821"/>
    <trkpt lat="39.620740" lon="2.660813"/>
    <trkpt lat="39.620757" lon="2.660799"/>
    <trkpt lat="39.620859" lon="2.660794"/>
    <trkpt lat="39.621141" lon="2.660812"/>
    <trkpt lat="39.621163" lon="2.660813"/>
    <trkpt lat="39.621614" lon="2.660878"/>
    <trkpt lat="39.621759" lon="2.660858"/>
    <trkpt lat="39.622051" lon="2.660906"/>
    <trkpt lat="39.622355" lon="2.660961"/>
    <trkpt lat="39.622490" lon="2.660986"/>
    <trkpt lat="39.622965" lon="2.661075"/>
    <trkpt lat="39.623453" lon="2.661169"/>
    <trkpt lat="39.623695" lon="2.661216"/>
    <trkpt lat="39.624061" lon="2.661287"/>
    <trkpt lat="39.624479" lon="2.661371"/>
    <trkpt lat="39.624622" lon="2.661401"/>
    <trkpt lat="39.624812" lon="2.661445"/>
    <trkpt lat="39.624932" lon="2.661476"/>
    <trkpt lat="39.625082" lon="2.661513"/>
    <trkpt lat="39.625192" lon="2.661548"/>
    <trkpt lat="39.625304" lon="2.661590"/>
    <trkpt lat="39.625524" lon="2.661685"/>
    <trkpt lat="39.625744" lon="2.661785"/>
    <trkpt lat="39.625991" lon="2.661903"/>
    <trkpt lat="39.627041" lon="2.662407"/>
    <trkpt lat="39.627299" lon="2.662531"/>
    <trkpt lat="39.627836" lon="2.662786"/>
    <trkpt lat="39.628200" lon="2.662959"/>
    <trkpt lat="39.628807" lon="2.663246"/>
    <trkpt lat="39.628999" lon="2.663335"/>
    <trkpt lat="39.629203" lon="2.663422"/>
    <trkpt lat="39.629355" lon="2.663479"/>
    <trkpt lat="39.629521" lon="2.663535"/>
    <trkpt lat="39.629563" lon="2.663548"/>
    <trkpt lat="39.629656" lon="2.663577"/>
    <trkpt lat="39.629842" lon="2.663624"/>
    <trkpt lat="39.630161" lon="2.663697"/>
    <trkpt lat="39.630479" lon="2.663768"/>
    <trkpt lat="39.630803" lon="2.663846"/>
    <trkpt lat="39.630973" lon="2.663889"/>
    <trkpt lat="39.633608" lon="2.664611"/>
    <trkpt lat="39.633901" lon="2.664691"/>
    <trkpt lat="39.634641" lon="2.664891"/>
    <trkpt lat="39.635059" lon="2.665004"/>
    <trkpt lat="39.635177" lon="2.665035"/>
    <trkpt lat="39.635737" lon="2.665187"/>
    <trkpt lat="39.636150" lon="2.665300"/>
    <trkpt lat="39.636856" lon="2.665494"/>
    <trkpt lat="39.637071" lon="2.665552"/>
    <trkpt lat="39.637232" lon="2.665592"/>
    <trkpt lat="39.637403" lon="2.665621"/>
    <trkpt lat="39.637564" lon="2.665643"/>
    <trkpt lat="39.637783" lon="2.665657"/>
    <trkpt lat="39.638137" lon="2.665669"/>
    <trkpt lat="39.638245" lon="2.665670"/>
    <trkpt lat="39.638411" lon="2.665673"/>
    <trkpt lat="39.638559" lon="2.665673"/>
    <trkpt lat="39.638781" lon="2.665692"/>
    <trkpt lat="39.638930" lon="2.665710"/>
    <trkpt lat="39.639007" lon="2.665732"/>
    <trkpt lat="39.639086" lon="2.665763"/>
    <trkpt lat="39.639172" lon="2.665819"/>
    <trkpt lat="39.639237" lon="2.665871"/>
    <trkpt lat="39.639266" lon="2.665895"/>
    <trkpt lat="39.639272" lon="2.665968"/>
    <trkpt lat="39.639303" lon="2.666047"/>
    <trkpt lat="39.639354" lon="2.666106"/>
    <trkpt lat="39.639419" lon="2.666136"/>
    <trkpt lat="39.639474" lon="2.666137"/>
    <trkpt lat="39.639525" lon="2.666116"/>
    <trkpt lat="39.639578" lon="2.666065"/>
    <trkpt lat="39.639827" lon="2.665997"/>
    <trkpt lat="39.640022" lon="2.666068"/>
    <trkpt lat="39.640403" lon="2.666220"/>
    <trkpt lat="39.640892" lon="2.666428"/>
    <trkpt lat="39.641409" lon="2.666628"/>
    <trkpt lat="39.641844" lon="2.666790"/>
    <trkpt lat="39.642712" lon="2.667113"/>
    <trkpt lat="39.643373" lon="2.667350"/>
    <trkpt lat="39.643804" lon="2.667505"/>
    <trkpt lat="39.644360" lon="2.667704"/>
    <trkpt lat="39.644595" lon="2.667794"/>
    <trkpt lat="39.644796" lon="2.667870"/>
    <trkpt lat="39.645164" lon="2.668010"/>
    <trkpt lat="39.645354" lon="2.668085"/>
    <trkpt lat="39.646170" lon="2.668407"/>
    <trkpt lat="39.647127" lon="2.668766"/>
    <trkpt lat="39.650308" lon="2.669957"/>
    <trkpt lat="39.650733" lon="2.670117"/>
    <trkpt lat="39.653608" lon="2.671194"/>
    <trkpt lat="39.655717" lon="2.671992"/>
    <trkpt lat="39.657038" lon="2.672491"/>
    <trkpt lat="39.657275" lon="2.672596"/>
    <trkpt lat="39.657589" lon="2.672711"/>
    <trkpt lat="39.657641" lon="2.672730"/>
    <trkpt lat="39.657649" lon="2.672746"/>
    <trkpt lat="39.657669" lon="2.672771"/>
    <trkpt lat="39.657693" lon="2.672788"/>
    <trkpt lat="39.657721" lon="2.672794"/>
    <trkpt lat="39.657748" lon="2.672790"/>
    <trkpt lat="39.657763" lon="2.672783"/>
    <trkpt lat="39.657911" lon="2.672838"/>
    <trkpt lat="39.658273" lon="2.672975"/>
    <trkpt lat="39.658441" lon="2.673005"/>
    <trkpt lat="39.658938" lon="2.673203"/>
    <trkpt lat="39.660728" lon="2.673862"/>
    <trkpt lat="39.661131" lon="2.674020"/>
    <trkpt lat="39.661839" lon="2.674298"/>
    <trkpt lat="39.662131" lon="2.674408"/>
    <trkpt lat="39.662441" lon="2.674525"/>
    <trkpt lat="39.662554" lon="2.674567"/>
    <trkpt lat="39.662846" lon="2.674670"/>
    <trkpt lat="39.663007" lon="2.674726"/>
    <trkpt lat="39.663141" lon="2.674773"/>
    <trkpt lat="39.663226" lon="2.674802"/>
    <trkpt lat="39.663365" lon="2.674849"/>
    <trkpt lat="39.664534" lon="2.675288"/>
    <trkpt lat="39.666612" lon="2.676064"/>
    <trkpt lat="39.667352" lon="2.676334"/>
    <trkpt lat="39.667526" lon="2.676443"/>
    <trkpt lat="39.667616" lon="2.676514"/>
    <trkpt lat="39.667729" lon="2.676620"/>
    <trkpt lat="39.667772" lon="2.676664"/>
    <trkpt lat="39.667810" lon="2.676738"/>
    <trkpt lat="39.667845" lon="2.676780"/>
    <trkpt lat="39.667878" lon="2.676814"/>
    <trkpt lat="39.667930" lon="2.676965"/>
    <trkpt lat="39.667944" lon="2.677037"/>
    <trkpt lat="39.667955" lon="2.677229"/>
    <trkpt lat="39.667892" lon="2.677618"/>
    <trkpt lat="39.667844" lon="2.677948"/>
    <trkpt lat="39.667805" lon="2.678344"/>
    <trkpt lat="39.667786" lon="2.678625"/>
    <trkpt lat="39.667772" lon="2.678922"/>
    <trkpt lat="39.667769" lon="2.679404"/>
    <trkpt lat="39.667783" lon="2.679812"/>
    <trkpt lat="39.667805" lon="2.680183"/>
    <trkpt lat="39.667857" lon="2.680779"/>
    <trkpt lat="39.667880" lon="2.681116"/>
    <trkpt lat="39.667890" lon="2.681378"/>
    <trkpt lat="39.667895" lon="2.681649"/>
    <trkpt lat="39.667891" lon="2.682023"/>
    <trkpt lat="39.667879" lon="2.682374"/>
    <trkpt lat="39.667870" lon="2.682559"/>
    <trkpt lat="39.667847" lon="2.682834"/>
    <trkpt lat="39.667819" lon="2.683103"/>
    <trkpt lat="39.667815" lon="2.683135"/>
    <trkpt lat="39.667748" lon="2.683642"/>
    <trkpt lat="39.667734" lon="2.683730"/>
    <trkpt lat="39.667650" lon="2.684248"/>
    <trkpt lat="39.667619" lon="2.684427"/>
    <trkpt lat="39.667565" lon="2.684667"/>
    <trkpt lat="39.667464" lon="2.685005"/>
    <trkpt lat="39.667413" lon="2.685201"/>
    <trkpt lat="39.667380" lon="2.685406"/>
    <trkpt lat="39.667331" lon="2.685808"/>
    <trkpt lat="39.667274" lon="2.686218"/>
    <trkpt lat="39.667126" lon="2.687029"/>
    <trkpt lat="39.667084" lon="2.687194"/>
    <trkpt lat="39.667043" lon="2.687328"/>
    <trkpt lat="39.666957" lon="2.687522"/>
    <trkpt lat="39.666881" lon="2.687660"/>
    <trkpt lat="39.666768" lon="2.687833"/>
    <trkpt lat="39.666564" lon="2.688100"/>
    <trkpt lat="39.666480" lon="2.688225"/>
    <trkpt lat="39.666424" lon="2.688342"/>
    <trkpt lat="39.666348" lon="2.688542"/>
    <trkpt lat="39.666158" lon="2.689099"/>
    <trkpt lat="39.665978" lon="2.689661"/>
    <trkpt lat="39.665904" lon="2.689910"/>
    <trkpt lat="39.665828" lon="2.690206"/>
    <trkpt lat="39.665761" lon="2.690566"/>
    <trkpt lat="39.665730" lon="2.690766"/>
    <trkpt lat="39.665712" lon="2.690991"/>
    <trkpt lat="39.665685" lon="2.691497"/>
    <trkpt lat="39.665664" lon="2.691951"/>
    <trkpt lat="39.665664" lon="2.692128"/>
    <trkpt lat="39.665675" lon="2.692321"/>
    <trkpt lat="39.665692" lon="2.692487"/>
    <trkpt lat="39.665723" lon="2.692660"/>
    <trkpt lat="39.665763" lon="2.692812"/>
    <trkpt lat="39.666106" lon="2.693982"/>
    <trkpt lat="39.666166" lon="2.694214"/>
    <trkpt lat="39.666206" lon="2.694436"/>
    <trkpt lat="39.666280" lon="2.694993"/>
    <trkpt lat="39.666288" lon="2.695054"/>
    <trkpt lat="39.666411" lon="2.695999"/>
    <trkpt lat="39.666450" lon="2.696305"/>
    <trkpt lat="39.666471" lon="2.696550"/>
    <trkpt lat="39.666481" lon="2.696824"/>
    <trkpt lat="39.666476" lon="2.697758"/>
    <trkpt lat="39.666474" lon="2.698015"/>
    <trkpt lat="39.666464" lon="2.699828"/>
    <trkpt lat="39.666468" lon="2.699895"/>
    <trkpt lat="39.666488" lon="2.700048"/>
    <trkpt lat="39.666609" lon="2.700931"/>
    <trkpt lat="39.666643" lon="2.701111"/>
    <trkpt lat="39.666680" lon="2.701284"/>
    <trkpt lat="39.666724" lon="2.701443"/>
    <trkpt lat="39.666769" lon="2.701588"/>
    <trkpt lat="39.666823" lon="2.701726"/>
    <trkpt lat="39.666908" lon="2.701898"/>
    <trkpt lat="39.667165" lon="2.702356"/>
    <trkpt lat="39.667222" lon="2.702479"/>
    <trkpt lat="39.667258" lon="2.702576"/>
    <trkpt lat="39.667311" lon="2.702744"/>
    <trkpt lat="39.667405" lon="2.703090"/>
    <trkpt lat="39.667482" lon="2.703437"/>
    <trkpt lat="39.667526" lon="2.703739"/>
    <trkpt lat="39.667547" lon="2.704008"/>
    <trkpt lat="39.667554" lon="2.704232"/>
    <trkpt lat="39.667550" lon="2.704344"/>
    <trkpt lat="39.667541" lon="2.704519"/>
    <trkpt lat="39.667525" lon="2.704688"/>
    <trkpt lat="39.667414" lon="2.704988"/>
    <trkpt lat="39.667379" lon="2.705072"/>
    <trkpt lat="39.667349" lon="2.705102"/>
    <trkpt lat="39.667325" lon="2.705140"/>
    <trkpt lat="39.667309" lon="2.705185"/>
    <trkpt lat="39.667306" lon="2.705202"/>
    <trkpt lat="39.667302" lon="2.705241"/>
    <trkpt lat="39.667304" lon="2.705280"/>
    <trkpt lat="39.667313" lon="2.705317"/>
    <trkpt lat="39.667326" lon="2.705352"/>
    <trkpt lat="39.667352" lon="2.705392"/>
    <trkpt lat="39.667392" lon="2.705581"/>
    <trkpt lat="39.667406" lon="2.705854"/>
    <trkpt lat="39.667381" lon="2.706086"/>
    <trkpt lat="39.667143" lon="2.708376"/>
    <trkpt lat="39.667109" lon="2.708696"/>
    <trkpt lat="39.667076" lon="2.709014"/>
    <trkpt lat="39.667032" lon="2.709442"/>
    <trkpt lat="39.666960" lon="2.710132"/>
    <trkpt lat="39.666778" lon="2.711891"/>
    <trkpt lat="39.666719" lon="2.712265"/>
    <trkpt lat="39.666663" lon="2.712510"/>
    <trkpt lat="39.666584" lon="2.712747"/>
    <trkpt lat="39.666467" lon="2.713001"/>
    <trkpt lat="39.666309" lon="2.713179"/>
    <trkpt lat="39.666297" lon="2.713193"/>
    <trkpt lat="39.666234" lon="2.713283"/>
    <trkpt lat="39.666172" lon="2.713323"/>
    <trkpt lat="39.666123" lon="2.713387"/>
    <trkpt lat="39.666093" lon="2.713468"/>
    <trkpt lat="39.666083" lon="2.713557"/>
    <trkpt lat="39.665816" lon="2.713773"/>
    <trkpt lat="39.665593" lon="2.713892"/>
    <trkpt lat="39.665271" lon="2.714053"/>
    <trkpt lat="39.664864" lon="2.714244"/>
    <trkpt lat="39.664384" lon="2.714452"/>
    <trkpt lat="39.663892" lon="2.714654"/>
    <trkpt lat="39.661864" lon="2.715421"/>
    <trkpt lat="39.661105" lon="2.715727"/>
    <trkpt lat="39.661031" lon="2.715756"/>
    <trkpt lat="39.659762" lon="2.716286"/>
    <trkpt lat="39.658439" lon="2.716860"/>
    <trkpt lat="39.656412" lon="2.717789"/>
    <trkpt lat="39.655725" lon="2.718119"/>
    <trkpt lat="39.653397" lon="2.719189"/>
    <trkpt lat="39.653335" lon="2.719216"/>
    <trkpt lat="39.651673" lon="2.719943"/>
    <trkpt lat="39.649943" lon="2.720704"/>
    <trkpt lat="39.647746" lon="2.721659"/>
    <trkpt lat="39.647267" lon="2.721883"/>
    <trkpt lat="39.646885" lon="2.722067"/>
    <trkpt lat="39.646544" lon="2.722271"/>
    <trkpt lat="39.646156" lon="2.722542"/>
    <trkpt lat="39.645720" lon="2.722894"/>
    <trkpt lat="39.645332" lon="2.723227"/>
    <trkpt lat="39.645169" lon="2.723377"/>
    <trkpt lat="39.644725" lon="2.723784"/>
    <trkpt lat="39.643363" lon="2.725032"/>
    <trkpt lat="39.642039" lon="2.726219"/>
    <trkpt lat="39.640666" lon="2.727458"/>
    <trkpt lat="39.638052" lon="2.729808"/>
    <trkpt lat="39.637317" lon="2.730469"/>
    <trkpt lat="39.636773" lon="2.730961"/>
    <trkpt lat="39.635439" lon="2.732160"/>
    <trkpt lat="39.634982" lon="2.732574"/>
    <trkpt lat="39.634840" lon="2.732702"/>
    <trkpt lat="39.634487" lon="2.733027"/>
    <trkpt lat="39.634024" lon="2.733442"/>
    <trkpt lat="39.633472" lon="2.733928"/>
    <trkpt lat="39.632927" lon="2.734397"/>
    <trkpt lat="39.632432" lon="2.734807"/>
    <trkpt lat="39.632137" lon="2.735061"/>
    <trkpt lat="39.632063" lon="2.735093"/>
    <trkpt lat="39.632031" lon="2.735119"/>
    <trkpt lat="39.632009" lon="2.735137"/>
    <trkpt lat="39.631984" lon="2.735156"/>
    <trkpt lat="39.631957" lon="2.735164"/>
    <trkpt lat="39.631931" lon="2.735167"/>
    <trkpt lat="39.631891" lon="2.735168"/>
    <trkpt lat="39.631871" lon="2.735166"/>
    <trkpt lat="39.631840" lon="2.735160"/>
    <trkpt lat="39.631808" lon="2.735121"/>
    <trkpt lat="39.631776" lon="2.735095"/>
    <trkpt lat="39.631740" lon="2.735076"/>
    <trkpt lat="39.631703" lon="2.735064"/>
    <trkpt lat="39.631665" lon="2.735061"/>
    <trkpt lat="39.631627" lon="2.735067"/>
    <trkpt lat="39.631590" lon="2.735080"/>
    <trkpt lat="39.631556" lon="2.735101"/>
    <trkpt lat="39.631525" lon="2.735130"/>
    <trkpt lat="39.631498" lon="2.735164"/>
    <trkpt lat="39.631475" lon="2.735204"/>
    <trkpt lat="39.631458" lon="2.735249"/>
    <trkpt lat="39.631447" lon="2.735296"/>
    <trkpt lat="39.631443" lon="2.735345"/>
    <trkpt lat="39.631444" lon="2.735395"/>
    <trkpt lat="39.631455" lon="2.735455"/>
    <trkpt lat="39.631475" lon="2.735511"/>
    <trkpt lat="39.631504" lon="2.735560"/>
    <trkpt lat="39.631540" lon="2.735600"/>
    <trkpt lat="39.631567" lon="2.735705"/>
    <trkpt lat="39.631586" lon="2.735772"/>
    <trkpt lat="39.631595" lon="2.735815"/>
    <trkpt lat="39.631597" lon="2.735857"/>
    <trkpt lat="39.631598" lon="2.735904"/>
    <trkpt lat="39.631587" lon="2.735972"/>
    <trkpt lat="39.631576" lon="2.735999"/>
    <trkpt lat="39.631492" lon="2.736147"/>
    <trkpt lat="39.631480" lon="2.736170"/>
    <trkpt lat="39.631467" lon="2.736205"/>
    <trkpt lat="39.631457" lon="2.736237"/>
    <trkpt lat="39.631448" lon="2.736269"/>
    <trkpt lat="39.631443" lon="2.736300"/>
    <trkpt lat="39.631438" lon="2.736336"/>
    <trkpt lat="39.631435" lon="2.736372"/>
    <trkpt lat="39.631435" lon="2.736408"/>
    <trkpt lat="39.631437" lon="2.736447"/>
    <trkpt lat="39.631442" lon="2.736490"/>
    <trkpt lat="39.631450" lon="2.736534"/>
    <trkpt lat="39.631461" lon="2.736580"/>
    <trkpt lat="39.631478" lon="2.736647"/>
    <trkpt lat="39.631493" lon="2.736695"/>
    <trkpt lat="39.631507" lon="2.736743"/>
    <trkpt lat="39.631517" lon="2.736786"/>
    <trkpt lat="39.631521" lon="2.736818"/>
    <trkpt lat="39.631523" lon="2.736858"/>
    <trkpt lat="39.631519" lon="2.736906"/>
    <trkpt lat="39.631502" lon="2.736944"/>
    <trkpt lat="39.631488" lon="2.736976"/>
    <trkpt lat="39.631457" lon="2.737065"/>
    <trkpt lat="39.631433" lon="2.737108"/>
    <trkpt lat="39.631413" lon="2.737130"/>
    <trkpt lat="39.631385" lon="2.737150"/>
    <trkpt lat="39.631338" lon="2.737176"/>
    <trkpt lat="39.631291" lon="2.737202"/>
    <trkpt lat="39.631262" lon="2.737206"/>
    <trkpt lat="39.631227" lon="2.737214"/>
    <trkpt lat="39.631196" lon="2.737231"/>
    <trkpt lat="39.631167" lon="2.737251"/>
    <trkpt lat="39.631127" lon="2.737293"/>
    <trkpt lat="39.631099" lon="2.737338"/>
    <trkpt lat="39.631018" lon="2.737504"/>
    <trkpt lat="39.630997" lon="2.737555"/>
    <trkpt lat="39.630983" lon="2.737611"/>
    <trkpt lat="39.630976" lon="2.737672"/>
    <trkpt lat="39.630978" lon="2.737729"/>
    <trkpt lat="39.630985" lon="2.737781"/>
    <trkpt lat="39.630999" lon="2.737830"/>
    <trkpt lat="39.631021" lon="2.737874"/>
    <trkpt lat="39.631043" lon="2.737908"/>
    <trkpt lat="39.631075" lon="2.737938"/>
    <trkpt lat="39.631105" lon="2.737961"/>
    <trkpt lat="39.631146" lon="2.737982"/>
    <trkpt lat="39.631185" lon="2.737989"/>
    <trkpt lat="39.631229" lon="2.737987"/>
    <trkpt lat="39.631270" lon="2.737976"/>
    <trkpt lat="39.631304" lon="2.737959"/>
    <trkpt lat="39.631341" lon="2.737932"/>
    <trkpt lat="39.631431" lon="2.737899"/>
    <trkpt lat="39.631559" lon="2.737865"/>
    <trkpt lat="39.631676" lon="2.737843"/>
    <trkpt lat="39.631769" lon="2.737845"/>
    <trkpt lat="39.631853" lon="2.737856"/>
    <trkpt lat="39.632001" lon="2.737887"/>
    <trkpt lat="39.632217" lon="2.737951"/>
    <trkpt lat="39.632557" lon="2.738143"/>
    <trkpt lat="39.633132" lon="2.738491"/>
    <trkpt lat="39.633608" lon="2.738780"/>
    <trkpt lat="39.633886" lon="2.738957"/>
    <trkpt lat="39.634092" lon="2.739084"/>
    <trkpt lat="39.634139" lon="2.739109"/>
    <trkpt lat="39.634441" lon="2.739289"/>
    <trkpt lat="39.635095" lon="2.739695"/>
    <trkpt lat="39.635623" lon="2.740031"/>
    <trkpt lat="39.636559" lon="2.740557"/>
    <trkpt lat="39.636734" lon="2.740648"/>
    <trkpt lat="39.637787" lon="2.741232"/>
    <trkpt lat="39.640828" lon="2.742850"/>
    <trkpt lat="39.642081" lon="2.743522"/>
    <trkpt lat="39.642438" lon="2.743716"/>
    <trkpt lat="39.642794" lon="2.743929"/>
    <trkpt lat="39.643118" lon="2.744165"/>
    <trkpt lat="39.643730" lon="2.744644"/>
    <trkpt lat="39.644177" lon="2.744999"/>
    <trkpt lat="39.644399" lon="2.745175"/>
    <trkpt lat="39.644609" lon="2.745374"/>
    <trkpt lat="39.644780" lon="2.745579"/>
    <trkpt lat="39.644928" lon="2.745798"/>
    <trkpt lat="39.645075" lon="2.746075"/>
    <trkpt lat="39.645277" lon="2.746558"/>
    <trkpt lat="39.645607" lon="2.747365"/>
    <trkpt lat="39.646087" lon="2.748513"/>
    <trkpt lat="39.646896" lon="2.750499"/>
    <trkpt lat="39.647991" lon="2.753186"/>
    <trkpt lat="39.648085" lon="2.753532"/>
    <trkpt lat="39.648127" lon="2.753704"/>
    <trkpt lat="39.648153" lon="2.753877"/>
    <trkpt lat="39.648178" lon="2.754055"/>
    <trkpt lat="39.648187" lon="2.754375"/>
    <trkpt lat="39.648146" lon="2.755774"/>
    <trkpt lat="39.648143" lon="2.755965"/>
    <trkpt lat="39.648143" lon="2.756296"/>
    <trkpt lat="39.648130" lon="2.757189"/>
    <trkpt lat="39.648129" lon="2.757214"/>
    <trkpt lat="39.648124" lon="2.757415"/>
    <trkpt lat="39.648089" lon="2.758860"/>
    <trkpt lat="39.648067" lon="2.759624"/>
    <trkpt lat="39.648066" lon="2.759711"/>
    <trkpt lat="39.648045" lon="2.760875"/>
    <trkpt lat="39.648030" lon="2.761332"/>
    <trkpt lat="39.648016" lon="2.761512"/>
    <trkpt lat="39.647994" lon="2.761680"/>
    <trkpt lat="39.647972" lon="2.761867"/>
    <trkpt lat="39.647690" lon="2.763418"/>
    <trkpt lat="39.647661" lon="2.763596"/>
    <trkpt lat="39.647640" lon="2.763784"/>
    <trkpt lat="39.647607" lon="2.764111"/>
    <trkpt lat="39.647590" lon="2.764345"/>
    <trkpt lat="39.647582" lon="2.764444"/>
    <trkpt lat="39.647551" lon="2.764984"/>
    <trkpt lat="39.647548" lon="2.765085"/>
    <trkpt lat="39.647535" lon="2.765518"/>
    <trkpt lat="39.647544" lon="2.765699"/>
    <trkpt lat="39.647553" lon="2.765793"/>
    <trkpt lat="39.647561" lon="2.765869"/>
    <trkpt lat="39.647634" lon="2.766270"/>
    <trkpt lat="39.647717" lon="2.766638"/>
    <trkpt lat="39.647782" lon="2.766821"/>
    <trkpt lat="39.647850" lon="2.767008"/>
    <trkpt lat="39.647981" lon="2.767282"/>
    <trkpt lat="39.648198" lon="2.767697"/>
    <trkpt lat="39.648223" lon="2.767746"/>
    <trkpt lat="39.648250" lon="2.767797"/>
    <trkpt lat="39.648311" lon="2.767910"/>
    <trkpt lat="39.648368" lon="2.768019"/>
    <trkpt lat="39.648416" lon="2.768100"/>
    <trkpt lat="39.648750" lon="2.768687"/>
    <trkpt lat="39.648861" lon="2.768884"/>
    <trkpt lat="39.649075" lon="2.769265"/>
    <trkpt lat="39.649362" lon="2.769777"/>
    <trkpt lat="39.649573" lon="2.770148"/>
    <trkpt lat="39.649852" lon="2.770725"/>
    <trkpt lat="39.650079" lon="2.771196"/>
    <trkpt lat="39.650102" lon="2.771243"/>
    <trkpt lat="39.650306" lon="2.771677"/>
    <trkpt lat="39.650322" lon="2.771712"/>
    <trkpt lat="39.650355" lon="2.771781"/>
    <trkpt lat="39.650414" lon="2.771899"/>
    <trkpt lat="39.650605" lon="2.772281"/>
    <trkpt lat="39.650653" lon="2.772372"/>
    <trkpt lat="39.650724" lon="2.772508"/>
    <trkpt lat="39.650818" lon="2.772709"/>
    <trkpt lat="39.650884" lon="2.772828"/>
    <trkpt lat="39.651016" lon="2.772995"/>
    <trkpt lat="39.651031" lon="2.773040"/>
    <trkpt lat="39.651126" lon="2.773149"/>
    <trkpt lat="39.651075" lon="2.773226"/>
    <trkpt lat="39.650842" lon="2.773617"/>
    <trkpt lat="39.650343" lon="2.774398"/>
    <trkpt lat="39.650319" lon="2.774354"/>
    <trkpt lat="39.650091" lon="2.773946"/>
    <trkpt lat="39.650057" lon="2.773887"/>
    <trkpt lat="39.650032" lon="2.773842"/>
    <trkpt lat="39.649990" lon="2.773763"/>
    <trkpt lat="39.650027" lon="2.773729"/>
    <trkpt lat="39.650200" lon="2.773563"/>
    <trkpt lat="39.650231" lon="2.773518"/>
    <trkpt lat="39.650257" lon="2.773482"/>
    <trkpt lat="39.650495" lon="2.773099"/>
    <trkpt lat="39.650531" lon="2.773082"/>
    <trkpt lat="39.650816" lon="2.772866"/>
    <trkpt lat="39.650835" lon="2.772852"/>
    <trkpt lat="39.650884" lon="2.772828"/>
    <trkpt lat="39.651016" lon="2.772995"/>
    <trkpt lat="39.651031" lon="2.773040"/>
    <trkpt lat="39.651126" lon="2.773149"/>
    <trkpt lat="39.651212" lon="2.773238"/>
    <trkpt lat="39.651234" lon="2.773259"/>
    <trkpt lat="39.651285" lon="2.773288"/>
    <trkpt lat="39.651311" lon="2.773320"/>
    <trkpt lat="39.651446" lon="2.773476"/>
    <trkpt lat="39.651566" lon="2.773650"/>
    <trkpt lat="39.651743" lon="2.774029"/>
    <trkpt lat="39.651754" lon="2.774052"/>
    <trkpt lat="39.651793" lon="2.774135"/>
    <trkpt lat="39.651825" lon="2.774207"/>
    <trkpt lat="39.651994" lon="2.774592"/>
    <trkpt lat="39.652025" lon="2.774683"/>
    <trkpt lat="39.652043" lon="2.774730"/>
    <trkpt lat="39.652225" lon="2.775208"/>
    <trkpt lat="39.652247" lon="2.775266"/>
    <trkpt lat="39.652423" lon="2.775721"/>
    <trkpt lat="39.652551" lon="2.776114"/>
    <trkpt lat="39.652598" lon="2.776287"/>
    <trkpt lat="39.652622" lon="2.776375"/>
    <trkpt lat="39.652650" lon="2.776479"/>
    <trkpt lat="39.652674" lon="2.776595"/>
    <trkpt lat="39.652682" lon="2.776625"/>
    <trkpt lat="39.652716" lon="2.776751"/>
    <trkpt lat="39.652785" lon="2.777007"/>
    <trkpt lat="39.652842" lon="2.777223"/>
    <trkpt lat="39.652936" lon="2.777484"/>
    <trkpt lat="39.652989" lon="2.777621"/>
    <trkpt lat="39.653044" lon="2.777776"/>
    <trkpt lat="39.653086" lon="2.777896"/>
    <trkpt lat="39.653150" lon="2.778066"/>
    <trkpt lat="39.653226" lon="2.778248"/>
    <trkpt lat="39.653513" lon="2.778947"/>
    <trkpt lat="39.653547" lon="2.779029"/>
    <trkpt lat="39.653554" lon="2.779048"/>
    <trkpt lat="39.653636" lon="2.779248"/>
    <trkpt lat="39.654233" lon="2.780651"/>
    <trkpt lat="39.654347" lon="2.780918"/>
    <trkpt lat="39.654679" lon="2.781713"/>
    <trkpt lat="39.654935" lon="2.782295"/>
    <trkpt lat="39.654988" lon="2.782405"/>
    <trkpt lat="39.655130" lon="2.782681"/>
    <trkpt lat="39.655945" lon="2.784187"/>
    <trkpt lat="39.656182" lon="2.784689"/>
    <trkpt lat="39.656796" lon="2.785994"/>
    <trkpt lat="39.657201" lon="2.786952"/>
    <trkpt lat="39.657769" lon="2.788264"/>
    <trkpt lat="39.657880" lon="2.788599"/>
    <trkpt lat="39.658285" lon="2.789629"/>
    <trkpt lat="39.658505" lon="2.790185"/>
    <trkpt lat="39.658639" lon="2.790525"/>
    <trkpt lat="39.658773" lon="2.790865"/>
    <trkpt lat="39.659277" lon="2.792073"/>
    <trkpt lat="39.659479" lon="2.792556"/>
    <trkpt lat="39.659708" lon="2.793111"/>
    <trkpt lat="39.660081" lon="2.794016"/>
    <trkpt lat="39.660148" lon="2.794151"/>
    <trkpt lat="39.660724" lon="2.795303"/>
    <trkpt lat="39.660730" lon="2.795323"/>
    <trkpt lat="39.661541" lon="2.796950"/>
    <trkpt lat="39.661619" lon="2.797199"/>
    <trkpt lat="39.661646" lon="2.797310"/>
    <trkpt lat="39.661677" lon="2.797372"/>
    <trkpt lat="39.661661" lon="2.797412"/>
    <trkpt lat="39.661653" lon="2.797470"/>
    <trkpt lat="39.661658" lon="2.797529"/>
    <trkpt lat="39.661672" lon="2.797583"/>
    <trkpt lat="39.661705" lon="2.797633"/>
    <trkpt lat="39.661749" lon="2.797665"/>
    <trkpt lat="39.661794" lon="2.797670"/>
    <trkpt lat="39.662044" lon="2.797987"/>
    <trkpt lat="39.662140" lon="2.798176"/>
    <trkpt lat="39.662667" lon="2.799404"/>
    <trkpt lat="39.663712" lon="2.801911"/>
    <trkpt lat="39.664446" lon="2.803786"/>
    <trkpt lat="39.664573" lon="2.804099"/>
    <trkpt lat="39.664711" lon="2.804402"/>
    <trkpt lat="39.664904" lon="2.804809"/>
    <trkpt lat="39.665436" lon="2.805902"/>
    <trkpt lat="39.665534" lon="2.806113"/>
    <trkpt lat="39.666880" lon="2.808973"/>
    <trkpt lat="39.666894" lon="2.809001"/>
    <trkpt lat="39.667163" lon="2.809521"/>
    <trkpt lat="39.667256" lon="2.809712"/>
    <trkpt lat="39.667291" lon="2.809780"/>
    <trkpt lat="39.667537" lon="2.810293"/>
    <trkpt lat="39.667728" lon="2.810715"/>
    <trkpt lat="39.667931" lon="2.811163"/>
    <trkpt lat="39.667951" lon="2.811202"/>
    <trkpt lat="39.668044" lon="2.811405"/>
    <trkpt lat="39.668175" lon="2.811777"/>
    <trkpt lat="39.668315" lon="2.812223"/>
    <trkpt lat="39.668404" lon="2.812492"/>
    <trkpt lat="39.668027" lon="2.812624"/>
    <trkpt lat="39.667634" lon="2.812751"/>
    <trkpt lat="39.667655" lon="2.812876"/>
    <trkpt lat="39.667827" lon="2.813346"/>
    <trkpt lat="39.668138" lon="2.814085"/>
    <trkpt lat="39.667967" lon="2.814240"/>
    <trkpt lat="39.667859" lon="2.814346"/>
    <trkpt lat="39.667820" lon="2.814387"/>
    <trkpt lat="39.667985" lon="2.814699"/>
    <trkpt lat="39.668024" lon="2.814665"/>
    <trkpt lat="39.668143" lon="2.814559"/>
    <trkpt lat="39.668157" lon="2.814546"/>
    <trkpt lat="39.668368" lon="2.814371"/>
    <trkpt lat="39.668718" lon="2.814041"/>
    <trkpt lat="39.669018" lon="2.813784"/>
    <trkpt lat="39.669074" lon="2.813909"/>
    <trkpt lat="39.669390" lon="2.814606"/>
    <trkpt lat="39.669565" lon="2.814988"/>
    <trkpt lat="39.669676" lon="2.815236"/>
    <trkpt lat="39.670114" lon="2.816161"/>
    <trkpt lat="39.670204" lon="2.816367"/>
    <trkpt lat="39.670328" lon="2.816648"/>
    <trkpt lat="39.670334" lon="2.816665"/>
    <trkpt lat="39.670606" lon="2.817266"/>
    <trkpt lat="39.671103" lon="2.818360"/>
    <trkpt lat="39.671285" lon="2.818767"/>
    <trkpt lat="39.671816" lon="2.819957"/>
    <trkpt lat="39.672080" lon="2.820550"/>
    <trkpt lat="39.672135" lon="2.820671"/>
    <trkpt lat="39.672248" lon="2.820919"/>
    <trkpt lat="39.672492" lon="2.821484"/>
    <trkpt lat="39.672682" lon="2.821924"/>
    <trkpt lat="39.672890" lon="2.822407"/>
    <trkpt lat="39.672947" lon="2.822643"/>
    <trkpt lat="39.672957" lon="2.822818"/>
    <trkpt lat="39.672975" lon="2.822916"/>
    <trkpt lat="39.672948" lon="2.823041"/>
    <trkpt lat="39.672953" lon="2.823122"/>
    <trkpt lat="39.672972" lon="2.823199"/>
    <trkpt lat="39.673006" lon="2.823267"/>
    <trkpt lat="39.673053" lon="2.823321"/>
    <trkpt lat="39.673108" lon="2.823358"/>
    <trkpt lat="39.673154" lon="2.823373"/>
    <trkpt lat="39.673202" lon="2.823376"/>
    <trkpt lat="39.673316" lon="2.823480"/>
    <trkpt lat="39.673396" lon="2.823553"/>
    <trkpt lat="39.673431" lon="2.823604"/>
    <trkpt lat="39.673459" lon="2.823620"/>
    <trkpt lat="39.673888" lon="2.824503"/>
    <trkpt lat="39.674182" lon="2.825094"/>
    <trkpt lat="39.674513" lon="2.825761"/>
    <trkpt lat="39.674850" lon="2.826424"/>
    <trkpt lat="39.674929" lon="2.826613"/>
    <trkpt lat="39.675005" lon="2.826802"/>
    <trkpt lat="39.675190" lon="2.827219"/>
    <trkpt lat="39.675264" lon="2.827430"/>
    <trkpt lat="39.675348" lon="2.827670"/>
    <trkpt lat="39.675544" lon="2.828249"/>
    <trkpt lat="39.675779" lon="2.828936"/>
    <trkpt lat="39.676047" lon="2.829722"/>
    <trkpt lat="39.676355" lon="2.830565"/>
    <trkpt lat="39.676650" lon="2.831420"/>
    <trkpt lat="39.676683" lon="2.831501"/>
    <trkpt lat="39.677014" lon="2.832460"/>
    <trkpt lat="39.677864" lon="2.834327"/>
    <trkpt lat="39.678209" lon="2.834958"/>
    <trkpt lat="39.678472" lon="2.835577"/>
    <trkpt lat="39.678934" lon="2.836620"/>
    <trkpt lat="39.679052" lon="2.837001"/>
    <trkpt lat="39.679126" lon="2.837193"/>
    <trkpt lat="39.679203" lon="2.837391"/>
    <trkpt lat="39.679382" lon="2.837775"/>
    <trkpt lat="39.679601" lon="2.838154"/>
    <trkpt lat="39.679677" lon="2.838238"/>
    <trkpt lat="39.679766" lon="2.838425"/>
    <trkpt lat="39.679992" lon="2.838799"/>
    <trkpt lat="39.680156" lon="2.839069"/>
    <trkpt lat="39.680291" lon="2.839292"/>
    <trkpt lat="39.680480" lon="2.839628"/>
    <trkpt lat="39.681214" lon="2.840932"/>
    <trkpt lat="39.681934" lon="2.842210"/>
    <trkpt lat="39.682290" lon="2.842855"/>
    <trkpt lat="39.682554" lon="2.843367"/>
    <trkpt lat="39.682811" lon="2.843848"/>
    <trkpt lat="39.683071" lon="2.844354"/>
    <trkpt lat="39.683142" lon="2.844492"/>
    <trkpt lat="39.683342" lon="2.844880"/>
    <trkpt lat="39.683406" lon="2.845004"/>
    <trkpt lat="39.683411" lon="2.845015"/>
    <trkpt lat="39.683706" lon="2.845636"/>
    <trkpt lat="39.683730" lon="2.845696"/>
    <trkpt lat="39.683751" lon="2.845747"/>
    <trkpt lat="39.683907" lon="2.846126"/>
    <trkpt lat="39.683966" lon="2.846268"/>
    <trkpt lat="39.684166" lon="2.846823"/>
    <trkpt lat="39.684352" lon="2.847340"/>
    <trkpt lat="39.684430" lon="2.847502"/>
    <trkpt lat="39.685102" lon="2.846780"/>
    <trkpt lat="39.685162" lon="2.846716"/>
    <trkpt lat="39.685860" lon="2.845980"/>
    <trkpt lat="39.685996" lon="2.845836"/>
    <trkpt lat="39.686639" lon="2.845006"/>
    <trkpt lat="39.686690" lon="2.844941"/>
    <trkpt lat="39.686746" lon="2.844853"/>
    <trkpt lat="39.686782" lon="2.844796"/>
    <trkpt lat="39.686878" lon="2.844635"/>
    <trkpt lat="39.686872" lon="2.844547"/>
    <trkpt lat="39.686849" lon="2.844206"/>
    <trkpt lat="39.686880" lon="2.843570"/>
    <trkpt lat="39.686933" lon="2.843361"/>
    <trkpt lat="39.686994" lon="2.843416"/>
    <trkpt lat="39.687086" lon="2.843411"/>
    <trkpt lat="39.687201" lon="2.843560"/>
    <trkpt lat="39.687305" lon="2.843627"/>
    <trkpt lat="39.687423" lon="2.843704"/>
    <trkpt lat="39.687513" lon="2.843760"/>
    <trkpt lat="39.687631" lon="2.843833"/>
    <trkpt lat="39.687791" lon="2.843654"/>
    <trkpt lat="39.687807" lon="2.843685"/>
    <trkpt lat="39.687962" lon="2.843931"/>
    <trkpt lat="39.687975" lon="2.844016"/>
    <trkpt lat="39.688034" lon="2.844123"/>
    <trkpt lat="39.688202" lon="2.844427"/>
    <trkpt lat="39.687891" lon="2.844801"/>
    <trkpt lat="39.687752" lon="2.844968"/>
    <trkpt lat="39.687591" lon="2.845149"/>
    <trkpt lat="39.687380" lon="2.845308"/>
    <trkpt lat="39.687665" lon="2.845882"/>
    <trkpt lat="39.687731" lon="2.846016"/>
    <trkpt lat="39.687768" lon="2.846083"/>
    <trkpt lat="39.687871" lon="2.846272"/>
    <trkpt lat="39.688098" lon="2.846690"/>
    <trkpt lat="39.688145" lon="2.846776"/>
    <trkpt lat="39.688207" lon="2.846897"/>
    <trkpt lat="39.688517" lon="2.847501"/>
    <trkpt lat="39.688810" lon="2.848079"/>
    <trkpt lat="39.689019" lon="2.848475"/>
    <trkpt lat="39.688741" lon="2.848829"/>
    <trkpt lat="39.688587" lon="2.849025"/>
    <trkpt lat="39.688532" lon="2.849095"/>
    <trkpt lat="39.688166" lon="2.849563"/>
    <trkpt lat="39.688107" lon="2.849637"/>
    <trkpt lat="39.687795" lon="2.850073"/>
    <trkpt lat="39.687304" lon="2.850724"/>
    <trkpt lat="39.687058" lon="2.851009"/>
    <trkpt lat="39.686826" lon="2.851278"/>
    <trkpt lat="39.686804" lon="2.851306"/>
    <trkpt lat="39.686736" lon="2.851384"/>
    <trkpt lat="39.686694" lon="2.851431"/>
    <trkpt lat="39.686661" lon="2.851445"/>
    <trkpt lat="39.686649" lon="2.851454"/>
    <trkpt lat="39.686642" lon="2.851461"/>
    <trkpt lat="39.686632" lon="2.851471"/>
    <trkpt lat="39.686611" lon="2.851506"/>
    <trkpt lat="39.686598" lon="2.851548"/>
    <trkpt lat="39.686594" lon="2.851593"/>
    <trkpt lat="39.686602" lon="2.851642"/>
    <trkpt lat="39.686622" lon="2.851686"/>
    <trkpt lat="39.686651" lon="2.851719"/>
    <trkpt lat="39.686763" lon="2.851953"/>
    <trkpt lat="39.687210" lon="2.853019"/>
    <trkpt lat="39.687621" lon="2.853927"/>
    <trkpt lat="39.688292" lon="2.855409"/>
    <trkpt lat="39.689396" lon="2.857610"/>
    <trkpt lat="39.689571" lon="2.857993"/>
    <trkpt lat="39.689907" lon="2.858848"/>
    <trkpt lat="39.690605" lon="2.860692"/>
    <trkpt lat="39.690946" lon="2.861679"/>
    <trkpt lat="39.691080" lon="2.862002"/>
    <trkpt lat="39.692573" lon="2.865580"/>
    <trkpt lat="39.692927" lon="2.866371"/>
    <trkpt lat="39.693565" lon="2.867724"/>
    <trkpt lat="39.694368" lon="2.869465"/>
    <trkpt lat="39.694568" lon="2.869902"/>
    <trkpt lat="39.695324" lon="2.871544"/>
    <trkpt lat="39.695956" lon="2.872894"/>
    <trkpt lat="39.696318" lon="2.873716"/>
    <trkpt lat="39.696372" lon="2.873940"/>
    <trkpt lat="39.696379" lon="2.874024"/>
    <trkpt lat="39.696369" lon="2.874050"/>
    <trkpt lat="39.696362" lon="2.874082"/>
    <trkpt lat="39.696360" lon="2.874145"/>
    <trkpt lat="39.696374" lon="2.874205"/>
    <trkpt lat="39.696389" lon="2.874233"/>
    <trkpt lat="39.696403" lon="2.874255"/>
    <trkpt lat="39.696443" lon="2.874291"/>
    <trkpt lat="39.696475" lon="2.874304"/>
    <trkpt lat="39.696496" lon="2.874308"/>
    <trkpt lat="39.696542" lon="2.874370"/>
    <trkpt lat="39.696697" lon="2.874584"/>
    <trkpt lat="39.696710" lon="2.874610"/>
    <trkpt lat="39.696771" lon="2.874756"/>
    <trkpt lat="39.697149" lon="2.875794"/>
    <trkpt lat="39.697243" lon="2.876059"/>
    <trkpt lat="39.697454" lon="2.876779"/>
    <trkpt lat="39.697505" lon="2.876954"/>
    <trkpt lat="39.697619" lon="2.877337"/>
    <trkpt lat="39.697683" lon="2.877552"/>
    <trkpt lat="39.697706" lon="2.877612"/>
    <trkpt lat="39.697801" lon="2.877865"/>
    <trkpt lat="39.697886" lon="2.878090"/>
    <trkpt lat="39.697983" lon="2.878299"/>
    <trkpt lat="39.698456" lon="2.879020"/>
    <trkpt lat="39.698766" lon="2.879492"/>
    <trkpt lat="39.698819" lon="2.879573"/>
    <trkpt lat="39.699798" lon="2.881063"/>
    <trkpt lat="39.699836" lon="2.881121"/>
    <trkpt lat="39.700928" lon="2.883498"/>
    <trkpt lat="39.702283" lon="2.886448"/>
    <trkpt lat="39.703460" lon="2.889080"/>
    <trkpt lat="39.703883" lon="2.890101"/>
    <trkpt lat="39.704293" lon="2.891110"/>
    <trkpt lat="39.704607" lon="2.891743"/>
    <trkpt lat="39.705159" lon="2.892816"/>
    <trkpt lat="39.706083" lon="2.894614"/>
    <trkpt lat="39.706486" lon="2.895385"/>
    <trkpt lat="39.706573" lon="2.895550"/>
    <trkpt lat="39.707148" lon="2.896630"/>
    <trkpt lat="39.707581" lon="2.897405"/>
    <trkpt lat="39.707675" lon="2.897583"/>
    <trkpt lat="39.707813" lon="2.897830"/>
    <trkpt lat="39.707972" lon="2.898105"/>
    <trkpt lat="39.708119" lon="2.898343"/>
    <trkpt lat="39.708240" lon="2.898535"/>
    <trkpt lat="39.708823" lon="2.899449"/>
    <trkpt lat="39.708906" lon="2.899660"/>
    <trkpt lat="39.709038" lon="2.899905"/>
    <trkpt lat="39.709144" lon="2.900112"/>
    <trkpt lat="39.709215" lon="2.900264"/>
    <trkpt lat="39.709359" lon="2.900579"/>
    <trkpt lat="39.709417" lon="2.900719"/>
    <trkpt lat="39.709434" lon="2.900784"/>
    <trkpt lat="39.709442" lon="2.900841"/>
    <trkpt lat="39.709444" lon="2.900892"/>
    <trkpt lat="39.709438" lon="2.900930"/>
    <trkpt lat="39.709431" lon="2.900963"/>
    <trkpt lat="39.709422" lon="2.900991"/>
    <trkpt lat="39.709408" lon="2.901011"/>
    <trkpt lat="39.709386" lon="2.901049"/>
    <trkpt lat="39.709370" lon="2.901091"/>
    <trkpt lat="39.709359" lon="2.901135"/>
    <trkpt lat="39.709352" lon="2.901181"/>
    <trkpt lat="39.709351" lon="2.901228"/>
    <trkpt lat="39.709355" lon="2.901274"/>
    <trkpt lat="39.709364" lon="2.901319"/>
    <trkpt lat="39.709379" lon="2.901362"/>
    <trkpt lat="39.709398" lon="2.901402"/>
    <trkpt lat="39.709421" lon="2.901438"/>
    <trkpt lat="39.709449" lon="2.901469"/>
    <trkpt lat="39.709496" lon="2.901530"/>
    <trkpt lat="39.709533" lon="2.901588"/>
    <trkpt lat="39.709593" lon="2.901713"/>
    <trkpt lat="39.709644" lon="2.901847"/>
    <trkpt lat="39.709681" lon="2.901963"/>
    <trkpt lat="39.709710" lon="2.902119"/>
    <trkpt lat="39.709725" lon="2.902240"/>
    <trkpt lat="39.709744" lon="2.902412"/>
    <trkpt lat="39.709758" lon="2.902592"/>
    <trkpt lat="39.709772" lon="2.902678"/>
    <trkpt lat="39.709950" lon="2.903987"/>
    <trkpt lat="39.709989" lon="2.904274"/>
    <trkpt lat="39.710094" lon="2.905070"/>
    <trkpt lat="39.710264" lon="2.906357"/>
    <trkpt lat="39.710439" lon="2.907807"/>
    <trkpt lat="39.710507" lon="2.908380"/>
    <trkpt lat="39.710525" lon="2.908655"/>
    <trkpt lat="39.710524" lon="2.908712"/>
    <trkpt lat="39.710520" lon="2.908760"/>
    <trkpt lat="39.710509" lon="2.908818"/>
    <trkpt lat="39.710478" lon="2.908919"/>
    <trkpt lat="39.710454" lon="2.908965"/>
    <trkpt lat="39.710437" lon="2.909018"/>
    <trkpt lat="39.710430" lon="2.909075"/>
    <trkpt lat="39.710433" lon="2.909132"/>
    <trkpt lat="39.710445" lon="2.909188"/>
    <trkpt lat="39.710467" lon="2.909238"/>
    <trkpt lat="39.710496" lon="2.909281"/>
    <trkpt lat="39.710527" lon="2.909310"/>
    <trkpt lat="39.710586" lon="2.909401"/>
    <trkpt lat="39.710608" lon="2.909446"/>
    <trkpt lat="39.710642" lon="2.909553"/>
    <trkpt lat="39.710696" lon="2.909963"/>
    <trkpt lat="39.710728" lon="2.910152"/>
    <trkpt lat="39.710754" lon="2.910286"/>
    <trkpt lat="39.710785" lon="2.910419"/>
    <trkpt lat="39.710823" lon="2.910557"/>
    <trkpt lat="39.710871" lon="2.910707"/>
    <trkpt lat="39.710938" lon="2.910895"/>
    <trkpt lat="39.710981" lon="2.911007"/>
    <trkpt lat="39.711037" lon="2.911135"/>
    <trkpt lat="39.711098" lon="2.911260"/>
    <trkpt lat="39.711159" lon="2.911377"/>
    <trkpt lat="39.711227" lon="2.911500"/>
    <trkpt lat="39.711286" lon="2.911600"/>
    <trkpt lat="39.711360" lon="2.911718"/>
    <trkpt lat="39.711430" lon="2.911826"/>
    <trkpt lat="39.711509" lon="2.911930"/>
    <trkpt lat="39.711590" lon="2.912031"/>
    <trkpt lat="39.711676" lon="2.912128"/>
    <trkpt lat="39.711759" lon="2.912217"/>
    <trkpt lat="39.711849" lon="2.912309"/>
    <trkpt lat="39.711938" lon="2.912392"/>
    <trkpt lat="39.712030" lon="2.912469"/>
    <trkpt lat="39.712131" lon="2.912542"/>
    <trkpt lat="39.712233" lon="2.912612"/>
    <trkpt lat="39.712526" lon="2.912797"/>
    <trkpt lat="39.712830" lon="2.912989"/>
    <trkpt lat="39.713227" lon="2.913238"/>
    <trkpt lat="39.713427" lon="2.913366"/>
    <trkpt lat="39.713547" lon="2.913441"/>
    <trkpt lat="39.713723" lon="2.913552"/>
    <trkpt lat="39.713851" lon="2.913633"/>
    <trkpt lat="39.713956" lon="2.913700"/>
    <trkpt lat="39.714029" lon="2.913746"/>
    <trkpt lat="39.714219" lon="2.913868"/>
    <trkpt lat="39.714528" lon="2.914062"/>
    <trkpt lat="39.714822" lon="2.914245"/>
    <trkpt lat="39.715122" lon="2.914434"/>
    <trkpt lat="39.715424" lon="2.914620"/>
    <trkpt lat="39.715629" lon="2.914745"/>
    <trkpt lat="39.715931" lon="2.914930"/>
    <trkpt lat="39.716114" lon="2.915043"/>
    <trkpt lat="39.716176" lon="2.915080"/>
    <trkpt lat="39.716239" lon="2.915135"/>
    <trkpt lat="39.716281" lon="2.915190"/>
    <trkpt lat="39.716281" lon="2.915217"/>
    <trkpt lat="39.716283" lon="2.915243"/>
    <trkpt lat="39.716288" lon="2.915269"/>
    <trkpt lat="39.716297" lon="2.915297"/>
    <trkpt lat="39.716302" lon="2.915308"/>
    <trkpt lat="39.716321" lon="2.915341"/>
    <trkpt lat="39.716344" lon="2.915367"/>
    <trkpt lat="39.716371" lon="2.915387"/>
    <trkpt lat="39.716401" lon="2.915399"/>
    <trkpt lat="39.716432" lon="2.915403"/>
    <trkpt lat="39.716452" lon="2.915401"/>
    <trkpt lat="39.716473" lon="2.915395"/>
    <trkpt lat="39.716492" lon="2.915386"/>
    <trkpt lat="39.716531" lon="2.915353"/>
    <trkpt lat="39.716590" lon="2.915340"/>
    <trkpt lat="39.716613" lon="2.915344"/>
    <trkpt lat="39.716628" lon="2.915346"/>
    <trkpt lat="39.716704" lon="2.915367"/>
    <trkpt lat="39.716834" lon="2.915446"/>
    <trkpt lat="39.717208" lon="2.915676"/>
    <trkpt lat="39.717328" lon="2.915750"/>
    <trkpt lat="39.718366" lon="2.916410"/>
    <trkpt lat="39.719086" lon="2.916845"/>
    <trkpt lat="39.719211" lon="2.916921"/>
    <trkpt lat="39.719802" lon="2.917279"/>
    <trkpt lat="39.719905" lon="2.917380"/>
    <trkpt lat="39.719951" lon="2.917454"/>
    <trkpt lat="39.719952" lon="2.917492"/>
    <trkpt lat="39.719958" lon="2.917529"/>
    <trkpt lat="39.719969" lon="2.917564"/>
    <trkpt lat="39.719991" lon="2.917607"/>
    <trkpt lat="39.720021" lon="2.917641"/>
    <trkpt lat="39.720057" lon="2.917665"/>
    <trkpt lat="39.720092" lon="2.917677"/>
    <trkpt lat="39.720129" lon="2.917677"/>
    <trkpt lat="39.720164" lon="2.917668"/>
    <trkpt lat="39.720191" lon="2.917653"/>
    <trkpt lat="39.720215" lon="2.917632"/>
    <trkpt lat="39.720241" lon="2.917598"/>
    <trkpt lat="39.720260" lon="2.917557"/>
    <trkpt lat="39.720272" lon="2.917512"/>
    <trkpt lat="39.720276" lon="2.917464"/>
    <trkpt lat="39.720271" lon="2.917417"/>
    <trkpt lat="39.720262" lon="2.917383"/>
    <trkpt lat="39.720282" lon="2.917324"/>
    <trkpt lat="39.720330" lon="2.917180"/>
    <trkpt lat="39.720339" lon="2.917155"/>
    <trkpt lat="39.720509" lon="2.916704"/>
    <trkpt lat="39.720559" lon="2.916568"/>
    <trkpt lat="39.720618" lon="2.916407"/>
    <trkpt lat="39.720855" lon="2.915765"/>
    <trkpt lat="39.721082" lon="2.915150"/>
    <trkpt lat="39.721128" lon="2.915030"/>
    <trkpt lat="39.721391" lon="2.914291"/>
    <trkpt lat="39.721439" lon="2.914177"/>
    <trkpt lat="39.721458" lon="2.914133"/>
    <trkpt lat="39.721478" lon="2.914108"/>
    <trkpt lat="39.721524" lon="2.914069"/>
    <trkpt lat="39.721551" lon="2.914046"/>
    <trkpt lat="39.721866" lon="2.913790"/>
    <trkpt lat="39.722252" lon="2.913474"/>
    <trkpt lat="39.722284" lon="2.913448"/>
    <trkpt lat="39.722305" lon="2.913409"/>
    <trkpt lat="39.722312" lon="2.913358"/>
    <trkpt lat="39.722304" lon="2.913308"/>
    <trkpt lat="39.722099" lon="2.912856"/>
    <trkpt lat="39.722063" lon="2.912779"/>
    <trkpt lat="39.722002" lon="2.912649"/>
    <trkpt lat="39.721925" lon="2.912449"/>
    <trkpt lat="39.721836" lon="2.912220"/>
    <trkpt lat="39.721761" lon="2.912001"/>
    <trkpt lat="39.721588" lon="2.911561"/>
    <trkpt lat="39.721575" lon="2.911209"/>
    <trkpt lat="39.721569" lon="2.911067"/>
    <trkpt lat="39.720922" lon="2.911565"/>
    <trkpt lat="39.721218" lon="2.911984"/>
    <trkpt lat="39.721259" lon="2.912085"/>
    <trkpt lat="39.721287" lon="2.912151"/>
    <trkpt lat="39.721304" lon="2.912191"/>
    <trkpt lat="39.721404" lon="2.912519"/>
    <trkpt lat="39.721593" lon="2.913082"/>
    <trkpt lat="39.721612" lon="2.913139"/>
    <trkpt lat="39.721298" lon="2.913388"/>
    <trkpt lat="39.721188" lon="2.913462"/>
    <trkpt lat="39.721333" lon="2.913795"/>
    <trkpt lat="39.721336" lon="2.913843"/>
    <trkpt lat="39.721323" lon="2.913901"/>
    <trkpt lat="39.721291" lon="2.913987"/>
    <trkpt lat="39.721296" lon="2.914021"/>
    <trkpt lat="39.721309" lon="2.914051"/>
    <trkpt lat="39.721358" lon="2.914086"/>
    <trkpt lat="39.721415" lon="2.914123"/>
    <trkpt lat="39.721458" lon="2.914133"/>
    <trkpt lat="39.721478" lon="2.914108"/>
    <trkpt lat="39.721524" lon="2.914069"/>
    <trkpt lat="39.721551" lon="2.914046"/>
    <trkpt lat="39.721866" lon="2.913790"/>
    <trkpt lat="39.722252" lon="2.913474"/>
    <trkpt lat="39.722284" lon="2.913448"/>
    <trkpt lat="39.722305" lon="2.913409"/>
    <trkpt lat="39.722312" lon="2.913358"/>
    <trkpt lat="39.722304" lon="2.913308"/>
    <trkpt lat="39.722099" lon="2.912856"/>
    <trkpt lat="39.722063" lon="2.912779"/>
    <trkpt lat="39.722092" lon="2.912762"/>
    <trkpt lat="39.722157" lon="2.912723"/>
    <trkpt lat="39.722576" lon="2.912467"/>
    <trkpt lat="39.722621" lon="2.912440"/>
    <trkpt lat="39.722907" lon="2.912263"/>
    <trkpt lat="39.722928" lon="2.912250"/>
    <trkpt lat="39.723001" lon="2.912204"/>
    <trkpt lat="39.723158" lon="2.912139"/>
    <trkpt lat="39.723322" lon="2.912081"/>
    <trkpt lat="39.723524" lon="2.912035"/>
    <trkpt lat="39.723589" lon="2.912023"/>
    <trkpt lat="39.724160" lon="2.911921"/>
    <trkpt lat="39.724307" lon="2.911900"/>
    <trkpt lat="39.724424" lon="2.911883"/>
    <trkpt lat="39.724995" lon="2.911808"/>
    <trkpt lat="39.725891" lon="2.911676"/>
    <trkpt lat="39.725972" lon="2.911664"/>
    <trkpt lat="39.726387" lon="2.911589"/>
    <trkpt lat="39.726473" lon="2.911574"/>
    <trkpt lat="39.726988" lon="2.911494"/>
    <trkpt lat="39.727098" lon="2.911477"/>
    <trkpt lat="39.727329" lon="2.911441"/>
    <trkpt lat="39.727700" lon="2.911391"/>
    <trkpt lat="39.728160" lon="2.911328"/>
    <trkpt lat="39.728254" lon="2.911316"/>
    <trkpt lat="39.729065" lon="2.911205"/>
    <trkpt lat="39.729180" lon="2.911189"/>
    <trkpt lat="39.729231" lon="2.911182"/>
    <trkpt lat="39.729610" lon="2.911128"/>
    <trkpt lat="39.729878" lon="2.911089"/>
    <trkpt lat="39.730139" lon="2.911052"/>
    <trkpt lat="39.730653" lon="2.910985"/>
    <trkpt lat="39.731188" lon="2.910915"/>
    <trkpt lat="39.731669" lon="2.910843"/>
    <trkpt lat="39.736063" lon="2.910222"/>
    <trkpt lat="39.737088" lon="2.910024"/>
    <trkpt lat="39.737281" lon="2.909991"/>
    <trkpt lat="39.738907" lon="2.909362"/>
    <trkpt lat="39.739151" lon="2.909266"/>
    <trkpt lat="39.739162" lon="2.909262"/>
    <trkpt lat="39.739532" lon="2.909117"/>
    <trkpt lat="39.739626" lon="2.909090"/>
    <trkpt lat="39.740085" lon="2.908969"/>
    <trkpt lat="39.740177" lon="2.908948"/>
    <trkpt lat="39.740680" lon="2.908871"/>
    <trkpt lat="39.741257" lon="2.908794"/>
    <trkpt lat="39.741462" lon="2.908748"/>
    <trkpt lat="39.741504" lon="2.908738"/>
    <trkpt lat="39.741961" lon="2.908583"/>
    <trkpt lat="39.742477" lon="2.908364"/>
    <trkpt lat="39.742600" lon="2.908313"/>
    <trkpt lat="39.743079" lon="2.908111"/>
    <trkpt lat="39.743273" lon="2.908011"/>
    <trkpt lat="39.743439" lon="2.907905"/>
    <trkpt lat="39.743632" lon="2.907748"/>
    <trkpt lat="39.743847" lon="2.907542"/>
    <trkpt lat="39.744690" lon="2.906574"/>
    <trkpt lat="39.744791" lon="2.906436"/>
    <trkpt lat="39.745790" lon="2.904829"/>
    <trkpt lat="39.745996" lon="2.904585"/>
    <trkpt lat="39.746147" lon="2.904457"/>
    <trkpt lat="39.746476" lon="2.904258"/>
    <trkpt lat="39.746913" lon="2.904068"/>
    <trkpt lat="39.748037" lon="2.903595"/>
    <trkpt lat="39.749628" lon="2.902936"/>
    <trkpt lat="39.749767" lon="2.902872"/>
    <trkpt lat="39.750087" lon="2.902726"/>
    <trkpt lat="39.750301" lon="2.902640"/>
    <trkpt lat="39.750735" lon="2.902504"/>
    <trkpt lat="39.750876" lon="2.902456"/>
    <trkpt lat="39.751098" lon="2.902379"/>
    <trkpt lat="39.751846" lon="2.902119"/>
    <trkpt lat="39.751974" lon="2.902130"/>
    <trkpt lat="39.752080" lon="2.902157"/>
    <trkpt lat="39.752202" lon="2.902221"/>
    <trkpt lat="39.752428" lon="2.902361"/>
    <trkpt lat="39.752482" lon="2.902394"/>
    <trkpt lat="39.754696" lon="2.903746"/>
    <trkpt lat="39.755060" lon="2.903972"/>
    <trkpt lat="39.755530" lon="2.904269"/>
    <trkpt lat="39.755762" lon="2.904405"/>
    <trkpt lat="39.755829" lon="2.904434"/>
    <trkpt lat="39.755913" lon="2.904455"/>
    <trkpt lat="39.755961" lon="2.904454"/>
    <trkpt lat="39.756003" lon="2.904440"/>
    <trkpt lat="39.756030" lon="2.904421"/>
    <trkpt lat="39.756065" lon="2.904388"/>
    <trkpt lat="39.756120" lon="2.904221"/>
    <trkpt lat="39.756148" lon="2.904152"/>
    <trkpt lat="39.756211" lon="2.903988"/>
    <trkpt lat="39.756242" lon="2.903929"/>
    <trkpt lat="39.756403" lon="2.903714"/>
    <trkpt lat="39.756425" lon="2.903690"/>
    <trkpt lat="39.756483" lon="2.903636"/>
    <trkpt lat="39.756638" lon="2.903515"/>
    <trkpt lat="39.756735" lon="2.903425"/>
    <trkpt lat="39.757013" lon="2.903120"/>
    <trkpt lat="39.756904" lon="2.902909"/>
    <trkpt lat="39.756867" lon="2.902771"/>
    <trkpt lat="39.756863" lon="2.902638"/>
    <trkpt lat="39.756860" lon="2.902425"/>
    <trkpt lat="39.756894" lon="2.902216"/>
    <trkpt lat="39.756963" lon="2.901906"/>
    <trkpt lat="39.757063" lon="2.901620"/>
    <trkpt lat="39.757124" lon="2.901436"/>
    <trkpt lat="39.757149" lon="2.901249"/>
    <trkpt lat="39.757164" lon="2.900858"/>
    <trkpt lat="39.757133" lon="2.900535"/>
    <trkpt lat="39.757030" lon="2.900053"/>
    <trkpt lat="39.756968" lon="2.899969"/>
    <trkpt lat="39.756915" lon="2.899983"/>
    <trkpt lat="39.756736" lon="2.900073"/>
    <trkpt lat="39.756430" lon="2.900282"/>
    <trkpt lat="39.756288" lon="2.900363"/>
    <trkpt lat="39.755778" lon="2.900636"/>
    <trkpt lat="39.755565" lon="2.900179"/>
    <trkpt lat="39.755429" lon="2.899892"/>
    <trkpt lat="39.754937" lon="2.900282"/>
    <trkpt lat="39.754994" lon="2.900472"/>
    <trkpt lat="39.755025" lon="2.900589"/>
    <trkpt lat="39.754994" lon="2.900472"/>
    <trkpt lat="39.754937" lon="2.900282"/>
    <trkpt lat="39.755429" lon="2.899892"/>
    <trkpt lat="39.755571" lon="2.899780"/>
    <trkpt lat="39.755930" lon="2.899495"/>
    <trkpt lat="39.756430" lon="2.900282"/>
    <trkpt lat="39.756736" lon="2.900073"/>
    <trkpt lat="39.756915" lon="2.899983"/>
    <trkpt lat="39.756968" lon="2.899969"/>
    <trkpt lat="39.757078" lon="2.899981"/>
    <trkpt lat="39.757800" lon="2.900378"/>
    <trkpt lat="39.758282" lon="2.900642"/>
    <trkpt lat="39.758359" lon="2.900715"/>
    <trkpt lat="39.758432" lon="2.900799"/>
    <trkpt lat="39.758524" lon="2.900974"/>
    <trkpt lat="39.758527" lon="2.900998"/>
    <trkpt lat="39.758536" lon="2.901019"/>
    <trkpt lat="39.758550" lon="2.901035"/>
    <trkpt lat="39.758567" lon="2.901045"/>
    <trkpt lat="39.758585" lon="2.901046"/>
    <trkpt lat="39.758608" lon="2.901128"/>
    <trkpt lat="39.758682" lon="2.901270"/>
    <trkpt lat="39.758742" lon="2.901337"/>
    <trkpt lat="39.758737" lon="2.901378"/>
    <trkpt lat="39.758762" lon="2.901443"/>
    <trkpt lat="39.758788" lon="2.901539"/>
    <trkpt lat="39.759039" lon="2.901425"/>
    <trkpt lat="39.759563" lon="2.901214"/>
    <trkpt lat="39.759704" lon="2.901156"/>
    <trkpt lat="39.759736" lon="2.901144"/>
    <trkpt lat="39.759834" lon="2.901104"/>
    <trkpt lat="39.759948" lon="2.901045"/>
    <trkpt lat="39.760020" lon="2.901046"/>
    <trkpt lat="39.760114" lon="2.901128"/>
    <trkpt lat="39.760194" lon="2.901253"/>
    <trkpt lat="39.760258" lon="2.901363"/>
    <trkpt lat="39.760290" lon="2.901418"/>
    <trkpt lat="39.760328" lon="2.901672"/>
    <trkpt lat="39.760335" lon="2.901915"/>
    <trkpt lat="39.760257" lon="2.902492"/>
    <trkpt lat="39.760253" lon="2.902932"/>
    <trkpt lat="39.760249" lon="2.903049"/>
    <trkpt lat="39.760231" lon="2.903153"/>
    <trkpt lat="39.760180" lon="2.903354"/>
    <trkpt lat="39.760169" lon="2.903424"/>
    <trkpt lat="39.760173" lon="2.903479"/>
    <trkpt lat="39.760186" lon="2.903547"/>
    <trkpt lat="39.760208" lon="2.903599"/>
    <trkpt lat="39.760245" lon="2.903651"/>
    <trkpt lat="39.760282" lon="2.903689"/>
    <trkpt lat="39.760334" lon="2.903714"/>
    <trkpt lat="39.760382" lon="2.903728"/>
    <trkpt lat="39.760453" lon="2.903716"/>
    <trkpt lat="39.760516" lon="2.903678"/>
    <trkpt lat="39.760651" lon="2.903543"/>
    <trkpt lat="39.760738" lon="2.903411"/>
    <trkpt lat="39.760778" lon="2.903319"/>
    <trkpt lat="39.760810" lon="2.903210"/>
    <trkpt lat="39.760846" lon="2.903019"/>
    <trkpt lat="39.760901" lon="2.902676"/>
    <trkpt lat="39.760952" lon="2.902500"/>
    <trkpt lat="39.760990" lon="2.902413"/>
    <trkpt lat="39.761036" lon="2.902330"/>
    <trkpt lat="39.761118" lon="2.902234"/>
    <trkpt lat="39.761215" lon="2.902155"/>
    <trkpt lat="39.761271" lon="2.902121"/>
    <trkpt lat="39.761333" lon="2.902094"/>
    <trkpt lat="39.761405" lon="2.902078"/>
    <trkpt lat="39.761475" lon="2.902073"/>
    <trkpt lat="39.762040" lon="2.902080"/>
    <trkpt lat="39.762552" lon="2.902092"/>
    <trkpt lat="39.763588" lon="2.902118"/>
    <trkpt lat="39.764468" lon="2.902131"/>
    <trkpt lat="39.765077" lon="2.902157"/>
    <trkpt lat="39.765110" lon="2.902158"/>
    <trkpt lat="39.766216" lon="2.902190"/>
    <trkpt lat="39.766828" lon="2.902207"/>
    <trkpt lat="39.767976" lon="2.902245"/>
    <trkpt lat="39.768320" lon="2.902253"/>
    <trkpt lat="39.768633" lon="2.902264"/>
    <trkpt lat="39.768737" lon="2.902269"/>
    <trkpt lat="39.768850" lon="2.902274"/>
    <trkpt lat="39.768907" lon="2.902269"/>
    <trkpt lat="39.769031" lon="2.902243"/>
    <trkpt lat="39.769151" lon="2.902220"/>
    <trkpt lat="39.769369" lon="2.902171"/>
    <trkpt lat="39.769543" lon="2.902135"/>
    <trkpt lat="39.769693" lon="2.902100"/>
    <trkpt lat="39.769756" lon="2.902094"/>
    <trkpt lat="39.769816" lon="2.902105"/>
    <trkpt lat="39.770154" lon="2.902236"/>
    <trkpt lat="39.770812" lon="2.901862"/>
    <trkpt lat="39.771072" lon="2.901723"/>
    <trkpt lat="39.771091" lon="2.901712"/>
    <trkpt lat="39.771326" lon="2.901524"/>
    <trkpt lat="39.771376" lon="2.901478"/>
    <trkpt lat="39.771420" lon="2.901437"/>
    <trkpt lat="39.771584" lon="2.901214"/>
    <trkpt lat="39.771652" lon="2.901109"/>
    <trkpt lat="39.771891" lon="2.900643"/>
    <trkpt lat="39.771898" lon="2.900629"/>
    <trkpt lat="39.771965" lon="2.900456"/>
    <trkpt lat="39.772030" lon="2.900288"/>
    <trkpt lat="39.772065" lon="2.900199"/>
    <trkpt lat="39.772226" lon="2.899782"/>
    <trkpt lat="39.772270" lon="2.899648"/>
    <trkpt lat="39.772427" lon="2.899165"/>
    <trkpt lat="39.772435" lon="2.899141"/>
    <trkpt lat="39.772490" lon="2.899023"/>
    <trkpt lat="39.772523" lon="2.898986"/>
    <trkpt lat="39.772543" lon="2.898964"/>
    <trkpt lat="39.772746" lon="2.898745"/>
    <trkpt lat="39.772886" lon="2.898612"/>
    <trkpt lat="39.772940" lon="2.898561"/>
    <trkpt lat="39.773082" lon="2.898439"/>
    <trkpt lat="39.773185" lon="2.898359"/>
    <trkpt lat="39.773693" lon="2.898071"/>
    <trkpt lat="39.774028" lon="2.897957"/>
    <trkpt lat="39.774224" lon="2.897932"/>
    <trkpt lat="39.774470" lon="2.897946"/>
    <trkpt lat="39.774849" lon="2.898006"/>
    <trkpt lat="39.775080" lon="2.898078"/>
    <trkpt lat="39.775174" lon="2.898084"/>
    <trkpt lat="39.775302" lon="2.898071"/>
    <trkpt lat="39.775508" lon="2.898035"/>
    <trkpt lat="39.775608" lon="2.897998"/>
    <trkpt lat="39.775683" lon="2.897945"/>
    <trkpt lat="39.775940" lon="2.897707"/>
    <trkpt lat="39.775987" lon="2.897704"/>
    <trkpt lat="39.776018" lon="2.897721"/>
    <trkpt lat="39.776047" lon="2.897750"/>
    <trkpt lat="39.776062" lon="2.897793"/>
    <trkpt lat="39.776058" lon="2.897847"/>
    <trkpt lat="39.776032" lon="2.897898"/>
    <trkpt lat="39.775853" lon="2.898007"/>
    <trkpt lat="39.775494" lon="2.898165"/>
    <trkpt lat="39.775446" lon="2.898186"/>
    <trkpt lat="39.775139" lon="2.898257"/>
    <trkpt lat="39.775049" lon="2.898278"/>
    <trkpt lat="39.775003" lon="2.898309"/>
    <trkpt lat="39.774984" lon="2.898362"/>
    <trkpt lat="39.774993" lon="2.898390"/>
    <trkpt lat="39.775000" lon="2.898415"/>
    <trkpt lat="39.775023" lon="2.898442"/>
    <trkpt lat="39.775067" lon="2.898455"/>
    <trkpt lat="39.775126" lon="2.898458"/>
    <trkpt lat="39.775231" lon="2.898444"/>
    <trkpt lat="39.775377" lon="2.898356"/>
    <trkpt lat="39.775488" lon="2.898331"/>
    <trkpt lat="39.775568" lon="2.898322"/>
    <trkpt lat="39.775662" lon="2.898311"/>
    <trkpt lat="39.775758" lon="2.898277"/>
    <trkpt lat="39.775862" lon="2.898213"/>
    <trkpt lat="39.776065" lon="2.898069"/>
    <trkpt lat="39.776309" lon="2.897951"/>
    <trkpt lat="39.776447" lon="2.897925"/>
    <trkpt lat="39.776583" lon="2.897930"/>
    <trkpt lat="39.776737" lon="2.897949"/>
    <trkpt lat="39.777009" lon="2.898041"/>
    <trkpt lat="39.777400" lon="2.898230"/>
    <trkpt lat="39.777563" lon="2.898314"/>
    <trkpt lat="39.777632" lon="2.898313"/>
    <trkpt lat="39.777697" lon="2.898294"/>
    <trkpt lat="39.778326" lon="2.898152"/>
    <trkpt lat="39.778427" lon="2.898116"/>
    <trkpt lat="39.778487" lon="2.898111"/>
    <trkpt lat="39.778533" lon="2.898138"/>
    <trkpt lat="39.778549" lon="2.898198"/>
    <trkpt lat="39.778542" lon="2.898252"/>
    <trkpt lat="39.778502" lon="2.898319"/>
    <trkpt lat="39.778440" lon="2.898352"/>
    <trkpt lat="39.778259" lon="2.898396"/>
    <trkpt lat="39.777782" lon="2.898553"/>
    <trkpt lat="39.777654" lon="2.898568"/>
    <trkpt lat="39.777530" lon="2.898566"/>
    <trkpt lat="39.777273" lon="2.898508"/>
    <trkpt lat="39.777030" lon="2.898405"/>
    <trkpt lat="39.776956" lon="2.898382"/>
    <trkpt lat="39.776892" lon="2.898371"/>
    <trkpt lat="39.776847" lon="2.898390"/>
    <trkpt lat="39.776816" lon="2.898433"/>
    <trkpt lat="39.776816" lon="2.898488"/>
    <trkpt lat="39.776837" lon="2.898541"/>
    <trkpt lat="39.776889" lon="2.898584"/>
    <trkpt lat="39.777131" lon="2.898683"/>
    <trkpt lat="39.777370" lon="2.898781"/>
    <trkpt lat="39.777503" lon="2.898816"/>
    <trkpt lat="39.777675" lon="2.898828"/>
    <trkpt lat="39.778096" lon="2.898800"/>
    <trkpt lat="39.778188" lon="2.898783"/>
    <trkpt lat="39.778276" lon="2.898751"/>
    <trkpt lat="39.778442" lon="2.898669"/>
    <trkpt lat="39.778837" lon="2.898442"/>
    <trkpt lat="39.778940" lon="2.898420"/>
    <trkpt lat="39.779313" lon="2.898342"/>
    <trkpt lat="39.779461" lon="2.898300"/>
    <trkpt lat="39.779978" lon="2.897987"/>
    <trkpt lat="39.780350" lon="2.897791"/>
    <trkpt lat="39.780440" lon="2.897732"/>
    <trkpt lat="39.780497" lon="2.897666"/>
    <trkpt lat="39.780687" lon="2.897419"/>
    <trkpt lat="39.781157" lon="2.896808"/>
    <trkpt lat="39.781223" lon="2.896769"/>
    <trkpt lat="39.781333" lon="2.896752"/>
    <trkpt lat="39.781550" lon="2.896731"/>
    <trkpt lat="39.781677" lon="2.896715"/>
    <trkpt lat="39.781775" lon="2.896692"/>
    <trkpt lat="39.781831" lon="2.896651"/>
    <trkpt lat="39.782069" lon="2.896416"/>
    <trkpt lat="39.782179" lon="2.896321"/>
    <trkpt lat="39.782440" lon="2.896162"/>
    <trkpt lat="39.782608" lon="2.896047"/>
    <trkpt lat="39.782779" lon="2.895963"/>
    <trkpt lat="39.782872" lon="2.895948"/>
    <trkpt lat="39.782956" lon="2.895970"/>
    <trkpt lat="39.783053" lon="2.896017"/>
    <trkpt lat="39.783217" lon="2.896118"/>
    <trkpt lat="39.783380" lon="2.896202"/>
    <trkpt lat="39.783455" lon="2.896221"/>
    <trkpt lat="39.783524" lon="2.896210"/>
    <trkpt lat="39.783611" lon="2.896169"/>
    <trkpt lat="39.783738" lon="2.896123"/>
    <trkpt lat="39.783931" lon="2.896023"/>
    <trkpt lat="39.784063" lon="2.895970"/>
    <trkpt lat="39.784183" lon="2.895968"/>
    <trkpt lat="39.784317" lon="2.895971"/>
    <trkpt lat="39.784421" lon="2.895973"/>
    <trkpt lat="39.784504" lon="2.895963"/>
    <trkpt lat="39.784599" lon="2.895947"/>
    <trkpt lat="39.784681" lon="2.895901"/>
    <trkpt lat="39.784776" lon="2.895817"/>
    <trkpt lat="39.785382" lon="2.895268"/>
    <trkpt lat="39.785815" lon="2.894875"/>
    <trkpt lat="39.785912" lon="2.894755"/>
    <trkpt lat="39.785972" lon="2.894649"/>
    <trkpt lat="39.786414" lon="2.893706"/>
    <trkpt lat="39.786484" lon="2.893603"/>
    <trkpt lat="39.786566" lon="2.893532"/>
    <trkpt lat="39.786749" lon="2.893404"/>
    <trkpt lat="39.786942" lon="2.893291"/>
    <trkpt lat="39.787034" lon="2.893211"/>
    <trkpt lat="39.787062" lon="2.893159"/>
    <trkpt lat="39.787074" lon="2.893095"/>
    <trkpt lat="39.787066" lon="2.892977"/>
    <trkpt lat="39.786957" lon="2.892504"/>
    <trkpt lat="39.786937" lon="2.892317"/>
    <trkpt lat="39.786941" lon="2.892235"/>
    <trkpt lat="39.786956" lon="2.892166"/>
    <trkpt lat="39.787047" lon="2.891966"/>
    <trkpt lat="39.787271" lon="2.891545"/>
    <trkpt lat="39.787340" lon="2.891500"/>
    <trkpt lat="39.787422" lon="2.891484"/>
    <trkpt lat="39.787480" lon="2.891507"/>
    <trkpt lat="39.787945" lon="2.891954"/>
    <trkpt lat="39.788073" lon="2.892040"/>
    <trkpt lat="39.788149" lon="2.892046"/>
    <trkpt lat="39.788242" lon="2.892022"/>
    <trkpt lat="39.788711" lon="2.891739"/>
    <trkpt lat="39.788876" lon="2.891599"/>
    <trkpt lat="39.788957" lon="2.891493"/>
    <trkpt lat="39.789133" lon="2.891110"/>
    <trkpt lat="39.789207" lon="2.891024"/>
    <trkpt lat="39.789276" lon="2.890980"/>
    <trkpt lat="39.789357" lon="2.890953"/>
    <trkpt lat="39.789749" lon="2.890865"/>
    <trkpt lat="39.789840" lon="2.890830"/>
    <trkpt lat="39.789894" lon="2.890781"/>
    <trkpt lat="39.789933" lon="2.890686"/>
    <trkpt lat="39.789985" lon="2.890426"/>
    <trkpt lat="39.790032" lon="2.890226"/>
    <trkpt lat="39.790050" lon="2.890186"/>
    <trkpt lat="39.790077" lon="2.890171"/>
    <trkpt lat="39.790091" lon="2.890173"/>
    <trkpt lat="39.790113" lon="2.890176"/>
    <trkpt lat="39.790142" lon="2.890194"/>
    <trkpt lat="39.790209" lon="2.890331"/>
    <trkpt lat="39.790279" lon="2.890492"/>
    <trkpt lat="39.790349" lon="2.890552"/>
    <trkpt lat="39.790712" lon="2.890713"/>
    <trkpt lat="39.790942" lon="2.890815"/>
    <trkpt lat="39.791025" lon="2.890889"/>
    <trkpt lat="39.791036" lon="2.890937"/>
    <trkpt lat="39.791035" lon="2.890957"/>
    <trkpt lat="39.791032" lon="2.890993"/>
    <trkpt lat="39.790986" lon="2.891060"/>
    <trkpt lat="39.790878" lon="2.891123"/>
    <trkpt lat="39.790654" lon="2.891227"/>
    <trkpt lat="39.790421" lon="2.891334"/>
    <trkpt lat="39.790156" lon="2.891455"/>
    <trkpt lat="39.789973" lon="2.891572"/>
    <trkpt lat="39.789910" lon="2.891625"/>
    <trkpt lat="39.789881" lon="2.891737"/>
    <trkpt lat="39.789813" lon="2.892256"/>
    <trkpt lat="39.789782" lon="2.892402"/>
    <trkpt lat="39.789711" lon="2.892556"/>
    <trkpt lat="39.789546" lon="2.892767"/>
    <trkpt lat="39.789122" lon="2.893223"/>
    <trkpt lat="39.788979" lon="2.893383"/>
    <trkpt lat="39.788893" lon="2.893458"/>
    <trkpt lat="39.788786" lon="2.893522"/>
    <trkpt lat="39.788755" lon="2.893588"/>
    <trkpt lat="39.788755" lon="2.893618"/>
    <trkpt lat="39.788754" lon="2.893670"/>
    <trkpt lat="39.788799" lon="2.893695"/>
    <trkpt lat="39.788870" lon="2.893693"/>
    <trkpt lat="39.789145" lon="2.893650"/>
    <trkpt lat="39.789388" lon="2.893634"/>
    <trkpt lat="39.789513" lon="2.893610"/>
    <trkpt lat="39.789733" lon="2.893539"/>
    <trkpt lat="39.789799" lon="2.893554"/>
    <trkpt lat="39.789829" lon="2.893624"/>
    <trkpt lat="39.789811" lon="2.893699"/>
    <trkpt lat="39.789754" lon="2.893756"/>
    <trkpt lat="39.789546" lon="2.893852"/>
    <trkpt lat="39.789321" lon="2.893987"/>
    <trkpt lat="39.789137" lon="2.894062"/>
    <trkpt lat="39.789078" lon="2.894107"/>
    <trkpt lat="39.789053" lon="2.894162"/>
    <trkpt lat="39.789055" lon="2.894211"/>
    <trkpt lat="39.789069" lon="2.894277"/>
    <trkpt lat="39.789118" lon="2.894307"/>
    <trkpt lat="39.789197" lon="2.894302"/>
    <trkpt lat="39.789403" lon="2.894222"/>
    <trkpt lat="39.789514" lon="2.894205"/>
    <trkpt lat="39.789643" lon="2.894187"/>
    <trkpt lat="39.789718" lon="2.894176"/>
    <trkpt lat="39.789801" lon="2.894132"/>
    <trkpt lat="39.789868" lon="2.894051"/>
    <trkpt lat="39.789966" lon="2.893909"/>
    <trkpt lat="39.790015" lon="2.893880"/>
    <trkpt lat="39.790058" lon="2.893897"/>
    <trkpt lat="39.790383" lon="2.894151"/>
    <trkpt lat="39.790820" lon="2.894415"/>
    <trkpt lat="39.791127" lon="2.894576"/>
    <trkpt lat="39.791173" lon="2.894587"/>
    <trkpt lat="39.791253" lon="2.894572"/>
    <trkpt lat="39.791879" lon="2.894324"/>
    <trkpt lat="39.792017" lon="2.894304"/>
    <trkpt lat="39.792150" lon="2.894311"/>
    <trkpt lat="39.792368" lon="2.894375"/>
    <trkpt lat="39.793016" lon="2.894703"/>
    <trkpt lat="39.793154" lon="2.894747"/>
    <trkpt lat="39.793979" lon="2.894958"/>
    <trkpt lat="39.794136" lon="2.894988"/>
    <trkpt lat="39.794267" lon="2.895064"/>
    <trkpt lat="39.794412" lon="2.895192"/>
    <trkpt lat="39.794894" lon="2.895726"/>
    <trkpt lat="39.795290" lon="2.896126"/>
    <trkpt lat="39.795364" lon="2.896174"/>
    <trkpt lat="39.795535" lon="2.896240"/>
    <trkpt lat="39.796184" lon="2.896502"/>
    <trkpt lat="39.796414" lon="2.896590"/>
    <trkpt lat="39.796536" lon="2.896599"/>
    <trkpt lat="39.796643" lon="2.896586"/>
    <trkpt lat="39.796755" lon="2.896539"/>
    <trkpt lat="39.796882" lon="2.896486"/>
    <trkpt lat="39.797007" lon="2.896465"/>
    <trkpt lat="39.797069" lon="2.896480"/>
    <trkpt lat="39.797157" lon="2.896504"/>
    <trkpt lat="39.797264" lon="2.896575"/>
    <trkpt lat="39.797403" lon="2.896744"/>
    <trkpt lat="39.797670" lon="2.897083"/>
    <trkpt lat="39.798121" lon="2.897683"/>
    <trkpt lat="39.798264" lon="2.897838"/>
    <trkpt lat="39.798359" lon="2.897919"/>
    <trkpt lat="39.798549" lon="2.898016"/>
    <trkpt lat="39.798641" lon="2.898031"/>
    <trkpt lat="39.798784" lon="2.898028"/>
    <trkpt lat="39.799135" lon="2.897843"/>
    <trkpt lat="39.799569" lon="2.897620"/>
    <trkpt lat="39.800095" lon="2.897350"/>
    <trkpt lat="39.800272" lon="2.897277"/>
    <trkpt lat="39.800469" lon="2.897225"/>
    <trkpt lat="39.800658" lon="2.897202"/>
    <trkpt lat="39.800974" lon="2.897215"/>
    <trkpt lat="39.801235" lon="2.897294"/>
    <trkpt lat="39.801437" lon="2.897390"/>
    <trkpt lat="39.801693" lon="2.897564"/>
    <trkpt lat="39.801915" lon="2.897782"/>
    <trkpt lat="39.802014" lon="2.897911"/>
    <trkpt lat="39.802449" lon="2.898891"/>
    <trkpt lat="39.802845" lon="2.899825"/>
    <trkpt lat="39.802947" lon="2.900028"/>
    <trkpt lat="39.802992" lon="2.900078"/>
    <trkpt lat="39.803080" lon="2.900095"/>
    <trkpt lat="39.803270" lon="2.900071"/>
    <trkpt lat="39.803564" lon="2.900024"/>
    <trkpt lat="39.803653" lon="2.900002"/>
    <trkpt lat="39.803724" lon="2.899969"/>
    <trkpt lat="39.803800" lon="2.899914"/>
    <trkpt lat="39.803872" lon="2.899815"/>
    <trkpt lat="39.804023" lon="2.899491"/>
    <trkpt lat="39.804234" lon="2.899099"/>
    <trkpt lat="39.804375" lon="2.898874"/>
    <trkpt lat="39.804631" lon="2.898635"/>
    <trkpt lat="39.804799" lon="2.898514"/>
    <trkpt lat="39.804856" lon="2.898499"/>
    <trkpt lat="39.804905" lon="2.898522"/>
    <trkpt lat="39.805026" lon="2.898621"/>
    <trkpt lat="39.805190" lon="2.898766"/>
    <trkpt lat="39.805280" lon="2.898801"/>
    <trkpt lat="39.805415" lon="2.898812"/>
    <trkpt lat="39.805675" lon="2.898817"/>
    <trkpt lat="39.805787" lon="2.898799"/>
    <trkpt lat="39.805888" lon="2.898767"/>
    <trkpt lat="39.806109" lon="2.898660"/>
    <trkpt lat="39.806369" lon="2.898545"/>
    <trkpt lat="39.806541" lon="2.898497"/>
    <trkpt lat="39.806711" lon="2.898449"/>
    <trkpt lat="39.806764" lon="2.898429"/>
    <trkpt lat="39.806964" lon="2.898352"/>
    <trkpt lat="39.807152" lon="2.898269"/>
    <trkpt lat="39.807219" lon="2.898241"/>
    <trkpt lat="39.807251" lon="2.898190"/>
    <trkpt lat="39.807252" lon="2.898110"/>
    <trkpt lat="39.807231" lon="2.898086"/>
    <trkpt lat="39.807188" lon="2.898039"/>
    <trkpt lat="39.807139" lon="2.898018"/>
    <trkpt lat="39.807081" lon="2.898022"/>
    <trkpt lat="39.806564" lon="2.898218"/>
    <trkpt lat="39.806151" lon="2.898375"/>
    <trkpt lat="39.806108" lon="2.898383"/>
    <trkpt lat="39.806067" lon="2.898374"/>
    <trkpt lat="39.806044" lon="2.898339"/>
    <trkpt lat="39.806041" lon="2.898290"/>
    <trkpt lat="39.806068" lon="2.898242"/>
    <trkpt lat="39.806115" lon="2.898208"/>
    <trkpt lat="39.806517" lon="2.898011"/>
    <trkpt lat="39.806586" lon="2.897971"/>
    <trkpt lat="39.806907" lon="2.897785"/>
    <trkpt lat="39.807049" lon="2.897753"/>
    <trkpt lat="39.807231" lon="2.897753"/>
    <trkpt lat="39.807409" lon="2.897776"/>
    <trkpt lat="39.807543" lon="2.897797"/>
    <trkpt lat="39.807621" lon="2.897784"/>
    <trkpt lat="39.807674" lon="2.897726"/>
    <trkpt lat="39.807665" lon="2.897680"/>
    <trkpt lat="39.807654" lon="2.897628"/>
    <trkpt lat="39.807594" lon="2.897580"/>
    <trkpt lat="39.807482" lon="2.897583"/>
    <trkpt lat="39.807191" lon="2.897622"/>
    <trkpt lat="39.807001" lon="2.897653"/>
    <trkpt lat="39.806950" lon="2.897661"/>
    <trkpt lat="39.806835" lon="2.897681"/>
    <trkpt lat="39.806774" lon="2.897646"/>
    <trkpt lat="39.806755" lon="2.897613"/>
    <trkpt lat="39.806753" lon="2.897568"/>
    <trkpt lat="39.806795" lon="2.897511"/>
    <trkpt lat="39.807012" lon="2.897368"/>
    <trkpt lat="39.807368" lon="2.897134"/>
    <trkpt lat="39.807425" lon="2.897097"/>
    <trkpt lat="39.807538" lon="2.897042"/>
    <trkpt lat="39.807634" lon="2.897035"/>
    <trkpt lat="39.807880" lon="2.897034"/>
    <trkpt lat="39.808025" lon="2.897028"/>
    <trkpt lat="39.808120" lon="2.896984"/>
    <trkpt lat="39.808185" lon="2.896894"/>
    <trkpt lat="39.808258" lon="2.896769"/>
    <trkpt lat="39.808257" lon="2.896738"/>
    <trkpt lat="39.808256" lon="2.896692"/>
    <trkpt lat="39.808207" lon="2.896632"/>
    <trkpt lat="39.808134" lon="2.896621"/>
    <trkpt lat="39.807992" lon="2.896661"/>
    <trkpt lat="39.807744" lon="2.896735"/>
    <trkpt lat="39.807517" lon="2.896834"/>
    <trkpt lat="39.807342" lon="2.896910"/>
    <trkpt lat="39.807305" lon="2.896923"/>
    <trkpt lat="39.807266" lon="2.896919"/>
    <trkpt lat="39.807218" lon="2.896870"/>
    <trkpt lat="39.807213" lon="2.896812"/>
    <trkpt lat="39.807240" lon="2.896765"/>
    <trkpt lat="39.807441" lon="2.896639"/>
    <trkpt lat="39.807570" lon="2.896561"/>
    <trkpt lat="39.807627" lon="2.896502"/>
    <trkpt lat="39.807674" lon="2.896427"/>
    <trkpt lat="39.807782" lon="2.896302"/>
    <trkpt lat="39.807851" lon="2.896246"/>
    <trkpt lat="39.807923" lon="2.896210"/>
    <trkpt lat="39.807957" lon="2.896195"/>
    <trkpt lat="39.808088" lon="2.896138"/>
    <trkpt lat="39.808273" lon="2.896077"/>
    <trkpt lat="39.808386" lon="2.896025"/>
    <trkpt lat="39.808436" lon="2.895996"/>
    <trkpt lat="39.808480" lon="2.895952"/>
    <trkpt lat="39.808572" lon="2.895831"/>
    <trkpt lat="39.808898" lon="2.895383"/>
    <trkpt lat="39.809055" lon="2.895195"/>
    <trkpt lat="39.809146" lon="2.895136"/>
    <trkpt lat="39.809207" lon="2.895109"/>
    <trkpt lat="39.809269" lon="2.895095"/>
    <trkpt lat="39.809343" lon="2.895103"/>
    <trkpt lat="39.809613" lon="2.895143"/>
    <trkpt lat="39.809716" lon="2.895151"/>
    <trkpt lat="39.809813" lon="2.895124"/>
    <trkpt lat="39.809915" lon="2.895062"/>
    <trkpt lat="39.809990" lon="2.894985"/>
    <trkpt lat="39.810221" lon="2.894518"/>
    <trkpt lat="39.810597" lon="2.893655"/>
    <trkpt lat="39.810922" lon="2.892914"/>
    <trkpt lat="39.810970" lon="2.892773"/>
    <trkpt lat="39.811010" lon="2.892608"/>
    <trkpt lat="39.811047" lon="2.892129"/>
    <trkpt lat="39.811088" lon="2.891528"/>
    <trkpt lat="39.811136" lon="2.891239"/>
    <trkpt lat="39.811210" lon="2.890976"/>
    <trkpt lat="39.811268" lon="2.890812"/>
    <trkpt lat="39.811299" lon="2.890729"/>
    <trkpt lat="39.811314" lon="2.890640"/>
    <trkpt lat="39.811316" lon="2.890536"/>
    <trkpt lat="39.811299" lon="2.890424"/>
    <trkpt lat="39.811214" lon="2.890181"/>
    <trkpt lat="39.811099" lon="2.889863"/>
    <trkpt lat="39.811071" lon="2.889753"/>
    <trkpt lat="39.811079" lon="2.889703"/>
    <trkpt lat="39.811107" lon="2.889653"/>
    <trkpt lat="39.811154" lon="2.889631"/>
    <trkpt lat="39.811357" lon="2.889618"/>
    <trkpt lat="39.811518" lon="2.889645"/>
    <trkpt lat="39.811561" lon="2.889669"/>
    <trkpt lat="39.811597" lon="2.889698"/>
    <trkpt lat="39.811700" lon="2.889787"/>
    <trkpt lat="39.811757" lon="2.889819"/>
    <trkpt lat="39.811825" lon="2.889818"/>
    <trkpt lat="39.811930" lon="2.889811"/>
    <trkpt lat="39.812233" lon="2.889744"/>
    <trkpt lat="39.812291" lon="2.889732"/>
    <trkpt lat="39.812465" lon="2.889688"/>
    <trkpt lat="39.812665" lon="2.889635"/>
    <trkpt lat="39.812701" lon="2.889625"/>
    <trkpt lat="39.813076" lon="2.889550"/>
    <trkpt lat="39.813195" lon="2.889519"/>
    <trkpt lat="39.813337" lon="2.889467"/>
    <trkpt lat="39.813395" lon="2.889578"/>
    <trkpt lat="39.813468" lon="2.889713"/>
    <trkpt lat="39.813778" lon="2.890171"/>
    <trkpt lat="39.813883" lon="2.890319"/>
    <trkpt lat="39.814159" lon="2.890549"/>
    <trkpt lat="39.814412" lon="2.890761"/>
    <trkpt lat="39.814468" lon="2.890873"/>
    <trkpt lat="39.814522" lon="2.891028"/>
    <trkpt lat="39.814622" lon="2.891630"/>
    <trkpt lat="39.814667" lon="2.891798"/>
    <trkpt lat="39.814733" lon="2.891941"/>
    <trkpt lat="39.814867" lon="2.892226"/>
    <trkpt lat="39.815029" lon="2.892561"/>
    <trkpt lat="39.815153" lon="2.892872"/>
    <trkpt lat="39.815224" lon="2.893260"/>
    <trkpt lat="39.815295" lon="2.893771"/>
    <trkpt lat="39.815385" lon="2.894346"/>
    <trkpt lat="39.815453" lon="2.894761"/>
    <trkpt lat="39.815536" lon="2.895397"/>
    <trkpt lat="39.815580" lon="2.895659"/>
    <trkpt lat="39.815650" lon="2.896028"/>
    <trkpt lat="39.815724" lon="2.896211"/>
    <trkpt lat="39.815784" lon="2.896282"/>
    <trkpt lat="39.815808" lon="2.896310"/>
    <trkpt lat="39.815879" lon="2.896349"/>
    <trkpt lat="39.815977" lon="2.896380"/>
    <trkpt lat="39.816072" lon="2.896367"/>
    <trkpt lat="39.816170" lon="2.896300"/>
    <trkpt lat="39.816238" lon="2.896216"/>
    <trkpt lat="39.816304" lon="2.896067"/>
    <trkpt lat="39.816383" lon="2.895805"/>
    <trkpt lat="39.816460" lon="2.895382"/>
    <trkpt lat="39.816502" lon="2.895195"/>
    <trkpt lat="39.816687" lon="2.894260"/>
    <trkpt lat="39.816740" lon="2.894107"/>
    <trkpt lat="39.816806" lon="2.893987"/>
    <trkpt lat="39.816876" lon="2.893917"/>
    <trkpt lat="39.816912" lon="2.893892"/>
    <trkpt lat="39.817106" lon="2.893803"/>
    <trkpt lat="39.817195" lon="2.893787"/>
    <trkpt lat="39.817264" lon="2.893760"/>
    <trkpt lat="39.817296" lon="2.893729"/>
    <trkpt lat="39.817319" lon="2.893707"/>
    <trkpt lat="39.817368" lon="2.893573"/>
    <trkpt lat="39.817549" lon="2.892839"/>
    <trkpt lat="39.817581" lon="2.892704"/>
    <trkpt lat="39.817626" lon="2.892585"/>
    <trkpt lat="39.817702" lon="2.892493"/>
    <trkpt lat="39.817777" lon="2.892477"/>
    <trkpt lat="39.817865" lon="2.892489"/>
    <trkpt lat="39.818070" lon="2.892547"/>
    <trkpt lat="39.818239" lon="2.892580"/>
    <trkpt lat="39.818637" lon="2.892669"/>
    <trkpt lat="39.818858" lon="2.892674"/>
    <trkpt lat="39.819268" lon="2.892695"/>
    <trkpt lat="39.819537" lon="2.892708"/>
    <trkpt lat="39.819640" lon="2.892708"/>
    <trkpt lat="39.819715" lon="2.892694"/>
    <trkpt lat="39.819778" lon="2.892648"/>
    <trkpt lat="39.819849" lon="2.892563"/>
    <trkpt lat="39.819992" lon="2.892378"/>
    <trkpt lat="39.820051" lon="2.892329"/>
    <trkpt lat="39.820129" lon="2.892284"/>
    <trkpt lat="39.820260" lon="2.892287"/>
    <trkpt lat="39.820368" lon="2.892308"/>
    <trkpt lat="39.820565" lon="2.892354"/>
    <trkpt lat="39.820739" lon="2.892400"/>
    <trkpt lat="39.820792" lon="2.892456"/>
    <trkpt lat="39.820822" lon="2.892418"/>
    <trkpt lat="39.820847" lon="2.892379"/>
    <trkpt lat="39.820869" lon="2.892316"/>
    <trkpt lat="39.821195" lon="2.891194"/>
    <trkpt lat="39.821272" lon="2.890931"/>
    <trkpt lat="39.821362" lon="2.890621"/>
    <trkpt lat="39.821528" lon="2.890075"/>
    <trkpt lat="39.821740" lon="2.889325"/>
    <trkpt lat="39.821790" lon="2.889059"/>
    <trkpt lat="39.821916" lon="2.888198"/>
    <trkpt lat="39.821972" lon="2.887730"/>
    <trkpt lat="39.821980" lon="2.887576"/>
    <trkpt lat="39.821973" lon="2.887477"/>
    <trkpt lat="39.821814" lon="2.887071"/>
    <trkpt lat="39.821359" lon="2.886198"/>
    <trkpt lat="39.820998" lon="2.885401"/>
    <trkpt lat="39.820949" lon="2.885236"/>
    <trkpt lat="39.820967" lon="2.884980"/>
    <trkpt lat="39.821028" lon="2.884839"/>
    <trkpt lat="39.821094" lon="2.884743"/>
    <trkpt lat="39.821285" lon="2.884678"/>
    <trkpt lat="39.821297" lon="2.884707"/>
    <trkpt lat="39.821321" lon="2.884736"/>
    <trkpt lat="39.821350" lon="2.884750"/>
    <trkpt lat="39.821369" lon="2.884751"/>
    <trkpt lat="39.821392" lon="2.884745"/>
    <trkpt lat="39.821417" lon="2.884726"/>
    <trkpt lat="39.821429" lon="2.884710"/>
    <trkpt lat="39.821436" lon="2.884694"/>
    <trkpt lat="39.821446" lon="2.884648"/>
    <trkpt lat="39.821446" lon="2.884648"/>
    <trkpt lat="39.821436" lon="2.884694"/>
    <trkpt lat="39.821429" lon="2.884710"/>
    <trkpt lat="39.821417" lon="2.884726"/>
    <trkpt lat="39.821392" lon="2.884745"/>
    <trkpt lat="39.821369" lon="2.884751"/>
    <trkpt lat="39.821350" lon="2.884750"/>
    <trkpt lat="39.821321" lon="2.884736"/>
    <trkpt lat="39.821297" lon="2.884707"/>
    <trkpt lat="39.821285" lon="2.884678"/>
    <trkpt lat="39.821094" lon="2.884743"/>
    <trkpt lat="39.821028" lon="2.884839"/>
    <trkpt lat="39.820967" lon="2.884980"/>
    <trkpt lat="39.820949" lon="2.885236"/>
    <trkpt lat="39.820998" lon="2.885401"/>
    <trkpt lat="39.821359" lon="2.886198"/>
    <trkpt lat="39.821814" lon="2.887071"/>
    <trkpt lat="39.821973" lon="2.887477"/>
    <trkpt lat="39.821980" lon="2.887576"/>
    <trkpt lat="39.821972" lon="2.887730"/>
    <trkpt lat="39.821916" lon="2.888198"/>
    <trkpt lat="39.821790" lon="2.889059"/>
    <trkpt lat="39.821740" lon="2.889325"/>
    <trkpt lat="39.821528" lon="2.890075"/>
    <trkpt lat="39.821362" lon="2.890621"/>
    <trkpt lat="39.821272" lon="2.890931"/>
    <trkpt lat="39.821195" lon="2.891194"/>
    <trkpt lat="39.820869" lon="2.892316"/>
    <trkpt lat="39.820847" lon="2.892379"/>
    <trkpt lat="39.820822" lon="2.892418"/>
    <trkpt lat="39.820792" lon="2.892456"/>
    <trkpt lat="39.820739" lon="2.892400"/>
    <trkpt lat="39.820565" lon="2.892354"/>
    <trkpt lat="39.820368" lon="2.892308"/>
    <trkpt lat="39.820260" lon="2.892287"/>
    <trkpt lat="39.820129" lon="2.892284"/>
    <trkpt lat="39.820051" lon="2.892329"/>
    <trkpt lat="39.819992" lon="2.892378"/>
    <trkpt lat="39.819849" lon="2.892563"/>
    <trkpt lat="39.819778" lon="2.892648"/>
    <trkpt lat="39.819715" lon="2.892694"/>
    <trkpt lat="39.819640" lon="2.892708"/>
    <trkpt lat="39.819537" lon="2.892708"/>
    <trkpt lat="39.819268" lon="2.892695"/>
    <trkpt lat="39.818858" lon="2.892674"/>
    <trkpt lat="39.818637" lon="2.892669"/>
    <trkpt lat="39.818239" lon="2.892580"/>
    <trkpt lat="39.818070" lon="2.892547"/>
    <trkpt lat="39.817865" lon="2.892489"/>
    <trkpt lat="39.817777" lon="2.892477"/>
    <trkpt lat="39.817702" lon="2.892493"/>
    <trkpt lat="39.817626" lon="2.892585"/>
    <trkpt lat="39.817581" lon="2.892704"/>
    <trkpt lat="39.817549" lon="2.892839"/>
    <trkpt lat="39.817368" lon="2.893573"/>
    <trkpt lat="39.817319" lon="2.893707"/>
    <trkpt lat="39.817296" lon="2.893729"/>
    <trkpt lat="39.817264" lon="2.893760"/>
    <trkpt lat="39.817195" lon="2.893787"/>
    <trkpt lat="39.817106" lon="2.893803"/>
    <trkpt lat="39.816912" lon="2.893892"/>
    <trkpt lat="39.816876" lon="2.893917"/>
    <trkpt lat="39.816806" lon="2.893987"/>
    <trkpt lat="39.816740" lon="2.894107"/>
    <trkpt lat="39.816687" lon="2.894260"/>
    <trkpt lat="39.816502" lon="2.895195"/>
    <trkpt lat="39.816460" lon="2.895382"/>
    <trkpt lat="39.816383" lon="2.895805"/>
    <trkpt lat="39.816304" lon="2.896067"/>
    <trkpt lat="39.816238" lon="2.896216"/>
    <trkpt lat="39.816170" lon="2.896300"/>
    <trkpt lat="39.816072" lon="2.896367"/>
    <trkpt lat="39.815977" lon="2.896380"/>
    <trkpt lat="39.815879" lon="2.896349"/>
    <trkpt lat="39.815808" lon="2.896310"/>
    <trkpt lat="39.815784" lon="2.896282"/>
    <trkpt lat="39.815724" lon="2.896211"/>
    <trkpt lat="39.815650" lon="2.896028"/>
    <trkpt lat="39.815580" lon="2.895659"/>
    <trkpt lat="39.815536" lon="2.895397"/>
    <trkpt lat="39.815453" lon="2.894761"/>
    <trkpt lat="39.815385" lon="2.894346"/>
    <trkpt lat="39.815295" lon="2.893771"/>
    <trkpt lat="39.815224" lon="2.893260"/>
    <trkpt lat="39.815153" lon="2.892872"/>
    <trkpt lat="39.815029" lon="2.892561"/>
    <trkpt lat="39.814867" lon="2.892226"/>
    <trkpt lat="39.814733" lon="2.891941"/>
    <trkpt lat="39.814667" lon="2.891798"/>
    <trkpt lat="39.814622" lon="2.891630"/>
    <trkpt lat="39.814522" lon="2.891028"/>
    <trkpt lat="39.814468" lon="2.890873"/>
    <trkpt lat="39.814412" lon="2.890761"/>
    <trkpt lat="39.814159" lon="2.890549"/>
    <trkpt lat="39.813883" lon="2.890319"/>
    <trkpt lat="39.813778" lon="2.890171"/>
    <trkpt lat="39.813468" lon="2.889713"/>
    <trkpt lat="39.813395" lon="2.889578"/>
    <trkpt lat="39.813337" lon="2.889467"/>
    <trkpt lat="39.813511" lon="2.889369"/>
    <trkpt lat="39.813660" lon="2.889281"/>
    <trkpt lat="39.813930" lon="2.889122"/>
    <trkpt lat="39.814304" lon="2.888849"/>
    <trkpt lat="39.814753" lon="2.888508"/>
    <trkpt lat="39.814970" lon="2.888336"/>
    <trkpt lat="39.815174" lon="2.888186"/>
    <trkpt lat="39.815312" lon="2.888032"/>
    <trkpt lat="39.815376" lon="2.887943"/>
    <trkpt lat="39.815430" lon="2.887808"/>
    <trkpt lat="39.815504" lon="2.887586"/>
    <trkpt lat="39.815601" lon="2.887328"/>
    <trkpt lat="39.815786" lon="2.886973"/>
    <trkpt lat="39.815887" lon="2.886810"/>
    <trkpt lat="39.815954" lon="2.886692"/>
    <trkpt lat="39.815981" lon="2.886602"/>
    <trkpt lat="39.815989" lon="2.886531"/>
    <trkpt lat="39.815978" lon="2.886475"/>
    <trkpt lat="39.815955" lon="2.886405"/>
    <trkpt lat="39.815890" lon="2.886278"/>
    <trkpt lat="39.815776" lon="2.886061"/>
    <trkpt lat="39.815730" lon="2.885931"/>
    <trkpt lat="39.815692" lon="2.885757"/>
    <trkpt lat="39.815670" lon="2.885625"/>
    <trkpt lat="39.815638" lon="2.885528"/>
    <trkpt lat="39.815597" lon="2.885448"/>
    <trkpt lat="39.815485" lon="2.885244"/>
    <trkpt lat="39.815370" lon="2.885045"/>
    <trkpt lat="39.815343" lon="2.884977"/>
    <trkpt lat="39.815323" lon="2.884879"/>
    <trkpt lat="39.815325" lon="2.884780"/>
    <trkpt lat="39.815336" lon="2.884705"/>
    <trkpt lat="39.815345" lon="2.884649"/>
    <trkpt lat="39.815381" lon="2.884466"/>
    <trkpt lat="39.815417" lon="2.884307"/>
    <trkpt lat="39.815421" lon="2.883656"/>
    <trkpt lat="39.815452" lon="2.883390"/>
    <trkpt lat="39.815498" lon="2.882943"/>
    <trkpt lat="39.815498" lon="2.882701"/>
    <trkpt lat="39.815507" lon="2.882521"/>
    <trkpt lat="39.815508" lon="2.882409"/>
    <trkpt lat="39.815497" lon="2.882326"/>
    <trkpt lat="39.815453" lon="2.882131"/>
    <trkpt lat="39.815395" lon="2.881909"/>
    <trkpt lat="39.815362" lon="2.881757"/>
    <trkpt lat="39.815354" lon="2.881624"/>
    <trkpt lat="39.815368" lon="2.881486"/>
    <trkpt lat="39.815406" lon="2.881313"/>
    <trkpt lat="39.815460" lon="2.881200"/>
    <trkpt lat="39.815540" lon="2.881053"/>
    <trkpt lat="39.815662" lon="2.880884"/>
    <trkpt lat="39.815717" lon="2.880813"/>
    <trkpt lat="39.815761" lon="2.880736"/>
    <trkpt lat="39.815790" lon="2.880647"/>
    <trkpt lat="39.815803" lon="2.880528"/>
    <trkpt lat="39.815797" lon="2.880393"/>
    <trkpt lat="39.815776" lon="2.880134"/>
    <trkpt lat="39.815745" lon="2.879846"/>
    <trkpt lat="39.815715" lon="2.879703"/>
    <trkpt lat="39.815679" lon="2.879448"/>
    <trkpt lat="39.815685" lon="2.879364"/>
    <trkpt lat="39.815700" lon="2.879256"/>
    <trkpt lat="39.815739" lon="2.879143"/>
    <trkpt lat="39.815813" lon="2.878985"/>
    <trkpt lat="39.815880" lon="2.878842"/>
    <trkpt lat="39.815959" lon="2.878623"/>
    <trkpt lat="39.816012" lon="2.878512"/>
    <trkpt lat="39.816069" lon="2.878442"/>
    <trkpt lat="39.816192" lon="2.878326"/>
    <trkpt lat="39.816327" lon="2.878238"/>
    <trkpt lat="39.816450" lon="2.878189"/>
    <trkpt lat="39.816533" lon="2.878171"/>
    <trkpt lat="39.816651" lon="2.878174"/>
    <trkpt lat="39.816725" lon="2.878210"/>
    <trkpt lat="39.816922" lon="2.878306"/>
    <trkpt lat="39.816957" lon="2.878317"/>
    <trkpt lat="39.816997" lon="2.878312"/>
    <trkpt lat="39.817025" lon="2.878288"/>
    <trkpt lat="39.817056" lon="2.878260"/>
    <trkpt lat="39.817067" lon="2.878203"/>
    <trkpt lat="39.817065" lon="2.878152"/>
    <trkpt lat="39.817027" lon="2.878029"/>
    <trkpt lat="39.816964" lon="2.877846"/>
    <trkpt lat="39.816939" lon="2.877662"/>
    <trkpt lat="39.816947" lon="2.877494"/>
    <trkpt lat="39.816962" lon="2.877372"/>
    <trkpt lat="39.816989" lon="2.877275"/>
    <trkpt lat="39.817036" lon="2.877216"/>
    <trkpt lat="39.817096" lon="2.877181"/>
    <trkpt lat="39.817178" lon="2.877159"/>
    <trkpt lat="39.817287" lon="2.877151"/>
    <trkpt lat="39.817360" lon="2.877166"/>
    <trkpt lat="39.817450" lon="2.877207"/>
    <trkpt lat="39.817515" lon="2.877255"/>
    <trkpt lat="39.817597" lon="2.877298"/>
    <trkpt lat="39.817645" lon="2.877312"/>
    <trkpt lat="39.817711" lon="2.877305"/>
    <trkpt lat="39.817958" lon="2.877256"/>
    <trkpt lat="39.818087" lon="2.877227"/>
    <trkpt lat="39.818137" lon="2.877203"/>
    <trkpt lat="39.818187" lon="2.877157"/>
    <trkpt lat="39.818235" lon="2.877069"/>
    <trkpt lat="39.818269" lon="2.876975"/>
    <trkpt lat="39.818339" lon="2.876841"/>
    <trkpt lat="39.818439" lon="2.876719"/>
    <trkpt lat="39.818501" lon="2.876649"/>
    <trkpt lat="39.818614" lon="2.876568"/>
    <trkpt lat="39.818716" lon="2.876529"/>
    <trkpt lat="39.818812" lon="2.876508"/>
    <trkpt lat="39.819052" lon="2.876485"/>
    <trkpt lat="39.819321" lon="2.876444"/>
    <trkpt lat="39.819505" lon="2.876396"/>
    <trkpt lat="39.819653" lon="2.876342"/>
    <trkpt lat="39.819766" lon="2.876291"/>
    <trkpt lat="39.819841" lon="2.876218"/>
    <trkpt lat="39.819894" lon="2.876130"/>
    <trkpt lat="39.819971" lon="2.876001"/>
    <trkpt lat="39.820082" lon="2.875751"/>
    <trkpt lat="39.820116" lon="2.875633"/>
    <trkpt lat="39.820148" lon="2.875451"/>
    <trkpt lat="39.820175" lon="2.875217"/>
    <trkpt lat="39.820206" lon="2.875012"/>
    <trkpt lat="39.820231" lon="2.874921"/>
    <trkpt lat="39.820275" lon="2.874861"/>
    <trkpt lat="39.820399" lon="2.874711"/>
    <trkpt lat="39.820495" lon="2.874608"/>
    <trkpt lat="39.820614" lon="2.874456"/>
    <trkpt lat="39.820637" lon="2.874396"/>
    <trkpt lat="39.820646" lon="2.874356"/>
    <trkpt lat="39.820642" lon="2.874284"/>
    <trkpt lat="39.820617" lon="2.874197"/>
    <trkpt lat="39.820560" lon="2.874011"/>
    <trkpt lat="39.820505" lon="2.873820"/>
    <trkpt lat="39.820462" lon="2.873587"/>
    <trkpt lat="39.820399" lon="2.873246"/>
    <trkpt lat="39.820389" lon="2.873091"/>
    <trkpt lat="39.820397" lon="2.872885"/>
    <trkpt lat="39.820437" lon="2.872720"/>
    <trkpt lat="39.820498" lon="2.872582"/>
    <trkpt lat="39.820590" lon="2.872403"/>
    <trkpt lat="39.820636" lon="2.872302"/>
    <trkpt lat="39.820745" lon="2.872072"/>
    <trkpt lat="39.820868" lon="2.871771"/>
    <trkpt lat="39.821106" lon="2.871176"/>
    <trkpt lat="39.821434" lon="2.870390"/>
    <trkpt lat="39.821502" lon="2.870249"/>
    <trkpt lat="39.821612" lon="2.870046"/>
    <trkpt lat="39.821683" lon="2.869893"/>
    <trkpt lat="39.821718" lon="2.869781"/>
    <trkpt lat="39.821798" lon="2.869433"/>
    <trkpt lat="39.821830" lon="2.869250"/>
    <trkpt lat="39.821859" lon="2.868946"/>
    <trkpt lat="39.821865" lon="2.868784"/>
    <trkpt lat="39.821859" lon="2.868694"/>
    <trkpt lat="39.821781" lon="2.868217"/>
    <trkpt lat="39.821729" lon="2.867908"/>
    <trkpt lat="39.821688" lon="2.867727"/>
    <trkpt lat="39.821581" lon="2.867427"/>
    <trkpt lat="39.821544" lon="2.867262"/>
    <trkpt lat="39.821528" lon="2.867134"/>
    <trkpt lat="39.821520" lon="2.866935"/>
    <trkpt lat="39.821540" lon="2.866774"/>
    <trkpt lat="39.821581" lon="2.866646"/>
    <trkpt lat="39.821644" lon="2.866512"/>
    <trkpt lat="39.821718" lon="2.866397"/>
    <trkpt lat="39.822075" lon="2.865911"/>
    <trkpt lat="39.822152" lon="2.865801"/>
    <trkpt lat="39.822204" lon="2.865701"/>
    <trkpt lat="39.822217" lon="2.865637"/>
    <trkpt lat="39.822218" lon="2.865543"/>
    <trkpt lat="39.822197" lon="2.865448"/>
    <trkpt lat="39.822148" lon="2.865352"/>
    <trkpt lat="39.822052" lon="2.865181"/>
    <trkpt lat="39.822009" lon="2.865009"/>
    <trkpt lat="39.822008" lon="2.864894"/>
    <trkpt lat="39.822022" lon="2.864803"/>
    <trkpt lat="39.822052" lon="2.864674"/>
    <trkpt lat="39.822149" lon="2.864494"/>
    <trkpt lat="39.822476" lon="2.863980"/>
    <trkpt lat="39.822711" lon="2.863580"/>
    <trkpt lat="39.822866" lon="2.863316"/>
    <trkpt lat="39.823023" lon="2.863057"/>
    <trkpt lat="39.823057" lon="2.862970"/>
    <trkpt lat="39.823075" lon="2.862898"/>
    <trkpt lat="39.823088" lon="2.862776"/>
    <trkpt lat="39.823083" lon="2.862534"/>
    <trkpt lat="39.823087" lon="2.862392"/>
    <trkpt lat="39.823108" lon="2.862286"/>
    <trkpt lat="39.823148" lon="2.862202"/>
    <trkpt lat="39.823201" lon="2.862121"/>
    <trkpt lat="39.823271" lon="2.862043"/>
    <trkpt lat="39.823315" lon="2.861989"/>
    <trkpt lat="39.823339" lon="2.861948"/>
    <trkpt lat="39.823349" lon="2.861909"/>
    <trkpt lat="39.823344" lon="2.861834"/>
    <trkpt lat="39.823327" lon="2.861743"/>
    <trkpt lat="39.823271" lon="2.861517"/>
    <trkpt lat="39.823246" lon="2.861357"/>
    <trkpt lat="39.823241" lon="2.861195"/>
    <trkpt lat="39.823268" lon="2.861088"/>
    <trkpt lat="39.823309" lon="2.861018"/>
    <trkpt lat="39.823371" lon="2.860986"/>
    <trkpt lat="39.823451" lon="2.860999"/>
    <trkpt lat="39.823567" lon="2.861041"/>
    <trkpt lat="39.823720" lon="2.861088"/>
    <trkpt lat="39.823815" lon="2.861071"/>
    <trkpt lat="39.823867" lon="2.861045"/>
    <trkpt lat="39.823927" lon="2.860981"/>
    <trkpt lat="39.824006" lon="2.860822"/>
    <trkpt lat="39.824382" lon="2.860047"/>
    <trkpt lat="39.824767" lon="2.859218"/>
    <trkpt lat="39.824793" lon="2.859140"/>
    <trkpt lat="39.824801" lon="2.859037"/>
    <trkpt lat="39.824774" lon="2.858913"/>
    <trkpt lat="39.824721" lon="2.858792"/>
    <trkpt lat="39.824646" lon="2.858650"/>
    <trkpt lat="39.824389" lon="2.858237"/>
    <trkpt lat="39.824275" lon="2.858060"/>
    <trkpt lat="39.824198" lon="2.857919"/>
    <trkpt lat="39.824164" lon="2.857821"/>
    <trkpt lat="39.824150" lon="2.857734"/>
    <trkpt lat="39.824146" lon="2.857622"/>
    <trkpt lat="39.824137" lon="2.857507"/>
    <trkpt lat="39.824115" lon="2.857413"/>
    <trkpt lat="39.823966" lon="2.857005"/>
    <trkpt lat="39.823818" lon="2.856686"/>
    <trkpt lat="39.823738" lon="2.856556"/>
    <trkpt lat="39.823662" lon="2.856465"/>
    <trkpt lat="39.823594" lon="2.856413"/>
    <trkpt lat="39.823480" lon="2.856354"/>
    <trkpt lat="39.823255" lon="2.856260"/>
    <trkpt lat="39.823034" lon="2.856161"/>
    <trkpt lat="39.822850" lon="2.856096"/>
    <trkpt lat="39.822727" lon="2.856051"/>
    <trkpt lat="39.822602" lon="2.855995"/>
    <trkpt lat="39.822489" lon="2.855908"/>
    <trkpt lat="39.822433" lon="2.855826"/>
    <trkpt lat="39.822392" lon="2.855712"/>
    <trkpt lat="39.822375" lon="2.855605"/>
    <trkpt lat="39.822372" lon="2.855471"/>
    <trkpt lat="39.822392" lon="2.855350"/>
    <trkpt lat="39.822433" lon="2.855163"/>
    <trkpt lat="39.822469" lon="2.854981"/>
    <trkpt lat="39.822516" lon="2.854728"/>
    <trkpt lat="39.822538" lon="2.854562"/>
    <trkpt lat="39.822542" lon="2.854466"/>
    <trkpt lat="39.822540" lon="2.854423"/>
    <trkpt lat="39.822538" lon="2.854382"/>
    <trkpt lat="39.822504" lon="2.854256"/>
    <trkpt lat="39.822486" lon="2.854162"/>
    <trkpt lat="39.822478" lon="2.854069"/>
    <trkpt lat="39.822485" lon="2.853975"/>
    <trkpt lat="39.822520" lon="2.853889"/>
    <trkpt lat="39.822585" lon="2.853796"/>
    <trkpt lat="39.822653" lon="2.853693"/>
    <trkpt lat="39.822889" lon="2.853315"/>
    <trkpt lat="39.823048" lon="2.853019"/>
    <trkpt lat="39.823154" lon="2.852793"/>
    <trkpt lat="39.823192" lon="2.852688"/>
    <trkpt lat="39.823221" lon="2.852570"/>
    <trkpt lat="39.823234" lon="2.852386"/>
    <trkpt lat="39.823252" lon="2.852240"/>
    <trkpt lat="39.823276" lon="2.852139"/>
    <trkpt lat="39.823326" lon="2.852032"/>
    <trkpt lat="39.823439" lon="2.851871"/>
    <trkpt lat="39.823518" lon="2.851775"/>
    <trkpt lat="39.823590" lon="2.851711"/>
    <trkpt lat="39.823872" lon="2.851535"/>
    <trkpt lat="39.823918" lon="2.851484"/>
    <trkpt lat="39.824138" lon="2.851227"/>
    <trkpt lat="39.824365" lon="2.850948"/>
    <trkpt lat="39.824737" lon="2.850422"/>
    <trkpt lat="39.824824" lon="2.850307"/>
    <trkpt lat="39.824865" lon="2.850231"/>
    <trkpt lat="39.824921" lon="2.850090"/>
    <trkpt lat="39.825134" lon="2.849233"/>
    <trkpt lat="39.825272" lon="2.848857"/>
    <trkpt lat="39.825484" lon="2.848284"/>
    <trkpt lat="39.825571" lon="2.848057"/>
    <trkpt lat="39.825618" lon="2.847978"/>
    <trkpt lat="39.825701" lon="2.847916"/>
    <trkpt lat="39.825778" lon="2.847866"/>
    <trkpt lat="39.825827" lon="2.847834"/>
    <trkpt lat="39.825884" lon="2.847797"/>
    <trkpt lat="39.825977" lon="2.847716"/>
    <trkpt lat="39.826039" lon="2.847645"/>
    <trkpt lat="39.826086" lon="2.847563"/>
    <trkpt lat="39.826112" lon="2.847492"/>
    <trkpt lat="39.826139" lon="2.847417"/>
    <trkpt lat="39.826153" lon="2.847354"/>
    <trkpt lat="39.826164" lon="2.847306"/>
    <trkpt lat="39.826176" lon="2.847209"/>
    <trkpt lat="39.826170" lon="2.847103"/>
    <trkpt lat="39.826158" lon="2.846996"/>
    <trkpt lat="39.826152" lon="2.846940"/>
    <trkpt lat="39.826100" lon="2.846461"/>
    <trkpt lat="39.826079" lon="2.846189"/>
    <trkpt lat="39.826090" lon="2.846052"/>
    <trkpt lat="39.826129" lon="2.845840"/>
    <trkpt lat="39.826242" lon="2.845283"/>
    <trkpt lat="39.826330" lon="2.844830"/>
    <trkpt lat="39.826454" lon="2.844004"/>
    <trkpt lat="39.826467" lon="2.843841"/>
    <trkpt lat="39.826484" lon="2.843518"/>
    <trkpt lat="39.826512" lon="2.843115"/>
    <trkpt lat="39.826542" lon="2.842541"/>
    <trkpt lat="39.826572" lon="2.842122"/>
    <trkpt lat="39.826572" lon="2.842122"/>
    <trkpt lat="39.826575" lon="2.841962"/>
    <trkpt lat="39.826562" lon="2.841858"/>
    <trkpt lat="39.826523" lon="2.841736"/>
    <trkpt lat="39.826432" lon="2.841497"/>
    <trkpt lat="39.826375" lon="2.841385"/>
    <trkpt lat="39.826331" lon="2.841342"/>
    <trkpt lat="39.826276" lon="2.841329"/>
    <trkpt lat="39.826221" lon="2.841345"/>
    <trkpt lat="39.826093" lon="2.841423"/>
    <trkpt lat="39.826001" lon="2.841505"/>
    <trkpt lat="39.825939" lon="2.841531"/>
    <trkpt lat="39.825896" lon="2.841522"/>
    <trkpt lat="39.825858" lon="2.841489"/>
    <trkpt lat="39.825830" lon="2.841306"/>
    <trkpt lat="39.825799" lon="2.841095"/>
    <trkpt lat="39.825776" lon="2.840857"/>
    <trkpt lat="39.825785" lon="2.840431"/>
    <trkpt lat="39.825809" lon="2.839776"/>
    <trkpt lat="39.825821" lon="2.839635"/>
    <trkpt lat="39.825835" lon="2.839520"/>
    <trkpt lat="39.825854" lon="2.839446"/>
    <trkpt lat="39.825887" lon="2.839360"/>
    <trkpt lat="39.825949" lon="2.839273"/>
    <trkpt lat="39.825990" lon="2.839224"/>
    <trkpt lat="39.826056" lon="2.839168"/>
    <trkpt lat="39.826124" lon="2.839135"/>
    <trkpt lat="39.826308" lon="2.839078"/>
    <trkpt lat="39.826690" lon="2.838978"/>
    <trkpt lat="39.826924" lon="2.838917"/>
    <trkpt lat="39.827061" lon="2.838881"/>
    <trkpt lat="39.827134" lon="2.838856"/>
    <trkpt lat="39.827204" lon="2.838823"/>
    <trkpt lat="39.827315" lon="2.838747"/>
    <trkpt lat="39.827500" lon="2.838615"/>
    <trkpt lat="39.827857" lon="2.838383"/>
    <trkpt lat="39.828052" lon="2.838284"/>
    <trkpt lat="39.828239" lon="2.838194"/>
    <trkpt lat="39.828314" lon="2.838157"/>
    <trkpt lat="39.828402" lon="2.838092"/>
    <trkpt lat="39.828445" lon="2.838020"/>
    <trkpt lat="39.828475" lon="2.837929"/>
    <trkpt lat="39.828568" lon="2.837654"/>
    <trkpt lat="39.828632" lon="2.837421"/>
    <trkpt lat="39.828644" lon="2.837308"/>
    <trkpt lat="39.828646" lon="2.837220"/>
    <trkpt lat="39.828640" lon="2.837167"/>
    <trkpt lat="39.828636" lon="2.837135"/>
    <trkpt lat="39.828616" lon="2.837027"/>
    <trkpt lat="39.828578" lon="2.836922"/>
    <trkpt lat="39.828482" lon="2.836789"/>
    <trkpt lat="39.828332" lon="2.836535"/>
    <trkpt lat="39.828272" lon="2.836409"/>
    <trkpt lat="39.828184" lon="2.836156"/>
    <trkpt lat="39.828158" lon="2.835900"/>
    <trkpt lat="39.828164" lon="2.835559"/>
    <trkpt lat="39.828211" lon="2.835249"/>
    <trkpt lat="39.828317" lon="2.834816"/>
    <trkpt lat="39.828428" lon="2.834365"/>
    <trkpt lat="39.828442" lon="2.834228"/>
    <trkpt lat="39.828435" lon="2.834142"/>
    <trkpt lat="39.828401" lon="2.833916"/>
    <trkpt lat="39.828348" lon="2.833686"/>
    <trkpt lat="39.828282" lon="2.833556"/>
    <trkpt lat="39.828185" lon="2.833371"/>
    <trkpt lat="39.828101" lon="2.833164"/>
    <trkpt lat="39.828014" lon="2.832867"/>
    <trkpt lat="39.827992" lon="2.832793"/>
    <trkpt lat="39.827890" lon="2.832413"/>
    <trkpt lat="39.827859" lon="2.832169"/>
    <trkpt lat="39.827812" lon="2.831764"/>
    <trkpt lat="39.827793" lon="2.831667"/>
    <trkpt lat="39.827749" lon="2.831529"/>
    <trkpt lat="39.827681" lon="2.831421"/>
    <trkpt lat="39.827599" lon="2.831291"/>
    <trkpt lat="39.827209" lon="2.830740"/>
    <trkpt lat="39.827107" lon="2.830596"/>
    <trkpt lat="39.826835" lon="2.830276"/>
    <trkpt lat="39.826607" lon="2.829997"/>
    <trkpt lat="39.826533" lon="2.829925"/>
    <trkpt lat="39.826351" lon="2.829805"/>
    <trkpt lat="39.826214" lon="2.829713"/>
    <trkpt lat="39.826084" lon="2.829652"/>
    <trkpt lat="39.825902" lon="2.829599"/>
    <trkpt lat="39.825723" lon="2.829562"/>
    <trkpt lat="39.825490" lon="2.829497"/>
    <trkpt lat="39.825240" lon="2.829370"/>
    <trkpt lat="39.825140" lon="2.829304"/>
    <trkpt lat="39.825007" lon="2.829252"/>
    <trkpt lat="39.824880" lon="2.829193"/>
    <trkpt lat="39.824749" lon="2.829089"/>
    <trkpt lat="39.824597" lon="2.828931"/>
    <trkpt lat="39.824108" lon="2.828442"/>
    <trkpt lat="39.823680" lon="2.827943"/>
    <trkpt lat="39.823652" lon="2.827911"/>
    <trkpt lat="39.823499" lon="2.827732"/>
    <trkpt lat="39.823262" lon="2.827528"/>
    <trkpt lat="39.823121" lon="2.827446"/>
    <trkpt lat="39.823007" lon="2.827384"/>
    <trkpt lat="39.822887" lon="2.827337"/>
    <trkpt lat="39.822770" lon="2.827308"/>
    <trkpt lat="39.822652" lon="2.827311"/>
    <trkpt lat="39.822560" lon="2.827338"/>
    <trkpt lat="39.822435" lon="2.827396"/>
    <trkpt lat="39.822251" lon="2.827508"/>
    <trkpt lat="39.822073" lon="2.827594"/>
    <trkpt lat="39.821877" lon="2.827632"/>
    <trkpt lat="39.821779" lon="2.827652"/>
    <trkpt lat="39.821716" lon="2.827675"/>
    <trkpt lat="39.821674" lon="2.827730"/>
    <trkpt lat="39.821664" lon="2.827796"/>
    <trkpt lat="39.821672" lon="2.827894"/>
    <trkpt lat="39.821690" lon="2.828033"/>
    <trkpt lat="39.821689" lon="2.828139"/>
    <trkpt lat="39.821664" lon="2.828253"/>
    <trkpt lat="39.821579" lon="2.828372"/>
    <trkpt lat="39.821235" lon="2.828673"/>
    <trkpt lat="39.821088" lon="2.828775"/>
    <trkpt lat="39.821029" lon="2.828842"/>
    <trkpt lat="39.820962" lon="2.828946"/>
    <trkpt lat="39.820905" lon="2.829118"/>
    <trkpt lat="39.820819" lon="2.829460"/>
    <trkpt lat="39.820770" lon="2.829612"/>
    <trkpt lat="39.820693" lon="2.829755"/>
    <trkpt lat="39.820625" lon="2.829848"/>
    <trkpt lat="39.820488" lon="2.829948"/>
    <trkpt lat="39.820316" lon="2.830014"/>
    <trkpt lat="39.820174" lon="2.830050"/>
    <trkpt lat="39.820004" lon="2.830078"/>
    <trkpt lat="39.819795" lon="2.830063"/>
    <trkpt lat="39.819650" lon="2.830009"/>
    <trkpt lat="39.819500" lon="2.829871"/>
    <trkpt lat="39.819306" lon="2.829650"/>
    <trkpt lat="39.819168" lon="2.829534"/>
    <trkpt lat="39.819107" lon="2.829505"/>
    <trkpt lat="39.819030" lon="2.829514"/>
    <trkpt lat="39.818957" lon="2.829578"/>
    <trkpt lat="39.818878" lon="2.829673"/>
    <trkpt lat="39.818757" lon="2.829806"/>
    <trkpt lat="39.818660" lon="2.829857"/>
    <trkpt lat="39.818594" lon="2.829887"/>
    <trkpt lat="39.818521" lon="2.829881"/>
    <trkpt lat="39.818451" lon="2.829837"/>
    <trkpt lat="39.818415" lon="2.829747"/>
    <trkpt lat="39.818368" lon="2.829574"/>
    <trkpt lat="39.818288" lon="2.829128"/>
    <trkpt lat="39.818261" lon="2.829040"/>
    <trkpt lat="39.818196" lon="2.828944"/>
    <trkpt lat="39.818054" lon="2.828806"/>
    <trkpt lat="39.817975" lon="2.828755"/>
    <trkpt lat="39.817910" lon="2.828733"/>
    <trkpt lat="39.817813" lon="2.828728"/>
    <trkpt lat="39.817724" lon="2.828762"/>
    <trkpt lat="39.817555" lon="2.828918"/>
    <trkpt lat="39.816937" lon="2.829545"/>
    <trkpt lat="39.816751" lon="2.829735"/>
    <trkpt lat="39.816621" lon="2.829832"/>
    <trkpt lat="39.816525" lon="2.829861"/>
    <trkpt lat="39.816440" lon="2.829858"/>
    <trkpt lat="39.816357" lon="2.829832"/>
    <trkpt lat="39.816279" lon="2.829800"/>
    <trkpt lat="39.816230" lon="2.829742"/>
    <trkpt lat="39.816215" lon="2.829656"/>
    <trkpt lat="39.816192" lon="2.829488"/>
    <trkpt lat="39.816023" lon="2.828282"/>
    <trkpt lat="39.815985" lon="2.827971"/>
    <trkpt lat="39.815945" lon="2.827749"/>
    <trkpt lat="39.815908" lon="2.827619"/>
    <trkpt lat="39.815852" lon="2.827520"/>
    <trkpt lat="39.815766" lon="2.827401"/>
    <trkpt lat="39.815483" lon="2.827119"/>
    <trkpt lat="39.815370" lon="2.826985"/>
    <trkpt lat="39.815215" lon="2.826746"/>
    <trkpt lat="39.815092" lon="2.826520"/>
    <trkpt lat="39.814956" lon="2.826252"/>
    <trkpt lat="39.814893" lon="2.826075"/>
    <trkpt lat="39.814872" lon="2.825958"/>
    <trkpt lat="39.814871" lon="2.825847"/>
    <trkpt lat="39.814902" lon="2.825735"/>
    <trkpt lat="39.814971" lon="2.825599"/>
    <trkpt lat="39.815034" lon="2.825530"/>
    <trkpt lat="39.815100" lon="2.825473"/>
    <trkpt lat="39.815472" lon="2.825244"/>
    <trkpt lat="39.815590" lon="2.825143"/>
    <trkpt lat="39.815772" lon="2.824960"/>
    <trkpt lat="39.815874" lon="2.824862"/>
    <trkpt lat="39.815961" lon="2.824770"/>
    <trkpt lat="39.816044" lon="2.824699"/>
    <trkpt lat="39.816079" lon="2.824657"/>
    <trkpt lat="39.816108" lon="2.824616"/>
    <trkpt lat="39.816128" lon="2.824585"/>
    <trkpt lat="39.816145" lon="2.824547"/>
    <trkpt lat="39.816162" lon="2.824487"/>
    <trkpt lat="39.816203" lon="2.824354"/>
    <trkpt lat="39.816226" lon="2.824264"/>
    <trkpt lat="39.816236" lon="2.824202"/>
    <trkpt lat="39.816240" lon="2.824144"/>
    <trkpt lat="39.816239" lon="2.824075"/>
    <trkpt lat="39.816219" lon="2.823970"/>
    <trkpt lat="39.816204" lon="2.823921"/>
    <trkpt lat="39.816149" lon="2.823798"/>
    <trkpt lat="39.816078" lon="2.823697"/>
    <trkpt lat="39.816007" lon="2.823599"/>
    <trkpt lat="39.815976" lon="2.823558"/>
    <trkpt lat="39.815896" lon="2.823459"/>
    <trkpt lat="39.815704" lon="2.823249"/>
    <trkpt lat="39.815336" lon="2.822844"/>
    <trkpt lat="39.815222" lon="2.822700"/>
    <trkpt lat="39.815154" lon="2.822597"/>
    <trkpt lat="39.815140" lon="2.822554"/>
    <trkpt lat="39.815138" lon="2.822514"/>
    <trkpt lat="39.815145" lon="2.822473"/>
    <trkpt lat="39.815158" lon="2.822442"/>
    <trkpt lat="39.815250" lon="2.822307"/>
    <trkpt lat="39.815280" lon="2.822262"/>
    <trkpt lat="39.815452" lon="2.822039"/>
    <trkpt lat="39.815496" lon="2.822008"/>
    <trkpt lat="39.815544" lon="2.821985"/>
    <trkpt lat="39.815594" lon="2.821964"/>
    <trkpt lat="39.815645" lon="2.821957"/>
    <trkpt lat="39.815695" lon="2.821956"/>
    <trkpt lat="39.815743" lon="2.821967"/>
    <trkpt lat="39.815799" lon="2.821995"/>
    <trkpt lat="39.815935" lon="2.822086"/>
    <trkpt lat="39.815984" lon="2.822117"/>
    <trkpt lat="39.816024" lon="2.822130"/>
    <trkpt lat="39.816074" lon="2.822135"/>
    <trkpt lat="39.816122" lon="2.822124"/>
    <trkpt lat="39.816172" lon="2.822106"/>
    <trkpt lat="39.816228" lon="2.822073"/>
    <trkpt lat="39.816638" lon="2.821746"/>
    <trkpt lat="39.816718" lon="2.821667"/>
    <trkpt lat="39.817236" lon="2.821070"/>
    <trkpt lat="39.817304" lon="2.820991"/>
    <trkpt lat="39.817351" lon="2.820923"/>
    <trkpt lat="39.817395" lon="2.820838"/>
    <trkpt lat="39.817432" lon="2.820745"/>
    <trkpt lat="39.817462" lon="2.820639"/>
    <trkpt lat="39.817489" lon="2.820502"/>
    <trkpt lat="39.817520" lon="2.820275"/>
    <trkpt lat="39.817609" lon="2.819591"/>
    <trkpt lat="39.817641" lon="2.819441"/>
    <trkpt lat="39.817687" lon="2.819305"/>
    <trkpt lat="39.818273" lon="2.817797"/>
    <trkpt lat="39.818358" lon="2.817533"/>
    <trkpt lat="39.818452" lon="2.817129"/>
    <trkpt lat="39.818641" lon="2.816303"/>
    <trkpt lat="39.818673" lon="2.816105"/>
    <trkpt lat="39.818689" lon="2.815952"/>
    <trkpt lat="39.818725" lon="2.815406"/>
    <trkpt lat="39.818733" lon="2.815317"/>
    <trkpt lat="39.818752" lon="2.815258"/>
    <trkpt lat="39.818781" lon="2.815210"/>
    <trkpt lat="39.818807" lon="2.815179"/>
    <trkpt lat="39.818838" lon="2.815160"/>
    <trkpt lat="39.818881" lon="2.815149"/>
    <trkpt lat="39.818934" lon="2.815146"/>
    <trkpt lat="39.818996" lon="2.815150"/>
    <trkpt lat="39.819083" lon="2.815165"/>
    <trkpt lat="39.819260" lon="2.815209"/>
    <trkpt lat="39.819344" lon="2.815235"/>
    <trkpt lat="39.819420" lon="2.815275"/>
    <trkpt lat="39.819488" lon="2.815328"/>
    <trkpt lat="39.819546" lon="2.815381"/>
    <trkpt lat="39.819612" lon="2.815458"/>
    <trkpt lat="39.819677" lon="2.815543"/>
    <trkpt lat="39.819745" lon="2.815648"/>
    <trkpt lat="39.819908" lon="2.815961"/>
    <trkpt lat="39.819939" lon="2.816012"/>
    <trkpt lat="39.819970" lon="2.816050"/>
    <trkpt lat="39.820003" lon="2.816077"/>
    <trkpt lat="39.820044" lon="2.816096"/>
    <trkpt lat="39.820089" lon="2.816102"/>
    <trkpt lat="39.820127" lon="2.816101"/>
    <trkpt lat="39.820164" lon="2.816089"/>
    <trkpt lat="39.820193" lon="2.816072"/>
    <trkpt lat="39.820234" lon="2.816033"/>
    <trkpt lat="39.820288" lon="2.815970"/>
    <trkpt lat="39.820850" lon="2.815254"/>
    <trkpt lat="39.820899" lon="2.815206"/>
    <trkpt lat="39.820955" lon="2.815166"/>
    <trkpt lat="39.821013" lon="2.815141"/>
    <trkpt lat="39.821067" lon="2.815128"/>
    <trkpt lat="39.821136" lon="2.815119"/>
    <trkpt lat="39.821206" lon="2.815116"/>
    <trkpt lat="39.821277" lon="2.815123"/>
    <trkpt lat="39.821353" lon="2.815143"/>
    <trkpt lat="39.821739" lon="2.815280"/>
    <trkpt lat="39.821781" lon="2.815287"/>
    <trkpt lat="39.821818" lon="2.815280"/>
    <trkpt lat="39.821844" lon="2.815257"/>
    <trkpt lat="39.821861" lon="2.815219"/>
    <trkpt lat="39.821868" lon="2.815180"/>
    <trkpt lat="39.821860" lon="2.815138"/>
    <trkpt lat="39.821842" lon="2.815101"/>
    <trkpt lat="39.821820" lon="2.815073"/>
    <trkpt lat="39.821780" lon="2.815054"/>
    <trkpt lat="39.821635" lon="2.815014"/>
    <trkpt lat="39.821576" lon="2.814992"/>
    <trkpt lat="39.821512" lon="2.814944"/>
    <trkpt lat="39.821376" lon="2.814809"/>
    <trkpt lat="39.821290" lon="2.814730"/>
    <trkpt lat="39.821222" lon="2.814680"/>
    <trkpt lat="39.821149" lon="2.814636"/>
    <trkpt lat="39.821068" lon="2.814605"/>
    <trkpt lat="39.820986" lon="2.814584"/>
    <trkpt lat="39.820909" lon="2.814578"/>
    <trkpt lat="39.820848" lon="2.814585"/>
    <trkpt lat="39.820725" lon="2.814608"/>
    <trkpt lat="39.820679" lon="2.814608"/>
    <trkpt lat="39.820636" lon="2.814595"/>
    <trkpt lat="39.820599" lon="2.814578"/>
    <trkpt lat="39.820571" lon="2.814550"/>
    <trkpt lat="39.820547" lon="2.814513"/>
    <trkpt lat="39.820535" lon="2.814469"/>
    <trkpt lat="39.820531" lon="2.814425"/>
    <trkpt lat="39.820535" lon="2.814376"/>
    <trkpt lat="39.820555" lon="2.814330"/>
    <trkpt lat="39.820579" lon="2.814298"/>
    <trkpt lat="39.820607" lon="2.814278"/>
    <trkpt lat="39.820644" lon="2.814269"/>
    <trkpt lat="39.820686" lon="2.814268"/>
    <trkpt lat="39.820733" lon="2.814276"/>
    <trkpt lat="39.820883" lon="2.814326"/>
    <trkpt lat="39.820992" lon="2.814357"/>
    <trkpt lat="39.821082" lon="2.814375"/>
    <trkpt lat="39.821277" lon="2.814402"/>
    <trkpt lat="39.821433" lon="2.814414"/>
    <trkpt lat="39.821490" lon="2.814428"/>
    <trkpt lat="39.821539" lon="2.814447"/>
    <trkpt lat="39.821591" lon="2.814475"/>
    <trkpt lat="39.821650" lon="2.814507"/>
    <trkpt lat="39.821730" lon="2.814543"/>
    <trkpt lat="39.821776" lon="2.814561"/>
    <trkpt lat="39.821826" lon="2.814570"/>
    <trkpt lat="39.821874" lon="2.814571"/>
    <trkpt lat="39.821927" lon="2.814564"/>
    <trkpt lat="39.822075" lon="2.814530"/>
    <trkpt lat="39.822127" lon="2.814525"/>
    <trkpt lat="39.822174" lon="2.814529"/>
    <trkpt lat="39.822219" lon="2.814548"/>
    <trkpt lat="39.822254" lon="2.814580"/>
    <trkpt lat="39.822280" lon="2.814617"/>
    <trkpt lat="39.822299" lon="2.814664"/>
    <trkpt lat="39.822320" lon="2.814731"/>
    <trkpt lat="39.822333" lon="2.814791"/>
    <trkpt lat="39.822351" lon="2.814910"/>
    <trkpt lat="39.822363" lon="2.814974"/>
    <trkpt lat="39.822383" lon="2.815042"/>
    <trkpt lat="39.822408" lon="2.815097"/>
    <trkpt lat="39.822488" lon="2.815201"/>
    <trkpt lat="39.822736" lon="2.815480"/>
    <trkpt lat="39.823087" lon="2.815795"/>
    <trkpt lat="39.823127" lon="2.815822"/>
    <trkpt lat="39.823176" lon="2.815844"/>
    <trkpt lat="39.823230" lon="2.815854"/>
    <trkpt lat="39.823278" lon="2.815856"/>
    <trkpt lat="39.823397" lon="2.815842"/>
    <trkpt lat="39.823485" lon="2.815821"/>
    <trkpt lat="39.823581" lon="2.815790"/>
    <trkpt lat="39.823662" lon="2.815757"/>
    <trkpt lat="39.823749" lon="2.815710"/>
    <trkpt lat="39.823812" lon="2.815668"/>
    <trkpt lat="39.823877" lon="2.815621"/>
    <trkpt lat="39.823931" lon="2.815575"/>
    <trkpt lat="39.823999" lon="2.815508"/>
    <trkpt lat="39.824057" lon="2.815433"/>
    <trkpt lat="39.824119" lon="2.815336"/>
    <trkpt lat="39.824185" lon="2.815247"/>
    <trkpt lat="39.824376" lon="2.815067"/>
    <trkpt lat="39.824647" lon="2.814837"/>
    <trkpt lat="39.824782" lon="2.814716"/>
    <trkpt lat="39.824820" lon="2.814694"/>
    <trkpt lat="39.824852" lon="2.814683"/>
    <trkpt lat="39.824886" lon="2.814682"/>
    <trkpt lat="39.824914" lon="2.814689"/>
    <trkpt lat="39.824944" lon="2.814702"/>
    <trkpt lat="39.824970" lon="2.814718"/>
    <trkpt lat="39.824996" lon="2.814747"/>
    <trkpt lat="39.825012" lon="2.814781"/>
    <trkpt lat="39.825023" lon="2.814828"/>
    <trkpt lat="39.825025" lon="2.814883"/>
    <trkpt lat="39.825020" lon="2.814943"/>
    <trkpt lat="39.825010" lon="2.815022"/>
    <trkpt lat="39.824971" lon="2.815257"/>
    <trkpt lat="39.824961" lon="2.815326"/>
    <trkpt lat="39.824961" lon="2.815390"/>
    <trkpt lat="39.824967" lon="2.815443"/>
    <trkpt lat="39.824978" lon="2.815489"/>
    <trkpt lat="39.824996" lon="2.815537"/>
    <trkpt lat="39.825018" lon="2.815578"/>
    <trkpt lat="39.825089" lon="2.815665"/>
    <trkpt lat="39.825136" lon="2.815733"/>
    <trkpt lat="39.825165" lon="2.815781"/>
    <trkpt lat="39.825184" lon="2.815830"/>
    <trkpt lat="39.825199" lon="2.815887"/>
    <trkpt lat="39.825210" lon="2.815941"/>
    <trkpt lat="39.825218" lon="2.816008"/>
    <trkpt lat="39.825222" lon="2.816081"/>
    <trkpt lat="39.825220" lon="2.816149"/>
    <trkpt lat="39.825210" lon="2.816288"/>
    <trkpt lat="39.825207" lon="2.816341"/>
    <trkpt lat="39.825211" lon="2.816390"/>
    <trkpt lat="39.825225" lon="2.816437"/>
    <trkpt lat="39.825242" lon="2.816479"/>
    <trkpt lat="39.825268" lon="2.816527"/>
    <trkpt lat="39.825334" lon="2.816626"/>
    <trkpt lat="39.825551" lon="2.816908"/>
    <trkpt lat="39.825631" lon="2.816995"/>
    <trkpt lat="39.825718" lon="2.817073"/>
    <trkpt lat="39.825792" lon="2.817130"/>
    <trkpt lat="39.825876" lon="2.817193"/>
    <trkpt lat="39.826019" lon="2.817286"/>
    <trkpt lat="39.826065" lon="2.817310"/>
    <trkpt lat="39.826112" lon="2.817328"/>
    <trkpt lat="39.826167" lon="2.817342"/>
    <trkpt lat="39.826222" lon="2.817353"/>
    <trkpt lat="39.826286" lon="2.817356"/>
    <trkpt lat="39.826471" lon="2.817357"/>
    <trkpt lat="39.826527" lon="2.817368"/>
    <trkpt lat="39.826580" lon="2.817386"/>
    <trkpt lat="39.826628" lon="2.817412"/>
    <trkpt lat="39.826680" lon="2.817441"/>
    <trkpt lat="39.826725" lon="2.817474"/>
    <trkpt lat="39.826766" lon="2.817512"/>
    <trkpt lat="39.826807" lon="2.817561"/>
    <trkpt lat="39.826840" lon="2.817611"/>
    <trkpt lat="39.826929" lon="2.817755"/>
    <trkpt lat="39.826968" lon="2.817809"/>
    <trkpt lat="39.827007" lon="2.817854"/>
    <trkpt lat="39.827055" lon="2.817894"/>
    <trkpt lat="39.827109" lon="2.817936"/>
    <trkpt lat="39.827169" lon="2.817968"/>
    <trkpt lat="39.827229" lon="2.817992"/>
    <trkpt lat="39.827279" lon="2.818007"/>
    <trkpt lat="39.827324" lon="2.818016"/>
    <trkpt lat="39.827366" lon="2.818021"/>
    <trkpt lat="39.827413" lon="2.818021"/>
    <trkpt lat="39.827457" lon="2.818014"/>
    <trkpt lat="39.827498" lon="2.818002"/>
    <trkpt lat="39.827539" lon="2.817986"/>
    <trkpt lat="39.827714" lon="2.817887"/>
    <trkpt lat="39.827870" lon="2.817794"/>
    <trkpt lat="39.827993" lon="2.817709"/>
    <trkpt lat="39.828053" lon="2.817664"/>
    <trkpt lat="39.828447" lon="2.817336"/>
    <trkpt lat="39.828534" lon="2.817272"/>
    <trkpt lat="39.828597" lon="2.817236"/>
    <trkpt lat="39.828645" lon="2.817216"/>
    <trkpt lat="39.828689" lon="2.817202"/>
    <trkpt lat="39.828747" lon="2.817195"/>
    <trkpt lat="39.828813" lon="2.817197"/>
    <trkpt lat="39.828924" lon="2.817210"/>
    <trkpt lat="39.829037" lon="2.817213"/>
    <trkpt lat="39.829126" lon="2.817212"/>
    <trkpt lat="39.829203" lon="2.817204"/>
    <trkpt lat="39.829284" lon="2.817185"/>
    <trkpt lat="39.829373" lon="2.817165"/>
    <trkpt lat="39.829484" lon="2.817126"/>
    <trkpt lat="39.830227" lon="2.816791"/>
    <trkpt lat="39.830336" lon="2.816749"/>
    <trkpt lat="39.830435" lon="2.816717"/>
    <trkpt lat="39.830628" lon="2.816666"/>
    <trkpt lat="39.830995" lon="2.816552"/>
    <trkpt lat="39.831375" lon="2.816448"/>
    <trkpt lat="39.831655" lon="2.816363"/>
    <trkpt lat="39.831691" lon="2.816347"/>
    <trkpt lat="39.831729" lon="2.816325"/>
    <trkpt lat="39.831764" lon="2.816296"/>
    <trkpt lat="39.831800" lon="2.816261"/>
    <trkpt lat="39.831831" lon="2.816224"/>
    <trkpt lat="39.831893" lon="2.816138"/>
    <trkpt lat="39.831987" lon="2.816007"/>
    <trkpt lat="39.832063" lon="2.815899"/>
    <trkpt lat="39.832128" lon="2.815818"/>
    <trkpt lat="39.832159" lon="2.815787"/>
    <trkpt lat="39.832199" lon="2.815756"/>
    <trkpt lat="39.832233" lon="2.815737"/>
    <trkpt lat="39.832268" lon="2.815723"/>
    <trkpt lat="39.832304" lon="2.815720"/>
    <trkpt lat="39.832336" lon="2.815721"/>
    <trkpt lat="39.832369" lon="2.815731"/>
    <trkpt lat="39.832399" lon="2.815743"/>
    <trkpt lat="39.832432" lon="2.815766"/>
    <trkpt lat="39.832456" lon="2.815792"/>
    <trkpt lat="39.832476" lon="2.815821"/>
    <trkpt lat="39.832496" lon="2.815852"/>
    <trkpt lat="39.832507" lon="2.815884"/>
    <trkpt lat="39.832513" lon="2.815914"/>
    <trkpt lat="39.832516" lon="2.815950"/>
    <trkpt lat="39.832514" lon="2.815990"/>
    <trkpt lat="39.832507" lon="2.816029"/>
    <trkpt lat="39.832493" lon="2.816067"/>
    <trkpt lat="39.832473" lon="2.816098"/>
    <trkpt lat="39.832449" lon="2.816123"/>
    <trkpt lat="39.832422" lon="2.816141"/>
    <trkpt lat="39.832393" lon="2.816153"/>
    <trkpt lat="39.832361" lon="2.816159"/>
    <trkpt lat="39.832329" lon="2.816159"/>
    <trkpt lat="39.832294" lon="2.816154"/>
    <trkpt lat="39.832249" lon="2.816141"/>
    <trkpt lat="39.832189" lon="2.816116"/>
    <trkpt lat="39.832151" lon="2.816091"/>
    <trkpt lat="39.832103" lon="2.816046"/>
    <trkpt lat="39.832055" lon="2.815998"/>
    <trkpt lat="39.831999" lon="2.815932"/>
    <trkpt lat="39.831962" lon="2.815887"/>
    <trkpt lat="39.831927" lon="2.815855"/>
    <trkpt lat="39.831886" lon="2.815823"/>
    <trkpt lat="39.831832" lon="2.815789"/>
    <trkpt lat="39.831793" lon="2.815773"/>
    <trkpt lat="39.831754" lon="2.815762"/>
    <trkpt lat="39.831710" lon="2.815757"/>
    <trkpt lat="39.831667" lon="2.815758"/>
    <trkpt lat="39.831624" lon="2.815763"/>
    <trkpt lat="39.831565" lon="2.815778"/>
    <trkpt lat="39.831493" lon="2.815801"/>
    <trkpt lat="39.830879" lon="2.816034"/>
    <trkpt lat="39.830829" lon="2.816048"/>
    <trkpt lat="39.830778" lon="2.816058"/>
    <trkpt lat="39.830725" lon="2.816061"/>
    <trkpt lat="39.830659" lon="2.816058"/>
    <trkpt lat="39.830589" lon="2.816052"/>
    <trkpt lat="39.830529" lon="2.816038"/>
    <trkpt lat="39.830434" lon="2.815999"/>
    <trkpt lat="39.830346" lon="2.815959"/>
    <trkpt lat="39.830324" lon="2.815945"/>
    <trkpt lat="39.830307" lon="2.815927"/>
    <trkpt lat="39.830294" lon="2.815905"/>
    <trkpt lat="39.830286" lon="2.815879"/>
    <trkpt lat="39.830283" lon="2.815851"/>
    <trkpt lat="39.830283" lon="2.815818"/>
    <trkpt lat="39.830287" lon="2.815784"/>
    <trkpt lat="39.830295" lon="2.815753"/>
    <trkpt lat="39.830390" lon="2.815538"/>
    <trkpt lat="39.830407" lon="2.815488"/>
    <trkpt lat="39.830419" lon="2.815443"/>
    <trkpt lat="39.830425" lon="2.815387"/>
    <trkpt lat="39.830428" lon="2.815340"/>
    <trkpt lat="39.830410" lon="2.815199"/>
    <trkpt lat="39.830395" lon="2.815159"/>
    <trkpt lat="39.830369" lon="2.815127"/>
    <trkpt lat="39.830341" lon="2.815106"/>
    <trkpt lat="39.830309" lon="2.815098"/>
    <trkpt lat="39.830277" lon="2.815095"/>
    <trkpt lat="39.830243" lon="2.815098"/>
    <trkpt lat="39.829640" lon="2.815241"/>
    <trkpt lat="39.829581" lon="2.815250"/>
    <trkpt lat="39.829546" lon="2.815251"/>
    <trkpt lat="39.829515" lon="2.815245"/>
    <trkpt lat="39.829490" lon="2.815237"/>
    <trkpt lat="39.829468" lon="2.815219"/>
    <trkpt lat="39.829444" lon="2.815189"/>
    <trkpt lat="39.829423" lon="2.815151"/>
    <trkpt lat="39.829399" lon="2.815083"/>
    <trkpt lat="39.829347" lon="2.814895"/>
    <trkpt lat="39.829317" lon="2.814795"/>
    <trkpt lat="39.829281" lon="2.814715"/>
    <trkpt lat="39.829253" lon="2.814663"/>
    <trkpt lat="39.829221" lon="2.814606"/>
    <trkpt lat="39.829207" lon="2.814563"/>
    <trkpt lat="39.829200" lon="2.814519"/>
    <trkpt lat="39.829202" lon="2.814471"/>
    <trkpt lat="39.829210" lon="2.814425"/>
    <trkpt lat="39.829224" lon="2.814385"/>
    <trkpt lat="39.829246" lon="2.814359"/>
    <trkpt lat="39.829297" lon="2.814324"/>
    <trkpt lat="39.829424" lon="2.814239"/>
    <trkpt lat="39.829481" lon="2.814179"/>
    <trkpt lat="39.829532" lon="2.814110"/>
    <trkpt lat="39.829580" lon="2.814033"/>
    <trkpt lat="39.829664" lon="2.813873"/>
    <trkpt lat="39.829826" lon="2.813567"/>
    <trkpt lat="39.829856" lon="2.813524"/>
    <trkpt lat="39.829877" lon="2.813506"/>
    <trkpt lat="39.829899" lon="2.813500"/>
    <trkpt lat="39.829920" lon="2.813498"/>
    <trkpt lat="39.829944" lon="2.813507"/>
    <trkpt lat="39.829960" lon="2.813521"/>
    <trkpt lat="39.829972" lon="2.813543"/>
    <trkpt lat="39.829977" lon="2.813568"/>
    <trkpt lat="39.829973" lon="2.813599"/>
    <trkpt lat="39.829964" lon="2.813634"/>
    <trkpt lat="39.829907" lon="2.813761"/>
    <trkpt lat="39.829816" lon="2.813996"/>
    <trkpt lat="39.829784" lon="2.814077"/>
    <trkpt lat="39.829637" lon="2.814433"/>
    <trkpt lat="39.829627" lon="2.814479"/>
    <trkpt lat="39.829624" lon="2.814521"/>
    <trkpt lat="39.829629" lon="2.814562"/>
    <trkpt lat="39.829642" lon="2.814599"/>
    <trkpt lat="39.829661" lon="2.814629"/>
    <trkpt lat="39.829680" lon="2.814648"/>
    <trkpt lat="39.829704" lon="2.814661"/>
    <trkpt lat="39.829736" lon="2.814668"/>
    <trkpt lat="39.829767" lon="2.814665"/>
    <trkpt lat="39.829799" lon="2.814654"/>
    <trkpt lat="39.829824" lon="2.814637"/>
    <trkpt lat="39.829845" lon="2.814611"/>
    <trkpt lat="39.829863" lon="2.814572"/>
    <trkpt lat="39.829879" lon="2.814515"/>
    <trkpt lat="39.829916" lon="2.814319"/>
    <trkpt lat="39.829941" lon="2.814195"/>
    <trkpt lat="39.829968" lon="2.814104"/>
    <trkpt lat="39.830006" lon="2.814005"/>
    <trkpt lat="39.830050" lon="2.813913"/>
    <trkpt lat="39.830102" lon="2.813825"/>
    <trkpt lat="39.830157" lon="2.813751"/>
    <trkpt lat="39.830240" lon="2.813654"/>
    <trkpt lat="39.830285" lon="2.813613"/>
    <trkpt lat="39.830328" lon="2.813589"/>
    <trkpt lat="39.830350" lon="2.813582"/>
    <trkpt lat="39.830374" lon="2.813583"/>
    <trkpt lat="39.830395" lon="2.813591"/>
    <trkpt lat="39.830410" lon="2.813605"/>
    <trkpt lat="39.830420" lon="2.813623"/>
    <trkpt lat="39.830425" lon="2.813646"/>
    <trkpt lat="39.830425" lon="2.813673"/>
    <trkpt lat="39.830421" lon="2.813696"/>
    <trkpt lat="39.830412" lon="2.813721"/>
    <trkpt lat="39.830393" lon="2.813745"/>
    <trkpt lat="39.830353" lon="2.813787"/>
    <trkpt lat="39.830218" lon="2.813951"/>
    <trkpt lat="39.830202" lon="2.813981"/>
    <trkpt lat="39.830192" lon="2.814013"/>
    <trkpt lat="39.830187" lon="2.814056"/>
    <trkpt lat="39.830190" lon="2.814100"/>
    <trkpt lat="39.830198" lon="2.814134"/>
    <trkpt lat="39.830210" lon="2.814165"/>
    <trkpt lat="39.830229" lon="2.814196"/>
    <trkpt lat="39.830250" lon="2.814214"/>
    <trkpt lat="39.830273" lon="2.814224"/>
    <trkpt lat="39.830299" lon="2.814228"/>
    <trkpt lat="39.830330" lon="2.814223"/>
    <trkpt lat="39.830359" lon="2.814211"/>
    <trkpt lat="39.830492" lon="2.814114"/>
    <trkpt lat="39.830527" lon="2.814095"/>
    <trkpt lat="39.830559" lon="2.814086"/>
    <trkpt lat="39.830594" lon="2.814083"/>
    <trkpt lat="39.830631" lon="2.814092"/>
    <trkpt lat="39.830687" lon="2.814106"/>
    <trkpt lat="39.830742" lon="2.814128"/>
    <trkpt lat="39.830803" lon="2.814160"/>
    <trkpt lat="39.830852" lon="2.814197"/>
    <trkpt lat="39.830972" lon="2.814287"/>
    <trkpt lat="39.831047" lon="2.814353"/>
    <trkpt lat="39.831105" lon="2.814421"/>
    <trkpt lat="39.831149" lon="2.814486"/>
    <trkpt lat="39.831366" lon="2.814816"/>
    <trkpt lat="39.831398" lon="2.814852"/>
    <trkpt lat="39.831431" lon="2.814877"/>
    <trkpt lat="39.831476" lon="2.814892"/>
    <trkpt lat="39.831518" lon="2.814891"/>
    <trkpt lat="39.831555" lon="2.814881"/>
    <trkpt lat="39.831593" lon="2.814861"/>
    <trkpt lat="39.831949" lon="2.814628"/>
    <trkpt lat="39.832071" lon="2.814561"/>
    <trkpt lat="39.832164" lon="2.814522"/>
    <trkpt lat="39.832346" lon="2.814466"/>
    <trkpt lat="39.832473" lon="2.814404"/>
    <trkpt lat="39.832597" lon="2.814328"/>
    <trkpt lat="39.832700" lon="2.814241"/>
    <trkpt lat="39.832794" lon="2.814124"/>
    <trkpt lat="39.832890" lon="2.813977"/>
    <trkpt lat="39.832990" lon="2.813791"/>
    <trkpt lat="39.833046" lon="2.813665"/>
    <trkpt lat="39.833108" lon="2.813472"/>
    <trkpt lat="39.833366" lon="2.812613"/>
    <trkpt lat="39.833525" lon="2.812084"/>
    <trkpt lat="39.833537" lon="2.812035"/>
    <trkpt lat="39.833542" lon="2.811991"/>
    <trkpt lat="39.833540" lon="2.811945"/>
    <trkpt lat="39.833527" lon="2.811911"/>
    <trkpt lat="39.833511" lon="2.811890"/>
    <trkpt lat="39.833492" lon="2.811876"/>
    <trkpt lat="39.833465" lon="2.811868"/>
    <trkpt lat="39.833440" lon="2.811873"/>
    <trkpt lat="39.833417" lon="2.811885"/>
    <trkpt lat="39.833394" lon="2.811905"/>
    <trkpt lat="39.833378" lon="2.811930"/>
    <trkpt lat="39.833363" lon="2.811963"/>
    <trkpt lat="39.833331" lon="2.812052"/>
    <trkpt lat="39.833229" lon="2.812362"/>
    <trkpt lat="39.832953" lon="2.813184"/>
    <trkpt lat="39.832908" lon="2.813286"/>
    <trkpt lat="39.832858" lon="2.813364"/>
    <trkpt lat="39.832799" lon="2.813438"/>
    <trkpt lat="39.832750" lon="2.813493"/>
    <trkpt lat="39.832676" lon="2.813557"/>
    <trkpt lat="39.832604" lon="2.813613"/>
    <trkpt lat="39.832526" lon="2.813660"/>
    <trkpt lat="39.832432" lon="2.813710"/>
    <trkpt lat="39.832323" lon="2.813752"/>
    <trkpt lat="39.832126" lon="2.813821"/>
    <trkpt lat="39.832017" lon="2.813849"/>
    <trkpt lat="39.831907" lon="2.813875"/>
    <trkpt lat="39.831859" lon="2.813879"/>
    <trkpt lat="39.831814" lon="2.813876"/>
    <trkpt lat="39.831772" lon="2.813867"/>
    <trkpt lat="39.831734" lon="2.813848"/>
    <trkpt lat="39.831702" lon="2.813824"/>
    <trkpt lat="39.831677" lon="2.813799"/>
    <trkpt lat="39.831659" lon="2.813767"/>
    <trkpt lat="39.831648" lon="2.813730"/>
    <trkpt lat="39.831646" lon="2.813686"/>
    <trkpt lat="39.831654" lon="2.813640"/>
    <trkpt lat="39.831670" lon="2.813603"/>
    <trkpt lat="39.831697" lon="2.813561"/>
    <trkpt lat="39.831789" lon="2.813429"/>
    <trkpt lat="39.831818" lon="2.813371"/>
    <trkpt lat="39.831848" lon="2.813294"/>
    <trkpt lat="39.831875" lon="2.813198"/>
    <trkpt lat="39.831900" lon="2.813087"/>
    <trkpt lat="39.831920" lon="2.812969"/>
    <trkpt lat="39.831934" lon="2.812853"/>
    <trkpt lat="39.831959" lon="2.812469"/>
    <trkpt lat="39.831970" lon="2.812426"/>
    <trkpt lat="39.831986" lon="2.812399"/>
    <trkpt lat="39.832009" lon="2.812377"/>
    <trkpt lat="39.832032" lon="2.812370"/>
    <trkpt lat="39.832055" lon="2.812366"/>
    <trkpt lat="39.832081" lon="2.812373"/>
    <trkpt lat="39.832104" lon="2.812385"/>
    <trkpt lat="39.832130" lon="2.812410"/>
    <trkpt lat="39.832146" lon="2.812440"/>
    <trkpt lat="39.832158" lon="2.812480"/>
    <trkpt lat="39.832162" lon="2.812527"/>
    <trkpt lat="39.832157" lon="2.812572"/>
    <trkpt lat="39.832130" lon="2.812710"/>
    <trkpt lat="39.832123" lon="2.812775"/>
    <trkpt lat="39.832125" lon="2.812829"/>
    <trkpt lat="39.832136" lon="2.812876"/>
    <trkpt lat="39.832151" lon="2.812915"/>
    <trkpt lat="39.832173" lon="2.812946"/>
    <trkpt lat="39.832208" lon="2.812976"/>
    <trkpt lat="39.832245" lon="2.812997"/>
    <trkpt lat="39.832277" lon="2.813009"/>
    <trkpt lat="39.832318" lon="2.813013"/>
    <trkpt lat="39.832378" lon="2.813006"/>
    <trkpt lat="39.832434" lon="2.812992"/>
    <trkpt lat="39.832488" lon="2.812971"/>
    <trkpt lat="39.832535" lon="2.812945"/>
    <trkpt lat="39.832582" lon="2.812908"/>
    <trkpt lat="39.832627" lon="2.812851"/>
    <trkpt lat="39.832663" lon="2.812790"/>
    <trkpt lat="39.832681" lon="2.812740"/>
    <trkpt lat="39.832691" lon="2.812700"/>
    <trkpt lat="39.832692" lon="2.812652"/>
    <trkpt lat="39.832685" lon="2.812608"/>
    <trkpt lat="39.832670" lon="2.812558"/>
    <trkpt lat="39.832639" lon="2.812504"/>
    <trkpt lat="39.832595" lon="2.812449"/>
    <trkpt lat="39.832367" lon="2.812179"/>
    <trkpt lat="39.832324" lon="2.812109"/>
    <trkpt lat="39.832294" lon="2.812041"/>
    <trkpt lat="39.832274" lon="2.811966"/>
    <trkpt lat="39.832224" lon="2.811736"/>
    <trkpt lat="39.832193" lon="2.811563"/>
    <trkpt lat="39.832176" lon="2.811430"/>
    <trkpt lat="39.832140" lon="2.811072"/>
    <trkpt lat="39.832130" lon="2.811007"/>
    <trkpt lat="39.832120" lon="2.810966"/>
    <trkpt lat="39.832105" lon="2.810927"/>
    <trkpt lat="39.832080" lon="2.810891"/>
    <trkpt lat="39.832050" lon="2.810860"/>
    <trkpt lat="39.831963" lon="2.810804"/>
    <trkpt lat="39.831883" lon="2.810767"/>
    <trkpt lat="39.831727" lon="2.810708"/>
    <trkpt lat="39.831393" lon="2.810576"/>
    <trkpt lat="39.831344" lon="2.810555"/>
    <trkpt lat="39.831279" lon="2.810517"/>
    <trkpt lat="39.831225" lon="2.810476"/>
    <trkpt lat="39.831124" lon="2.810386"/>
    <trkpt lat="39.831065" lon="2.810327"/>
    <trkpt lat="39.830994" lon="2.810238"/>
    <trkpt lat="39.830961" lon="2.810196"/>
    <trkpt lat="39.830932" lon="2.810140"/>
    <trkpt lat="39.830913" lon="2.810095"/>
    <trkpt lat="39.830899" lon="2.810042"/>
    <trkpt lat="39.830891" lon="2.809998"/>
    <trkpt lat="39.830889" lon="2.809937"/>
    <trkpt lat="39.830889" lon="2.809879"/>
    <trkpt lat="39.830895" lon="2.809816"/>
    <trkpt lat="39.830914" lon="2.809652"/>
    <trkpt lat="39.830916" lon="2.809564"/>
    <trkpt lat="39.830905" lon="2.809476"/>
    <trkpt lat="39.830754" lon="2.808537"/>
    <trkpt lat="39.830725" lon="2.808406"/>
    <trkpt lat="39.830692" lon="2.808286"/>
    <trkpt lat="39.830665" lon="2.808206"/>
    <trkpt lat="39.830536" lon="2.807901"/>
    <trkpt lat="39.830506" lon="2.807811"/>
    <trkpt lat="39.830486" lon="2.807718"/>
    <trkpt lat="39.830430" lon="2.807370"/>
    <trkpt lat="39.830430" lon="2.807329"/>
    <trkpt lat="39.830437" lon="2.807293"/>
    <trkpt lat="39.830451" lon="2.807267"/>
    <trkpt lat="39.830472" lon="2.807253"/>
    <trkpt lat="39.830492" lon="2.807247"/>
    <trkpt lat="39.830515" lon="2.807254"/>
    <trkpt lat="39.830532" lon="2.807267"/>
    <trkpt lat="39.830546" lon="2.807289"/>
    <trkpt lat="39.830556" lon="2.807322"/>
    <trkpt lat="39.830567" lon="2.807375"/>
    <trkpt lat="39.830649" lon="2.807821"/>
    <trkpt lat="39.830709" lon="2.808022"/>
    <trkpt lat="39.830808" lon="2.808295"/>
    <trkpt lat="39.830823" lon="2.808320"/>
    <trkpt lat="39.830845" lon="2.808343"/>
    <trkpt lat="39.830866" lon="2.808352"/>
    <trkpt lat="39.830886" lon="2.808350"/>
    <trkpt lat="39.830903" lon="2.808342"/>
    <trkpt lat="39.830918" lon="2.808321"/>
    <trkpt lat="39.830926" lon="2.808294"/>
    <trkpt lat="39.830925" lon="2.808258"/>
    <trkpt lat="39.830916" lon="2.808213"/>
    <trkpt lat="39.830901" lon="2.808176"/>
    <trkpt lat="39.830880" lon="2.808134"/>
    <trkpt lat="39.830834" lon="2.808018"/>
    <trkpt lat="39.830807" lon="2.807907"/>
    <trkpt lat="39.830786" lon="2.807781"/>
    <trkpt lat="39.830767" lon="2.807613"/>
    <trkpt lat="39.830753" lon="2.807448"/>
    <trkpt lat="39.830744" lon="2.807212"/>
    <trkpt lat="39.830733" lon="2.807110"/>
    <trkpt lat="39.830715" lon="2.807018"/>
    <trkpt lat="39.830635" lon="2.806716"/>
    <trkpt lat="39.830590" lon="2.806542"/>
    <trkpt lat="39.830559" lon="2.806458"/>
    <trkpt lat="39.830514" lon="2.806368"/>
    <trkpt lat="39.830493" lon="2.806328"/>
    <trkpt lat="39.830485" lon="2.806295"/>
    <trkpt lat="39.830483" lon="2.806258"/>
    <trkpt lat="39.830489" lon="2.806229"/>
    <trkpt lat="39.830501" lon="2.806208"/>
    <trkpt lat="39.830520" lon="2.806193"/>
    <trkpt lat="39.830540" lon="2.806189"/>
    <trkpt lat="39.830565" lon="2.806196"/>
    <trkpt lat="39.830588" lon="2.806213"/>
    <trkpt lat="39.830608" lon="2.806236"/>
    <trkpt lat="39.830625" lon="2.806267"/>
    <trkpt lat="39.830676" lon="2.806393"/>
    <trkpt lat="39.830776" lon="2.806676"/>
    <trkpt lat="39.830794" lon="2.806722"/>
    <trkpt lat="39.830814" lon="2.806766"/>
    <trkpt lat="39.830836" lon="2.806801"/>
    <trkpt lat="39.830855" lon="2.806819"/>
    <trkpt lat="39.830875" lon="2.806831"/>
    <trkpt lat="39.830898" lon="2.806838"/>
    <trkpt lat="39.830919" lon="2.806837"/>
    <trkpt lat="39.830944" lon="2.806831"/>
    <trkpt lat="39.830968" lon="2.806814"/>
    <trkpt lat="39.830987" lon="2.806790"/>
    <trkpt lat="39.830999" lon="2.806763"/>
    <trkpt lat="39.831006" lon="2.806729"/>
    <trkpt lat="39.831008" lon="2.806693"/>
    <trkpt lat="39.831006" lon="2.806652"/>
    <trkpt lat="39.830995" lon="2.806592"/>
    <trkpt lat="39.830915" lon="2.806271"/>
    <trkpt lat="39.830899" lon="2.806225"/>
    <trkpt lat="39.830882" lon="2.806186"/>
    <trkpt lat="39.830858" lon="2.806147"/>
    <trkpt lat="39.830830" lon="2.806120"/>
    <trkpt lat="39.830794" lon="2.806093"/>
    <trkpt lat="39.830758" lon="2.806072"/>
    <trkpt lat="39.830575" lon="2.805979"/>
    <trkpt lat="39.830534" lon="2.805956"/>
    <trkpt lat="39.830498" lon="2.805926"/>
    <trkpt lat="39.830452" lon="2.805881"/>
    <trkpt lat="39.830409" lon="2.805827"/>
    <trkpt lat="39.830027" lon="2.805301"/>
    <trkpt lat="39.829987" lon="2.805240"/>
    <trkpt lat="39.829947" lon="2.805168"/>
    <trkpt lat="39.829904" lon="2.805072"/>
    <trkpt lat="39.829866" lon="2.804961"/>
    <trkpt lat="39.829815" lon="2.804791"/>
    <trkpt lat="39.829752" lon="2.804607"/>
    <trkpt lat="39.829387" lon="2.803599"/>
    <trkpt lat="39.829362" lon="2.803521"/>
    <trkpt lat="39.829297" lon="2.803322"/>
    <trkpt lat="39.829218" lon="2.803111"/>
    <trkpt lat="39.829214" lon="2.803081"/>
    <trkpt lat="39.829214" lon="2.803052"/>
    <trkpt lat="39.829218" lon="2.803022"/>
    <trkpt lat="39.829229" lon="2.802999"/>
    <trkpt lat="39.829245" lon="2.802984"/>
    <trkpt lat="39.829264" lon="2.802974"/>
    <trkpt lat="39.829287" lon="2.802972"/>
    <trkpt lat="39.829310" lon="2.802977"/>
    <trkpt lat="39.829326" lon="2.802989"/>
    <trkpt lat="39.829340" lon="2.803007"/>
    <trkpt lat="39.829349" lon="2.803026"/>
    <trkpt lat="39.829357" lon="2.803062"/>
    <trkpt lat="39.829378" lon="2.803170"/>
    <trkpt lat="39.829396" lon="2.803242"/>
    <trkpt lat="39.829417" lon="2.803302"/>
    <trkpt lat="39.829488" lon="2.803478"/>
    <trkpt lat="39.829909" lon="2.804468"/>
    <trkpt lat="39.829944" lon="2.804541"/>
    <trkpt lat="39.829985" lon="2.804607"/>
    <trkpt lat="39.830031" lon="2.804665"/>
    <trkpt lat="39.830111" lon="2.804739"/>
    <trkpt lat="39.830556" lon="2.805109"/>
    <trkpt lat="39.830626" lon="2.805167"/>
    <trkpt lat="39.830685" lon="2.805206"/>
    <trkpt lat="39.830725" lon="2.805218"/>
    <trkpt lat="39.830763" lon="2.805223"/>
    <trkpt lat="39.830809" lon="2.805220"/>
    <trkpt lat="39.830846" lon="2.805210"/>
    <trkpt lat="39.830882" lon="2.805192"/>
    <trkpt lat="39.830914" lon="2.805166"/>
    <trkpt lat="39.830943" lon="2.805137"/>
    <trkpt lat="39.830967" lon="2.805101"/>
    <trkpt lat="39.830989" lon="2.805055"/>
    <trkpt lat="39.831013" lon="2.804982"/>
    <trkpt lat="39.831038" lon="2.804867"/>
    <trkpt lat="39.831053" lon="2.804749"/>
    <trkpt lat="39.831059" lon="2.804546"/>
    <trkpt lat="39.831064" lon="2.804495"/>
    <trkpt lat="39.831076" lon="2.804447"/>
    <trkpt lat="39.831090" lon="2.804412"/>
    <trkpt lat="39.831109" lon="2.804381"/>
    <trkpt lat="39.831127" lon="2.804361"/>
    <trkpt lat="39.831158" lon="2.804338"/>
    <trkpt lat="39.831512" lon="2.804158"/>
    <trkpt lat="39.831694" lon="2.804089"/>
    <trkpt lat="39.832769" lon="2.803828"/>
    <trkpt lat="39.832839" lon="2.803812"/>
    <trkpt lat="39.832912" lon="2.803805"/>
    <trkpt lat="39.833026" lon="2.803823"/>
    <trkpt lat="39.833110" lon="2.803843"/>
    <trkpt lat="39.833169" lon="2.803864"/>
    <trkpt lat="39.833212" lon="2.803890"/>
    <trkpt lat="39.833558" lon="2.804161"/>
    <trkpt lat="39.833608" lon="2.804190"/>
    <trkpt lat="39.833658" lon="2.804211"/>
    <trkpt lat="39.833713" lon="2.804212"/>
    <trkpt lat="39.833760" lon="2.804205"/>
    <trkpt lat="39.833824" lon="2.804187"/>
    <trkpt lat="39.834014" lon="2.804095"/>
    <trkpt lat="39.834059" lon="2.804057"/>
    <trkpt lat="39.834103" lon="2.804006"/>
    <trkpt lat="39.834145" lon="2.803939"/>
    <trkpt lat="39.834178" lon="2.803864"/>
    <trkpt lat="39.834214" lon="2.803757"/>
    <trkpt lat="39.834247" lon="2.803633"/>
    <trkpt lat="39.834348" lon="2.803009"/>
    <trkpt lat="39.834365" lon="2.802935"/>
    <trkpt lat="39.834391" lon="2.802879"/>
    <trkpt lat="39.834424" lon="2.802840"/>
    <trkpt lat="39.834462" lon="2.802810"/>
    <trkpt lat="39.835034" lon="2.802565"/>
    <trkpt lat="39.835091" lon="2.802546"/>
    <trkpt lat="39.835159" lon="2.802541"/>
    <trkpt lat="39.835412" lon="2.802556"/>
    <trkpt lat="39.835453" lon="2.802564"/>
    <trkpt lat="39.835504" lon="2.802586"/>
    <trkpt lat="39.835544" lon="2.802615"/>
    <trkpt lat="39.835591" lon="2.802663"/>
    <trkpt lat="39.835631" lon="2.802720"/>
    <trkpt lat="39.835665" lon="2.802789"/>
    <trkpt lat="39.835687" lon="2.802854"/>
    <trkpt lat="39.835755" lon="2.803277"/>
    <trkpt lat="39.835757" lon="2.803335"/>
    <trkpt lat="39.835749" lon="2.803400"/>
    <trkpt lat="39.835728" lon="2.803466"/>
    <trkpt lat="39.835694" lon="2.803513"/>
    <trkpt lat="39.835232" lon="2.804002"/>
    <trkpt lat="39.835159" lon="2.804068"/>
    <trkpt lat="39.835090" lon="2.804120"/>
    <trkpt lat="39.834672" lon="2.804375"/>
    <trkpt lat="39.834615" lon="2.804440"/>
    <trkpt lat="39.834557" lon="2.804546"/>
    <trkpt lat="39.833888" lon="2.806122"/>
    <trkpt lat="39.833870" lon="2.806192"/>
    <trkpt lat="39.833867" lon="2.806278"/>
    <trkpt lat="39.833886" lon="2.806357"/>
    <trkpt lat="39.833913" lon="2.806421"/>
    <trkpt lat="39.833963" lon="2.806476"/>
    <trkpt lat="39.834010" lon="2.806520"/>
    <trkpt lat="39.834265" lon="2.806658"/>
    <trkpt lat="39.834522" lon="2.806775"/>
    <trkpt lat="39.834611" lon="2.806802"/>
    <trkpt lat="39.834694" lon="2.806818"/>
    <trkpt lat="39.834767" lon="2.806817"/>
    <trkpt lat="39.836312" lon="2.806572"/>
    <trkpt lat="39.836398" lon="2.806560"/>
    <trkpt lat="39.836485" lon="2.806559"/>
    <trkpt lat="39.836557" lon="2.806570"/>
    <trkpt lat="39.837020" lon="2.806657"/>
    <trkpt lat="39.837106" lon="2.806673"/>
    <trkpt lat="39.837168" lon="2.806673"/>
    <trkpt lat="39.837224" lon="2.806665"/>
    <trkpt lat="39.837280" lon="2.806647"/>
    <trkpt lat="39.837344" lon="2.806614"/>
    <trkpt lat="39.837435" lon="2.806551"/>
    <trkpt lat="39.837604" lon="2.806415"/>
    <trkpt lat="39.837663" lon="2.806372"/>
    <trkpt lat="39.837728" lon="2.806335"/>
    <trkpt lat="39.838467" lon="2.806025"/>
    <trkpt lat="39.838601" lon="2.805963"/>
    <trkpt lat="39.838881" lon="2.805782"/>
    <trkpt lat="39.838970" lon="2.805711"/>
    <trkpt lat="39.839052" lon="2.805657"/>
    <trkpt lat="39.839136" lon="2.805619"/>
    <trkpt lat="39.839224" lon="2.805590"/>
    <trkpt lat="39.840251" lon="2.805352"/>
    <trkpt lat="39.840346" lon="2.805337"/>
    <trkpt lat="39.840419" lon="2.805336"/>
    <trkpt lat="39.840504" lon="2.805345"/>
    <trkpt lat="39.840667" lon="2.805388"/>
    <trkpt lat="39.840742" lon="2.805410"/>
    <trkpt lat="39.840831" lon="2.805425"/>
    <trkpt lat="39.840916" lon="2.805429"/>
    <trkpt lat="39.841067" lon="2.805417"/>
    <trkpt lat="39.841167" lon="2.805398"/>
    <trkpt lat="39.841270" lon="2.805361"/>
    <trkpt lat="39.841902" lon="2.805038"/>
    <trkpt lat="39.842000" lon="2.804974"/>
    <trkpt lat="39.842080" lon="2.804908"/>
    <trkpt lat="39.842158" lon="2.804834"/>
    <trkpt lat="39.842225" lon="2.804764"/>
    <trkpt lat="39.842301" lon="2.804679"/>
    <trkpt lat="39.842501" lon="2.804425"/>
    <trkpt lat="39.842771" lon="2.804055"/>
    <trkpt lat="39.842834" lon="2.803975"/>
    <trkpt lat="39.842907" lon="2.803918"/>
    <trkpt lat="39.843364" lon="2.803674"/>
    <trkpt lat="39.843418" lon="2.803653"/>
    <trkpt lat="39.843469" lon="2.803648"/>
    <trkpt lat="39.843518" lon="2.803663"/>
    <trkpt lat="39.843552" lon="2.803691"/>
    <trkpt lat="39.843579" lon="2.803728"/>
    <trkpt lat="39.843600" lon="2.803788"/>
    <trkpt lat="39.843609" lon="2.803838"/>
    <trkpt lat="39.843630" lon="2.804054"/>
    <trkpt lat="39.843649" lon="2.804151"/>
    <trkpt lat="39.843671" lon="2.804210"/>
    <trkpt lat="39.843703" lon="2.804255"/>
    <trkpt lat="39.843760" lon="2.804316"/>
    <trkpt lat="39.843822" lon="2.804350"/>
    <trkpt lat="39.843911" lon="2.804380"/>
    <trkpt lat="39.844057" lon="2.804410"/>
    <trkpt lat="39.844236" lon="2.804436"/>
    <trkpt lat="39.844898" lon="2.804501"/>
    <trkpt lat="39.844988" lon="2.804494"/>
    <trkpt lat="39.845073" lon="2.804472"/>
    <trkpt lat="39.845161" lon="2.804416"/>
    <trkpt lat="39.845225" lon="2.804351"/>
    <trkpt lat="39.845267" lon="2.804291"/>
    <trkpt lat="39.845313" lon="2.804201"/>
    <trkpt lat="39.845342" lon="2.804114"/>
    <trkpt lat="39.845351" lon="2.804009"/>
    <trkpt lat="39.845308" lon="2.803072"/>
    <trkpt lat="39.845306" lon="2.802985"/>
    <trkpt lat="39.845316" lon="2.802901"/>
    <trkpt lat="39.845333" lon="2.802821"/>
    <trkpt lat="39.845360" lon="2.802732"/>
    <trkpt lat="39.845406" lon="2.802653"/>
    <trkpt lat="39.845564" lon="2.802429"/>
    <trkpt lat="39.845597" lon="2.802369"/>
    <trkpt lat="39.845630" lon="2.802300"/>
    <trkpt lat="39.845652" lon="2.802220"/>
    <trkpt lat="39.845659" lon="2.802122"/>
    <trkpt lat="39.845662" lon="2.801973"/>
    <trkpt lat="39.845650" lon="2.801834"/>
    <trkpt lat="39.845628" lon="2.801708"/>
    <trkpt lat="39.845604" lon="2.801605"/>
    <trkpt lat="39.845567" lon="2.801489"/>
    <trkpt lat="39.845526" lon="2.801389"/>
    <trkpt lat="39.845523" lon="2.801381"/>
    <trkpt lat="39.845481" lon="2.801277"/>
    <trkpt lat="39.845172" lon="2.800512"/>
    <trkpt lat="39.845145" lon="2.800453"/>
    <trkpt lat="39.845107" lon="2.800401"/>
    <trkpt lat="39.844993" lon="2.800280"/>
    <trkpt lat="39.844971" lon="2.800251"/>
    <trkpt lat="39.844959" lon="2.800213"/>
    <trkpt lat="39.844956" lon="2.800166"/>
    <trkpt lat="39.844965" lon="2.800121"/>
    <trkpt lat="39.844986" lon="2.800081"/>
    <trkpt lat="39.845010" lon="2.800049"/>
    <trkpt lat="39.845049" lon="2.800026"/>
    <trkpt lat="39.845086" lon="2.800023"/>
    <trkpt lat="39.845133" lon="2.800034"/>
    <trkpt lat="39.845181" lon="2.800058"/>
    <trkpt lat="39.845266" lon="2.800133"/>
    <trkpt lat="39.845302" lon="2.800154"/>
    <trkpt lat="39.845344" lon="2.800165"/>
    <trkpt lat="39.845378" lon="2.800155"/>
    <trkpt lat="39.845416" lon="2.800132"/>
    <trkpt lat="39.845440" lon="2.800087"/>
    <trkpt lat="39.845451" lon="2.800043"/>
    <trkpt lat="39.845449" lon="2.799991"/>
    <trkpt lat="39.845438" lon="2.799948"/>
    <trkpt lat="39.845411" lon="2.799899"/>
    <trkpt lat="39.845295" lon="2.799740"/>
    <trkpt lat="39.845196" lon="2.799646"/>
    <trkpt lat="39.845123" lon="2.799593"/>
    <trkpt lat="39.845048" lon="2.799551"/>
    <trkpt lat="39.844962" lon="2.799494"/>
    <trkpt lat="39.844731" lon="2.799442"/>
    <trkpt lat="39.844515" lon="2.799396"/>
    <trkpt lat="39.844227" lon="2.799294"/>
    <trkpt lat="39.844188" lon="2.799272"/>
    <trkpt lat="39.844134" lon="2.799240"/>
    <trkpt lat="39.844093" lon="2.799190"/>
    <trkpt lat="39.844026" lon="2.799140"/>
    <trkpt lat="39.843950" lon="2.799087"/>
    <trkpt lat="39.843891" lon="2.799025"/>
    <trkpt lat="39.843829" lon="2.798966"/>
    <trkpt lat="39.843758" lon="2.798917"/>
    <trkpt lat="39.843684" lon="2.798883"/>
    <trkpt lat="39.843507" lon="2.798824"/>
    <trkpt lat="39.843420" lon="2.798800"/>
    <trkpt lat="39.843317" lon="2.798786"/>
    <trkpt lat="39.843211" lon="2.798778"/>
    <trkpt lat="39.842963" lon="2.798812"/>
    <trkpt lat="39.842809" lon="2.798838"/>
    <trkpt lat="39.842753" lon="2.798840"/>
    <trkpt lat="39.842696" lon="2.798838"/>
    <trkpt lat="39.842635" lon="2.798831"/>
    <trkpt lat="39.842378" lon="2.798773"/>
    <trkpt lat="39.842330" lon="2.798764"/>
    <trkpt lat="39.842280" lon="2.798761"/>
    <trkpt lat="39.842229" lon="2.798760"/>
    <trkpt lat="39.842171" lon="2.798771"/>
    <trkpt lat="39.842012" lon="2.798820"/>
    <trkpt lat="39.841942" lon="2.798832"/>
    <trkpt lat="39.841863" lon="2.798833"/>
    <trkpt lat="39.841236" lon="2.798797"/>
    <trkpt lat="39.841160" lon="2.798802"/>
    <trkpt lat="39.841099" lon="2.798811"/>
    <trkpt lat="39.841036" lon="2.798829"/>
    <trkpt lat="39.840895" lon="2.798901"/>
    <trkpt lat="39.840841" lon="2.798926"/>
    <trkpt lat="39.840782" lon="2.798945"/>
    <trkpt lat="39.840725" lon="2.798959"/>
    <trkpt lat="39.840429" lon="2.798980"/>
    <trkpt lat="39.840178" lon="2.799020"/>
    <trkpt lat="39.839804" lon="2.799080"/>
    <trkpt lat="39.839535" lon="2.799114"/>
    <trkpt lat="39.839110" lon="2.799153"/>
    <trkpt lat="39.838975" lon="2.799159"/>
    <trkpt lat="39.838898" lon="2.799156"/>
    <trkpt lat="39.838818" lon="2.799143"/>
    <trkpt lat="39.838257" lon="2.799010"/>
    <trkpt lat="39.838114" lon="2.798941"/>
    <trkpt lat="39.838086" lon="2.798920"/>
    <trkpt lat="39.838062" lon="2.798890"/>
    <trkpt lat="39.838041" lon="2.798855"/>
    <trkpt lat="39.838025" lon="2.798807"/>
    <trkpt lat="39.838011" lon="2.798739"/>
    <trkpt lat="39.837989" lon="2.798631"/>
    <trkpt lat="39.837977" lon="2.798540"/>
    <trkpt lat="39.837975" lon="2.798448"/>
    <trkpt lat="39.837979" lon="2.798361"/>
    <trkpt lat="39.837989" lon="2.798294"/>
    <trkpt lat="39.838005" lon="2.798221"/>
    <trkpt lat="39.838033" lon="2.798151"/>
    <trkpt lat="39.838063" lon="2.798097"/>
    <trkpt lat="39.838107" lon="2.798037"/>
    <trkpt lat="39.838194" lon="2.797946"/>
    <trkpt lat="39.838232" lon="2.797904"/>
    <trkpt lat="39.838258" lon="2.797865"/>
    <trkpt lat="39.838289" lon="2.797796"/>
    <trkpt lat="39.838325" lon="2.797660"/>
    <trkpt lat="39.838352" lon="2.797580"/>
    <trkpt lat="39.838382" lon="2.797502"/>
    <trkpt lat="39.838435" lon="2.797398"/>
    <trkpt lat="39.838476" lon="2.797331"/>
    <trkpt lat="39.838530" lon="2.797262"/>
    <trkpt lat="39.838648" lon="2.797134"/>
    <trkpt lat="39.838878" lon="2.796909"/>
    <trkpt lat="39.839182" lon="2.796683"/>
    <trkpt lat="39.839395" lon="2.796507"/>
    <trkpt lat="39.839617" lon="2.796318"/>
    <trkpt lat="39.839676" lon="2.796255"/>
    <trkpt lat="39.839727" lon="2.796177"/>
    <trkpt lat="39.839770" lon="2.796096"/>
    <trkpt lat="39.839879" lon="2.795877"/>
    <trkpt lat="39.839920" lon="2.795803"/>
    <trkpt lat="39.839973" lon="2.795736"/>
    <trkpt lat="39.840028" lon="2.795687"/>
    <trkpt lat="39.840209" lon="2.795548"/>
    <trkpt lat="39.840281" lon="2.795496"/>
    <trkpt lat="39.840359" lon="2.795456"/>
    <trkpt lat="39.840423" lon="2.795435"/>
    <trkpt lat="39.840479" lon="2.795427"/>
    <trkpt lat="39.840725" lon="2.795438"/>
    <trkpt lat="39.840853" lon="2.795435"/>
    <trkpt lat="39.840945" lon="2.795421"/>
    <trkpt lat="39.841227" lon="2.795352"/>
    <trkpt lat="39.841406" lon="2.795292"/>
    <trkpt lat="39.841531" lon="2.795270"/>
    <trkpt lat="39.841692" lon="2.795276"/>
    <trkpt lat="39.841863" lon="2.795313"/>
    <trkpt lat="39.841995" lon="2.795330"/>
    <trkpt lat="39.842168" lon="2.795330"/>
    <trkpt lat="39.842267" lon="2.795346"/>
    <trkpt lat="39.842336" lon="2.795373"/>
    <trkpt lat="39.842390" lon="2.795415"/>
    <trkpt lat="39.842444" lon="2.795484"/>
    <trkpt lat="39.842529" lon="2.795644"/>
    <trkpt lat="39.842572" lon="2.795716"/>
    <trkpt lat="39.842615" lon="2.795768"/>
    <trkpt lat="39.842667" lon="2.795809"/>
    <trkpt lat="39.842726" lon="2.795840"/>
    <trkpt lat="39.842784" lon="2.795856"/>
    <trkpt lat="39.842824" lon="2.795850"/>
    <trkpt lat="39.842858" lon="2.795831"/>
    <trkpt lat="39.842884" lon="2.795793"/>
    <trkpt lat="39.842903" lon="2.795745"/>
    <trkpt lat="39.842964" lon="2.795484"/>
    <trkpt lat="39.842986" lon="2.795417"/>
    <trkpt lat="39.843016" lon="2.795371"/>
    <trkpt lat="39.843057" lon="2.795334"/>
    <trkpt lat="39.843101" lon="2.795307"/>
    <trkpt lat="39.843156" lon="2.795286"/>
    <trkpt lat="39.843229" lon="2.795269"/>
    <trkpt lat="39.843327" lon="2.795265"/>
    <trkpt lat="39.843489" lon="2.795278"/>
    <trkpt lat="39.843728" lon="2.795307"/>
    <trkpt lat="39.843895" lon="2.795329"/>
    <trkpt lat="39.843956" lon="2.795323"/>
    <trkpt lat="39.844018" lon="2.795300"/>
    <trkpt lat="39.844072" lon="2.795265"/>
    <trkpt lat="39.844125" lon="2.795216"/>
    <trkpt lat="39.844179" lon="2.795140"/>
    <trkpt lat="39.844234" lon="2.795041"/>
    <trkpt lat="39.844272" lon="2.794947"/>
    <trkpt lat="39.844331" lon="2.794684"/>
    <trkpt lat="39.844415" lon="2.794298"/>
    <trkpt lat="39.844441" lon="2.794214"/>
    <trkpt lat="39.844477" lon="2.794141"/>
    <trkpt lat="39.844523" lon="2.794073"/>
    <trkpt lat="39.844544" lon="2.794055"/>
    <trkpt lat="39.844571" lon="2.794043"/>
    <trkpt lat="39.844600" lon="2.794041"/>
    <trkpt lat="39.844634" lon="2.794052"/>
    <trkpt lat="39.844659" lon="2.794069"/>
    <trkpt lat="39.844683" lon="2.794091"/>
    <trkpt lat="39.844705" lon="2.794121"/>
    <trkpt lat="39.844726" lon="2.794164"/>
    <trkpt lat="39.844774" lon="2.794359"/>
    <trkpt lat="39.844800" lon="2.794469"/>
    <trkpt lat="39.844868" lon="2.794697"/>
    <trkpt lat="39.845027" lon="2.795145"/>
    <trkpt lat="39.845093" lon="2.795365"/>
    <trkpt lat="39.845126" lon="2.795515"/>
    <trkpt lat="39.845150" lon="2.795671"/>
    <trkpt lat="39.845184" lon="2.796006"/>
    <trkpt lat="39.845202" lon="2.796182"/>
    <trkpt lat="39.845223" lon="2.796304"/>
    <trkpt lat="39.845241" lon="2.796380"/>
    <trkpt lat="39.845262" lon="2.796439"/>
    <trkpt lat="39.845294" lon="2.796509"/>
    <trkpt lat="39.845359" lon="2.796605"/>
    <trkpt lat="39.845413" lon="2.796673"/>
    <trkpt lat="39.845464" lon="2.796729"/>
    <trkpt lat="39.845521" lon="2.796781"/>
    <trkpt lat="39.845584" lon="2.796827"/>
    <trkpt lat="39.845702" lon="2.796902"/>
    <trkpt lat="39.845790" lon="2.796950"/>
    <trkpt lat="39.845937" lon="2.797002"/>
    <trkpt lat="39.846348" lon="2.797052"/>
    <trkpt lat="39.846565" lon="2.797098"/>
    <trkpt lat="39.846750" lon="2.797159"/>
    <trkpt lat="39.846806" lon="2.797189"/>
    <trkpt lat="39.846913" lon="2.797244"/>
    <trkpt lat="39.847085" lon="2.797402"/>
    <trkpt lat="39.847188" lon="2.797527"/>
    <trkpt lat="39.847383" lon="2.797741"/>
    <trkpt lat="39.847613" lon="2.797949"/>
    <trkpt lat="39.847625" lon="2.797972"/>
    <trkpt lat="39.847793" lon="2.798234"/>
    <trkpt lat="39.847934" lon="2.798458"/>
    <trkpt lat="39.847964" lon="2.798503"/>
    <trkpt lat="39.848066" lon="2.798679"/>
    <trkpt lat="39.848142" lon="2.798740"/>
    <trkpt lat="39.848338" lon="2.798883"/>
    <trkpt lat="39.848468" lon="2.798977"/>
    <trkpt lat="39.848906" lon="2.799301"/>
    <trkpt lat="39.848976" lon="2.799355"/>
    <trkpt lat="39.849074" lon="2.799403"/>
    <trkpt lat="39.849178" lon="2.799439"/>
    <trkpt lat="39.849330" lon="2.799462"/>
    <trkpt lat="39.849442" lon="2.799494"/>
    <trkpt lat="39.849553" lon="2.799551"/>
    <trkpt lat="39.849676" lon="2.799628"/>
    <trkpt lat="39.849720" lon="2.799656"/>
    <trkpt lat="39.850054" lon="2.799863"/>
    <trkpt lat="39.850146" lon="2.799906"/>
    <trkpt lat="39.850239" lon="2.799928"/>
    <trkpt lat="39.850326" lon="2.799942"/>
    <trkpt lat="39.850348" lon="2.799938"/>
    <trkpt lat="39.850349" lon="2.799938"/>
    <trkpt lat="39.850361" lon="2.799928"/>
    <trkpt lat="39.850369" lon="2.799914"/>
    <trkpt lat="39.850372" lon="2.799893"/>
    <trkpt lat="39.850375" lon="2.799795"/>
    <trkpt lat="39.850380" lon="2.799746"/>
    <trkpt lat="39.850394" lon="2.799680"/>
    <trkpt lat="39.850419" lon="2.799615"/>
    <trkpt lat="39.850440" lon="2.799580"/>
    <trkpt lat="39.850488" lon="2.799530"/>
    <trkpt lat="39.850693" lon="2.799394"/>
    <trkpt lat="39.850846" lon="2.799298"/>
    <trkpt lat="39.850966" lon="2.799231"/>
    <trkpt lat="39.851019" lon="2.799171"/>
    <trkpt lat="39.851027" lon="2.799124"/>
    <trkpt lat="39.851006" lon="2.799083"/>
    <trkpt lat="39.850979" lon="2.799070"/>
    <trkpt lat="39.850937" lon="2.799076"/>
    <trkpt lat="39.850810" lon="2.799153"/>
    <trkpt lat="39.850664" lon="2.799204"/>
    <trkpt lat="39.850442" lon="2.799229"/>
    <trkpt lat="39.850207" lon="2.799212"/>
    <trkpt lat="39.850002" lon="2.799172"/>
    <trkpt lat="39.849778" lon="2.799122"/>
    <trkpt lat="39.849462" lon="2.799034"/>
    <trkpt lat="39.849314" lon="2.798995"/>
    <trkpt lat="39.849201" lon="2.798952"/>
    <trkpt lat="39.849138" lon="2.798913"/>
    <trkpt lat="39.848973" lon="2.798734"/>
    <trkpt lat="39.848908" lon="2.798696"/>
    <trkpt lat="39.848828" lon="2.798662"/>
    <trkpt lat="39.848724" lon="2.798637"/>
    <trkpt lat="39.848655" lon="2.798620"/>
    <trkpt lat="39.848582" lon="2.798587"/>
    <trkpt lat="39.848337" lon="2.798417"/>
    <trkpt lat="39.848164" lon="2.798271"/>
    <trkpt lat="39.848009" lon="2.798131"/>
    <trkpt lat="39.847866" lon="2.798031"/>
    <trkpt lat="39.847788" lon="2.797975"/>
    <trkpt lat="39.847746" lon="2.797961"/>
    <trkpt lat="39.847642" lon="2.797955"/>
    <trkpt lat="39.847613" lon="2.797949"/>
    <trkpt lat="39.847383" lon="2.797741"/>
    <trkpt lat="39.847188" lon="2.797527"/>
    <trkpt lat="39.847085" lon="2.797402"/>
    <trkpt lat="39.846913" lon="2.797244"/>
    <trkpt lat="39.846806" lon="2.797189"/>
    <trkpt lat="39.846750" lon="2.797159"/>
    <trkpt lat="39.846565" lon="2.797098"/>
    <trkpt lat="39.846348" lon="2.797052"/>
    <trkpt lat="39.845937" lon="2.797002"/>
    <trkpt lat="39.845790" lon="2.796950"/>
    <trkpt lat="39.845702" lon="2.796902"/>
    <trkpt lat="39.845584" lon="2.796827"/>
    <trkpt lat="39.845521" lon="2.796781"/>
    <trkpt lat="39.845464" lon="2.796729"/>
    <trkpt lat="39.845413" lon="2.796673"/>
    <trkpt lat="39.845359" lon="2.796605"/>
    <trkpt lat="39.845294" lon="2.796509"/>
    <trkpt lat="39.845262" lon="2.796439"/>
    <trkpt lat="39.845241" lon="2.796380"/>
    <trkpt lat="39.845223" lon="2.796304"/>
    <trkpt lat="39.845202" lon="2.796182"/>
    <trkpt lat="39.845184" lon="2.796006"/>
    <trkpt lat="39.845150" lon="2.795671"/>
    <trkpt lat="39.845126" lon="2.795515"/>
    <trkpt lat="39.845093" lon="2.795365"/>
    <trkpt lat="39.845027" lon="2.795145"/>
    <trkpt lat="39.844868" lon="2.794697"/>
    <trkpt lat="39.844800" lon="2.794469"/>
    <trkpt lat="39.844774" lon="2.794359"/>
    <trkpt lat="39.844726" lon="2.794164"/>
    <trkpt lat="39.844705" lon="2.794121"/>
    <trkpt lat="39.844683" lon="2.794091"/>
    <trkpt lat="39.844659" lon="2.794069"/>
    <trkpt lat="39.844634" lon="2.794052"/>
    <trkpt lat="39.844600" lon="2.794041"/>
    <trkpt lat="39.844571" lon="2.794043"/>
    <trkpt lat="39.844544" lon="2.794055"/>
    <trkpt lat="39.844523" lon="2.794073"/>
    <trkpt lat="39.844477" lon="2.794141"/>
    <trkpt lat="39.844441" lon="2.794214"/>
    <trkpt lat="39.844415" lon="2.794298"/>
    <trkpt lat="39.844331" lon="2.794684"/>
    <trkpt lat="39.844272" lon="2.794947"/>
    <trkpt lat="39.844234" lon="2.795041"/>
    <trkpt lat="39.844179" lon="2.795140"/>
    <trkpt lat="39.844125" lon="2.795216"/>
    <trkpt lat="39.844072" lon="2.795265"/>
    <trkpt lat="39.844018" lon="2.795300"/>
    <trkpt lat="39.843956" lon="2.795323"/>
    <trkpt lat="39.843895" lon="2.795329"/>
    <trkpt lat="39.843728" lon="2.795307"/>
    <trkpt lat="39.843489" lon="2.795278"/>
    <trkpt lat="39.843327" lon="2.795265"/>
    <trkpt lat="39.843229" lon="2.795269"/>
    <trkpt lat="39.843156" lon="2.795286"/>
    <trkpt lat="39.843101" lon="2.795307"/>
    <trkpt lat="39.843057" lon="2.795334"/>
    <trkpt lat="39.843016" lon="2.795371"/>
    <trkpt lat="39.842986" lon="2.795417"/>
    <trkpt lat="39.842964" lon="2.795484"/>
    <trkpt lat="39.842903" lon="2.795745"/>
    <trkpt lat="39.842884" lon="2.795793"/>
    <trkpt lat="39.842858" lon="2.795831"/>
    <trkpt lat="39.842824" lon="2.795850"/>
    <trkpt lat="39.842784" lon="2.795856"/>
    <trkpt lat="39.842726" lon="2.795840"/>
    <trkpt lat="39.842667" lon="2.795809"/>
    <trkpt lat="39.842615" lon="2.795768"/>
    <trkpt lat="39.842572" lon="2.795716"/>
    <trkpt lat="39.842529" lon="2.795644"/>
    <trkpt lat="39.842444" lon="2.795484"/>
    <trkpt lat="39.842390" lon="2.795415"/>
    <trkpt lat="39.842336" lon="2.795373"/>
    <trkpt lat="39.842267" lon="2.795346"/>
    <trkpt lat="39.842168" lon="2.795330"/>
    <trkpt lat="39.841995" lon="2.795330"/>
    <trkpt lat="39.841863" lon="2.795313"/>
    <trkpt lat="39.841692" lon="2.795276"/>
    <trkpt lat="39.841531" lon="2.795270"/>
    <trkpt lat="39.841406" lon="2.795292"/>
    <trkpt lat="39.841227" lon="2.795352"/>
    <trkpt lat="39.840945" lon="2.795421"/>
    <trkpt lat="39.840853" lon="2.795435"/>
    <trkpt lat="39.840725" lon="2.795438"/>
    <trkpt lat="39.840479" lon="2.795427"/>
    <trkpt lat="39.840423" lon="2.795435"/>
    <trkpt lat="39.840359" lon="2.795456"/>
    <trkpt lat="39.840281" lon="2.795496"/>
    <trkpt lat="39.840209" lon="2.795548"/>
    <trkpt lat="39.840028" lon="2.795687"/>
    <trkpt lat="39.839973" lon="2.795736"/>
    <trkpt lat="39.839920" lon="2.795803"/>
    <trkpt lat="39.839879" lon="2.795877"/>
    <trkpt lat="39.839770" lon="2.796096"/>
    <trkpt lat="39.839727" lon="2.796177"/>
    <trkpt lat="39.839676" lon="2.796255"/>
    <trkpt lat="39.839617" lon="2.796318"/>
    <trkpt lat="39.839395" lon="2.796507"/>
    <trkpt lat="39.839182" lon="2.796683"/>
    <trkpt lat="39.838878" lon="2.796909"/>
    <trkpt lat="39.838648" lon="2.797134"/>
    <trkpt lat="39.838530" lon="2.797262"/>
    <trkpt lat="39.838476" lon="2.797331"/>
    <trkpt lat="39.838435" lon="2.797398"/>
    <trkpt lat="39.838382" lon="2.797502"/>
    <trkpt lat="39.838352" lon="2.797580"/>
    <trkpt lat="39.838325" lon="2.797660"/>
    <trkpt lat="39.838289" lon="2.797796"/>
    <trkpt lat="39.838258" lon="2.797865"/>
    <trkpt lat="39.838232" lon="2.797904"/>
    <trkpt lat="39.838194" lon="2.797946"/>
    <trkpt lat="39.838107" lon="2.798037"/>
    <trkpt lat="39.838063" lon="2.798097"/>
    <trkpt lat="39.838033" lon="2.798151"/>
    <trkpt lat="39.838005" lon="2.798221"/>
    <trkpt lat="39.837989" lon="2.798294"/>
    <trkpt lat="39.837979" lon="2.798361"/>
    <trkpt lat="39.837975" lon="2.798448"/>
    <trkpt lat="39.837977" lon="2.798540"/>
    <trkpt lat="39.837989" lon="2.798631"/>
    <trkpt lat="39.838011" lon="2.798739"/>
    <trkpt lat="39.838025" lon="2.798807"/>
    <trkpt lat="39.838041" lon="2.798855"/>
    <trkpt lat="39.838062" lon="2.798890"/>
    <trkpt lat="39.838086" lon="2.798920"/>
    <trkpt lat="39.838114" lon="2.798941"/>
    <trkpt lat="39.838257" lon="2.799010"/>
    <trkpt lat="39.838818" lon="2.799143"/>
    <trkpt lat="39.838898" lon="2.799156"/>
    <trkpt lat="39.838975" lon="2.799159"/>
    <trkpt lat="39.839110" lon="2.799153"/>
    <trkpt lat="39.839535" lon="2.799114"/>
    <trkpt lat="39.839804" lon="2.799080"/>
    <trkpt lat="39.840178" lon="2.799020"/>
    <trkpt lat="39.840429" lon="2.798980"/>
    <trkpt lat="39.840725" lon="2.798959"/>
    <trkpt lat="39.840782" lon="2.798945"/>
    <trkpt lat="39.840841" lon="2.798926"/>
    <trkpt lat="39.840895" lon="2.798901"/>
    <trkpt lat="39.841036" lon="2.798829"/>
    <trkpt lat="39.841099" lon="2.798811"/>
    <trkpt lat="39.841160" lon="2.798802"/>
    <trkpt lat="39.841236" lon="2.798797"/>
    <trkpt lat="39.841863" lon="2.798833"/>
    <trkpt lat="39.841942" lon="2.798832"/>
    <trkpt lat="39.842012" lon="2.798820"/>
    <trkpt lat="39.842171" lon="2.798771"/>
    <trkpt lat="39.842229" lon="2.798760"/>
    <trkpt lat="39.842280" lon="2.798761"/>
    <trkpt lat="39.842330" lon="2.798764"/>
    <trkpt lat="39.842378" lon="2.798773"/>
    <trkpt lat="39.842635" lon="2.798831"/>
    <trkpt lat="39.842696" lon="2.798838"/>
    <trkpt lat="39.842753" lon="2.798840"/>
    <trkpt lat="39.842809" lon="2.798838"/>
    <trkpt lat="39.842963" lon="2.798812"/>
    <trkpt lat="39.843211" lon="2.798778"/>
    <trkpt lat="39.843317" lon="2.798786"/>
    <trkpt lat="39.843420" lon="2.798800"/>
    <trkpt lat="39.843507" lon="2.798824"/>
    <trkpt lat="39.843684" lon="2.798883"/>
    <trkpt lat="39.843758" lon="2.798917"/>
    <trkpt lat="39.843829" lon="2.798966"/>
    <trkpt lat="39.843891" lon="2.799025"/>
    <trkpt lat="39.843950" lon="2.799087"/>
    <trkpt lat="39.844026" lon="2.799140"/>
    <trkpt lat="39.844093" lon="2.799190"/>
    <trkpt lat="39.844134" lon="2.799240"/>
    <trkpt lat="39.844188" lon="2.799272"/>
    <trkpt lat="39.844227" lon="2.799294"/>
    <trkpt lat="39.844515" lon="2.799396"/>
    <trkpt lat="39.844731" lon="2.799442"/>
    <trkpt lat="39.844962" lon="2.799494"/>
    <trkpt lat="39.845048" lon="2.799551"/>
    <trkpt lat="39.845123" lon="2.799593"/>
    <trkpt lat="39.845196" lon="2.799646"/>
    <trkpt lat="39.845295" lon="2.799740"/>
    <trkpt lat="39.845411" lon="2.799899"/>
    <trkpt lat="39.845438" lon="2.799948"/>
    <trkpt lat="39.845449" lon="2.799991"/>
    <trkpt lat="39.845451" lon="2.800043"/>
    <trkpt lat="39.845440" lon="2.800087"/>
    <trkpt lat="39.845416" lon="2.800132"/>
    <trkpt lat="39.845378" lon="2.800155"/>
    <trkpt lat="39.845344" lon="2.800165"/>
    <trkpt lat="39.845302" lon="2.800154"/>
    <trkpt lat="39.845266" lon="2.800133"/>
    <trkpt lat="39.845181" lon="2.800058"/>
    <trkpt lat="39.845133" lon="2.800034"/>
    <trkpt lat="39.845086" lon="2.800023"/>
    <trkpt lat="39.845049" lon="2.800026"/>
    <trkpt lat="39.845010" lon="2.800049"/>
    <trkpt lat="39.844986" lon="2.800081"/>
    <trkpt lat="39.844965" lon="2.800121"/>
    <trkpt lat="39.844956" lon="2.800166"/>
    <trkpt lat="39.844959" lon="2.800213"/>
    <trkpt lat="39.844971" lon="2.800251"/>
    <trkpt lat="39.844993" lon="2.800280"/>
    <trkpt lat="39.845107" lon="2.800401"/>
    <trkpt lat="39.845145" lon="2.800453"/>
    <trkpt lat="39.845172" lon="2.800512"/>
    <trkpt lat="39.845481" lon="2.801277"/>
    <trkpt lat="39.845523" lon="2.801381"/>
    <trkpt lat="39.845526" lon="2.801389"/>
    <trkpt lat="39.845567" lon="2.801489"/>
    <trkpt lat="39.845604" lon="2.801605"/>
    <trkpt lat="39.845628" lon="2.801708"/>
    <trkpt lat="39.845650" lon="2.801834"/>
    <trkpt lat="39.845662" lon="2.801973"/>
    <trkpt lat="39.845659" lon="2.802122"/>
    <trkpt lat="39.845652" lon="2.802220"/>
    <trkpt lat="39.845630" lon="2.802300"/>
    <trkpt lat="39.845597" lon="2.802369"/>
    <trkpt lat="39.845564" lon="2.802429"/>
    <trkpt lat="39.845406" lon="2.802653"/>
    <trkpt lat="39.845360" lon="2.802732"/>
    <trkpt lat="39.845333" lon="2.802821"/>
    <trkpt lat="39.845316" lon="2.802901"/>
    <trkpt lat="39.845306" lon="2.802985"/>
    <trkpt lat="39.845308" lon="2.803072"/>
    <trkpt lat="39.845351" lon="2.804009"/>
    <trkpt lat="39.845342" lon="2.804114"/>
    <trkpt lat="39.845313" lon="2.804201"/>
    <trkpt lat="39.845267" lon="2.804291"/>
    <trkpt lat="39.845225" lon="2.804351"/>
    <trkpt lat="39.845161" lon="2.804416"/>
    <trkpt lat="39.845073" lon="2.804472"/>
    <trkpt lat="39.844988" lon="2.804494"/>
    <trkpt lat="39.844898" lon="2.804501"/>
    <trkpt lat="39.844236" lon="2.804436"/>
    <trkpt lat="39.844057" lon="2.804410"/>
    <trkpt lat="39.843911" lon="2.804380"/>
    <trkpt lat="39.843822" lon="2.804350"/>
    <trkpt lat="39.843760" lon="2.804316"/>
    <trkpt lat="39.843703" lon="2.804255"/>
    <trkpt lat="39.843671" lon="2.804210"/>
    <trkpt lat="39.843649" lon="2.804151"/>
    <trkpt lat="39.843630" lon="2.804054"/>
    <trkpt lat="39.843609" lon="2.803838"/>
    <trkpt lat="39.843600" lon="2.803788"/>
    <trkpt lat="39.843579" lon="2.803728"/>
    <trkpt lat="39.843552" lon="2.803691"/>
    <trkpt lat="39.843518" lon="2.803663"/>
    <trkpt lat="39.843469" lon="2.803648"/>
    <trkpt lat="39.843418" lon="2.803653"/>
    <trkpt lat="39.843364" lon="2.803674"/>
    <trkpt lat="39.842907" lon="2.803918"/>
    <trkpt lat="39.842834" lon="2.803975"/>
    <trkpt lat="39.842771" lon="2.804055"/>
    <trkpt lat="39.842501" lon="2.804425"/>
    <trkpt lat="39.842301" lon="2.804679"/>
    <trkpt lat="39.842225" lon="2.804764"/>
    <trkpt lat="39.842158" lon="2.804834"/>
    <trkpt lat="39.842080" lon="2.804908"/>
    <trkpt lat="39.842000" lon="2.804974"/>
    <trkpt lat="39.841902" lon="2.805038"/>
    <trkpt lat="39.841270" lon="2.805361"/>
    <trkpt lat="39.841167" lon="2.805398"/>
    <trkpt lat="39.841067" lon="2.805417"/>
    <trkpt lat="39.840916" lon="2.805429"/>
    <trkpt lat="39.840831" lon="2.805425"/>
    <trkpt lat="39.840742" lon="2.805410"/>
    <trkpt lat="39.840667" lon="2.805388"/>
    <trkpt lat="39.840504" lon="2.805345"/>
    <trkpt lat="39.840419" lon="2.805336"/>
    <trkpt lat="39.840346" lon="2.805337"/>
    <trkpt lat="39.840251" lon="2.805352"/>
    <trkpt lat="39.839224" lon="2.805590"/>
    <trkpt lat="39.839136" lon="2.805619"/>
    <trkpt lat="39.839052" lon="2.805657"/>
    <trkpt lat="39.838970" lon="2.805711"/>
    <trkpt lat="39.838881" lon="2.805782"/>
    <trkpt lat="39.838601" lon="2.805963"/>
    <trkpt lat="39.838467" lon="2.806025"/>
    <trkpt lat="39.837728" lon="2.806335"/>
    <trkpt lat="39.837663" lon="2.806372"/>
    <trkpt lat="39.837604" lon="2.806415"/>
    <trkpt lat="39.837435" lon="2.806551"/>
    <trkpt lat="39.837344" lon="2.806614"/>
    <trkpt lat="39.837280" lon="2.806647"/>
    <trkpt lat="39.837224" lon="2.806665"/>
    <trkpt lat="39.837168" lon="2.806673"/>
    <trkpt lat="39.837106" lon="2.806673"/>
    <trkpt lat="39.837020" lon="2.806657"/>
    <trkpt lat="39.836557" lon="2.806570"/>
    <trkpt lat="39.836485" lon="2.806559"/>
    <trkpt lat="39.836398" lon="2.806560"/>
    <trkpt lat="39.836312" lon="2.806572"/>
    <trkpt lat="39.834767" lon="2.806817"/>
    <trkpt lat="39.834694" lon="2.806818"/>
    <trkpt lat="39.834611" lon="2.806802"/>
    <trkpt lat="39.834522" lon="2.806775"/>
    <trkpt lat="39.834265" lon="2.806658"/>
    <trkpt lat="39.834010" lon="2.806520"/>
    <trkpt lat="39.833963" lon="2.806476"/>
    <trkpt lat="39.833913" lon="2.806421"/>
    <trkpt lat="39.833886" lon="2.806357"/>
    <trkpt lat="39.833867" lon="2.806278"/>
    <trkpt lat="39.833870" lon="2.806192"/>
    <trkpt lat="39.833888" lon="2.806122"/>
    <trkpt lat="39.834557" lon="2.804546"/>
    <trkpt lat="39.834615" lon="2.804440"/>
    <trkpt lat="39.834672" lon="2.804375"/>
    <trkpt lat="39.835090" lon="2.804120"/>
    <trkpt lat="39.835159" lon="2.804068"/>
    <trkpt lat="39.835232" lon="2.804002"/>
    <trkpt lat="39.835694" lon="2.803513"/>
    <trkpt lat="39.835728" lon="2.803466"/>
    <trkpt lat="39.835749" lon="2.803400"/>
    <trkpt lat="39.835757" lon="2.803335"/>
    <trkpt lat="39.835755" lon="2.803277"/>
    <trkpt lat="39.835687" lon="2.802854"/>
    <trkpt lat="39.835665" lon="2.802789"/>
    <trkpt lat="39.835631" lon="2.802720"/>
    <trkpt lat="39.835591" lon="2.802663"/>
    <trkpt lat="39.835544" lon="2.802615"/>
    <trkpt lat="39.835504" lon="2.802586"/>
    <trkpt lat="39.835453" lon="2.802564"/>
    <trkpt lat="39.835412" lon="2.802556"/>
    <trkpt lat="39.835159" lon="2.802541"/>
    <trkpt lat="39.835091" lon="2.802546"/>
    <trkpt lat="39.835034" lon="2.802565"/>
    <trkpt lat="39.834462" lon="2.802810"/>
    <trkpt lat="39.834424" lon="2.802840"/>
    <trkpt lat="39.834391" lon="2.802879"/>
    <trkpt lat="39.834365" lon="2.802935"/>
    <trkpt lat="39.834348" lon="2.803009"/>
    <trkpt lat="39.834247" lon="2.803633"/>
    <trkpt lat="39.834214" lon="2.803757"/>
    <trkpt lat="39.834178" lon="2.803864"/>
    <trkpt lat="39.834145" lon="2.803939"/>
    <trkpt lat="39.834103" lon="2.804006"/>
    <trkpt lat="39.834059" lon="2.804057"/>
    <trkpt lat="39.834014" lon="2.804095"/>
    <trkpt lat="39.833824" lon="2.804187"/>
    <trkpt lat="39.833760" lon="2.804205"/>
    <trkpt lat="39.833713" lon="2.804212"/>
    <trkpt lat="39.833658" lon="2.804211"/>
    <trkpt lat="39.833608" lon="2.804190"/>
    <trkpt lat="39.833558" lon="2.804161"/>
    <trkpt lat="39.833212" lon="2.803890"/>
    <trkpt lat="39.833169" lon="2.803864"/>
    <trkpt lat="39.833110" lon="2.803843"/>
    <trkpt lat="39.833026" lon="2.803823"/>
    <trkpt lat="39.832912" lon="2.803805"/>
    <trkpt lat="39.832839" lon="2.803812"/>
    <trkpt lat="39.832769" lon="2.803828"/>
    <trkpt lat="39.831694" lon="2.804089"/>
    <trkpt lat="39.831512" lon="2.804158"/>
    <trkpt lat="39.831158" lon="2.804338"/>
    <trkpt lat="39.831127" lon="2.804361"/>
    <trkpt lat="39.831109" lon="2.804381"/>
    <trkpt lat="39.831090" lon="2.804412"/>
    <trkpt lat="39.831076" lon="2.804447"/>
    <trkpt lat="39.831064" lon="2.804495"/>
    <trkpt lat="39.831059" lon="2.804546"/>
    <trkpt lat="39.831053" lon="2.804749"/>
    <trkpt lat="39.831038" lon="2.804867"/>
    <trkpt lat="39.831013" lon="2.804982"/>
    <trkpt lat="39.830989" lon="2.805055"/>
    <trkpt lat="39.830967" lon="2.805101"/>
    <trkpt lat="39.830943" lon="2.805137"/>
    <trkpt lat="39.830914" lon="2.805166"/>
    <trkpt lat="39.830882" lon="2.805192"/>
    <trkpt lat="39.830846" lon="2.805210"/>
    <trkpt lat="39.830809" lon="2.805220"/>
    <trkpt lat="39.830763" lon="2.805223"/>
    <trkpt lat="39.830725" lon="2.805218"/>
    <trkpt lat="39.830685" lon="2.805206"/>
    <trkpt lat="39.830626" lon="2.805167"/>
    <trkpt lat="39.830556" lon="2.805109"/>
    <trkpt lat="39.830111" lon="2.804739"/>
    <trkpt lat="39.830031" lon="2.804665"/>
    <trkpt lat="39.829985" lon="2.804607"/>
    <trkpt lat="39.829944" lon="2.804541"/>
    <trkpt lat="39.829909" lon="2.804468"/>
    <trkpt lat="39.829488" lon="2.803478"/>
    <trkpt lat="39.829417" lon="2.803302"/>
    <trkpt lat="39.829396" lon="2.803242"/>
    <trkpt lat="39.829378" lon="2.803170"/>
    <trkpt lat="39.829357" lon="2.803062"/>
    <trkpt lat="39.829349" lon="2.803026"/>
    <trkpt lat="39.829340" lon="2.803007"/>
    <trkpt lat="39.829326" lon="2.802989"/>
    <trkpt lat="39.829310" lon="2.802977"/>
    <trkpt lat="39.829287" lon="2.802972"/>
    <trkpt lat="39.829264" lon="2.802974"/>
    <trkpt lat="39.829245" lon="2.802984"/>
    <trkpt lat="39.829229" lon="2.802999"/>
    <trkpt lat="39.829218" lon="2.803022"/>
    <trkpt lat="39.829214" lon="2.803052"/>
    <trkpt lat="39.829214" lon="2.803081"/>
    <trkpt lat="39.829218" lon="2.803111"/>
    <trkpt lat="39.829297" lon="2.803322"/>
    <trkpt lat="39.829362" lon="2.803521"/>
    <trkpt lat="39.829387" lon="2.803599"/>
    <trkpt lat="39.829752" lon="2.804607"/>
    <trkpt lat="39.829815" lon="2.804791"/>
    <trkpt lat="39.829866" lon="2.804961"/>
    <trkpt lat="39.829904" lon="2.805072"/>
    <trkpt lat="39.829947" lon="2.805168"/>
    <trkpt lat="39.829987" lon="2.805240"/>
    <trkpt lat="39.830027" lon="2.805301"/>
    <trkpt lat="39.830409" lon="2.805827"/>
    <trkpt lat="39.830452" lon="2.805881"/>
    <trkpt lat="39.830498" lon="2.805926"/>
    <trkpt lat="39.830534" lon="2.805956"/>
    <trkpt lat="39.830575" lon="2.805979"/>
    <trkpt lat="39.830758" lon="2.806072"/>
    <trkpt lat="39.830794" lon="2.806093"/>
    <trkpt lat="39.830830" lon="2.806120"/>
    <trkpt lat="39.830858" lon="2.806147"/>
    <trkpt lat="39.830882" lon="2.806186"/>
    <trkpt lat="39.830899" lon="2.806225"/>
    <trkpt lat="39.830915" lon="2.806271"/>
    <trkpt lat="39.830995" lon="2.806592"/>
    <trkpt lat="39.831006" lon="2.806652"/>
    <trkpt lat="39.831008" lon="2.806693"/>
    <trkpt lat="39.831006" lon="2.806729"/>
    <trkpt lat="39.830999" lon="2.806763"/>
    <trkpt lat="39.830987" lon="2.806790"/>
    <trkpt lat="39.830968" lon="2.806814"/>
    <trkpt lat="39.830944" lon="2.806831"/>
    <trkpt lat="39.830919" lon="2.806837"/>
    <trkpt lat="39.830898" lon="2.806838"/>
    <trkpt lat="39.830875" lon="2.806831"/>
    <trkpt lat="39.830855" lon="2.806819"/>
    <trkpt lat="39.830836" lon="2.806801"/>
    <trkpt lat="39.830814" lon="2.806766"/>
    <trkpt lat="39.830794" lon="2.806722"/>
    <trkpt lat="39.830776" lon="2.806676"/>
    <trkpt lat="39.830676" lon="2.806393"/>
    <trkpt lat="39.830625" lon="2.806267"/>
    <trkpt lat="39.830608" lon="2.806236"/>
    <trkpt lat="39.830588" lon="2.806213"/>
    <trkpt lat="39.830565" lon="2.806196"/>
    <trkpt lat="39.830540" lon="2.806189"/>
    <trkpt lat="39.830520" lon="2.806193"/>
    <trkpt lat="39.830501" lon="2.806208"/>
    <trkpt lat="39.830489" lon="2.806229"/>
    <trkpt lat="39.830483" lon="2.806258"/>
    <trkpt lat="39.830485" lon="2.806295"/>
    <trkpt lat="39.830493" lon="2.806328"/>
    <trkpt lat="39.830514" lon="2.806368"/>
    <trkpt lat="39.830559" lon="2.806458"/>
    <trkpt lat="39.830590" lon="2.806542"/>
    <trkpt lat="39.830635" lon="2.806716"/>
    <trkpt lat="39.830715" lon="2.807018"/>
    <trkpt lat="39.830733" lon="2.807110"/>
    <trkpt lat="39.830744" lon="2.807212"/>
    <trkpt lat="39.830753" lon="2.807448"/>
    <trkpt lat="39.830767" lon="2.807613"/>
    <trkpt lat="39.830786" lon="2.807781"/>
    <trkpt lat="39.830807" lon="2.807907"/>
    <trkpt lat="39.830834" lon="2.808018"/>
    <trkpt lat="39.830880" lon="2.808134"/>
    <trkpt lat="39.830901" lon="2.808176"/>
    <trkpt lat="39.830916" lon="2.808213"/>
    <trkpt lat="39.830925" lon="2.808258"/>
    <trkpt lat="39.830926" lon="2.808294"/>
    <trkpt lat="39.830918" lon="2.808321"/>
    <trkpt lat="39.830903" lon="2.808342"/>
    <trkpt lat="39.830886" lon="2.808350"/>
    <trkpt lat="39.830866" lon="2.808352"/>
    <trkpt lat="39.830845" lon="2.808343"/>
    <trkpt lat="39.830823" lon="2.808320"/>
    <trkpt lat="39.830808" lon="2.808295"/>
    <trkpt lat="39.830709" lon="2.808022"/>
    <trkpt lat="39.830649" lon="2.807821"/>
    <trkpt lat="39.830567" lon="2.807375"/>
    <trkpt lat="39.830556" lon="2.807322"/>
    <trkpt lat="39.830546" lon="2.807289"/>
    <trkpt lat="39.830532" lon="2.807267"/>
    <trkpt lat="39.830515" lon="2.807254"/>
    <trkpt lat="39.830492" lon="2.807247"/>
    <trkpt lat="39.830472" lon="2.807253"/>
    <trkpt lat="39.830451" lon="2.807267"/>
    <trkpt lat="39.830437" lon="2.807293"/>
    <trkpt lat="39.830430" lon="2.807329"/>
    <trkpt lat="39.830430" lon="2.807370"/>
    <trkpt lat="39.830486" lon="2.807718"/>
    <trkpt lat="39.830506" lon="2.807811"/>
    <trkpt lat="39.830536" lon="2.807901"/>
    <trkpt lat="39.830665" lon="2.808206"/>
    <trkpt lat="39.830692" lon="2.808286"/>
    <trkpt lat="39.830725" lon="2.808406"/>
    <trkpt lat="39.830754" lon="2.808537"/>
    <trkpt lat="39.830905" lon="2.809476"/>
    <trkpt lat="39.830916" lon="2.809564"/>
    <trkpt lat="39.830914" lon="2.809652"/>
    <trkpt lat="39.830895" lon="2.809816"/>
    <trkpt lat="39.830889" lon="2.809879"/>
    <trkpt lat="39.830889" lon="2.809937"/>
    <trkpt lat="39.830891" lon="2.809998"/>
    <trkpt lat="39.830899" lon="2.810042"/>
    <trkpt lat="39.830913" lon="2.810095"/>
    <trkpt lat="39.830932" lon="2.810140"/>
    <trkpt lat="39.830961" lon="2.810196"/>
    <trkpt lat="39.830994" lon="2.810238"/>
    <trkpt lat="39.831065" lon="2.810327"/>
    <trkpt lat="39.831124" lon="2.810386"/>
    <trkpt lat="39.831225" lon="2.810476"/>
    <trkpt lat="39.831279" lon="2.810517"/>
    <trkpt lat="39.831344" lon="2.810555"/>
    <trkpt lat="39.831393" lon="2.810576"/>
    <trkpt lat="39.831727" lon="2.810708"/>
    <trkpt lat="39.831883" lon="2.810767"/>
    <trkpt lat="39.831963" lon="2.810804"/>
    <trkpt lat="39.832050" lon="2.810860"/>
    <trkpt lat="39.832080" lon="2.810891"/>
    <trkpt lat="39.832105" lon="2.810927"/>
    <trkpt lat="39.832120" lon="2.810966"/>
    <trkpt lat="39.832130" lon="2.811007"/>
    <trkpt lat="39.832140" lon="2.811072"/>
    <trkpt lat="39.832176" lon="2.811430"/>
    <trkpt lat="39.832193" lon="2.811563"/>
    <trkpt lat="39.832224" lon="2.811736"/>
    <trkpt lat="39.832274" lon="2.811966"/>
    <trkpt lat="39.832294" lon="2.812041"/>
    <trkpt lat="39.832324" lon="2.812109"/>
    <trkpt lat="39.832367" lon="2.812179"/>
    <trkpt lat="39.832595" lon="2.812449"/>
    <trkpt lat="39.832639" lon="2.812504"/>
    <trkpt lat="39.832670" lon="2.812558"/>
    <trkpt lat="39.832685" lon="2.812608"/>
    <trkpt lat="39.832692" lon="2.812652"/>
    <trkpt lat="39.832691" lon="2.812700"/>
    <trkpt lat="39.832681" lon="2.812740"/>
    <trkpt lat="39.832663" lon="2.812790"/>
    <trkpt lat="39.832627" lon="2.812851"/>
    <trkpt lat="39.832582" lon="2.812908"/>
    <trkpt lat="39.832535" lon="2.812945"/>
    <trkpt lat="39.832488" lon="2.812971"/>
    <trkpt lat="39.832434" lon="2.812992"/>
    <trkpt lat="39.832378" lon="2.813006"/>
    <trkpt lat="39.832318" lon="2.813013"/>
    <trkpt lat="39.832277" lon="2.813009"/>
    <trkpt lat="39.832245" lon="2.812997"/>
    <trkpt lat="39.832208" lon="2.812976"/>
    <trkpt lat="39.832173" lon="2.812946"/>
    <trkpt lat="39.832151" lon="2.812915"/>
    <trkpt lat="39.832136" lon="2.812876"/>
    <trkpt lat="39.832125" lon="2.812829"/>
    <trkpt lat="39.832123" lon="2.812775"/>
    <trkpt lat="39.832130" lon="2.812710"/>
    <trkpt lat="39.832157" lon="2.812572"/>
    <trkpt lat="39.832162" lon="2.812527"/>
    <trkpt lat="39.832158" lon="2.812480"/>
    <trkpt lat="39.832146" lon="2.812440"/>
    <trkpt lat="39.832130" lon="2.812410"/>
    <trkpt lat="39.832104" lon="2.812385"/>
    <trkpt lat="39.832081" lon="2.812373"/>
    <trkpt lat="39.832055" lon="2.812366"/>
    <trkpt lat="39.832032" lon="2.812370"/>
    <trkpt lat="39.832009" lon="2.812377"/>
    <trkpt lat="39.831986" lon="2.812399"/>
    <trkpt lat="39.831970" lon="2.812426"/>
    <trkpt lat="39.831959" lon="2.812469"/>
    <trkpt lat="39.831934" lon="2.812853"/>
    <trkpt lat="39.831920" lon="2.812969"/>
    <trkpt lat="39.831900" lon="2.813087"/>
    <trkpt lat="39.831875" lon="2.813198"/>
    <trkpt lat="39.831848" lon="2.813294"/>
    <trkpt lat="39.831818" lon="2.813371"/>
    <trkpt lat="39.831789" lon="2.813429"/>
    <trkpt lat="39.831697" lon="2.813561"/>
    <trkpt lat="39.831670" lon="2.813603"/>
    <trkpt lat="39.831654" lon="2.813640"/>
    <trkpt lat="39.831646" lon="2.813686"/>
    <trkpt lat="39.831648" lon="2.813730"/>
    <trkpt lat="39.831659" lon="2.813767"/>
    <trkpt lat="39.831677" lon="2.813799"/>
    <trkpt lat="39.831702" lon="2.813824"/>
    <trkpt lat="39.831734" lon="2.813848"/>
    <trkpt lat="39.831772" lon="2.813867"/>
    <trkpt lat="39.831814" lon="2.813876"/>
    <trkpt lat="39.831859" lon="2.813879"/>
    <trkpt lat="39.831907" lon="2.813875"/>
    <trkpt lat="39.832017" lon="2.813849"/>
    <trkpt lat="39.832126" lon="2.813821"/>
    <trkpt lat="39.832323" lon="2.813752"/>
    <trkpt lat="39.832432" lon="2.813710"/>
    <trkpt lat="39.832526" lon="2.813660"/>
    <trkpt lat="39.832604" lon="2.813613"/>
    <trkpt lat="39.832676" lon="2.813557"/>
    <trkpt lat="39.832750" lon="2.813493"/>
    <trkpt lat="39.832799" lon="2.813438"/>
    <trkpt lat="39.832858" lon="2.813364"/>
    <trkpt lat="39.832908" lon="2.813286"/>
    <trkpt lat="39.832953" lon="2.813184"/>
    <trkpt lat="39.833229" lon="2.812362"/>
    <trkpt lat="39.833331" lon="2.812052"/>
    <trkpt lat="39.833363" lon="2.811963"/>
    <trkpt lat="39.833378" lon="2.811930"/>
    <trkpt lat="39.833394" lon="2.811905"/>
    <trkpt lat="39.833417" lon="2.811885"/>
    <trkpt lat="39.833440" lon="2.811873"/>
    <trkpt lat="39.833465" lon="2.811868"/>
    <trkpt lat="39.833492" lon="2.811876"/>
    <trkpt lat="39.833511" lon="2.811890"/>
    <trkpt lat="39.833527" lon="2.811911"/>
    <trkpt lat="39.833540" lon="2.811945"/>
    <trkpt lat="39.833542" lon="2.811991"/>
    <trkpt lat="39.833537" lon="2.812035"/>
    <trkpt lat="39.833525" lon="2.812084"/>
    <trkpt lat="39.833366" lon="2.812613"/>
    <trkpt lat="39.833108" lon="2.813472"/>
    <trkpt lat="39.833046" lon="2.813665"/>
    <trkpt lat="39.832990" lon="2.813791"/>
    <trkpt lat="39.832890" lon="2.813977"/>
    <trkpt lat="39.832794" lon="2.814124"/>
    <trkpt lat="39.832700" lon="2.814241"/>
    <trkpt lat="39.832597" lon="2.814328"/>
    <trkpt lat="39.832473" lon="2.814404"/>
    <trkpt lat="39.832346" lon="2.814466"/>
    <trkpt lat="39.832164" lon="2.814522"/>
    <trkpt lat="39.832071" lon="2.814561"/>
    <trkpt lat="39.831949" lon="2.814628"/>
    <trkpt lat="39.831593" lon="2.814861"/>
    <trkpt lat="39.831555" lon="2.814881"/>
    <trkpt lat="39.831518" lon="2.814891"/>
    <trkpt lat="39.831476" lon="2.814892"/>
    <trkpt lat="39.831431" lon="2.814877"/>
    <trkpt lat="39.831398" lon="2.814852"/>
    <trkpt lat="39.831366" lon="2.814816"/>
    <trkpt lat="39.831149" lon="2.814486"/>
    <trkpt lat="39.831105" lon="2.814421"/>
    <trkpt lat="39.831047" lon="2.814353"/>
    <trkpt lat="39.830972" lon="2.814287"/>
    <trkpt lat="39.830852" lon="2.814197"/>
    <trkpt lat="39.830803" lon="2.814160"/>
    <trkpt lat="39.830742" lon="2.814128"/>
    <trkpt lat="39.830687" lon="2.814106"/>
    <trkpt lat="39.830631" lon="2.814092"/>
    <trkpt lat="39.830594" lon="2.814083"/>
    <trkpt lat="39.830559" lon="2.814086"/>
    <trkpt lat="39.830527" lon="2.814095"/>
    <trkpt lat="39.830492" lon="2.814114"/>
    <trkpt lat="39.830359" lon="2.814211"/>
    <trkpt lat="39.830330" lon="2.814223"/>
    <trkpt lat="39.830299" lon="2.814228"/>
    <trkpt lat="39.830273" lon="2.814224"/>
    <trkpt lat="39.830250" lon="2.814214"/>
    <trkpt lat="39.830229" lon="2.814196"/>
    <trkpt lat="39.830210" lon="2.814165"/>
    <trkpt lat="39.830198" lon="2.814134"/>
    <trkpt lat="39.830190" lon="2.814100"/>
    <trkpt lat="39.830187" lon="2.814056"/>
    <trkpt lat="39.830192" lon="2.814013"/>
    <trkpt lat="39.830202" lon="2.813981"/>
    <trkpt lat="39.830218" lon="2.813951"/>
    <trkpt lat="39.830353" lon="2.813787"/>
    <trkpt lat="39.830393" lon="2.813745"/>
    <trkpt lat="39.830412" lon="2.813721"/>
    <trkpt lat="39.830421" lon="2.813696"/>
    <trkpt lat="39.830425" lon="2.813673"/>
    <trkpt lat="39.830425" lon="2.813646"/>
    <trkpt lat="39.830420" lon="2.813623"/>
    <trkpt lat="39.830410" lon="2.813605"/>
    <trkpt lat="39.830395" lon="2.813591"/>
    <trkpt lat="39.830374" lon="2.813583"/>
    <trkpt lat="39.830350" lon="2.813582"/>
    <trkpt lat="39.830328" lon="2.813589"/>
    <trkpt lat="39.830285" lon="2.813613"/>
    <trkpt lat="39.830240" lon="2.813654"/>
    <trkpt lat="39.830157" lon="2.813751"/>
    <trkpt lat="39.830102" lon="2.813825"/>
    <trkpt lat="39.830050" lon="2.813913"/>
    <trkpt lat="39.830006" lon="2.814005"/>
    <trkpt lat="39.829968" lon="2.814104"/>
    <trkpt lat="39.829941" lon="2.814195"/>
    <trkpt lat="39.829916" lon="2.814319"/>
    <trkpt lat="39.829879" lon="2.814515"/>
    <trkpt lat="39.829863" lon="2.814572"/>
    <trkpt lat="39.829845" lon="2.814611"/>
    <trkpt lat="39.829824" lon="2.814637"/>
    <trkpt lat="39.829799" lon="2.814654"/>
    <trkpt lat="39.829767" lon="2.814665"/>
    <trkpt lat="39.829736" lon="2.814668"/>
    <trkpt lat="39.829704" lon="2.814661"/>
    <trkpt lat="39.829680" lon="2.814648"/>
    <trkpt lat="39.829661" lon="2.814629"/>
    <trkpt lat="39.829642" lon="2.814599"/>
    <trkpt lat="39.829629" lon="2.814562"/>
    <trkpt lat="39.829624" lon="2.814521"/>
    <trkpt lat="39.829627" lon="2.814479"/>
    <trkpt lat="39.829637" lon="2.814433"/>
    <trkpt lat="39.829784" lon="2.814077"/>
    <trkpt lat="39.829816" lon="2.813996"/>
    <trkpt lat="39.829907" lon="2.813761"/>
    <trkpt lat="39.829964" lon="2.813634"/>
    <trkpt lat="39.829973" lon="2.813599"/>
    <trkpt lat="39.829977" lon="2.813568"/>
    <trkpt lat="39.829972" lon="2.813543"/>
    <trkpt lat="39.829960" lon="2.813521"/>
    <trkpt lat="39.829944" lon="2.813507"/>
    <trkpt lat="39.829920" lon="2.813498"/>
    <trkpt lat="39.829899" lon="2.813500"/>
    <trkpt lat="39.829877" lon="2.813506"/>
    <trkpt lat="39.829856" lon="2.813524"/>
    <trkpt lat="39.829826" lon="2.813567"/>
    <trkpt lat="39.829664" lon="2.813873"/>
    <trkpt lat="39.829580" lon="2.814033"/>
    <trkpt lat="39.829532" lon="2.814110"/>
    <trkpt lat="39.829481" lon="2.814179"/>
    <trkpt lat="39.829424" lon="2.814239"/>
    <trkpt lat="39.829297" lon="2.814324"/>
    <trkpt lat="39.829246" lon="2.814359"/>
    <trkpt lat="39.829224" lon="2.814385"/>
    <trkpt lat="39.829210" lon="2.814425"/>
    <trkpt lat="39.829202" lon="2.814471"/>
    <trkpt lat="39.829200" lon="2.814519"/>
    <trkpt lat="39.829207" lon="2.814563"/>
    <trkpt lat="39.829221" lon="2.814606"/>
    <trkpt lat="39.829253" lon="2.814663"/>
    <trkpt lat="39.829281" lon="2.814715"/>
    <trkpt lat="39.829317" lon="2.814795"/>
    <trkpt lat="39.829347" lon="2.814895"/>
    <trkpt lat="39.829399" lon="2.815083"/>
    <trkpt lat="39.829423" lon="2.815151"/>
    <trkpt lat="39.829444" lon="2.815189"/>
    <trkpt lat="39.829468" lon="2.815219"/>
    <trkpt lat="39.829490" lon="2.815237"/>
    <trkpt lat="39.829515" lon="2.815245"/>
    <trkpt lat="39.829546" lon="2.815251"/>
    <trkpt lat="39.829581" lon="2.815250"/>
    <trkpt lat="39.829640" lon="2.815241"/>
    <trkpt lat="39.830243" lon="2.815098"/>
    <trkpt lat="39.830277" lon="2.815095"/>
    <trkpt lat="39.830309" lon="2.815098"/>
    <trkpt lat="39.830341" lon="2.815106"/>
    <trkpt lat="39.830369" lon="2.815127"/>
    <trkpt lat="39.830395" lon="2.815159"/>
    <trkpt lat="39.830410" lon="2.815199"/>
    <trkpt lat="39.830428" lon="2.815340"/>
    <trkpt lat="39.830425" lon="2.815387"/>
    <trkpt lat="39.830419" lon="2.815443"/>
    <trkpt lat="39.830407" lon="2.815488"/>
    <trkpt lat="39.830390" lon="2.815538"/>
    <trkpt lat="39.830295" lon="2.815753"/>
    <trkpt lat="39.830287" lon="2.815784"/>
    <trkpt lat="39.830283" lon="2.815818"/>
    <trkpt lat="39.830283" lon="2.815851"/>
    <trkpt lat="39.830286" lon="2.815879"/>
    <trkpt lat="39.830294" lon="2.815905"/>
    <trkpt lat="39.830307" lon="2.815927"/>
    <trkpt lat="39.830324" lon="2.815945"/>
    <trkpt lat="39.830346" lon="2.815959"/>
    <trkpt lat="39.830434" lon="2.815999"/>
    <trkpt lat="39.830529" lon="2.816038"/>
    <trkpt lat="39.830589" lon="2.816052"/>
    <trkpt lat="39.830659" lon="2.816058"/>
    <trkpt lat="39.830725" lon="2.816061"/>
    <trkpt lat="39.830778" lon="2.816058"/>
    <trkpt lat="39.830829" lon="2.816048"/>
    <trkpt lat="39.830879" lon="2.816034"/>
    <trkpt lat="39.831493" lon="2.815801"/>
    <trkpt lat="39.831565" lon="2.815778"/>
    <trkpt lat="39.831624" lon="2.815763"/>
    <trkpt lat="39.831667" lon="2.815758"/>
    <trkpt lat="39.831710" lon="2.815757"/>
    <trkpt lat="39.831754" lon="2.815762"/>
    <trkpt lat="39.831793" lon="2.815773"/>
    <trkpt lat="39.831832" lon="2.815789"/>
    <trkpt lat="39.831886" lon="2.815823"/>
    <trkpt lat="39.831927" lon="2.815855"/>
    <trkpt lat="39.831962" lon="2.815887"/>
    <trkpt lat="39.831999" lon="2.815932"/>
    <trkpt lat="39.832055" lon="2.815998"/>
    <trkpt lat="39.832103" lon="2.816046"/>
    <trkpt lat="39.832151" lon="2.816091"/>
    <trkpt lat="39.832189" lon="2.816116"/>
    <trkpt lat="39.832249" lon="2.816141"/>
    <trkpt lat="39.832294" lon="2.816154"/>
    <trkpt lat="39.832329" lon="2.816159"/>
    <trkpt lat="39.832361" lon="2.816159"/>
    <trkpt lat="39.832393" lon="2.816153"/>
    <trkpt lat="39.832422" lon="2.816141"/>
    <trkpt lat="39.832449" lon="2.816123"/>
    <trkpt lat="39.832473" lon="2.816098"/>
    <trkpt lat="39.832493" lon="2.816067"/>
    <trkpt lat="39.832507" lon="2.816029"/>
    <trkpt lat="39.832514" lon="2.815990"/>
    <trkpt lat="39.832516" lon="2.815950"/>
    <trkpt lat="39.832513" lon="2.815914"/>
    <trkpt lat="39.832507" lon="2.815884"/>
    <trkpt lat="39.832496" lon="2.815852"/>
    <trkpt lat="39.832476" lon="2.815821"/>
    <trkpt lat="39.832456" lon="2.815792"/>
    <trkpt lat="39.832432" lon="2.815766"/>
    <trkpt lat="39.832399" lon="2.815743"/>
    <trkpt lat="39.832369" lon="2.815731"/>
    <trkpt lat="39.832336" lon="2.815721"/>
    <trkpt lat="39.832304" lon="2.815720"/>
    <trkpt lat="39.832268" lon="2.815723"/>
    <trkpt lat="39.832233" lon="2.815737"/>
    <trkpt lat="39.832199" lon="2.815756"/>
    <trkpt lat="39.832159" lon="2.815787"/>
    <trkpt lat="39.832128" lon="2.815818"/>
    <trkpt lat="39.832063" lon="2.815899"/>
    <trkpt lat="39.831987" lon="2.816007"/>
    <trkpt lat="39.831893" lon="2.816138"/>
    <trkpt lat="39.831831" lon="2.816224"/>
    <trkpt lat="39.831800" lon="2.816261"/>
    <trkpt lat="39.831764" lon="2.816296"/>
    <trkpt lat="39.831729" lon="2.816325"/>
    <trkpt lat="39.831691" lon="2.816347"/>
    <trkpt lat="39.831655" lon="2.816363"/>
    <trkpt lat="39.831375" lon="2.816448"/>
    <trkpt lat="39.830995" lon="2.816552"/>
    <trkpt lat="39.830628" lon="2.816666"/>
    <trkpt lat="39.830435" lon="2.816717"/>
    <trkpt lat="39.830336" lon="2.816749"/>
    <trkpt lat="39.830227" lon="2.816791"/>
    <trkpt lat="39.829484" lon="2.817126"/>
    <trkpt lat="39.829373" lon="2.817165"/>
    <trkpt lat="39.829284" lon="2.817185"/>
    <trkpt lat="39.829203" lon="2.817204"/>
    <trkpt lat="39.829126" lon="2.817212"/>
    <trkpt lat="39.829037" lon="2.817213"/>
    <trkpt lat="39.828924" lon="2.817210"/>
    <trkpt lat="39.828813" lon="2.817197"/>
    <trkpt lat="39.828747" lon="2.817195"/>
    <trkpt lat="39.828689" lon="2.817202"/>
    <trkpt lat="39.828645" lon="2.817216"/>
    <trkpt lat="39.828597" lon="2.817236"/>
    <trkpt lat="39.828534" lon="2.817272"/>
    <trkpt lat="39.828447" lon="2.817336"/>
    <trkpt lat="39.828053" lon="2.817664"/>
    <trkpt lat="39.827993" lon="2.817709"/>
    <trkpt lat="39.827870" lon="2.817794"/>
    <trkpt lat="39.827714" lon="2.817887"/>
    <trkpt lat="39.827539" lon="2.817986"/>
    <trkpt lat="39.827498" lon="2.818002"/>
    <trkpt lat="39.827457" lon="2.818014"/>
    <trkpt lat="39.827413" lon="2.818021"/>
    <trkpt lat="39.827366" lon="2.818021"/>
    <trkpt lat="39.827324" lon="2.818016"/>
    <trkpt lat="39.827279" lon="2.818007"/>
    <trkpt lat="39.827229" lon="2.817992"/>
    <trkpt lat="39.827169" lon="2.817968"/>
    <trkpt lat="39.827109" lon="2.817936"/>
    <trkpt lat="39.827055" lon="2.817894"/>
    <trkpt lat="39.827007" lon="2.817854"/>
    <trkpt lat="39.826968" lon="2.817809"/>
    <trkpt lat="39.826929" lon="2.817755"/>
    <trkpt lat="39.826840" lon="2.817611"/>
    <trkpt lat="39.826807" lon="2.817561"/>
    <trkpt lat="39.826766" lon="2.817512"/>
    <trkpt lat="39.826725" lon="2.817474"/>
    <trkpt lat="39.826680" lon="2.817441"/>
    <trkpt lat="39.826628" lon="2.817412"/>
    <trkpt lat="39.826580" lon="2.817386"/>
    <trkpt lat="39.826527" lon="2.817368"/>
    <trkpt lat="39.826471" lon="2.817357"/>
    <trkpt lat="39.826286" lon="2.817356"/>
    <trkpt lat="39.826222" lon="2.817353"/>
    <trkpt lat="39.826167" lon="2.817342"/>
    <trkpt lat="39.826112" lon="2.817328"/>
    <trkpt lat="39.826065" lon="2.817310"/>
    <trkpt lat="39.826019" lon="2.817286"/>
    <trkpt lat="39.825876" lon="2.817193"/>
    <trkpt lat="39.825792" lon="2.817130"/>
    <trkpt lat="39.825718" lon="2.817073"/>
    <trkpt lat="39.825631" lon="2.816995"/>
    <trkpt lat="39.825551" lon="2.816908"/>
    <trkpt lat="39.825334" lon="2.816626"/>
    <trkpt lat="39.825268" lon="2.816527"/>
    <trkpt lat="39.825242" lon="2.816479"/>
    <trkpt lat="39.825225" lon="2.816437"/>
    <trkpt lat="39.825211" lon="2.816390"/>
    <trkpt lat="39.825207" lon="2.816341"/>
    <trkpt lat="39.825210" lon="2.816288"/>
    <trkpt lat="39.825220" lon="2.816149"/>
    <trkpt lat="39.825222" lon="2.816081"/>
    <trkpt lat="39.825218" lon="2.816008"/>
    <trkpt lat="39.825210" lon="2.815941"/>
    <trkpt lat="39.825199" lon="2.815887"/>
    <trkpt lat="39.825184" lon="2.815830"/>
    <trkpt lat="39.825165" lon="2.815781"/>
    <trkpt lat="39.825136" lon="2.815733"/>
    <trkpt lat="39.825089" lon="2.815665"/>
    <trkpt lat="39.825018" lon="2.815578"/>
    <trkpt lat="39.824996" lon="2.815537"/>
    <trkpt lat="39.824978" lon="2.815489"/>
    <trkpt lat="39.824967" lon="2.815443"/>
    <trkpt lat="39.824961" lon="2.815390"/>
    <trkpt lat="39.824961" lon="2.815326"/>
    <trkpt lat="39.824971" lon="2.815257"/>
    <trkpt lat="39.825010" lon="2.815022"/>
    <trkpt lat="39.825020" lon="2.814943"/>
    <trkpt lat="39.825025" lon="2.814883"/>
    <trkpt lat="39.825023" lon="2.814828"/>
    <trkpt lat="39.825012" lon="2.814781"/>
    <trkpt lat="39.824996" lon="2.814747"/>
    <trkpt lat="39.824970" lon="2.814718"/>
    <trkpt lat="39.824944" lon="2.814702"/>
    <trkpt lat="39.824914" lon="2.814689"/>
    <trkpt lat="39.824886" lon="2.814682"/>
    <trkpt lat="39.824852" lon="2.814683"/>
    <trkpt lat="39.824820" lon="2.814694"/>
    <trkpt lat="39.824782" lon="2.814716"/>
    <trkpt lat="39.824647" lon="2.814837"/>
    <trkpt lat="39.824376" lon="2.815067"/>
    <trkpt lat="39.824185" lon="2.815247"/>
    <trkpt lat="39.824119" lon="2.815336"/>
    <trkpt lat="39.824057" lon="2.815433"/>
    <trkpt lat="39.823999" lon="2.815508"/>
    <trkpt lat="39.823931" lon="2.815575"/>
    <trkpt lat="39.823877" lon="2.815621"/>
    <trkpt lat="39.823812" lon="2.815668"/>
    <trkpt lat="39.823749" lon="2.815710"/>
    <trkpt lat="39.823662" lon="2.815757"/>
    <trkpt lat="39.823581" lon="2.815790"/>
    <trkpt lat="39.823485" lon="2.815821"/>
    <trkpt lat="39.823397" lon="2.815842"/>
    <trkpt lat="39.823278" lon="2.815856"/>
    <trkpt lat="39.823230" lon="2.815854"/>
    <trkpt lat="39.823176" lon="2.815844"/>
    <trkpt lat="39.823127" lon="2.815822"/>
    <trkpt lat="39.823087" lon="2.815795"/>
    <trkpt lat="39.822736" lon="2.815480"/>
    <trkpt lat="39.822488" lon="2.815201"/>
    <trkpt lat="39.822408" lon="2.815097"/>
    <trkpt lat="39.822383" lon="2.815042"/>
    <trkpt lat="39.822363" lon="2.814974"/>
    <trkpt lat="39.822351" lon="2.814910"/>
    <trkpt lat="39.822333" lon="2.814791"/>
    <trkpt lat="39.822320" lon="2.814731"/>
    <trkpt lat="39.822299" lon="2.814664"/>
    <trkpt lat="39.822280" lon="2.814617"/>
    <trkpt lat="39.822254" lon="2.814580"/>
    <trkpt lat="39.822219" lon="2.814548"/>
    <trkpt lat="39.822174" lon="2.814529"/>
    <trkpt lat="39.822127" lon="2.814525"/>
    <trkpt lat="39.822075" lon="2.814530"/>
    <trkpt lat="39.821927" lon="2.814564"/>
    <trkpt lat="39.821874" lon="2.814571"/>
    <trkpt lat="39.821826" lon="2.814570"/>
    <trkpt lat="39.821776" lon="2.814561"/>
    <trkpt lat="39.821730" lon="2.814543"/>
    <trkpt lat="39.821650" lon="2.814507"/>
    <trkpt lat="39.821591" lon="2.814475"/>
    <trkpt lat="39.821539" lon="2.814447"/>
    <trkpt lat="39.821490" lon="2.814428"/>
    <trkpt lat="39.821433" lon="2.814414"/>
    <trkpt lat="39.821277" lon="2.814402"/>
    <trkpt lat="39.821082" lon="2.814375"/>
    <trkpt lat="39.820992" lon="2.814357"/>
    <trkpt lat="39.820883" lon="2.814326"/>
    <trkpt lat="39.820733" lon="2.814276"/>
    <trkpt lat="39.820686" lon="2.814268"/>
    <trkpt lat="39.820644" lon="2.814269"/>
    <trkpt lat="39.820607" lon="2.814278"/>
    <trkpt lat="39.820579" lon="2.814298"/>
    <trkpt lat="39.820555" lon="2.814330"/>
    <trkpt lat="39.820535" lon="2.814376"/>
    <trkpt lat="39.820531" lon="2.814425"/>
    <trkpt lat="39.820535" lon="2.814469"/>
    <trkpt lat="39.820547" lon="2.814513"/>
    <trkpt lat="39.820571" lon="2.814550"/>
    <trkpt lat="39.820599" lon="2.814578"/>
    <trkpt lat="39.820636" lon="2.814595"/>
    <trkpt lat="39.820679" lon="2.814608"/>
    <trkpt lat="39.820725" lon="2.814608"/>
    <trkpt lat="39.820848" lon="2.814585"/>
    <trkpt lat="39.820909" lon="2.814578"/>
    <trkpt lat="39.820986" lon="2.814584"/>
    <trkpt lat="39.821068" lon="2.814605"/>
    <trkpt lat="39.821149" lon="2.814636"/>
    <trkpt lat="39.821222" lon="2.814680"/>
    <trkpt lat="39.821290" lon="2.814730"/>
    <trkpt lat="39.821376" lon="2.814809"/>
    <trkpt lat="39.821512" lon="2.814944"/>
    <trkpt lat="39.821576" lon="2.814992"/>
    <trkpt lat="39.821635" lon="2.815014"/>
    <trkpt lat="39.821780" lon="2.815054"/>
    <trkpt lat="39.821820" lon="2.815073"/>
    <trkpt lat="39.821842" lon="2.815101"/>
    <trkpt lat="39.821860" lon="2.815138"/>
    <trkpt lat="39.821868" lon="2.815180"/>
    <trkpt lat="39.821861" lon="2.815219"/>
    <trkpt lat="39.821844" lon="2.815257"/>
    <trkpt lat="39.821818" lon="2.815280"/>
    <trkpt lat="39.821781" lon="2.815287"/>
    <trkpt lat="39.821739" lon="2.815280"/>
    <trkpt lat="39.821353" lon="2.815143"/>
    <trkpt lat="39.821277" lon="2.815123"/>
    <trkpt lat="39.821206" lon="2.815116"/>
    <trkpt lat="39.821136" lon="2.815119"/>
    <trkpt lat="39.821067" lon="2.815128"/>
    <trkpt lat="39.821013" lon="2.815141"/>
    <trkpt lat="39.820955" lon="2.815166"/>
    <trkpt lat="39.820899" lon="2.815206"/>
    <trkpt lat="39.820850" lon="2.815254"/>
    <trkpt lat="39.820288" lon="2.815970"/>
    <trkpt lat="39.820234" lon="2.816033"/>
    <trkpt lat="39.820193" lon="2.816072"/>
    <trkpt lat="39.820164" lon="2.816089"/>
    <trkpt lat="39.820127" lon="2.816101"/>
    <trkpt lat="39.820089" lon="2.816102"/>
    <trkpt lat="39.820044" lon="2.816096"/>
    <trkpt lat="39.820003" lon="2.816077"/>
    <trkpt lat="39.819970" lon="2.816050"/>
    <trkpt lat="39.819939" lon="2.816012"/>
    <trkpt lat="39.819908" lon="2.815961"/>
    <trkpt lat="39.819745" lon="2.815648"/>
    <trkpt lat="39.819677" lon="2.815543"/>
    <trkpt lat="39.819612" lon="2.815458"/>
    <trkpt lat="39.819546" lon="2.815381"/>
    <trkpt lat="39.819488" lon="2.815328"/>
    <trkpt lat="39.819420" lon="2.815275"/>
    <trkpt lat="39.819344" lon="2.815235"/>
    <trkpt lat="39.819260" lon="2.815209"/>
    <trkpt lat="39.819083" lon="2.815165"/>
    <trkpt lat="39.818996" lon="2.815150"/>
    <trkpt lat="39.818934" lon="2.815146"/>
    <trkpt lat="39.818881" lon="2.815149"/>
    <trkpt lat="39.818838" lon="2.815160"/>
    <trkpt lat="39.818807" lon="2.815179"/>
    <trkpt lat="39.818781" lon="2.815210"/>
    <trkpt lat="39.818752" lon="2.815258"/>
    <trkpt lat="39.818733" lon="2.815317"/>
    <trkpt lat="39.818725" lon="2.815406"/>
    <trkpt lat="39.818689" lon="2.815952"/>
    <trkpt lat="39.818673" lon="2.816105"/>
    <trkpt lat="39.818641" lon="2.816303"/>
    <trkpt lat="39.818452" lon="2.817129"/>
    <trkpt lat="39.818358" lon="2.817533"/>
    <trkpt lat="39.818273" lon="2.817797"/>
    <trkpt lat="39.817687" lon="2.819305"/>
    <trkpt lat="39.817641" lon="2.819441"/>
    <trkpt lat="39.817609" lon="2.819591"/>
    <trkpt lat="39.817520" lon="2.820275"/>
    <trkpt lat="39.817489" lon="2.820502"/>
    <trkpt lat="39.817462" lon="2.820639"/>
    <trkpt lat="39.817432" lon="2.820745"/>
    <trkpt lat="39.817395" lon="2.820838"/>
    <trkpt lat="39.817351" lon="2.820923"/>
    <trkpt lat="39.817304" lon="2.820991"/>
    <trkpt lat="39.817236" lon="2.821070"/>
    <trkpt lat="39.816718" lon="2.821667"/>
    <trkpt lat="39.816638" lon="2.821746"/>
    <trkpt lat="39.816228" lon="2.822073"/>
    <trkpt lat="39.816172" lon="2.822106"/>
    <trkpt lat="39.816122" lon="2.822124"/>
    <trkpt lat="39.816074" lon="2.822135"/>
    <trkpt lat="39.816024" lon="2.822130"/>
    <trkpt lat="39.815984" lon="2.822117"/>
    <trkpt lat="39.815935" lon="2.822086"/>
    <trkpt lat="39.815799" lon="2.821995"/>
    <trkpt lat="39.815743" lon="2.821967"/>
    <trkpt lat="39.815695" lon="2.821956"/>
    <trkpt lat="39.815645" lon="2.821957"/>
    <trkpt lat="39.815594" lon="2.821964"/>
    <trkpt lat="39.815544" lon="2.821985"/>
    <trkpt lat="39.815496" lon="2.822008"/>
    <trkpt lat="39.815452" lon="2.822039"/>
    <trkpt lat="39.815280" lon="2.822262"/>
    <trkpt lat="39.815250" lon="2.822307"/>
    <trkpt lat="39.815158" lon="2.822442"/>
    <trkpt lat="39.815145" lon="2.822473"/>
    <trkpt lat="39.815138" lon="2.822514"/>
    <trkpt lat="39.815140" lon="2.822554"/>
    <trkpt lat="39.815154" lon="2.822597"/>
    <trkpt lat="39.815222" lon="2.822700"/>
    <trkpt lat="39.815336" lon="2.822844"/>
    <trkpt lat="39.815704" lon="2.823249"/>
    <trkpt lat="39.815896" lon="2.823459"/>
    <trkpt lat="39.815976" lon="2.823558"/>
    <trkpt lat="39.816007" lon="2.823599"/>
    <trkpt lat="39.816131" lon="2.823853"/>
    <trkpt lat="39.816141" lon="2.823894"/>
    <trkpt lat="39.816140" lon="2.823927"/>
    <trkpt lat="39.816137" lon="2.823954"/>
    <trkpt lat="39.816126" lon="2.823979"/>
    <trkpt lat="39.816113" lon="2.824000"/>
    <trkpt lat="39.816091" lon="2.824018"/>
    <trkpt lat="39.816049" lon="2.824050"/>
    <trkpt lat="39.816093" lon="2.824169"/>
    <trkpt lat="39.816111" lon="2.824382"/>
    <trkpt lat="39.816109" lon="2.824431"/>
    <trkpt lat="39.816103" lon="2.824477"/>
    <trkpt lat="39.816090" lon="2.824533"/>
    <trkpt lat="39.816072" lon="2.824583"/>
    <trkpt lat="39.816050" lon="2.824628"/>
    <trkpt lat="39.815961" lon="2.824770"/>
    <trkpt lat="39.815874" lon="2.824862"/>
    <trkpt lat="39.815772" lon="2.824960"/>
    <trkpt lat="39.815590" lon="2.825143"/>
    <trkpt lat="39.815472" lon="2.825244"/>
    <trkpt lat="39.815100" lon="2.825473"/>
    <trkpt lat="39.815034" lon="2.825530"/>
    <trkpt lat="39.814971" lon="2.825599"/>
    <trkpt lat="39.814902" lon="2.825735"/>
    <trkpt lat="39.814871" lon="2.825847"/>
    <trkpt lat="39.814872" lon="2.825958"/>
    <trkpt lat="39.814893" lon="2.826075"/>
    <trkpt lat="39.814956" lon="2.826252"/>
    <trkpt lat="39.815092" lon="2.826520"/>
    <trkpt lat="39.815215" lon="2.826746"/>
    <trkpt lat="39.815370" lon="2.826985"/>
    <trkpt lat="39.815483" lon="2.827119"/>
    <trkpt lat="39.815766" lon="2.827401"/>
    <trkpt lat="39.815852" lon="2.827520"/>
    <trkpt lat="39.815908" lon="2.827619"/>
    <trkpt lat="39.815945" lon="2.827749"/>
    <trkpt lat="39.815985" lon="2.827971"/>
    <trkpt lat="39.816023" lon="2.828282"/>
    <trkpt lat="39.816192" lon="2.829488"/>
    <trkpt lat="39.816215" lon="2.829656"/>
    <trkpt lat="39.816230" lon="2.829742"/>
    <trkpt lat="39.816279" lon="2.829800"/>
    <trkpt lat="39.816357" lon="2.829832"/>
    <trkpt lat="39.816440" lon="2.829858"/>
    <trkpt lat="39.816525" lon="2.829861"/>
    <trkpt lat="39.816621" lon="2.829832"/>
    <trkpt lat="39.816751" lon="2.829735"/>
    <trkpt lat="39.816937" lon="2.829545"/>
    <trkpt lat="39.817555" lon="2.828918"/>
    <trkpt lat="39.817724" lon="2.828762"/>
    <trkpt lat="39.817813" lon="2.828728"/>
    <trkpt lat="39.817910" lon="2.828733"/>
    <trkpt lat="39.817975" lon="2.828755"/>
    <trkpt lat="39.818054" lon="2.828806"/>
    <trkpt lat="39.818196" lon="2.828944"/>
    <trkpt lat="39.818261" lon="2.829040"/>
    <trkpt lat="39.818288" lon="2.829128"/>
    <trkpt lat="39.818368" lon="2.829574"/>
    <trkpt lat="39.818415" lon="2.829747"/>
    <trkpt lat="39.818451" lon="2.829837"/>
    <trkpt lat="39.818521" lon="2.829881"/>
    <trkpt lat="39.818594" lon="2.829887"/>
    <trkpt lat="39.818660" lon="2.829857"/>
    <trkpt lat="39.818757" lon="2.829806"/>
    <trkpt lat="39.818878" lon="2.829673"/>
    <trkpt lat="39.818957" lon="2.829578"/>
    <trkpt lat="39.819030" lon="2.829514"/>
    <trkpt lat="39.819107" lon="2.829505"/>
    <trkpt lat="39.819168" lon="2.829534"/>
    <trkpt lat="39.819306" lon="2.829650"/>
    <trkpt lat="39.819500" lon="2.829871"/>
    <trkpt lat="39.819650" lon="2.830009"/>
    <trkpt lat="39.819795" lon="2.830063"/>
    <trkpt lat="39.820004" lon="2.830078"/>
    <trkpt lat="39.820174" lon="2.830050"/>
    <trkpt lat="39.820316" lon="2.830014"/>
    <trkpt lat="39.820488" lon="2.829948"/>
    <trkpt lat="39.820625" lon="2.829848"/>
    <trkpt lat="39.820693" lon="2.829755"/>
    <trkpt lat="39.820770" lon="2.829612"/>
    <trkpt lat="39.820819" lon="2.829460"/>
    <trkpt lat="39.820905" lon="2.829118"/>
    <trkpt lat="39.820962" lon="2.828946"/>
    <trkpt lat="39.821029" lon="2.828842"/>
    <trkpt lat="39.821088" lon="2.828775"/>
    <trkpt lat="39.821235" lon="2.828673"/>
    <trkpt lat="39.821579" lon="2.828372"/>
    <trkpt lat="39.821664" lon="2.828253"/>
    <trkpt lat="39.821689" lon="2.828139"/>
    <trkpt lat="39.821690" lon="2.828033"/>
    <trkpt lat="39.821672" lon="2.827894"/>
    <trkpt lat="39.821664" lon="2.827796"/>
    <trkpt lat="39.821674" lon="2.827730"/>
    <trkpt lat="39.821716" lon="2.827675"/>
    <trkpt lat="39.821779" lon="2.827652"/>
    <trkpt lat="39.821877" lon="2.827632"/>
    <trkpt lat="39.822073" lon="2.827594"/>
    <trkpt lat="39.822251" lon="2.827508"/>
    <trkpt lat="39.822435" lon="2.827396"/>
    <trkpt lat="39.822560" lon="2.827338"/>
    <trkpt lat="39.822652" lon="2.827311"/>
    <trkpt lat="39.822770" lon="2.827308"/>
    <trkpt lat="39.822887" lon="2.827337"/>
    <trkpt lat="39.823007" lon="2.827384"/>
    <trkpt lat="39.823121" lon="2.827446"/>
    <trkpt lat="39.823262" lon="2.827528"/>
    <trkpt lat="39.823499" lon="2.827732"/>
    <trkpt lat="39.823652" lon="2.827911"/>
    <trkpt lat="39.823680" lon="2.827943"/>
    <trkpt lat="39.824108" lon="2.828442"/>
    <trkpt lat="39.824597" lon="2.828931"/>
    <trkpt lat="39.824749" lon="2.829089"/>
    <trkpt lat="39.824880" lon="2.829193"/>
    <trkpt lat="39.825007" lon="2.829252"/>
    <trkpt lat="39.825140" lon="2.829304"/>
    <trkpt lat="39.825240" lon="2.829370"/>
    <trkpt lat="39.825490" lon="2.829497"/>
    <trkpt lat="39.825723" lon="2.829562"/>
    <trkpt lat="39.825902" lon="2.829599"/>
    <trkpt lat="39.826084" lon="2.829652"/>
    <trkpt lat="39.826214" lon="2.829713"/>
    <trkpt lat="39.826351" lon="2.829805"/>
    <trkpt lat="39.826533" lon="2.829925"/>
    <trkpt lat="39.826607" lon="2.829997"/>
    <trkpt lat="39.826835" lon="2.830276"/>
    <trkpt lat="39.827107" lon="2.830596"/>
    <trkpt lat="39.827209" lon="2.830740"/>
    <trkpt lat="39.827599" lon="2.831291"/>
    <trkpt lat="39.827681" lon="2.831421"/>
    <trkpt lat="39.827749" lon="2.831529"/>
    <trkpt lat="39.827793" lon="2.831667"/>
    <trkpt lat="39.827812" lon="2.831764"/>
    <trkpt lat="39.827859" lon="2.832169"/>
    <trkpt lat="39.827890" lon="2.832413"/>
    <trkpt lat="39.827992" lon="2.832793"/>
    <trkpt lat="39.828014" lon="2.832867"/>
    <trkpt lat="39.828101" lon="2.833164"/>
    <trkpt lat="39.828185" lon="2.833371"/>
    <trkpt lat="39.828282" lon="2.833556"/>
    <trkpt lat="39.828348" lon="2.833686"/>
    <trkpt lat="39.828401" lon="2.833916"/>
    <trkpt lat="39.828435" lon="2.834142"/>
    <trkpt lat="39.828442" lon="2.834228"/>
    <trkpt lat="39.828428" lon="2.834365"/>
    <trkpt lat="39.828317" lon="2.834816"/>
    <trkpt lat="39.828211" lon="2.835249"/>
    <trkpt lat="39.828164" lon="2.835559"/>
    <trkpt lat="39.828158" lon="2.835900"/>
    <trkpt lat="39.828184" lon="2.836156"/>
    <trkpt lat="39.828272" lon="2.836409"/>
    <trkpt lat="39.828332" lon="2.836535"/>
    <trkpt lat="39.828482" lon="2.836789"/>
    <trkpt lat="39.828578" lon="2.836922"/>
    <trkpt lat="39.828616" lon="2.837027"/>
    <trkpt lat="39.828636" lon="2.837135"/>
    <trkpt lat="39.828640" lon="2.837167"/>
    <trkpt lat="39.828646" lon="2.837220"/>
    <trkpt lat="39.828644" lon="2.837308"/>
    <trkpt lat="39.828632" lon="2.837421"/>
    <trkpt lat="39.828568" lon="2.837654"/>
    <trkpt lat="39.828475" lon="2.837929"/>
    <trkpt lat="39.828445" lon="2.838020"/>
    <trkpt lat="39.828402" lon="2.838092"/>
    <trkpt lat="39.828314" lon="2.838157"/>
    <trkpt lat="39.828239" lon="2.838194"/>
    <trkpt lat="39.828052" lon="2.838284"/>
    <trkpt lat="39.827857" lon="2.838383"/>
    <trkpt lat="39.827500" lon="2.838615"/>
    <trkpt lat="39.827315" lon="2.838747"/>
    <trkpt lat="39.827204" lon="2.838823"/>
    <trkpt lat="39.827134" lon="2.838856"/>
    <trkpt lat="39.827061" lon="2.838881"/>
    <trkpt lat="39.826924" lon="2.838917"/>
    <trkpt lat="39.826690" lon="2.838978"/>
    <trkpt lat="39.826308" lon="2.839078"/>
    <trkpt lat="39.826124" lon="2.839135"/>
    <trkpt lat="39.826056" lon="2.839168"/>
    <trkpt lat="39.825990" lon="2.839224"/>
    <trkpt lat="39.825949" lon="2.839273"/>
    <trkpt lat="39.825887" lon="2.839360"/>
    <trkpt lat="39.825854" lon="2.839446"/>
    <trkpt lat="39.825835" lon="2.839520"/>
    <trkpt lat="39.825821" lon="2.839635"/>
    <trkpt lat="39.825809" lon="2.839776"/>
    <trkpt lat="39.825785" lon="2.840431"/>
    <trkpt lat="39.825776" lon="2.840857"/>
    <trkpt lat="39.825799" lon="2.841095"/>
    <trkpt lat="39.825830" lon="2.841306"/>
    <trkpt lat="39.825858" lon="2.841489"/>
    <trkpt lat="39.825896" lon="2.841522"/>
    <trkpt lat="39.825939" lon="2.841531"/>
    <trkpt lat="39.826001" lon="2.841505"/>
    <trkpt lat="39.826093" lon="2.841423"/>
    <trkpt lat="39.826221" lon="2.841345"/>
    <trkpt lat="39.826276" lon="2.841329"/>
    <trkpt lat="39.826331" lon="2.841342"/>
    <trkpt lat="39.826375" lon="2.841385"/>
    <trkpt lat="39.826432" lon="2.841497"/>
    <trkpt lat="39.826523" lon="2.841736"/>
    <trkpt lat="39.826562" lon="2.841858"/>
    <trkpt lat="39.826575" lon="2.841962"/>
    <trkpt lat="39.826572" lon="2.842122"/>
    <trkpt lat="39.826542" lon="2.842541"/>
    <trkpt lat="39.826512" lon="2.843115"/>
    <trkpt lat="39.826484" lon="2.843518"/>
    <trkpt lat="39.826467" lon="2.843841"/>
    <trkpt lat="39.826454" lon="2.844004"/>
    <trkpt lat="39.826330" lon="2.844830"/>
    <trkpt lat="39.826242" lon="2.845283"/>
    <trkpt lat="39.826129" lon="2.845840"/>
    <trkpt lat="39.826090" lon="2.846052"/>
    <trkpt lat="39.826079" lon="2.846189"/>
    <trkpt lat="39.826100" lon="2.846461"/>
    <trkpt lat="39.826152" lon="2.846940"/>
    <trkpt lat="39.826158" lon="2.846996"/>
    <trkpt lat="39.826170" lon="2.847103"/>
    <trkpt lat="39.826176" lon="2.847209"/>
    <trkpt lat="39.826164" lon="2.847306"/>
    <trkpt lat="39.826153" lon="2.847354"/>
    <trkpt lat="39.826139" lon="2.847417"/>
    <trkpt lat="39.826112" lon="2.847492"/>
    <trkpt lat="39.826086" lon="2.847563"/>
    <trkpt lat="39.826039" lon="2.847645"/>
    <trkpt lat="39.825977" lon="2.847716"/>
    <trkpt lat="39.825884" lon="2.847797"/>
    <trkpt lat="39.825827" lon="2.847834"/>
    <trkpt lat="39.825778" lon="2.847866"/>
    <trkpt lat="39.825701" lon="2.847916"/>
    <trkpt lat="39.825618" lon="2.847978"/>
    <trkpt lat="39.825571" lon="2.848057"/>
    <trkpt lat="39.825484" lon="2.848284"/>
    <trkpt lat="39.825272" lon="2.848857"/>
    <trkpt lat="39.825134" lon="2.849233"/>
    <trkpt lat="39.824921" lon="2.850090"/>
    <trkpt lat="39.824865" lon="2.850231"/>
    <trkpt lat="39.824824" lon="2.850307"/>
    <trkpt lat="39.824737" lon="2.850422"/>
    <trkpt lat="39.824365" lon="2.850948"/>
    <trkpt lat="39.824138" lon="2.851227"/>
    <trkpt lat="39.823918" lon="2.851484"/>
    <trkpt lat="39.823872" lon="2.851535"/>
    <trkpt lat="39.823590" lon="2.851711"/>
    <trkpt lat="39.823518" lon="2.851775"/>
    <trkpt lat="39.823439" lon="2.851871"/>
    <trkpt lat="39.823326" lon="2.852032"/>
    <trkpt lat="39.823276" lon="2.852139"/>
    <trkpt lat="39.823252" lon="2.852240"/>
    <trkpt lat="39.823234" lon="2.852386"/>
    <trkpt lat="39.823221" lon="2.852570"/>
    <trkpt lat="39.823192" lon="2.852688"/>
    <trkpt lat="39.823154" lon="2.852793"/>
    <trkpt lat="39.823048" lon="2.853019"/>
    <trkpt lat="39.822889" lon="2.853315"/>
    <trkpt lat="39.822653" lon="2.853693"/>
    <trkpt lat="39.822585" lon="2.853796"/>
    <trkpt lat="39.822520" lon="2.853889"/>
    <trkpt lat="39.822485" lon="2.853975"/>
    <trkpt lat="39.822478" lon="2.854069"/>
    <trkpt lat="39.822486" lon="2.854162"/>
    <trkpt lat="39.822504" lon="2.854256"/>
    <trkpt lat="39.822538" lon="2.854382"/>
    <trkpt lat="39.822540" lon="2.854423"/>
    <trkpt lat="39.822542" lon="2.854466"/>
    <trkpt lat="39.822538" lon="2.854562"/>
    <trkpt lat="39.822516" lon="2.854728"/>
    <trkpt lat="39.822469" lon="2.854981"/>
    <trkpt lat="39.822433" lon="2.855163"/>
    <trkpt lat="39.822392" lon="2.855350"/>
    <trkpt lat="39.822372" lon="2.855471"/>
    <trkpt lat="39.822375" lon="2.855605"/>
    <trkpt lat="39.822392" lon="2.855712"/>
    <trkpt lat="39.822433" lon="2.855826"/>
    <trkpt lat="39.822489" lon="2.855908"/>
    <trkpt lat="39.822602" lon="2.855995"/>
    <trkpt lat="39.822727" lon="2.856051"/>
    <trkpt lat="39.822850" lon="2.856096"/>
    <trkpt lat="39.823034" lon="2.856161"/>
    <trkpt lat="39.823255" lon="2.856260"/>
    <trkpt lat="39.823480" lon="2.856354"/>
    <trkpt lat="39.823594" lon="2.856413"/>
    <trkpt lat="39.823662" lon="2.856465"/>
    <trkpt lat="39.823738" lon="2.856556"/>
    <trkpt lat="39.823818" lon="2.856686"/>
    <trkpt lat="39.823966" lon="2.857005"/>
    <trkpt lat="39.824115" lon="2.857413"/>
    <trkpt lat="39.824137" lon="2.857507"/>
    <trkpt lat="39.824146" lon="2.857622"/>
    <trkpt lat="39.824150" lon="2.857734"/>
    <trkpt lat="39.824164" lon="2.857821"/>
    <trkpt lat="39.824198" lon="2.857919"/>
    <trkpt lat="39.824275" lon="2.858060"/>
    <trkpt lat="39.824389" lon="2.858237"/>
    <trkpt lat="39.824646" lon="2.858650"/>
    <trkpt lat="39.824721" lon="2.858792"/>
    <trkpt lat="39.824774" lon="2.858913"/>
    <trkpt lat="39.824801" lon="2.859037"/>
    <trkpt lat="39.824793" lon="2.859140"/>
    <trkpt lat="39.824767" lon="2.859218"/>
    <trkpt lat="39.824382" lon="2.860047"/>
    <trkpt lat="39.824006" lon="2.860822"/>
    <trkpt lat="39.823927" lon="2.860981"/>
    <trkpt lat="39.823867" lon="2.861045"/>
    <trkpt lat="39.823815" lon="2.861071"/>
    <trkpt lat="39.823720" lon="2.861088"/>
    <trkpt lat="39.823567" lon="2.861041"/>
    <trkpt lat="39.823451" lon="2.860999"/>
    <trkpt lat="39.823371" lon="2.860986"/>
    <trkpt lat="39.823309" lon="2.861018"/>
    <trkpt lat="39.823268" lon="2.861088"/>
    <trkpt lat="39.823241" lon="2.861195"/>
    <trkpt lat="39.823246" lon="2.861357"/>
    <trkpt lat="39.823271" lon="2.861517"/>
    <trkpt lat="39.823327" lon="2.861743"/>
    <trkpt lat="39.823344" lon="2.861834"/>
    <trkpt lat="39.823349" lon="2.861909"/>
    <trkpt lat="39.823339" lon="2.861948"/>
    <trkpt lat="39.823315" lon="2.861989"/>
    <trkpt lat="39.823271" lon="2.862043"/>
    <trkpt lat="39.823201" lon="2.862121"/>
    <trkpt lat="39.823148" lon="2.862202"/>
    <trkpt lat="39.823108" lon="2.862286"/>
    <trkpt lat="39.823087" lon="2.862392"/>
    <trkpt lat="39.823083" lon="2.862534"/>
    <trkpt lat="39.823088" lon="2.862776"/>
    <trkpt lat="39.823075" lon="2.862898"/>
    <trkpt lat="39.823057" lon="2.862970"/>
    <trkpt lat="39.823023" lon="2.863057"/>
    <trkpt lat="39.822866" lon="2.863316"/>
    <trkpt lat="39.822711" lon="2.863580"/>
    <trkpt lat="39.822476" lon="2.863980"/>
    <trkpt lat="39.822149" lon="2.864494"/>
    <trkpt lat="39.822052" lon="2.864674"/>
    <trkpt lat="39.822022" lon="2.864803"/>
    <trkpt lat="39.822008" lon="2.864894"/>
    <trkpt lat="39.822009" lon="2.865009"/>
    <trkpt lat="39.822052" lon="2.865181"/>
    <trkpt lat="39.822148" lon="2.865352"/>
    <trkpt lat="39.822197" lon="2.865448"/>
    <trkpt lat="39.822218" lon="2.865543"/>
    <trkpt lat="39.822217" lon="2.865637"/>
    <trkpt lat="39.822204" lon="2.865701"/>
    <trkpt lat="39.822152" lon="2.865801"/>
    <trkpt lat="39.822075" lon="2.865911"/>
    <trkpt lat="39.821718" lon="2.866397"/>
    <trkpt lat="39.821644" lon="2.866512"/>
    <trkpt lat="39.821581" lon="2.866646"/>
    <trkpt lat="39.821540" lon="2.866774"/>
    <trkpt lat="39.821520" lon="2.866935"/>
    <trkpt lat="39.821528" lon="2.867134"/>
    <trkpt lat="39.821544" lon="2.867262"/>
    <trkpt lat="39.821581" lon="2.867427"/>
    <trkpt lat="39.821688" lon="2.867727"/>
    <trkpt lat="39.821729" lon="2.867908"/>
    <trkpt lat="39.821781" lon="2.868217"/>
    <trkpt lat="39.821859" lon="2.868694"/>
    <trkpt lat="39.821865" lon="2.868784"/>
    <trkpt lat="39.821859" lon="2.868946"/>
    <trkpt lat="39.821830" lon="2.869250"/>
    <trkpt lat="39.821798" lon="2.869433"/>
    <trkpt lat="39.821718" lon="2.869781"/>
    <trkpt lat="39.821683" lon="2.869893"/>
    <trkpt lat="39.821612" lon="2.870046"/>
    <trkpt lat="39.821502" lon="2.870249"/>
    <trkpt lat="39.821434" lon="2.870390"/>
    <trkpt lat="39.821106" lon="2.871176"/>
    <trkpt lat="39.820868" lon="2.871771"/>
    <trkpt lat="39.820745" lon="2.872072"/>
    <trkpt lat="39.820636" lon="2.872302"/>
    <trkpt lat="39.820590" lon="2.872403"/>
    <trkpt lat="39.820498" lon="2.872582"/>
    <trkpt lat="39.820437" lon="2.872720"/>
    <trkpt lat="39.820397" lon="2.872885"/>
    <trkpt lat="39.820389" lon="2.873091"/>
    <trkpt lat="39.820399" lon="2.873246"/>
    <trkpt lat="39.820462" lon="2.873587"/>
    <trkpt lat="39.820505" lon="2.873820"/>
    <trkpt lat="39.820560" lon="2.874011"/>
    <trkpt lat="39.820617" lon="2.874197"/>
    <trkpt lat="39.820642" lon="2.874284"/>
    <trkpt lat="39.820646" lon="2.874356"/>
    <trkpt lat="39.820637" lon="2.874396"/>
    <trkpt lat="39.820614" lon="2.874456"/>
    <trkpt lat="39.820495" lon="2.874608"/>
    <trkpt lat="39.820399" lon="2.874711"/>
    <trkpt lat="39.820275" lon="2.874861"/>
    <trkpt lat="39.820231" lon="2.874921"/>
    <trkpt lat="39.820206" lon="2.875012"/>
    <trkpt lat="39.820175" lon="2.875217"/>
    <trkpt lat="39.820148" lon="2.875451"/>
    <trkpt lat="39.820116" lon="2.875633"/>
    <trkpt lat="39.820082" lon="2.875751"/>
    <trkpt lat="39.819971" lon="2.876001"/>
    <trkpt lat="39.819894" lon="2.876130"/>
    <trkpt lat="39.819841" lon="2.876218"/>
    <trkpt lat="39.819766" lon="2.876291"/>
    <trkpt lat="39.819653" lon="2.876342"/>
    <trkpt lat="39.819505" lon="2.876396"/>
    <trkpt lat="39.819321" lon="2.876444"/>
    <trkpt lat="39.819052" lon="2.876485"/>
    <trkpt lat="39.818812" lon="2.876508"/>
    <trkpt lat="39.818716" lon="2.876529"/>
    <trkpt lat="39.818614" lon="2.876568"/>
    <trkpt lat="39.818501" lon="2.876649"/>
    <trkpt lat="39.818439" lon="2.876719"/>
    <trkpt lat="39.818339" lon="2.876841"/>
    <trkpt lat="39.818269" lon="2.876975"/>
    <trkpt lat="39.818235" lon="2.877069"/>
    <trkpt lat="39.818187" lon="2.877157"/>
    <trkpt lat="39.818137" lon="2.877203"/>
    <trkpt lat="39.818087" lon="2.877227"/>
    <trkpt lat="39.817958" lon="2.877256"/>
    <trkpt lat="39.817711" lon="2.877305"/>
    <trkpt lat="39.817645" lon="2.877312"/>
    <trkpt lat="39.817597" lon="2.877298"/>
    <trkpt lat="39.817515" lon="2.877255"/>
    <trkpt lat="39.817450" lon="2.877207"/>
    <trkpt lat="39.817360" lon="2.877166"/>
    <trkpt lat="39.817287" lon="2.877151"/>
    <trkpt lat="39.817178" lon="2.877159"/>
    <trkpt lat="39.817096" lon="2.877181"/>
    <trkpt lat="39.817036" lon="2.877216"/>
    <trkpt lat="39.816989" lon="2.877275"/>
    <trkpt lat="39.816962" lon="2.877372"/>
    <trkpt lat="39.816947" lon="2.877494"/>
    <trkpt lat="39.816939" lon="2.877662"/>
    <trkpt lat="39.816964" lon="2.877846"/>
    <trkpt lat="39.817027" lon="2.878029"/>
    <trkpt lat="39.817065" lon="2.878152"/>
    <trkpt lat="39.817067" lon="2.878203"/>
    <trkpt lat="39.817056" lon="2.878260"/>
    <trkpt lat="39.817025" lon="2.878288"/>
    <trkpt lat="39.816997" lon="2.878312"/>
    <trkpt lat="39.816957" lon="2.878317"/>
    <trkpt lat="39.816922" lon="2.878306"/>
    <trkpt lat="39.816725" lon="2.878210"/>
    <trkpt lat="39.816651" lon="2.878174"/>
    <trkpt lat="39.816533" lon="2.878171"/>
    <trkpt lat="39.816450" lon="2.878189"/>
    <trkpt lat="39.816327" lon="2.878238"/>
    <trkpt lat="39.816192" lon="2.878326"/>
    <trkpt lat="39.816069" lon="2.878442"/>
    <trkpt lat="39.816012" lon="2.878512"/>
    <trkpt lat="39.815959" lon="2.878623"/>
    <trkpt lat="39.815880" lon="2.878842"/>
    <trkpt lat="39.815813" lon="2.878985"/>
    <trkpt lat="39.815739" lon="2.879143"/>
    <trkpt lat="39.815700" lon="2.879256"/>
    <trkpt lat="39.815685" lon="2.879364"/>
    <trkpt lat="39.815679" lon="2.879448"/>
    <trkpt lat="39.815715" lon="2.879703"/>
    <trkpt lat="39.815745" lon="2.879846"/>
    <trkpt lat="39.815776" lon="2.880134"/>
    <trkpt lat="39.815797" lon="2.880393"/>
    <trkpt lat="39.815803" lon="2.880528"/>
    <trkpt lat="39.815790" lon="2.880647"/>
    <trkpt lat="39.815761" lon="2.880736"/>
    <trkpt lat="39.815717" lon="2.880813"/>
    <trkpt lat="39.815662" lon="2.880884"/>
    <trkpt lat="39.815540" lon="2.881053"/>
    <trkpt lat="39.815460" lon="2.881200"/>
    <trkpt lat="39.815406" lon="2.881313"/>
    <trkpt lat="39.815368" lon="2.881486"/>
    <trkpt lat="39.815354" lon="2.881624"/>
    <trkpt lat="39.815362" lon="2.881757"/>
    <trkpt lat="39.815395" lon="2.881909"/>
    <trkpt lat="39.815453" lon="2.882131"/>
    <trkpt lat="39.815497" lon="2.882326"/>
    <trkpt lat="39.815508" lon="2.882409"/>
    <trkpt lat="39.815507" lon="2.882521"/>
    <trkpt lat="39.815498" lon="2.882701"/>
    <trkpt lat="39.815498" lon="2.882943"/>
    <trkpt lat="39.815452" lon="2.883390"/>
    <trkpt lat="39.815421" lon="2.883656"/>
    <trkpt lat="39.815417" lon="2.884307"/>
    <trkpt lat="39.815381" lon="2.884466"/>
    <trkpt lat="39.815345" lon="2.884649"/>
    <trkpt lat="39.815336" lon="2.884705"/>
    <trkpt lat="39.815325" lon="2.884780"/>
    <trkpt lat="39.815323" lon="2.884879"/>
    <trkpt lat="39.815343" lon="2.884977"/>
    <trkpt lat="39.815370" lon="2.885045"/>
    <trkpt lat="39.815485" lon="2.885244"/>
    <trkpt lat="39.815597" lon="2.885448"/>
    <trkpt lat="39.815638" lon="2.885528"/>
    <trkpt lat="39.815670" lon="2.885625"/>
    <trkpt lat="39.815692" lon="2.885757"/>
    <trkpt lat="39.815730" lon="2.885931"/>
    <trkpt lat="39.815776" lon="2.886061"/>
    <trkpt lat="39.815890" lon="2.886278"/>
    <trkpt lat="39.815955" lon="2.886405"/>
    <trkpt lat="39.815978" lon="2.886475"/>
    <trkpt lat="39.815989" lon="2.886531"/>
    <trkpt lat="39.815981" lon="2.886602"/>
    <trkpt lat="39.815954" lon="2.886692"/>
    <trkpt lat="39.815887" lon="2.886810"/>
    <trkpt lat="39.815786" lon="2.886973"/>
    <trkpt lat="39.815601" lon="2.887328"/>
    <trkpt lat="39.815504" lon="2.887586"/>
    <trkpt lat="39.815430" lon="2.887808"/>
    <trkpt lat="39.815376" lon="2.887943"/>
    <trkpt lat="39.815312" lon="2.888032"/>
    <trkpt lat="39.815174" lon="2.888186"/>
    <trkpt lat="39.814970" lon="2.888336"/>
    <trkpt lat="39.814753" lon="2.888508"/>
    <trkpt lat="39.814304" lon="2.888849"/>
    <trkpt lat="39.813930" lon="2.889122"/>
    <trkpt lat="39.813660" lon="2.889281"/>
    <trkpt lat="39.813511" lon="2.889369"/>
    <trkpt lat="39.813337" lon="2.889467"/>
    <trkpt lat="39.813395" lon="2.889578"/>
    <trkpt lat="39.813468" lon="2.889713"/>
    <trkpt lat="39.813778" lon="2.890171"/>
    <trkpt lat="39.813883" lon="2.890319"/>
    <trkpt lat="39.814159" lon="2.890549"/>
    <trkpt lat="39.814412" lon="2.890761"/>
    <trkpt lat="39.814468" lon="2.890873"/>
    <trkpt lat="39.814522" lon="2.891028"/>
    <trkpt lat="39.814622" lon="2.891630"/>
    <trkpt lat="39.814667" lon="2.891798"/>
    <trkpt lat="39.814733" lon="2.891941"/>
    <trkpt lat="39.814867" lon="2.892226"/>
    <trkpt lat="39.815029" lon="2.892561"/>
    <trkpt lat="39.815153" lon="2.892872"/>
    <trkpt lat="39.815224" lon="2.893260"/>
    <trkpt lat="39.815295" lon="2.893771"/>
    <trkpt lat="39.815385" lon="2.894346"/>
    <trkpt lat="39.815453" lon="2.894761"/>
    <trkpt lat="39.815536" lon="2.895397"/>
    <trkpt lat="39.815580" lon="2.895659"/>
    <trkpt lat="39.815650" lon="2.896028"/>
    <trkpt lat="39.815724" lon="2.896211"/>
    <trkpt lat="39.815784" lon="2.896282"/>
    <trkpt lat="39.815808" lon="2.896310"/>
    <trkpt lat="39.815879" lon="2.896349"/>
    <trkpt lat="39.815977" lon="2.896380"/>
    <trkpt lat="39.816072" lon="2.896367"/>
    <trkpt lat="39.816170" lon="2.896300"/>
    <trkpt lat="39.816238" lon="2.896216"/>
    <trkpt lat="39.816304" lon="2.896067"/>
    <trkpt lat="39.816383" lon="2.895805"/>
    <trkpt lat="39.816460" lon="2.895382"/>
    <trkpt lat="39.816502" lon="2.895195"/>
    <trkpt lat="39.816687" lon="2.894260"/>
    <trkpt lat="39.816740" lon="2.894107"/>
    <trkpt lat="39.816806" lon="2.893987"/>
    <trkpt lat="39.816876" lon="2.893917"/>
    <trkpt lat="39.816912" lon="2.893892"/>
    <trkpt lat="39.817106" lon="2.893803"/>
    <trkpt lat="39.817195" lon="2.893787"/>
    <trkpt lat="39.817264" lon="2.893760"/>
    <trkpt lat="39.817296" lon="2.893729"/>
    <trkpt lat="39.817319" lon="2.893707"/>
    <trkpt lat="39.817368" lon="2.893573"/>
    <trkpt lat="39.817549" lon="2.892839"/>
    <trkpt lat="39.817581" lon="2.892704"/>
    <trkpt lat="39.817626" lon="2.892585"/>
    <trkpt lat="39.817702" lon="2.892493"/>
    <trkpt lat="39.817777" lon="2.892477"/>
    <trkpt lat="39.817865" lon="2.892489"/>
    <trkpt lat="39.818070" lon="2.892547"/>
    <trkpt lat="39.818239" lon="2.892580"/>
    <trkpt lat="39.818637" lon="2.892669"/>
    <trkpt lat="39.818858" lon="2.892674"/>
    <trkpt lat="39.819268" lon="2.892695"/>
    <trkpt lat="39.819537" lon="2.892708"/>
    <trkpt lat="39.819640" lon="2.892708"/>
    <trkpt lat="39.819715" lon="2.892694"/>
    <trkpt lat="39.819778" lon="2.892648"/>
    <trkpt lat="39.819849" lon="2.892563"/>
    <trkpt lat="39.819992" lon="2.892378"/>
    <trkpt lat="39.820051" lon="2.892329"/>
    <trkpt lat="39.820129" lon="2.892284"/>
    <trkpt lat="39.820260" lon="2.892287"/>
    <trkpt lat="39.820368" lon="2.892308"/>
    <trkpt lat="39.820565" lon="2.892354"/>
    <trkpt lat="39.820739" lon="2.892400"/>
    <trkpt lat="39.820792" lon="2.892456"/>
    <trkpt lat="39.820822" lon="2.892418"/>
    <trkpt lat="39.820847" lon="2.892379"/>
    <trkpt lat="39.820869" lon="2.892316"/>
    <trkpt lat="39.821195" lon="2.891194"/>
    <trkpt lat="39.821272" lon="2.890931"/>
    <trkpt lat="39.821362" lon="2.890621"/>
    <trkpt lat="39.821528" lon="2.890075"/>
    <trkpt lat="39.821740" lon="2.889325"/>
    <trkpt lat="39.821790" lon="2.889059"/>
    <trkpt lat="39.821916" lon="2.888198"/>
    <trkpt lat="39.821972" lon="2.887730"/>
    <trkpt lat="39.821980" lon="2.887576"/>
    <trkpt lat="39.821973" lon="2.887477"/>
    <trkpt lat="39.821814" lon="2.887071"/>
    <trkpt lat="39.821359" lon="2.886198"/>
    <trkpt lat="39.820998" lon="2.885401"/>
    <trkpt lat="39.820949" lon="2.885236"/>
    <trkpt lat="39.820967" lon="2.884980"/>
    <trkpt lat="39.821028" lon="2.884839"/>
    <trkpt lat="39.821094" lon="2.884743"/>
    <trkpt lat="39.821285" lon="2.884678"/>
    <trkpt lat="39.821297" lon="2.884707"/>
    <trkpt lat="39.821321" lon="2.884736"/>
    <trkpt lat="39.821350" lon="2.884750"/>
    <trkpt lat="39.821369" lon="2.884751"/>
    <trkpt lat="39.821392" lon="2.884745"/>
    <trkpt lat="39.821417" lon="2.884726"/>
    <trkpt lat="39.821429" lon="2.884710"/>
    <trkpt lat="39.821436" lon="2.884694"/>
    <trkpt lat="39.821446" lon="2.884648"/>
    <trkpt lat="39.821446" lon="2.884648"/>
    <trkpt lat="39.821436" lon="2.884694"/>
    <trkpt lat="39.821429" lon="2.884710"/>
    <trkpt lat="39.821417" lon="2.884726"/>
    <trkpt lat="39.821392" lon="2.884745"/>
    <trkpt lat="39.821369" lon="2.884751"/>
    <trkpt lat="39.821350" lon="2.884750"/>
    <trkpt lat="39.821321" lon="2.884736"/>
    <trkpt lat="39.821297" lon="2.884707"/>
    <trkpt lat="39.821285" lon="2.884678"/>
    <trkpt lat="39.821094" lon="2.884743"/>
    <trkpt lat="39.821028" lon="2.884839"/>
    <trkpt lat="39.820967" lon="2.884980"/>
    <trkpt lat="39.820949" lon="2.885236"/>
    <trkpt lat="39.820998" lon="2.885401"/>
    <trkpt lat="39.821359" lon="2.886198"/>
    <trkpt lat="39.821814" lon="2.887071"/>
    <trkpt lat="39.821973" lon="2.887477"/>
    <trkpt lat="39.821980" lon="2.887576"/>
    <trkpt lat="39.821972" lon="2.887730"/>
    <trkpt lat="39.821916" lon="2.888198"/>
    <trkpt lat="39.821790" lon="2.889059"/>
    <trkpt lat="39.821740" lon="2.889325"/>
    <trkpt lat="39.821528" lon="2.890075"/>
    <trkpt lat="39.821362" lon="2.890621"/>
    <trkpt lat="39.821272" lon="2.890931"/>
    <trkpt lat="39.821195" lon="2.891194"/>
    <trkpt lat="39.820869" lon="2.892316"/>
    <trkpt lat="39.820847" lon="2.892379"/>
    <trkpt lat="39.820822" lon="2.892418"/>
    <trkpt lat="39.820792" lon="2.892456"/>
    <trkpt lat="39.820739" lon="2.892400"/>
    <trkpt lat="39.820565" lon="2.892354"/>
    <trkpt lat="39.820368" lon="2.892308"/>
    <trkpt lat="39.820260" lon="2.892287"/>
    <trkpt lat="39.820129" lon="2.892284"/>
    <trkpt lat="39.820051" lon="2.892329"/>
    <trkpt lat="39.819992" lon="2.892378"/>
    <trkpt lat="39.819849" lon="2.892563"/>
    <trkpt lat="39.819778" lon="2.892648"/>
    <trkpt lat="39.819715" lon="2.892694"/>
    <trkpt lat="39.819640" lon="2.892708"/>
    <trkpt lat="39.819537" lon="2.892708"/>
    <trkpt lat="39.819268" lon="2.892695"/>
    <trkpt lat="39.818858" lon="2.892674"/>
    <trkpt lat="39.818637" lon="2.892669"/>
    <trkpt lat="39.818239" lon="2.892580"/>
    <trkpt lat="39.818070" lon="2.892547"/>
    <trkpt lat="39.817865" lon="2.892489"/>
    <trkpt lat="39.817777" lon="2.892477"/>
    <trkpt lat="39.817702" lon="2.892493"/>
    <trkpt lat="39.817626" lon="2.892585"/>
    <trkpt lat="39.817581" lon="2.892704"/>
    <trkpt lat="39.817549" lon="2.892839"/>
    <trkpt lat="39.817368" lon="2.893573"/>
    <trkpt lat="39.817319" lon="2.893707"/>
    <trkpt lat="39.817296" lon="2.893729"/>
    <trkpt lat="39.817264" lon="2.893760"/>
    <trkpt lat="39.817195" lon="2.893787"/>
    <trkpt lat="39.817106" lon="2.893803"/>
    <trkpt lat="39.816912" lon="2.893892"/>
    <trkpt lat="39.816876" lon="2.893917"/>
    <trkpt lat="39.816806" lon="2.893987"/>
    <trkpt lat="39.816740" lon="2.894107"/>
    <trkpt lat="39.816687" lon="2.894260"/>
    <trkpt lat="39.816502" lon="2.895195"/>
    <trkpt lat="39.816460" lon="2.895382"/>
    <trkpt lat="39.816383" lon="2.895805"/>
    <trkpt lat="39.816304" lon="2.896067"/>
    <trkpt lat="39.816238" lon="2.896216"/>
    <trkpt lat="39.816170" lon="2.896300"/>
    <trkpt lat="39.816072" lon="2.896367"/>
    <trkpt lat="39.815977" lon="2.896380"/>
    <trkpt lat="39.815879" lon="2.896349"/>
    <trkpt lat="39.815808" lon="2.896310"/>
    <trkpt lat="39.815784" lon="2.896282"/>
    <trkpt lat="39.815724" lon="2.896211"/>
    <trkpt lat="39.815650" lon="2.896028"/>
    <trkpt lat="39.815580" lon="2.895659"/>
    <trkpt lat="39.815536" lon="2.895397"/>
    <trkpt lat="39.815453" lon="2.894761"/>
    <trkpt lat="39.815385" lon="2.894346"/>
    <trkpt lat="39.815295" lon="2.893771"/>
    <trkpt lat="39.815224" lon="2.893260"/>
    <trkpt lat="39.815153" lon="2.892872"/>
    <trkpt lat="39.815029" lon="2.892561"/>
    <trkpt lat="39.814867" lon="2.892226"/>
    <trkpt lat="39.814733" lon="2.891941"/>
    <trkpt lat="39.814667" lon="2.891798"/>
    <trkpt lat="39.814622" lon="2.891630"/>
    <trkpt lat="39.814522" lon="2.891028"/>
    <trkpt lat="39.814468" lon="2.890873"/>
    <trkpt lat="39.814412" lon="2.890761"/>
    <trkpt lat="39.814159" lon="2.890549"/>
    <trkpt lat="39.813883" lon="2.890319"/>
    <trkpt lat="39.813778" lon="2.890171"/>
    <trkpt lat="39.813468" lon="2.889713"/>
    <trkpt lat="39.813395" lon="2.889578"/>
    <trkpt lat="39.813337" lon="2.889467"/>
    <trkpt lat="39.813195" lon="2.889519"/>
    <trkpt lat="39.813076" lon="2.889550"/>
    <trkpt lat="39.812701" lon="2.889625"/>
    <trkpt lat="39.812665" lon="2.889635"/>
    <trkpt lat="39.812465" lon="2.889688"/>
    <trkpt lat="39.812291" lon="2.889732"/>
    <trkpt lat="39.812233" lon="2.889744"/>
    <trkpt lat="39.811930" lon="2.889811"/>
    <trkpt lat="39.811825" lon="2.889818"/>
    <trkpt lat="39.811757" lon="2.889819"/>
    <trkpt lat="39.811700" lon="2.889787"/>
    <trkpt lat="39.811597" lon="2.889698"/>
    <trkpt lat="39.811561" lon="2.889669"/>
    <trkpt lat="39.811518" lon="2.889645"/>
    <trkpt lat="39.811357" lon="2.889618"/>
    <trkpt lat="39.811154" lon="2.889631"/>
    <trkpt lat="39.811107" lon="2.889653"/>
    <trkpt lat="39.811079" lon="2.889703"/>
    <trkpt lat="39.811071" lon="2.889753"/>
    <trkpt lat="39.811099" lon="2.889863"/>
    <trkpt lat="39.811214" lon="2.890181"/>
    <trkpt lat="39.811299" lon="2.890424"/>
    <trkpt lat="39.811316" lon="2.890536"/>
    <trkpt lat="39.811314" lon="2.890640"/>
    <trkpt lat="39.811299" lon="2.890729"/>
    <trkpt lat="39.811268" lon="2.890812"/>
    <trkpt lat="39.811210" lon="2.890976"/>
    <trkpt lat="39.811136" lon="2.891239"/>
    <trkpt lat="39.811088" lon="2.891528"/>
    <trkpt lat="39.811047" lon="2.892129"/>
    <trkpt lat="39.811010" lon="2.892608"/>
    <trkpt lat="39.810970" lon="2.892773"/>
    <trkpt lat="39.810922" lon="2.892914"/>
    <trkpt lat="39.810597" lon="2.893655"/>
    <trkpt lat="39.810221" lon="2.894518"/>
    <trkpt lat="39.809990" lon="2.894985"/>
    <trkpt lat="39.809915" lon="2.895062"/>
    <trkpt lat="39.809813" lon="2.895124"/>
    <trkpt lat="39.809716" lon="2.895151"/>
    <trkpt lat="39.809613" lon="2.895143"/>
    <trkpt lat="39.809343" lon="2.895103"/>
    <trkpt lat="39.809269" lon="2.895095"/>
    <trkpt lat="39.809207" lon="2.895109"/>
    <trkpt lat="39.809146" lon="2.895136"/>
    <trkpt lat="39.809055" lon="2.895195"/>
    <trkpt lat="39.808898" lon="2.895383"/>
    <trkpt lat="39.808572" lon="2.895831"/>
    <trkpt lat="39.808480" lon="2.895952"/>
    <trkpt lat="39.808436" lon="2.895996"/>
    <trkpt lat="39.808386" lon="2.896025"/>
    <trkpt lat="39.808273" lon="2.896077"/>
    <trkpt lat="39.808088" lon="2.896138"/>
    <trkpt lat="39.807957" lon="2.896195"/>
    <trkpt lat="39.807923" lon="2.896210"/>
    <trkpt lat="39.807851" lon="2.896246"/>
    <trkpt lat="39.807782" lon="2.896302"/>
    <trkpt lat="39.807674" lon="2.896427"/>
    <trkpt lat="39.807627" lon="2.896502"/>
    <trkpt lat="39.807570" lon="2.896561"/>
    <trkpt lat="39.807441" lon="2.896639"/>
    <trkpt lat="39.807240" lon="2.896765"/>
    <trkpt lat="39.807213" lon="2.896812"/>
    <trkpt lat="39.807218" lon="2.896870"/>
    <trkpt lat="39.807266" lon="2.896919"/>
    <trkpt lat="39.807305" lon="2.896923"/>
    <trkpt lat="39.807342" lon="2.896910"/>
    <trkpt lat="39.807517" lon="2.896834"/>
    <trkpt lat="39.807744" lon="2.896735"/>
    <trkpt lat="39.807992" lon="2.896661"/>
    <trkpt lat="39.808134" lon="2.896621"/>
    <trkpt lat="39.808207" lon="2.896632"/>
    <trkpt lat="39.808256" lon="2.896692"/>
    <trkpt lat="39.808257" lon="2.896738"/>
    <trkpt lat="39.808258" lon="2.896769"/>
    <trkpt lat="39.808185" lon="2.896894"/>
    <trkpt lat="39.808120" lon="2.896984"/>
    <trkpt lat="39.808025" lon="2.897028"/>
    <trkpt lat="39.807880" lon="2.897034"/>
    <trkpt lat="39.807634" lon="2.897035"/>
    <trkpt lat="39.807538" lon="2.897042"/>
    <trkpt lat="39.807425" lon="2.897097"/>
    <trkpt lat="39.807368" lon="2.897134"/>
    <trkpt lat="39.807012" lon="2.897368"/>
    <trkpt lat="39.806795" lon="2.897511"/>
    <trkpt lat="39.806753" lon="2.897568"/>
    <trkpt lat="39.806755" lon="2.897613"/>
    <trkpt lat="39.806774" lon="2.897646"/>
    <trkpt lat="39.806835" lon="2.897681"/>
    <trkpt lat="39.806950" lon="2.897661"/>
    <trkpt lat="39.807001" lon="2.897653"/>
    <trkpt lat="39.807191" lon="2.897622"/>
    <trkpt lat="39.807482" lon="2.897583"/>
    <trkpt lat="39.807594" lon="2.897580"/>
    <trkpt lat="39.807654" lon="2.897628"/>
    <trkpt lat="39.807665" lon="2.897680"/>
    <trkpt lat="39.807674" lon="2.897726"/>
    <trkpt lat="39.807621" lon="2.897784"/>
    <trkpt lat="39.807543" lon="2.897797"/>
    <trkpt lat="39.807409" lon="2.897776"/>
    <trkpt lat="39.807231" lon="2.897753"/>
    <trkpt lat="39.807049" lon="2.897753"/>
    <trkpt lat="39.806907" lon="2.897785"/>
    <trkpt lat="39.806586" lon="2.897971"/>
    <trkpt lat="39.806517" lon="2.898011"/>
    <trkpt lat="39.806115" lon="2.898208"/>
    <trkpt lat="39.806068" lon="2.898242"/>
    <trkpt lat="39.806041" lon="2.898290"/>
    <trkpt lat="39.806044" lon="2.898339"/>
    <trkpt lat="39.806067" lon="2.898374"/>
    <trkpt lat="39.806108" lon="2.898383"/>
    <trkpt lat="39.806151" lon="2.898375"/>
    <trkpt lat="39.806564" lon="2.898218"/>
    <trkpt lat="39.807081" lon="2.898022"/>
    <trkpt lat="39.807139" lon="2.898018"/>
    <trkpt lat="39.807188" lon="2.898039"/>
    <trkpt lat="39.807231" lon="2.898086"/>
    <trkpt lat="39.807252" lon="2.898110"/>
    <trkpt lat="39.807251" lon="2.898190"/>
    <trkpt lat="39.807219" lon="2.898241"/>
    <trkpt lat="39.807152" lon="2.898269"/>
    <trkpt lat="39.806964" lon="2.898352"/>
    <trkpt lat="39.806764" lon="2.898429"/>
    <trkpt lat="39.806711" lon="2.898449"/>
    <trkpt lat="39.806541" lon="2.898497"/>
    <trkpt lat="39.806369" lon="2.898545"/>
    <trkpt lat="39.806109" lon="2.898660"/>
    <trkpt lat="39.805888" lon="2.898767"/>
    <trkpt lat="39.805787" lon="2.898799"/>
    <trkpt lat="39.805675" lon="2.898817"/>
    <trkpt lat="39.805415" lon="2.898812"/>
    <trkpt lat="39.805280" lon="2.898801"/>
    <trkpt lat="39.805190" lon="2.898766"/>
    <trkpt lat="39.805026" lon="2.898621"/>
    <trkpt lat="39.804905" lon="2.898522"/>
    <trkpt lat="39.804856" lon="2.898499"/>
    <trkpt lat="39.804799" lon="2.898514"/>
    <trkpt lat="39.804631" lon="2.898635"/>
    <trkpt lat="39.804375" lon="2.898874"/>
    <trkpt lat="39.804234" lon="2.899099"/>
    <trkpt lat="39.804023" lon="2.899491"/>
    <trkpt lat="39.803872" lon="2.899815"/>
    <trkpt lat="39.803800" lon="2.899914"/>
    <trkpt lat="39.803724" lon="2.899969"/>
    <trkpt lat="39.803653" lon="2.900002"/>
    <trkpt lat="39.803564" lon="2.900024"/>
    <trkpt lat="39.803270" lon="2.900071"/>
    <trkpt lat="39.803080" lon="2.900095"/>
    <trkpt lat="39.802992" lon="2.900078"/>
    <trkpt lat="39.802947" lon="2.900028"/>
    <trkpt lat="39.802845" lon="2.899825"/>
    <trkpt lat="39.802449" lon="2.898891"/>
    <trkpt lat="39.802014" lon="2.897911"/>
    <trkpt lat="39.801915" lon="2.897782"/>
    <trkpt lat="39.801693" lon="2.897564"/>
    <trkpt lat="39.801437" lon="2.897390"/>
    <trkpt lat="39.801235" lon="2.897294"/>
    <trkpt lat="39.800974" lon="2.897215"/>
    <trkpt lat="39.800658" lon="2.897202"/>
    <trkpt lat="39.800469" lon="2.897225"/>
    <trkpt lat="39.800272" lon="2.897277"/>
    <trkpt lat="39.800095" lon="2.897350"/>
    <trkpt lat="39.799569" lon="2.897620"/>
    <trkpt lat="39.799135" lon="2.897843"/>
    <trkpt lat="39.798784" lon="2.898028"/>
    <trkpt lat="39.798641" lon="2.898031"/>
    <trkpt lat="39.798549" lon="2.898016"/>
    <trkpt lat="39.798359" lon="2.897919"/>
    <trkpt lat="39.798264" lon="2.897838"/>
    <trkpt lat="39.798121" lon="2.897683"/>
    <trkpt lat="39.797670" lon="2.897083"/>
    <trkpt lat="39.797403" lon="2.896744"/>
    <trkpt lat="39.797264" lon="2.896575"/>
    <trkpt lat="39.797157" lon="2.896504"/>
    <trkpt lat="39.797069" lon="2.896480"/>
    <trkpt lat="39.797007" lon="2.896465"/>
    <trkpt lat="39.796882" lon="2.896486"/>
    <trkpt lat="39.796755" lon="2.896539"/>
    <trkpt lat="39.796643" lon="2.896586"/>
    <trkpt lat="39.796536" lon="2.896599"/>
    <trkpt lat="39.796414" lon="2.896590"/>
    <trkpt lat="39.796184" lon="2.896502"/>
    <trkpt lat="39.795535" lon="2.896240"/>
    <trkpt lat="39.795364" lon="2.896174"/>
    <trkpt lat="39.795290" lon="2.896126"/>
    <trkpt lat="39.794894" lon="2.895726"/>
    <trkpt lat="39.794412" lon="2.895192"/>
    <trkpt lat="39.794267" lon="2.895064"/>
    <trkpt lat="39.794136" lon="2.894988"/>
    <trkpt lat="39.793979" lon="2.894958"/>
    <trkpt lat="39.793154" lon="2.894747"/>
    <trkpt lat="39.793016" lon="2.894703"/>
    <trkpt lat="39.792368" lon="2.894375"/>
    <trkpt lat="39.792150" lon="2.894311"/>
    <trkpt lat="39.792017" lon="2.894304"/>
    <trkpt lat="39.791879" lon="2.894324"/>
    <trkpt lat="39.791253" lon="2.894572"/>
    <trkpt lat="39.791173" lon="2.894587"/>
    <trkpt lat="39.791127" lon="2.894576"/>
    <trkpt lat="39.790820" lon="2.894415"/>
    <trkpt lat="39.790383" lon="2.894151"/>
    <trkpt lat="39.790058" lon="2.893897"/>
    <trkpt lat="39.790015" lon="2.893880"/>
    <trkpt lat="39.789966" lon="2.893909"/>
    <trkpt lat="39.789868" lon="2.894051"/>
    <trkpt lat="39.789801" lon="2.894132"/>
    <trkpt lat="39.789718" lon="2.894176"/>
    <trkpt lat="39.789643" lon="2.894187"/>
    <trkpt lat="39.789514" lon="2.894205"/>
    <trkpt lat="39.789403" lon="2.894222"/>
    <trkpt lat="39.789197" lon="2.894302"/>
    <trkpt lat="39.789118" lon="2.894307"/>
    <trkpt lat="39.789069" lon="2.894277"/>
    <trkpt lat="39.789055" lon="2.894211"/>
    <trkpt lat="39.789053" lon="2.894162"/>
    <trkpt lat="39.789078" lon="2.894107"/>
    <trkpt lat="39.789137" lon="2.894062"/>
    <trkpt lat="39.789321" lon="2.893987"/>
    <trkpt lat="39.789546" lon="2.893852"/>
    <trkpt lat="39.789754" lon="2.893756"/>
    <trkpt lat="39.789811" lon="2.893699"/>
    <trkpt lat="39.789829" lon="2.893624"/>
    <trkpt lat="39.789799" lon="2.893554"/>
    <trkpt lat="39.789733" lon="2.893539"/>
    <trkpt lat="39.789513" lon="2.893610"/>
    <trkpt lat="39.789388" lon="2.893634"/>
    <trkpt lat="39.789145" lon="2.893650"/>
    <trkpt lat="39.788870" lon="2.893693"/>
    <trkpt lat="39.788799" lon="2.893695"/>
    <trkpt lat="39.788754" lon="2.893670"/>
    <trkpt lat="39.788755" lon="2.893618"/>
    <trkpt lat="39.788755" lon="2.893588"/>
    <trkpt lat="39.788786" lon="2.893522"/>
    <trkpt lat="39.788893" lon="2.893458"/>
    <trkpt lat="39.788979" lon="2.893383"/>
    <trkpt lat="39.789122" lon="2.893223"/>
    <trkpt lat="39.789546" lon="2.892767"/>
    <trkpt lat="39.789711" lon="2.892556"/>
    <trkpt lat="39.789782" lon="2.892402"/>
    <trkpt lat="39.789813" lon="2.892256"/>
    <trkpt lat="39.789881" lon="2.891737"/>
    <trkpt lat="39.789910" lon="2.891625"/>
    <trkpt lat="39.789973" lon="2.891572"/>
    <trkpt lat="39.790156" lon="2.891455"/>
    <trkpt lat="39.790421" lon="2.891334"/>
    <trkpt lat="39.790654" lon="2.891227"/>
    <trkpt lat="39.790878" lon="2.891123"/>
    <trkpt lat="39.790986" lon="2.891060"/>
    <trkpt lat="39.791032" lon="2.890993"/>
    <trkpt lat="39.791035" lon="2.890957"/>
    <trkpt lat="39.791036" lon="2.890937"/>
    <trkpt lat="39.791025" lon="2.890889"/>
    <trkpt lat="39.790942" lon="2.890815"/>
    <trkpt lat="39.790712" lon="2.890713"/>
    <trkpt lat="39.790349" lon="2.890552"/>
    <trkpt lat="39.790279" lon="2.890492"/>
    <trkpt lat="39.790209" lon="2.890331"/>
    <trkpt lat="39.790142" lon="2.890194"/>
    <trkpt lat="39.790113" lon="2.890176"/>
    <trkpt lat="39.790091" lon="2.890173"/>
    <trkpt lat="39.790077" lon="2.890171"/>
    <trkpt lat="39.790050" lon="2.890186"/>
    <trkpt lat="39.790032" lon="2.890226"/>
    <trkpt lat="39.789985" lon="2.890426"/>
    <trkpt lat="39.789933" lon="2.890686"/>
    <trkpt lat="39.789894" lon="2.890781"/>
    <trkpt lat="39.789840" lon="2.890830"/>
    <trkpt lat="39.789749" lon="2.890865"/>
    <trkpt lat="39.789357" lon="2.890953"/>
    <trkpt lat="39.789276" lon="2.890980"/>
    <trkpt lat="39.789207" lon="2.891024"/>
    <trkpt lat="39.789133" lon="2.891110"/>
    <trkpt lat="39.788957" lon="2.891493"/>
    <trkpt lat="39.788876" lon="2.891599"/>
    <trkpt lat="39.788711" lon="2.891739"/>
    <trkpt lat="39.788242" lon="2.892022"/>
    <trkpt lat="39.788149" lon="2.892046"/>
    <trkpt lat="39.788073" lon="2.892040"/>
    <trkpt lat="39.787945" lon="2.891954"/>
    <trkpt lat="39.787480" lon="2.891507"/>
    <trkpt lat="39.787422" lon="2.891484"/>
    <trkpt lat="39.787340" lon="2.891500"/>
    <trkpt lat="39.787271" lon="2.891545"/>
    <trkpt lat="39.787047" lon="2.891966"/>
    <trkpt lat="39.786956" lon="2.892166"/>
    <trkpt lat="39.786941" lon="2.892235"/>
    <trkpt lat="39.786937" lon="2.892317"/>
    <trkpt lat="39.786957" lon="2.892504"/>
    <trkpt lat="39.787066" lon="2.892977"/>
    <trkpt lat="39.787074" lon="2.893095"/>
    <trkpt lat="39.787062" lon="2.893159"/>
    <trkpt lat="39.787034" lon="2.893211"/>
    <trkpt lat="39.786942" lon="2.893291"/>
    <trkpt lat="39.786749" lon="2.893404"/>
    <trkpt lat="39.786566" lon="2.893532"/>
    <trkpt lat="39.786484" lon="2.893603"/>
    <trkpt lat="39.786414" lon="2.893706"/>
    <trkpt lat="39.785972" lon="2.894649"/>
    <trkpt lat="39.785912" lon="2.894755"/>
    <trkpt lat="39.785815" lon="2.894875"/>
    <trkpt lat="39.785382" lon="2.895268"/>
    <trkpt lat="39.784776" lon="2.895817"/>
    <trkpt lat="39.784681" lon="2.895901"/>
    <trkpt lat="39.784599" lon="2.895947"/>
    <trkpt lat="39.784504" lon="2.895963"/>
    <trkpt lat="39.784421" lon="2.895973"/>
    <trkpt lat="39.784317" lon="2.895971"/>
    <trkpt lat="39.784183" lon="2.895968"/>
    <trkpt lat="39.784063" lon="2.895970"/>
    <trkpt lat="39.783931" lon="2.896023"/>
    <trkpt lat="39.783738" lon="2.896123"/>
    <trkpt lat="39.783611" lon="2.896169"/>
    <trkpt lat="39.783524" lon="2.896210"/>
    <trkpt lat="39.783455" lon="2.896221"/>
    <trkpt lat="39.783380" lon="2.896202"/>
    <trkpt lat="39.783217" lon="2.896118"/>
    <trkpt lat="39.783053" lon="2.896017"/>
    <trkpt lat="39.782956" lon="2.895970"/>
    <trkpt lat="39.782872" lon="2.895948"/>
    <trkpt lat="39.782779" lon="2.895963"/>
    <trkpt lat="39.782608" lon="2.896047"/>
    <trkpt lat="39.782440" lon="2.896162"/>
    <trkpt lat="39.782179" lon="2.896321"/>
    <trkpt lat="39.782069" lon="2.896416"/>
    <trkpt lat="39.781831" lon="2.896651"/>
    <trkpt lat="39.781775" lon="2.896692"/>
    <trkpt lat="39.781677" lon="2.896715"/>
    <trkpt lat="39.781550" lon="2.896731"/>
    <trkpt lat="39.781333" lon="2.896752"/>
    <trkpt lat="39.781223" lon="2.896769"/>
    <trkpt lat="39.781157" lon="2.896808"/>
    <trkpt lat="39.780687" lon="2.897419"/>
    <trkpt lat="39.780497" lon="2.897666"/>
    <trkpt lat="39.780440" lon="2.897732"/>
    <trkpt lat="39.780350" lon="2.897791"/>
    <trkpt lat="39.779978" lon="2.897987"/>
    <trkpt lat="39.779461" lon="2.898300"/>
    <trkpt lat="39.779313" lon="2.898342"/>
    <trkpt lat="39.778940" lon="2.898420"/>
    <trkpt lat="39.778837" lon="2.898442"/>
    <trkpt lat="39.778442" lon="2.898669"/>
    <trkpt lat="39.778276" lon="2.898751"/>
    <trkpt lat="39.778188" lon="2.898783"/>
    <trkpt lat="39.778096" lon="2.898800"/>
    <trkpt lat="39.777675" lon="2.898828"/>
    <trkpt lat="39.777503" lon="2.898816"/>
    <trkpt lat="39.777370" lon="2.898781"/>
    <trkpt lat="39.777131" lon="2.898683"/>
    <trkpt lat="39.776889" lon="2.898584"/>
    <trkpt lat="39.776837" lon="2.898541"/>
    <trkpt lat="39.776816" lon="2.898488"/>
    <trkpt lat="39.776816" lon="2.898433"/>
    <trkpt lat="39.776847" lon="2.898390"/>
    <trkpt lat="39.776892" lon="2.898371"/>
    <trkpt lat="39.776956" lon="2.898382"/>
    <trkpt lat="39.777030" lon="2.898405"/>
    <trkpt lat="39.777273" lon="2.898508"/>
    <trkpt lat="39.777530" lon="2.898566"/>
    <trkpt lat="39.777654" lon="2.898568"/>
    <trkpt lat="39.777782" lon="2.898553"/>
    <trkpt lat="39.778259" lon="2.898396"/>
    <trkpt lat="39.778440" lon="2.898352"/>
    <trkpt lat="39.778502" lon="2.898319"/>
    <trkpt lat="39.778542" lon="2.898252"/>
    <trkpt lat="39.778549" lon="2.898198"/>
    <trkpt lat="39.778533" lon="2.898138"/>
    <trkpt lat="39.778487" lon="2.898111"/>
    <trkpt lat="39.778427" lon="2.898116"/>
    <trkpt lat="39.778326" lon="2.898152"/>
    <trkpt lat="39.777697" lon="2.898294"/>
    <trkpt lat="39.777632" lon="2.898313"/>
    <trkpt lat="39.777563" lon="2.898314"/>
    <trkpt lat="39.777400" lon="2.898230"/>
    <trkpt lat="39.777009" lon="2.898041"/>
    <trkpt lat="39.776737" lon="2.897949"/>
    <trkpt lat="39.776583" lon="2.897930"/>
    <trkpt lat="39.776447" lon="2.897925"/>
    <trkpt lat="39.776309" lon="2.897951"/>
    <trkpt lat="39.776065" lon="2.898069"/>
    <trkpt lat="39.775862" lon="2.898213"/>
    <trkpt lat="39.775758" lon="2.898277"/>
    <trkpt lat="39.775662" lon="2.898311"/>
    <trkpt lat="39.775568" lon="2.898322"/>
    <trkpt lat="39.775488" lon="2.898331"/>
    <trkpt lat="39.775377" lon="2.898356"/>
    <trkpt lat="39.775231" lon="2.898444"/>
    <trkpt lat="39.775126" lon="2.898458"/>
    <trkpt lat="39.775067" lon="2.898455"/>
    <trkpt lat="39.775023" lon="2.898442"/>
    <trkpt lat="39.775000" lon="2.898415"/>
    <trkpt lat="39.774993" lon="2.898390"/>
    <trkpt lat="39.774984" lon="2.898362"/>
    <trkpt lat="39.775003" lon="2.898309"/>
    <trkpt lat="39.775049" lon="2.898278"/>
    <trkpt lat="39.775139" lon="2.898257"/>
    <trkpt lat="39.775446" lon="2.898186"/>
    <trkpt lat="39.775494" lon="2.898165"/>
    <trkpt lat="39.775853" lon="2.898007"/>
    <trkpt lat="39.776032" lon="2.897898"/>
    <trkpt lat="39.776058" lon="2.897847"/>
    <trkpt lat="39.776062" lon="2.897793"/>
    <trkpt lat="39.776047" lon="2.897750"/>
    <trkpt lat="39.776018" lon="2.897721"/>
    <trkpt lat="39.775987" lon="2.897704"/>
    <trkpt lat="39.775940" lon="2.897707"/>
    <trkpt lat="39.775683" lon="2.897945"/>
    <trkpt lat="39.775608" lon="2.897998"/>
    <trkpt lat="39.775508" lon="2.898035"/>
    <trkpt lat="39.775302" lon="2.898071"/>
    <trkpt lat="39.775174" lon="2.898084"/>
    <trkpt lat="39.775080" lon="2.898078"/>
    <trkpt lat="39.774849" lon="2.898006"/>
    <trkpt lat="39.774470" lon="2.897946"/>
    <trkpt lat="39.774224" lon="2.897932"/>
    <trkpt lat="39.774028" lon="2.897957"/>
    <trkpt lat="39.773693" lon="2.898071"/>
    <trkpt lat="39.773185" lon="2.898359"/>
    <trkpt lat="39.773082" lon="2.898439"/>
    <trkpt lat="39.772940" lon="2.898561"/>
    <trkpt lat="39.772886" lon="2.898612"/>
    <trkpt lat="39.772746" lon="2.898745"/>
    <trkpt lat="39.772543" lon="2.898964"/>
    <trkpt lat="39.772523" lon="2.898986"/>
    <trkpt lat="39.772490" lon="2.899023"/>
    <trkpt lat="39.772435" lon="2.899141"/>
    <trkpt lat="39.772427" lon="2.899165"/>
    <trkpt lat="39.772270" lon="2.899648"/>
    <trkpt lat="39.772226" lon="2.899782"/>
    <trkpt lat="39.772065" lon="2.900199"/>
    <trkpt lat="39.772030" lon="2.900288"/>
    <trkpt lat="39.771965" lon="2.900456"/>
    <trkpt lat="39.771898" lon="2.900629"/>
    <trkpt lat="39.771891" lon="2.900643"/>
    <trkpt lat="39.771652" lon="2.901109"/>
    <trkpt lat="39.771584" lon="2.901214"/>
    <trkpt lat="39.771420" lon="2.901437"/>
    <trkpt lat="39.771376" lon="2.901478"/>
    <trkpt lat="39.771326" lon="2.901524"/>
    <trkpt lat="39.771091" lon="2.901712"/>
    <trkpt lat="39.771072" lon="2.901723"/>
    <trkpt lat="39.770812" lon="2.901862"/>
    <trkpt lat="39.770154" lon="2.902236"/>
    <trkpt lat="39.769816" lon="2.902105"/>
    <trkpt lat="39.769756" lon="2.902094"/>
    <trkpt lat="39.769693" lon="2.902100"/>
    <trkpt lat="39.769543" lon="2.902135"/>
    <trkpt lat="39.769369" lon="2.902171"/>
    <trkpt lat="39.769151" lon="2.902220"/>
    <trkpt lat="39.769031" lon="2.902243"/>
    <trkpt lat="39.768907" lon="2.902269"/>
    <trkpt lat="39.768850" lon="2.902274"/>
    <trkpt lat="39.768737" lon="2.902269"/>
    <trkpt lat="39.768633" lon="2.902264"/>
    <trkpt lat="39.768320" lon="2.902253"/>
    <trkpt lat="39.767976" lon="2.902245"/>
    <trkpt lat="39.766828" lon="2.902207"/>
    <trkpt lat="39.766216" lon="2.902190"/>
    <trkpt lat="39.765110" lon="2.902158"/>
    <trkpt lat="39.765077" lon="2.902157"/>
    <trkpt lat="39.764468" lon="2.902131"/>
    <trkpt lat="39.763588" lon="2.902118"/>
    <trkpt lat="39.762552" lon="2.902092"/>
    <trkpt lat="39.762040" lon="2.902080"/>
    <trkpt lat="39.761475" lon="2.902073"/>
    <trkpt lat="39.761405" lon="2.902078"/>
    <trkpt lat="39.761333" lon="2.902094"/>
    <trkpt lat="39.761271" lon="2.902121"/>
    <trkpt lat="39.761215" lon="2.902155"/>
    <trkpt lat="39.761118" lon="2.902234"/>
    <trkpt lat="39.761036" lon="2.902330"/>
    <trkpt lat="39.760990" lon="2.902413"/>
    <trkpt lat="39.760952" lon="2.902500"/>
    <trkpt lat="39.760901" lon="2.902676"/>
    <trkpt lat="39.760846" lon="2.903019"/>
    <trkpt lat="39.760810" lon="2.903210"/>
    <trkpt lat="39.760778" lon="2.903319"/>
    <trkpt lat="39.760738" lon="2.903411"/>
    <trkpt lat="39.760651" lon="2.903543"/>
    <trkpt lat="39.760516" lon="2.903678"/>
    <trkpt lat="39.760453" lon="2.903716"/>
    <trkpt lat="39.760382" lon="2.903728"/>
    <trkpt lat="39.760334" lon="2.903714"/>
    <trkpt lat="39.760282" lon="2.903689"/>
    <trkpt lat="39.760245" lon="2.903651"/>
    <trkpt lat="39.760208" lon="2.903599"/>
    <trkpt lat="39.760186" lon="2.903547"/>
    <trkpt lat="39.760173" lon="2.903479"/>
    <trkpt lat="39.760169" lon="2.903424"/>
    <trkpt lat="39.760180" lon="2.903354"/>
    <trkpt lat="39.760231" lon="2.903153"/>
    <trkpt lat="39.760249" lon="2.903049"/>
    <trkpt lat="39.760253" lon="2.902932"/>
    <trkpt lat="39.760257" lon="2.902492"/>
    <trkpt lat="39.760335" lon="2.901915"/>
    <trkpt lat="39.760328" lon="2.901672"/>
    <trkpt lat="39.760290" lon="2.901418"/>
    <trkpt lat="39.760258" lon="2.901363"/>
    <trkpt lat="39.760194" lon="2.901253"/>
    <trkpt lat="39.760114" lon="2.901128"/>
    <trkpt lat="39.760020" lon="2.901046"/>
    <trkpt lat="39.759948" lon="2.901045"/>
    <trkpt lat="39.759834" lon="2.901104"/>
    <trkpt lat="39.759736" lon="2.901144"/>
    <trkpt lat="39.759704" lon="2.901156"/>
    <trkpt lat="39.759563" lon="2.901214"/>
    <trkpt lat="39.759039" lon="2.901425"/>
    <trkpt lat="39.758788" lon="2.901539"/>
    <trkpt lat="39.758717" lon="2.901583"/>
    <trkpt lat="39.758545" lon="2.901698"/>
    <trkpt lat="39.758434" lon="2.901791"/>
    <trkpt lat="39.758111" lon="2.902076"/>
    <trkpt lat="39.757704" lon="2.902406"/>
    <trkpt lat="39.757490" lon="2.902627"/>
    <trkpt lat="39.757013" lon="2.903120"/>
    <trkpt lat="39.756735" lon="2.903425"/>
    <trkpt lat="39.756638" lon="2.903515"/>
    <trkpt lat="39.756483" lon="2.903636"/>
    <trkpt lat="39.756425" lon="2.903690"/>
    <trkpt lat="39.756403" lon="2.903714"/>
    <trkpt lat="39.756242" lon="2.903929"/>
    <trkpt lat="39.756211" lon="2.903988"/>
    <trkpt lat="39.756148" lon="2.904152"/>
    <trkpt lat="39.756120" lon="2.904221"/>
    <trkpt lat="39.756065" lon="2.904388"/>
    <trkpt lat="39.756030" lon="2.904421"/>
    <trkpt lat="39.756003" lon="2.904440"/>
    <trkpt lat="39.755961" lon="2.904454"/>
    <trkpt lat="39.755913" lon="2.904455"/>
    <trkpt lat="39.755829" lon="2.904434"/>
    <trkpt lat="39.755762" lon="2.904405"/>
    <trkpt lat="39.755530" lon="2.904269"/>
    <trkpt lat="39.755060" lon="2.903972"/>
    <trkpt lat="39.754696" lon="2.903746"/>
    <trkpt lat="39.752482" lon="2.902394"/>
    <trkpt lat="39.752428" lon="2.902361"/>
    <trkpt lat="39.752202" lon="2.902221"/>
    <trkpt lat="39.752080" lon="2.902157"/>
    <trkpt lat="39.751974" lon="2.902130"/>
    <trkpt lat="39.751846" lon="2.902119"/>
    <trkpt lat="39.751721" lon="2.901634"/>
    <trkpt lat="39.751661" lon="2.901490"/>
    <trkpt lat="39.751558" lon="2.901351"/>
    <trkpt lat="39.751212" lon="2.900976"/>
    <trkpt lat="39.751049" lon="2.900758"/>
    <trkpt lat="39.750949" lon="2.900372"/>
    <trkpt lat="39.750903" lon="2.900091"/>
    <trkpt lat="39.750868" lon="2.900009"/>
    <trkpt lat="39.750810" lon="2.899945"/>
    <trkpt lat="39.750613" lon="2.899772"/>
    <trkpt lat="39.750443" lon="2.899653"/>
    <trkpt lat="39.750241" lon="2.899514"/>
    <trkpt lat="39.750143" lon="2.899464"/>
    <trkpt lat="39.749989" lon="2.899385"/>
    <trkpt lat="39.749741" lon="2.899300"/>
    <trkpt lat="39.749493" lon="2.899273"/>
    <trkpt lat="39.749179" lon="2.899292"/>
    <trkpt lat="39.748811" lon="2.899340"/>
    <trkpt lat="39.748207" lon="2.899579"/>
    <trkpt lat="39.748082" lon="2.899612"/>
    <trkpt lat="39.747963" lon="2.899609"/>
    <trkpt lat="39.747750" lon="2.899530"/>
    <trkpt lat="39.747522" lon="2.899481"/>
    <trkpt lat="39.747287" lon="2.899480"/>
    <trkpt lat="39.746727" lon="2.899594"/>
    <trkpt lat="39.746476" lon="2.899600"/>
    <trkpt lat="39.746310" lon="2.899594"/>
    <trkpt lat="39.746183" lon="2.899560"/>
    <trkpt lat="39.746023" lon="2.899465"/>
    <trkpt lat="39.745882" lon="2.899330"/>
    <trkpt lat="39.745415" lon="2.898775"/>
    <trkpt lat="39.745331" lon="2.898705"/>
    <trkpt lat="39.744606" lon="2.898365"/>
    <trkpt lat="39.744298" lon="2.898176"/>
    <trkpt lat="39.744086" lon="2.898010"/>
    <trkpt lat="39.744072" lon="2.897991"/>
    <trkpt lat="39.743917" lon="2.897772"/>
    <trkpt lat="39.743759" lon="2.897641"/>
    <trkpt lat="39.743622" lon="2.897592"/>
    <trkpt lat="39.743445" lon="2.897578"/>
    <trkpt lat="39.743182" lon="2.897567"/>
    <trkpt lat="39.742999" lon="2.897461"/>
    <trkpt lat="39.742713" lon="2.897172"/>
    <trkpt lat="39.742354" lon="2.896724"/>
    <trkpt lat="39.742230" lon="2.896502"/>
    <trkpt lat="39.742149" lon="2.896358"/>
    <trkpt lat="39.742030" lon="2.896145"/>
    <trkpt lat="39.741916" lon="2.895791"/>
    <trkpt lat="39.741820" lon="2.895492"/>
    <trkpt lat="39.741729" lon="2.895098"/>
    <trkpt lat="39.741617" lon="2.894334"/>
    <trkpt lat="39.741609" lon="2.894277"/>
    <trkpt lat="39.741488" lon="2.893442"/>
    <trkpt lat="39.741242" lon="2.892184"/>
    <trkpt lat="39.741086" lon="2.891563"/>
    <trkpt lat="39.740967" lon="2.891216"/>
    <trkpt lat="39.740890" lon="2.890955"/>
    <trkpt lat="39.740757" lon="2.890692"/>
    <trkpt lat="39.740570" lon="2.890421"/>
    <trkpt lat="39.740179" lon="2.890105"/>
    <trkpt lat="39.740110" lon="2.890049"/>
    <trkpt lat="39.739975" lon="2.889939"/>
    <trkpt lat="39.739685" lon="2.889627"/>
    <trkpt lat="39.739400" lon="2.889264"/>
    <trkpt lat="39.739207" lon="2.888912"/>
    <trkpt lat="39.739044" lon="2.888609"/>
    <trkpt lat="39.738271" lon="2.887775"/>
    <trkpt lat="39.738399" lon="2.887525"/>
    <trkpt lat="39.737677" lon="2.886931"/>
    <trkpt lat="39.736968" lon="2.886384"/>
    <trkpt lat="39.736749" lon="2.886298"/>
    <trkpt lat="39.736076" lon="2.886126"/>
    <trkpt lat="39.735845" lon="2.885968"/>
    <trkpt lat="39.735584" lon="2.885729"/>
    <trkpt lat="39.735511" lon="2.885655"/>
    <trkpt lat="39.734777" lon="2.885493"/>
    <trkpt lat="39.734602" lon="2.885415"/>
    <trkpt lat="39.733724" lon="2.885074"/>
    <trkpt lat="39.733470" lon="2.884963"/>
    <trkpt lat="39.733236" lon="2.884817"/>
    <trkpt lat="39.732750" lon="2.884398"/>
    <trkpt lat="39.732681" lon="2.884371"/>
    <trkpt lat="39.732476" lon="2.884459"/>
    <trkpt lat="39.732390" lon="2.884408"/>
    <trkpt lat="39.731890" lon="2.883912"/>
    <trkpt lat="39.731623" lon="2.883611"/>
    <trkpt lat="39.731354" lon="2.883214"/>
    <trkpt lat="39.731115" lon="2.882787"/>
    <trkpt lat="39.730700" lon="2.882354"/>
    <trkpt lat="39.730246" lon="2.882046"/>
    <trkpt lat="39.729741" lon="2.881734"/>
    <trkpt lat="39.728991" lon="2.881389"/>
    <trkpt lat="39.728060" lon="2.880806"/>
    <trkpt lat="39.727700" lon="2.880476"/>
    <trkpt lat="39.727553" lon="2.880328"/>
    <trkpt lat="39.726354" lon="2.879279"/>
    <trkpt lat="39.725657" lon="2.878516"/>
    <trkpt lat="39.725481" lon="2.878302"/>
    <trkpt lat="39.725288" lon="2.877968"/>
    <trkpt lat="39.724932" lon="2.877354"/>
    <trkpt lat="39.724628" lon="2.876769"/>
    <trkpt lat="39.724403" lon="2.876402"/>
    <trkpt lat="39.724333" lon="2.876288"/>
    <trkpt lat="39.724053" lon="2.875986"/>
    <trkpt lat="39.723849" lon="2.875883"/>
    <trkpt lat="39.723786" lon="2.875930"/>
    <trkpt lat="39.723298" lon="2.876296"/>
    <trkpt lat="39.723147" lon="2.876324"/>
    <trkpt lat="39.723012" lon="2.876285"/>
    <trkpt lat="39.722424" lon="2.875654"/>
    <trkpt lat="39.721940" lon="2.874990"/>
    <trkpt lat="39.721730" lon="2.874795"/>
    <trkpt lat="39.721584" lon="2.874660"/>
    <trkpt lat="39.721509" lon="2.874590"/>
    <trkpt lat="39.721325" lon="2.874445"/>
    <trkpt lat="39.721065" lon="2.874238"/>
    <trkpt lat="39.720931" lon="2.874077"/>
    <trkpt lat="39.720095" lon="2.873212"/>
    <trkpt lat="39.720031" lon="2.873157"/>
    <trkpt lat="39.720046" lon="2.873137"/>
    <trkpt lat="39.719902" lon="2.872958"/>
    <trkpt lat="39.719867" lon="2.873007"/>
    <trkpt lat="39.719831" lon="2.873055"/>
    <trkpt lat="39.719812" lon="2.873029"/>
    <trkpt lat="39.719732" lon="2.872919"/>
    <trkpt lat="39.719316" lon="2.872396"/>
    <trkpt lat="39.719299" lon="2.872377"/>
    <trkpt lat="39.718683" lon="2.872839"/>
    <trkpt lat="39.718080" lon="2.873182"/>
    <trkpt lat="39.717810" lon="2.873337"/>
    <trkpt lat="39.717670" lon="2.873454"/>
    <trkpt lat="39.717231" lon="2.873818"/>
    <trkpt lat="39.717311" lon="2.873123"/>
    <trkpt lat="39.717208" lon="2.872948"/>
    <trkpt lat="39.717284" lon="2.872010"/>
    <trkpt lat="39.717282" lon="2.871927"/>
    <trkpt lat="39.716986" lon="2.871049"/>
    <trkpt lat="39.716701" lon="2.870283"/>
    <trkpt lat="39.716381" lon="2.869715"/>
    <trkpt lat="39.716168" lon="2.869366"/>
    <trkpt lat="39.715353" lon="2.869829"/>
    <trkpt lat="39.715122" lon="2.869941"/>
    <trkpt lat="39.714741" lon="2.870080"/>
    <trkpt lat="39.714144" lon="2.870315"/>
    <trkpt lat="39.713664" lon="2.870529"/>
    <trkpt lat="39.713578" lon="2.870577"/>
    <trkpt lat="39.713508" lon="2.870642"/>
    <trkpt lat="39.713344" lon="2.870844"/>
    <trkpt lat="39.713220" lon="2.871038"/>
    <trkpt lat="39.713036" lon="2.871305"/>
    <trkpt lat="39.712950" lon="2.871379"/>
    <trkpt lat="39.712854" lon="2.871435"/>
    <trkpt lat="39.712647" lon="2.871502"/>
    <trkpt lat="39.712342" lon="2.871595"/>
    <trkpt lat="39.711992" lon="2.871711"/>
    <trkpt lat="39.711845" lon="2.871769"/>
    <trkpt lat="39.711683" lon="2.871895"/>
    <trkpt lat="39.711530" lon="2.872036"/>
    <trkpt lat="39.711156" lon="2.872460"/>
    <trkpt lat="39.711029" lon="2.872576"/>
    <trkpt lat="39.710798" lon="2.872729"/>
    <trkpt lat="39.710606" lon="2.872909"/>
    <trkpt lat="39.710204" lon="2.873348"/>
    <trkpt lat="39.710123" lon="2.873424"/>
    <trkpt lat="39.710025" lon="2.873489"/>
    <trkpt lat="39.709935" lon="2.873511"/>
    <trkpt lat="39.709613" lon="2.873524"/>
    <trkpt lat="39.709403" lon="2.873526"/>
    <trkpt lat="39.709121" lon="2.873492"/>
    <trkpt lat="39.708870" lon="2.873450"/>
    <trkpt lat="39.708692" lon="2.873439"/>
    <trkpt lat="39.708514" lon="2.873440"/>
    <trkpt lat="39.708245" lon="2.873462"/>
    <trkpt lat="39.708095" lon="2.873473"/>
    <trkpt lat="39.707978" lon="2.873464"/>
    <trkpt lat="39.707800" lon="2.873434"/>
    <trkpt lat="39.707454" lon="2.873358"/>
    <trkpt lat="39.707278" lon="2.873290"/>
    <trkpt lat="39.706998" lon="2.873150"/>
    <trkpt lat="39.706781" lon="2.873068"/>
    <trkpt lat="39.706615" lon="2.873037"/>
    <trkpt lat="39.706531" lon="2.873023"/>
    <trkpt lat="39.706106" lon="2.872992"/>
    <trkpt lat="39.705975" lon="2.872965"/>
    <trkpt lat="39.705026" lon="2.872746"/>
    <trkpt lat="39.704834" lon="2.872709"/>
    <trkpt lat="39.704790" lon="2.872704"/>
    <trkpt lat="39.704736" lon="2.872703"/>
    <trkpt lat="39.704637" lon="2.872714"/>
    <trkpt lat="39.704207" lon="2.872775"/>
    <trkpt lat="39.703828" lon="2.872838"/>
    <trkpt lat="39.703727" lon="2.872832"/>
    <trkpt lat="39.703646" lon="2.872821"/>
    <trkpt lat="39.703627" lon="2.872819"/>
    <trkpt lat="39.703531" lon="2.872785"/>
    <trkpt lat="39.703442" lon="2.872728"/>
    <trkpt lat="39.703335" lon="2.872635"/>
    <trkpt lat="39.703246" lon="2.872500"/>
    <trkpt lat="39.703047" lon="2.872186"/>
    <trkpt lat="39.702844" lon="2.871876"/>
    <trkpt lat="39.702596" lon="2.871481"/>
    <trkpt lat="39.702531" lon="2.871371"/>
    <trkpt lat="39.702524" lon="2.871359"/>
    <trkpt lat="39.702500" lon="2.871288"/>
    <trkpt lat="39.702495" lon="2.871267"/>
    <trkpt lat="39.702482" lon="2.871219"/>
    <trkpt lat="39.702508" lon="2.871154"/>
    <trkpt lat="39.702517" lon="2.871102"/>
    <trkpt lat="39.702517" lon="2.871049"/>
    <trkpt lat="39.702505" lon="2.870994"/>
    <trkpt lat="39.702485" lon="2.870946"/>
    <trkpt lat="39.702456" lon="2.870906"/>
    <trkpt lat="39.702422" lon="2.870877"/>
    <trkpt lat="39.702384" lon="2.870858"/>
    <trkpt lat="39.702329" lon="2.870853"/>
    <trkpt lat="39.702277" lon="2.870869"/>
    <trkpt lat="39.702230" lon="2.870906"/>
    <trkpt lat="39.702193" lon="2.870964"/>
    <trkpt lat="39.702172" lon="2.871035"/>
    <trkpt lat="39.702170" lon="2.871110"/>
    <trkpt lat="39.702073" lon="2.871248"/>
    <trkpt lat="39.702020" lon="2.871338"/>
    <trkpt lat="39.701499" lon="2.871832"/>
    <trkpt lat="39.701105" lon="2.872175"/>
    <trkpt lat="39.700809" lon="2.872385"/>
    <trkpt lat="39.700576" lon="2.872534"/>
    <trkpt lat="39.700281" lon="2.872688"/>
    <trkpt lat="39.700061" lon="2.872787"/>
    <trkpt lat="39.699753" lon="2.872913"/>
    <trkpt lat="39.699500" lon="2.873004"/>
    <trkpt lat="39.698831" lon="2.873247"/>
    <trkpt lat="39.698685" lon="2.873304"/>
    <trkpt lat="39.698413" lon="2.873422"/>
    <trkpt lat="39.697862" lon="2.873723"/>
    <trkpt lat="39.697701" lon="2.873807"/>
    <trkpt lat="39.697462" lon="2.873913"/>
    <trkpt lat="39.697241" lon="2.873984"/>
    <trkpt lat="39.697099" lon="2.874017"/>
    <trkpt lat="39.696949" lon="2.874035"/>
    <trkpt lat="39.696827" lon="2.874043"/>
    <trkpt lat="39.696656" lon="2.873983"/>
    <trkpt lat="39.696572" lon="2.873954"/>
    <trkpt lat="39.696531" lon="2.873935"/>
    <trkpt lat="39.696459" lon="2.873892"/>
    <trkpt lat="39.696318" lon="2.873716"/>
    <trkpt lat="39.695956" lon="2.872894"/>
    <trkpt lat="39.695324" lon="2.871544"/>
    <trkpt lat="39.694568" lon="2.869902"/>
    <trkpt lat="39.694368" lon="2.869465"/>
    <trkpt lat="39.693565" lon="2.867724"/>
    <trkpt lat="39.692927" lon="2.866371"/>
    <trkpt lat="39.692573" lon="2.865580"/>
    <trkpt lat="39.691080" lon="2.862002"/>
    <trkpt lat="39.690946" lon="2.861679"/>
    <trkpt lat="39.690605" lon="2.860692"/>
    <trkpt lat="39.689907" lon="2.858848"/>
    <trkpt lat="39.689571" lon="2.857993"/>
    <trkpt lat="39.689396" lon="2.857610"/>
    <trkpt lat="39.688292" lon="2.855409"/>
    <trkpt lat="39.687621" lon="2.853927"/>
    <trkpt lat="39.687210" lon="2.853019"/>
    <trkpt lat="39.686763" lon="2.851953"/>
    <trkpt lat="39.686763" lon="2.851777"/>
    <trkpt lat="39.686763" lon="2.851729"/>
    <trkpt lat="39.686783" lon="2.851714"/>
    <trkpt lat="39.686800" lon="2.851695"/>
    <trkpt lat="39.686821" lon="2.851658"/>
    <trkpt lat="39.686833" lon="2.851614"/>
    <trkpt lat="39.686834" lon="2.851568"/>
    <trkpt lat="39.686825" lon="2.851523"/>
    <trkpt lat="39.686806" lon="2.851484"/>
    <trkpt lat="39.686774" lon="2.851449"/>
    <trkpt lat="39.686735" lon="2.851431"/>
    <trkpt lat="39.686694" lon="2.851431"/>
    <trkpt lat="39.686661" lon="2.851445"/>
    <trkpt lat="39.686649" lon="2.851454"/>
    <trkpt lat="39.686642" lon="2.851461"/>
    <trkpt lat="39.686482" lon="2.851369"/>
    <trkpt lat="39.686460" lon="2.851335"/>
    <trkpt lat="39.686061" lon="2.850617"/>
    <trkpt lat="39.685966" lon="2.850434"/>
    <trkpt lat="39.685218" lon="2.849008"/>
    <trkpt lat="39.684899" lon="2.848401"/>
    <trkpt lat="39.684468" lon="2.847581"/>
    <trkpt lat="39.684430" lon="2.847502"/>
    <trkpt lat="39.685102" lon="2.846780"/>
    <trkpt lat="39.685162" lon="2.846716"/>
    <trkpt lat="39.685860" lon="2.845980"/>
    <trkpt lat="39.685996" lon="2.845836"/>
    <trkpt lat="39.686639" lon="2.845006"/>
    <trkpt lat="39.686690" lon="2.844941"/>
    <trkpt lat="39.686746" lon="2.844853"/>
    <trkpt lat="39.686782" lon="2.844796"/>
    <trkpt lat="39.686878" lon="2.844635"/>
    <trkpt lat="39.686872" lon="2.844547"/>
    <trkpt lat="39.686849" lon="2.844206"/>
    <trkpt lat="39.686880" lon="2.843570"/>
    <trkpt lat="39.686933" lon="2.843361"/>
    <trkpt lat="39.686994" lon="2.843416"/>
    <trkpt lat="39.687086" lon="2.843411"/>
    <trkpt lat="39.687201" lon="2.843560"/>
    <trkpt lat="39.687305" lon="2.843627"/>
    <trkpt lat="39.687423" lon="2.843704"/>
    <trkpt lat="39.687513" lon="2.843760"/>
    <trkpt lat="39.687631" lon="2.843833"/>
    <trkpt lat="39.687791" lon="2.843654"/>
    <trkpt lat="39.687807" lon="2.843685"/>
    <trkpt lat="39.687962" lon="2.843931"/>
    <trkpt lat="39.687975" lon="2.844016"/>
    <trkpt lat="39.688034" lon="2.844123"/>
    <trkpt lat="39.688202" lon="2.844427"/>
    <trkpt lat="39.687891" lon="2.844801"/>
    <trkpt lat="39.687752" lon="2.844968"/>
    <trkpt lat="39.687591" lon="2.845149"/>
    <trkpt lat="39.687380" lon="2.845308"/>
    <trkpt lat="39.687665" lon="2.845882"/>
    <trkpt lat="39.687731" lon="2.846016"/>
    <trkpt lat="39.687768" lon="2.846083"/>
    <trkpt lat="39.687871" lon="2.846272"/>
    <trkpt lat="39.688098" lon="2.846690"/>
    <trkpt lat="39.688145" lon="2.846776"/>
    <trkpt lat="39.687730" lon="2.847094"/>
    <trkpt lat="39.687211" lon="2.847488"/>
    <trkpt lat="39.686705" lon="2.847824"/>
    <trkpt lat="39.686618" lon="2.847882"/>
    <trkpt lat="39.686532" lon="2.848291"/>
    <trkpt lat="39.686340" lon="2.849166"/>
    <trkpt lat="39.686050" lon="2.850352"/>
    <trkpt lat="39.685966" lon="2.850434"/>
    <trkpt lat="39.685218" lon="2.849008"/>
    <trkpt lat="39.684899" lon="2.848401"/>
    <trkpt lat="39.684468" lon="2.847581"/>
    <trkpt lat="39.684430" lon="2.847502"/>
    <trkpt lat="39.684352" lon="2.847340"/>
    <trkpt lat="39.684166" lon="2.846823"/>
    <trkpt lat="39.683966" lon="2.846268"/>
    <trkpt lat="39.683907" lon="2.846126"/>
    <trkpt lat="39.683751" lon="2.845747"/>
    <trkpt lat="39.683730" lon="2.845696"/>
    <trkpt lat="39.683706" lon="2.845636"/>
    <trkpt lat="39.683411" lon="2.845015"/>
    <trkpt lat="39.683406" lon="2.845004"/>
    <trkpt lat="39.683342" lon="2.844880"/>
    <trkpt lat="39.683142" lon="2.844492"/>
    <trkpt lat="39.683071" lon="2.844354"/>
    <trkpt lat="39.682811" lon="2.843848"/>
    <trkpt lat="39.682554" lon="2.843367"/>
    <trkpt lat="39.682290" lon="2.842855"/>
    <trkpt lat="39.681934" lon="2.842210"/>
    <trkpt lat="39.681214" lon="2.840932"/>
    <trkpt lat="39.680480" lon="2.839628"/>
    <trkpt lat="39.680291" lon="2.839292"/>
    <trkpt lat="39.680156" lon="2.839069"/>
    <trkpt lat="39.679992" lon="2.838799"/>
    <trkpt lat="39.679766" lon="2.838425"/>
    <trkpt lat="39.679677" lon="2.838238"/>
    <trkpt lat="39.679616" lon="2.838109"/>
    <trkpt lat="39.679389" lon="2.837653"/>
    <trkpt lat="39.679353" lon="2.837554"/>
    <trkpt lat="39.679307" lon="2.837458"/>
    <trkpt lat="39.679259" lon="2.837356"/>
    <trkpt lat="39.679145" lon="2.837097"/>
    <trkpt lat="39.678934" lon="2.836620"/>
    <trkpt lat="39.678472" lon="2.835577"/>
    <trkpt lat="39.678209" lon="2.834958"/>
    <trkpt lat="39.677864" lon="2.834327"/>
    <trkpt lat="39.677014" lon="2.832460"/>
    <trkpt lat="39.676683" lon="2.831501"/>
    <trkpt lat="39.676650" lon="2.831420"/>
    <trkpt lat="39.676355" lon="2.830565"/>
    <trkpt lat="39.676047" lon="2.829722"/>
    <trkpt lat="39.675955" lon="2.829288"/>
    <trkpt lat="39.675752" lon="2.828671"/>
    <trkpt lat="39.675605" lon="2.828221"/>
    <trkpt lat="39.675456" lon="2.827789"/>
    <trkpt lat="39.675324" lon="2.827405"/>
    <trkpt lat="39.675158" lon="2.827006"/>
    <trkpt lat="39.675115" lon="2.826918"/>
    <trkpt lat="39.674987" lon="2.826666"/>
    <trkpt lat="39.674850" lon="2.826424"/>
    <trkpt lat="39.674513" lon="2.825761"/>
    <trkpt lat="39.674182" lon="2.825094"/>
    <trkpt lat="39.673888" lon="2.824503"/>
    <trkpt lat="39.673459" lon="2.823620"/>
    <trkpt lat="39.673428" lon="2.823483"/>
    <trkpt lat="39.673412" lon="2.823388"/>
    <trkpt lat="39.673400" lon="2.823219"/>
    <trkpt lat="39.673425" lon="2.823141"/>
    <trkpt lat="39.673433" lon="2.823056"/>
    <trkpt lat="39.673421" lon="2.822962"/>
    <trkpt lat="39.673387" lon="2.822877"/>
    <trkpt lat="39.673335" lon="2.822808"/>
    <trkpt lat="39.673303" lon="2.822793"/>
    <trkpt lat="39.673209" lon="2.822747"/>
    <trkpt lat="39.673146" lon="2.822693"/>
    <trkpt lat="39.673076" lon="2.822631"/>
    <trkpt lat="39.672973" lon="2.822515"/>
    <trkpt lat="39.672890" lon="2.822407"/>
    <trkpt lat="39.672682" lon="2.821924"/>
    <trkpt lat="39.672492" lon="2.821484"/>
    <trkpt lat="39.672248" lon="2.820919"/>
    <trkpt lat="39.672135" lon="2.820671"/>
    <trkpt lat="39.672080" lon="2.820550"/>
    <trkpt lat="39.671816" lon="2.819957"/>
    <trkpt lat="39.671285" lon="2.818767"/>
    <trkpt lat="39.671103" lon="2.818360"/>
    <trkpt lat="39.670606" lon="2.817266"/>
    <trkpt lat="39.670334" lon="2.816665"/>
    <trkpt lat="39.670328" lon="2.816648"/>
    <trkpt lat="39.670204" lon="2.816367"/>
    <trkpt lat="39.670114" lon="2.816161"/>
    <trkpt lat="39.669676" lon="2.815236"/>
    <trkpt lat="39.669565" lon="2.814988"/>
    <trkpt lat="39.669390" lon="2.814606"/>
    <trkpt lat="39.669074" lon="2.813909"/>
    <trkpt lat="39.669294" lon="2.813864"/>
    <trkpt lat="39.669497" lon="2.813768"/>
    <trkpt lat="39.669691" lon="2.813556"/>
    <trkpt lat="39.669774" lon="2.813499"/>
    <trkpt lat="39.669821" lon="2.813477"/>
    <trkpt lat="39.669933" lon="2.813453"/>
    <trkpt lat="39.669953" lon="2.813450"/>
    <trkpt lat="39.670393" lon="2.813348"/>
    <trkpt lat="39.670556" lon="2.813348"/>
    <trkpt lat="39.671047" lon="2.813275"/>
    <trkpt lat="39.670787" lon="2.812339"/>
    <trkpt lat="39.670588" lon="2.811652"/>
    <trkpt lat="39.670575" lon="2.811604"/>
    <trkpt lat="39.670440" lon="2.811287"/>
    <trkpt lat="39.670419" lon="2.811253"/>
    <trkpt lat="39.669934" lon="2.810475"/>
    <trkpt lat="39.669494" lon="2.810691"/>
    <trkpt lat="39.669085" lon="2.810892"/>
    <trkpt lat="39.668830" lon="2.811017"/>
    <trkpt lat="39.668514" lon="2.811173"/>
    <trkpt lat="39.668044" lon="2.811405"/>
    <trkpt lat="39.667951" lon="2.811202"/>
    <trkpt lat="39.667931" lon="2.811163"/>
    <trkpt lat="39.667728" lon="2.810715"/>
    <trkpt lat="39.667537" lon="2.810293"/>
    <trkpt lat="39.667291" lon="2.809780"/>
    <trkpt lat="39.667256" lon="2.809712"/>
    <trkpt lat="39.667163" lon="2.809521"/>
    <trkpt lat="39.666894" lon="2.809001"/>
    <trkpt lat="39.666880" lon="2.808973"/>
    <trkpt lat="39.665534" lon="2.806113"/>
    <trkpt lat="39.665436" lon="2.805902"/>
    <trkpt lat="39.664904" lon="2.804809"/>
    <trkpt lat="39.664711" lon="2.804402"/>
    <trkpt lat="39.664573" lon="2.804099"/>
    <trkpt lat="39.664446" lon="2.803786"/>
    <trkpt lat="39.663712" lon="2.801911"/>
    <trkpt lat="39.662667" lon="2.799404"/>
    <trkpt lat="39.662140" lon="2.798176"/>
    <trkpt lat="39.662044" lon="2.797987"/>
    <trkpt lat="39.661986" lon="2.797766"/>
    <trkpt lat="39.661952" lon="2.797576"/>
    <trkpt lat="39.661947" lon="2.797545"/>
    <trkpt lat="39.661953" lon="2.797482"/>
    <trkpt lat="39.661945" lon="2.797421"/>
    <trkpt lat="39.661917" lon="2.797361"/>
    <trkpt lat="39.661879" lon="2.797315"/>
    <trkpt lat="39.661828" lon="2.797293"/>
    <trkpt lat="39.661685" lon="2.797147"/>
    <trkpt lat="39.661541" lon="2.796950"/>
    <trkpt lat="39.660730" lon="2.795323"/>
    <trkpt lat="39.660724" lon="2.795303"/>
    <trkpt lat="39.660148" lon="2.794151"/>
    <trkpt lat="39.660081" lon="2.794016"/>
    <trkpt lat="39.659708" lon="2.793111"/>
    <trkpt lat="39.659479" lon="2.792556"/>
    <trkpt lat="39.659277" lon="2.792073"/>
    <trkpt lat="39.658957" lon="2.791208"/>
    <trkpt lat="39.658705" lon="2.790522"/>
    <trkpt lat="39.658553" lon="2.790129"/>
    <trkpt lat="39.658318" lon="2.789531"/>
    <trkpt lat="39.658268" lon="2.789416"/>
    <trkpt lat="39.658174" lon="2.789199"/>
    <trkpt lat="39.657769" lon="2.788264"/>
    <trkpt lat="39.657201" lon="2.786952"/>
    <trkpt lat="39.656796" lon="2.785994"/>
    <trkpt lat="39.656182" lon="2.784689"/>
    <trkpt lat="39.655945" lon="2.784187"/>
    <trkpt lat="39.655130" lon="2.782681"/>
    <trkpt lat="39.654988" lon="2.782405"/>
    <trkpt lat="39.654935" lon="2.782295"/>
    <trkpt lat="39.654679" lon="2.781713"/>
    <trkpt lat="39.654347" lon="2.780918"/>
    <trkpt lat="39.654233" lon="2.780651"/>
    <trkpt lat="39.653636" lon="2.779248"/>
    <trkpt lat="39.653554" lon="2.779048"/>
    <trkpt lat="39.653547" lon="2.779029"/>
    <trkpt lat="39.653513" lon="2.778947"/>
    <trkpt lat="39.653226" lon="2.778248"/>
    <trkpt lat="39.653150" lon="2.778066"/>
    <trkpt lat="39.653086" lon="2.777896"/>
    <trkpt lat="39.653044" lon="2.777776"/>
    <trkpt lat="39.652989" lon="2.777621"/>
    <trkpt lat="39.652936" lon="2.777484"/>
    <trkpt lat="39.652842" lon="2.777223"/>
    <trkpt lat="39.652785" lon="2.777007"/>
    <trkpt lat="39.652716" lon="2.776751"/>
    <trkpt lat="39.652682" lon="2.776625"/>
    <trkpt lat="39.652674" lon="2.776595"/>
    <trkpt lat="39.652650" lon="2.776479"/>
    <trkpt lat="39.652622" lon="2.776375"/>
    <trkpt lat="39.652598" lon="2.776287"/>
    <trkpt lat="39.652551" lon="2.776114"/>
    <trkpt lat="39.652423" lon="2.775721"/>
    <trkpt lat="39.652247" lon="2.775266"/>
    <trkpt lat="39.652225" lon="2.775208"/>
    <trkpt lat="39.652043" lon="2.774730"/>
    <trkpt lat="39.652025" lon="2.774683"/>
    <trkpt lat="39.651994" lon="2.774592"/>
    <trkpt lat="39.651825" lon="2.774207"/>
    <trkpt lat="39.651793" lon="2.774135"/>
    <trkpt lat="39.651754" lon="2.774052"/>
    <trkpt lat="39.651743" lon="2.774029"/>
    <trkpt lat="39.651566" lon="2.773650"/>
    <trkpt lat="39.651446" lon="2.773476"/>
    <trkpt lat="39.651311" lon="2.773320"/>
    <trkpt lat="39.651285" lon="2.773288"/>
    <trkpt lat="39.651252" lon="2.773229"/>
    <trkpt lat="39.651230" lon="2.773204"/>
    <trkpt lat="39.651177" lon="2.773140"/>
    <trkpt lat="39.651126" lon="2.773149"/>
    <trkpt lat="39.651075" lon="2.773226"/>
    <trkpt lat="39.650842" lon="2.773617"/>
    <trkpt lat="39.650343" lon="2.774398"/>
    <trkpt lat="39.650319" lon="2.774354"/>
    <trkpt lat="39.650091" lon="2.773946"/>
    <trkpt lat="39.650057" lon="2.773887"/>
    <trkpt lat="39.650032" lon="2.773842"/>
    <trkpt lat="39.649990" lon="2.773763"/>
    <trkpt lat="39.650027" lon="2.773729"/>
    <trkpt lat="39.650200" lon="2.773563"/>
    <trkpt lat="39.650231" lon="2.773518"/>
    <trkpt lat="39.650257" lon="2.773482"/>
    <trkpt lat="39.650495" lon="2.773099"/>
    <trkpt lat="39.650531" lon="2.773082"/>
    <trkpt lat="39.650816" lon="2.772866"/>
    <trkpt lat="39.650835" lon="2.772852"/>
    <trkpt lat="39.650884" lon="2.772828"/>
    <trkpt lat="39.650818" lon="2.772709"/>
    <trkpt lat="39.650724" lon="2.772508"/>
    <trkpt lat="39.650653" lon="2.772372"/>
    <trkpt lat="39.650605" lon="2.772281"/>
    <trkpt lat="39.650414" lon="2.771899"/>
    <trkpt lat="39.650355" lon="2.771781"/>
    <trkpt lat="39.650322" lon="2.771712"/>
    <trkpt lat="39.650306" lon="2.771677"/>
    <trkpt lat="39.650102" lon="2.771243"/>
    <trkpt lat="39.650079" lon="2.771196"/>
    <trkpt lat="39.649852" lon="2.770725"/>
    <trkpt lat="39.649573" lon="2.770148"/>
    <trkpt lat="39.649362" lon="2.769777"/>
    <trkpt lat="39.649075" lon="2.769265"/>
    <trkpt lat="39.648861" lon="2.768884"/>
    <trkpt lat="39.648750" lon="2.768687"/>
    <trkpt lat="39.648416" lon="2.768100"/>
    <trkpt lat="39.648368" lon="2.768019"/>
    <trkpt lat="39.648311" lon="2.767910"/>
    <trkpt lat="39.648250" lon="2.767797"/>
    <trkpt lat="39.648223" lon="2.767746"/>
    <trkpt lat="39.648198" lon="2.767697"/>
    <trkpt lat="39.647981" lon="2.767282"/>
    <trkpt lat="39.647850" lon="2.767008"/>
    <trkpt lat="39.647782" lon="2.766821"/>
    <trkpt lat="39.647717" lon="2.766638"/>
    <trkpt lat="39.647634" lon="2.766270"/>
    <trkpt lat="39.647561" lon="2.765869"/>
    <trkpt lat="39.647553" lon="2.765793"/>
    <trkpt lat="39.647544" lon="2.765699"/>
    <trkpt lat="39.647535" lon="2.765518"/>
    <trkpt lat="39.647548" lon="2.765085"/>
    <trkpt lat="39.647551" lon="2.764984"/>
    <trkpt lat="39.647582" lon="2.764444"/>
    <trkpt lat="39.647590" lon="2.764345"/>
    <trkpt lat="39.647607" lon="2.764111"/>
    <trkpt lat="39.647640" lon="2.763784"/>
    <trkpt lat="39.647661" lon="2.763596"/>
    <trkpt lat="39.647690" lon="2.763418"/>
    <trkpt lat="39.647972" lon="2.761867"/>
    <trkpt lat="39.647994" lon="2.761680"/>
    <trkpt lat="39.648016" lon="2.761512"/>
    <trkpt lat="39.648030" lon="2.761332"/>
    <trkpt lat="39.648045" lon="2.760875"/>
    <trkpt lat="39.648066" lon="2.759711"/>
    <trkpt lat="39.648067" lon="2.759624"/>
    <trkpt lat="39.648089" lon="2.758860"/>
    <trkpt lat="39.648124" lon="2.757415"/>
    <trkpt lat="39.648129" lon="2.757214"/>
    <trkpt lat="39.648130" lon="2.757189"/>
    <trkpt lat="39.648143" lon="2.756296"/>
    <trkpt lat="39.648143" lon="2.755965"/>
    <trkpt lat="39.648146" lon="2.755774"/>
    <trkpt lat="39.648187" lon="2.754375"/>
    <trkpt lat="39.648178" lon="2.754055"/>
    <trkpt lat="39.648153" lon="2.753877"/>
    <trkpt lat="39.648127" lon="2.753704"/>
    <trkpt lat="39.648085" lon="2.753532"/>
    <trkpt lat="39.647991" lon="2.753186"/>
    <trkpt lat="39.646896" lon="2.750499"/>
    <trkpt lat="39.646087" lon="2.748513"/>
    <trkpt lat="39.645607" lon="2.747365"/>
    <trkpt lat="39.645277" lon="2.746558"/>
    <trkpt lat="39.645075" lon="2.746075"/>
    <trkpt lat="39.644928" lon="2.745798"/>
    <trkpt lat="39.644780" lon="2.745579"/>
    <trkpt lat="39.644609" lon="2.745374"/>
    <trkpt lat="39.644399" lon="2.745175"/>
    <trkpt lat="39.644177" lon="2.744999"/>
    <trkpt lat="39.643730" lon="2.744644"/>
    <trkpt lat="39.643118" lon="2.744165"/>
    <trkpt lat="39.642794" lon="2.743929"/>
    <trkpt lat="39.642438" lon="2.743716"/>
    <trkpt lat="39.642081" lon="2.743522"/>
    <trkpt lat="39.640828" lon="2.742850"/>
    <trkpt lat="39.637787" lon="2.741232"/>
    <trkpt lat="39.636734" lon="2.740648"/>
    <trkpt lat="39.636559" lon="2.740557"/>
    <trkpt lat="39.635623" lon="2.740031"/>
    <trkpt lat="39.635095" lon="2.739695"/>
    <trkpt lat="39.634441" lon="2.739289"/>
    <trkpt lat="39.634139" lon="2.739109"/>
    <trkpt lat="39.634092" lon="2.739084"/>
    <trkpt lat="39.633886" lon="2.738957"/>
    <trkpt lat="39.633608" lon="2.738780"/>
    <trkpt lat="39.633132" lon="2.738491"/>
    <trkpt lat="39.632557" lon="2.738143"/>
    <trkpt lat="39.632217" lon="2.737951"/>
    <trkpt lat="39.631624" lon="2.737585"/>
    <trkpt lat="39.631579" lon="2.737548"/>
    <trkpt lat="39.631544" lon="2.737509"/>
    <trkpt lat="39.631522" lon="2.737464"/>
    <trkpt lat="39.631508" lon="2.737418"/>
    <trkpt lat="39.631498" lon="2.737383"/>
    <trkpt lat="39.631490" lon="2.737356"/>
    <trkpt lat="39.631456" lon="2.737293"/>
    <trkpt lat="39.631432" lon="2.737265"/>
    <trkpt lat="39.631402" lon="2.737239"/>
    <trkpt lat="39.631368" lon="2.737220"/>
    <trkpt lat="39.631336" lon="2.737208"/>
    <trkpt lat="39.631291" lon="2.737202"/>
    <trkpt lat="39.631262" lon="2.737206"/>
    <trkpt lat="39.631227" lon="2.737214"/>
    <trkpt lat="39.631196" lon="2.737231"/>
    <trkpt lat="39.631167" lon="2.737251"/>
    <trkpt lat="39.631122" lon="2.737260"/>
    <trkpt lat="39.631085" lon="2.737267"/>
    <trkpt lat="39.631044" lon="2.737261"/>
    <trkpt lat="39.631004" lon="2.737251"/>
    <trkpt lat="39.630959" lon="2.737228"/>
    <trkpt lat="39.630822" lon="2.737135"/>
    <trkpt lat="39.630280" lon="2.736650"/>
    <trkpt lat="39.629887" lon="2.736274"/>
    <trkpt lat="39.629580" lon="2.735961"/>
    <trkpt lat="39.629249" lon="2.735549"/>
    <trkpt lat="39.628680" lon="2.734772"/>
    <trkpt lat="39.628217" lon="2.734159"/>
    <trkpt lat="39.628105" lon="2.734015"/>
    <trkpt lat="39.627825" lon="2.733648"/>
    <trkpt lat="39.627674" lon="2.733452"/>
    <trkpt lat="39.627506" lon="2.733232"/>
    <trkpt lat="39.627171" lon="2.732795"/>
    <trkpt lat="39.626891" lon="2.732448"/>
    <trkpt lat="39.626412" lon="2.731825"/>
    <trkpt lat="39.626181" lon="2.731405"/>
    <trkpt lat="39.625973" lon="2.730980"/>
    <trkpt lat="39.625955" lon="2.730941"/>
    <trkpt lat="39.625638" lon="2.730254"/>
    <trkpt lat="39.625585" lon="2.730139"/>
    <trkpt lat="39.625378" lon="2.729737"/>
    <trkpt lat="39.625163" lon="2.729439"/>
    <trkpt lat="39.624609" lon="2.728707"/>
    <trkpt lat="39.624456" lon="2.728499"/>
    <trkpt lat="39.624474" lon="2.728463"/>
    <trkpt lat="39.624485" lon="2.728421"/>
    <trkpt lat="39.624488" lon="2.728378"/>
    <trkpt lat="39.624480" lon="2.728328"/>
    <trkpt lat="39.624462" lon="2.728283"/>
    <trkpt lat="39.624440" lon="2.728252"/>
    <trkpt lat="39.624413" lon="2.728229"/>
    <trkpt lat="39.624382" lon="2.728214"/>
    <trkpt lat="39.624330" lon="2.728212"/>
    <trkpt lat="39.624282" lon="2.728236"/>
    <trkpt lat="39.624244" lon="2.728281"/>
    <trkpt lat="39.623756" lon="2.727623"/>
    <trkpt lat="39.621693" lon="2.725590"/>
    <trkpt lat="39.621521" lon="2.725401"/>
    <trkpt lat="39.621318" lon="2.725178"/>
    <trkpt lat="39.620997" lon="2.724751"/>
    <trkpt lat="39.620867" lon="2.724485"/>
    <trkpt lat="39.620768" lon="2.724324"/>
    <trkpt lat="39.620744" lon="2.724270"/>
    <trkpt lat="39.620746" lon="2.724249"/>
    <trkpt lat="39.620745" lon="2.724222"/>
    <trkpt lat="39.620741" lon="2.724200"/>
    <trkpt lat="39.620736" lon="2.724176"/>
    <trkpt lat="39.620723" lon="2.724157"/>
    <trkpt lat="39.620704" lon="2.724137"/>
    <trkpt lat="39.620687" lon="2.724127"/>
    <trkpt lat="39.620667" lon="2.724122"/>
    <trkpt lat="39.620649" lon="2.724126"/>
    <trkpt lat="39.620602" lon="2.724104"/>
    <trkpt lat="39.620528" lon="2.724051"/>
    <trkpt lat="39.620493" lon="2.724014"/>
    <trkpt lat="39.620472" lon="2.723992"/>
    <trkpt lat="39.620463" lon="2.723983"/>
    <trkpt lat="39.620399" lon="2.723922"/>
    <trkpt lat="39.620342" lon="2.723881"/>
    <trkpt lat="39.619130" lon="2.722368"/>
    <trkpt lat="39.618994" lon="2.722198"/>
    <trkpt lat="39.618899" lon="2.722078"/>
    <trkpt lat="39.618072" lon="2.721014"/>
    <trkpt lat="39.617701" lon="2.720557"/>
    <trkpt lat="39.617578" lon="2.720402"/>
    <trkpt lat="39.617100" lon="2.719795"/>
    <trkpt lat="39.617080" lon="2.719770"/>
    <trkpt lat="39.617053" lon="2.719736"/>
    <trkpt lat="39.617045" lon="2.719727"/>
    <trkpt lat="39.616807" lon="2.719433"/>
    <trkpt lat="39.616776" lon="2.719365"/>
    <trkpt lat="39.616728" lon="2.719305"/>
    <trkpt lat="39.616592" lon="2.719135"/>
    <trkpt lat="39.616557" lon="2.719095"/>
    <trkpt lat="39.616522" lon="2.719063"/>
    <trkpt lat="39.616457" lon="2.719011"/>
    <trkpt lat="39.616416" lon="2.718978"/>
    <trkpt lat="39.616379" lon="2.718941"/>
    <trkpt lat="39.616349" lon="2.718898"/>
    <trkpt lat="39.616328" lon="2.718841"/>
    <trkpt lat="39.616322" lon="2.718806"/>
    <trkpt lat="39.616311" lon="2.718766"/>
    <trkpt lat="39.616294" lon="2.718737"/>
    <trkpt lat="39.616276" lon="2.718710"/>
    <trkpt lat="39.616158" lon="2.718595"/>
    <trkpt lat="39.616093" lon="2.718522"/>
    <trkpt lat="39.615978" lon="2.718382"/>
    <trkpt lat="39.615838" lon="2.718209"/>
    <trkpt lat="39.615392" lon="2.717644"/>
    <trkpt lat="39.615298" lon="2.717523"/>
    <trkpt lat="39.615178" lon="2.717385"/>
    <trkpt lat="39.615056" lon="2.717256"/>
    <trkpt lat="39.614971" lon="2.717145"/>
    <trkpt lat="39.614600" lon="2.716663"/>
    <trkpt lat="39.614443" lon="2.716448"/>
    <trkpt lat="39.614276" lon="2.716215"/>
    <trkpt lat="39.614048" lon="2.715897"/>
    <trkpt lat="39.613912" lon="2.715731"/>
    <trkpt lat="39.613481" lon="2.715119"/>
    <trkpt lat="39.613226" lon="2.714753"/>
    <trkpt lat="39.613056" lon="2.714520"/>
    <trkpt lat="39.612811" lon="2.714162"/>
    <trkpt lat="39.612748" lon="2.714063"/>
    <trkpt lat="39.612680" lon="2.713910"/>
    <trkpt lat="39.611707" lon="2.712506"/>
    <trkpt lat="39.611537" lon="2.712261"/>
    <trkpt lat="39.610701" lon="2.711089"/>
    <trkpt lat="39.610627" lon="2.710982"/>
    <trkpt lat="39.610549" lon="2.710877"/>
    <trkpt lat="39.610469" lon="2.710778"/>
    <trkpt lat="39.610386" lon="2.710679"/>
    <trkpt lat="39.610307" lon="2.710590"/>
    <trkpt lat="39.610232" lon="2.710504"/>
    <trkpt lat="39.610161" lon="2.710424"/>
    <trkpt lat="39.610107" lon="2.710358"/>
    <trkpt lat="39.610072" lon="2.710282"/>
    <trkpt lat="39.610048" lon="2.710228"/>
    <trkpt lat="39.610014" lon="2.710184"/>
    <trkpt lat="39.609971" lon="2.710137"/>
    <trkpt lat="39.609881" lon="2.710001"/>
    <trkpt lat="39.609741" lon="2.709752"/>
    <trkpt lat="39.609664" lon="2.709623"/>
    <trkpt lat="39.609502" lon="2.709439"/>
    <trkpt lat="39.609242" lon="2.709071"/>
    <trkpt lat="39.608797" lon="2.708435"/>
    <trkpt lat="39.608495" lon="2.708015"/>
    <trkpt lat="39.608112" lon="2.707471"/>
    <trkpt lat="39.607800" lon="2.707047"/>
    <trkpt lat="39.607684" lon="2.706915"/>
    <trkpt lat="39.607555" lon="2.706684"/>
    <trkpt lat="39.607552" lon="2.706639"/>
    <trkpt lat="39.607540" lon="2.706596"/>
    <trkpt lat="39.607519" lon="2.706558"/>
    <trkpt lat="39.607489" lon="2.706527"/>
    <trkpt lat="39.607479" lon="2.706521"/>
    <trkpt lat="39.607416" lon="2.706411"/>
    <trkpt lat="39.607392" lon="2.706371"/>
    <trkpt lat="39.607308" lon="2.706299"/>
    <trkpt lat="39.607293" lon="2.706276"/>
    <trkpt lat="39.607171" lon="2.706079"/>
    <trkpt lat="39.606695" lon="2.705399"/>
    <trkpt lat="39.606187" lon="2.704700"/>
    <trkpt lat="39.605937" lon="2.704490"/>
    <trkpt lat="39.605822" lon="2.704429"/>
    <trkpt lat="39.605750" lon="2.704374"/>
    <trkpt lat="39.605743" lon="2.704342"/>
    <trkpt lat="39.605723" lon="2.704283"/>
    <trkpt lat="39.605700" lon="2.704248"/>
    <trkpt lat="39.605678" lon="2.704226"/>
    <trkpt lat="39.605654" lon="2.704211"/>
    <trkpt lat="39.605621" lon="2.704199"/>
    <trkpt lat="39.605476" lon="2.703939"/>
    <trkpt lat="39.605413" lon="2.703829"/>
    <trkpt lat="39.604886" lon="2.703176"/>
    <trkpt lat="39.604558" lon="2.702753"/>
    <trkpt lat="39.603993" lon="2.702046"/>
    <trkpt lat="39.603988" lon="2.702039"/>
    <trkpt lat="39.603646" lon="2.701624"/>
    <trkpt lat="39.603548" lon="2.701492"/>
    <trkpt lat="39.603443" lon="2.701370"/>
    <trkpt lat="39.603417" lon="2.701319"/>
    <trkpt lat="39.603386" lon="2.701268"/>
    <trkpt lat="39.603378" lon="2.701211"/>
    <trkpt lat="39.603374" lon="2.701200"/>
    <trkpt lat="39.603357" lon="2.701160"/>
    <trkpt lat="39.603326" lon="2.701119"/>
    <trkpt lat="39.603294" lon="2.701096"/>
    <trkpt lat="39.603278" lon="2.701091"/>
    <trkpt lat="39.603258" lon="2.701084"/>
    <trkpt lat="39.603175" lon="2.701030"/>
    <trkpt lat="39.603127" lon="2.700985"/>
    <trkpt lat="39.603110" lon="2.700966"/>
    <trkpt lat="39.602996" lon="2.700805"/>
    <trkpt lat="39.602825" lon="2.700581"/>
    <trkpt lat="39.602402" lon="2.700078"/>
    <trkpt lat="39.601821" lon="2.699373"/>
    <trkpt lat="39.600652" lon="2.697515"/>
    <trkpt lat="39.600531" lon="2.697318"/>
    <trkpt lat="39.600157" lon="2.696748"/>
    <trkpt lat="39.600097" lon="2.696666"/>
    <trkpt lat="39.600085" lon="2.696630"/>
    <trkpt lat="39.600059" lon="2.696576"/>
    <trkpt lat="39.600012" lon="2.696500"/>
    <trkpt lat="39.599991" lon="2.696453"/>
    <trkpt lat="39.599990" lon="2.696412"/>
    <trkpt lat="39.599981" lon="2.696380"/>
    <trkpt lat="39.599964" lon="2.696350"/>
    <trkpt lat="39.599948" lon="2.696333"/>
    <trkpt lat="39.599906" lon="2.696269"/>
    <trkpt lat="39.599826" lon="2.696120"/>
    <trkpt lat="39.599796" lon="2.696072"/>
    <trkpt lat="39.599761" lon="2.696033"/>
    <trkpt lat="39.599725" lon="2.696008"/>
    <trkpt lat="39.599507" lon="2.695664"/>
    <trkpt lat="39.599425" lon="2.695535"/>
    <trkpt lat="39.599349" lon="2.695418"/>
    <trkpt lat="39.598929" lon="2.694748"/>
    <trkpt lat="39.598816" lon="2.694560"/>
    <trkpt lat="39.598781" lon="2.694501"/>
    <trkpt lat="39.598678" lon="2.694331"/>
    <trkpt lat="39.598621" lon="2.694234"/>
    <trkpt lat="39.598408" lon="2.693889"/>
    <trkpt lat="39.597782" lon="2.692880"/>
    <trkpt lat="39.597698" lon="2.692743"/>
    <trkpt lat="39.597638" lon="2.692639"/>
    <trkpt lat="39.597597" lon="2.692572"/>
    <trkpt lat="39.597563" lon="2.692515"/>
    <trkpt lat="39.597399" lon="2.692244"/>
    <trkpt lat="39.596909" lon="2.691431"/>
    <trkpt lat="39.596607" lon="2.690913"/>
    <trkpt lat="39.596377" lon="2.690527"/>
    <trkpt lat="39.596297" lon="2.690393"/>
    <trkpt lat="39.596249" lon="2.690310"/>
    <trkpt lat="39.596158" lon="2.690140"/>
    <trkpt lat="39.596088" lon="2.689983"/>
    <trkpt lat="39.596023" lon="2.689808"/>
    <trkpt lat="39.595982" lon="2.689673"/>
    <trkpt lat="39.595951" lon="2.689540"/>
    <trkpt lat="39.595920" lon="2.689378"/>
    <trkpt lat="39.595884" lon="2.689189"/>
    <trkpt lat="39.595852" lon="2.689042"/>
    <trkpt lat="39.595761" lon="2.688668"/>
    <trkpt lat="39.595738" lon="2.688593"/>
    <trkpt lat="39.595699" lon="2.688469"/>
    <trkpt lat="39.595607" lon="2.688214"/>
    <trkpt lat="39.595555" lon="2.688078"/>
    <trkpt lat="39.595512" lon="2.687967"/>
    <trkpt lat="39.595469" lon="2.687854"/>
    <trkpt lat="39.595424" lon="2.687735"/>
    <trkpt lat="39.595392" lon="2.687650"/>
    <trkpt lat="39.595223" lon="2.687250"/>
    <trkpt lat="39.595138" lon="2.687052"/>
    <trkpt lat="39.595100" lon="2.686964"/>
    <trkpt lat="39.595086" lon="2.686931"/>
    <trkpt lat="39.595066" lon="2.686783"/>
    <trkpt lat="39.595020" lon="2.686581"/>
    <trkpt lat="39.594958" lon="2.686424"/>
    <trkpt lat="39.594768" lon="2.686048"/>
    <trkpt lat="39.594733" lon="2.685989"/>
    <trkpt lat="39.594449" lon="2.685480"/>
    <trkpt lat="39.594398" lon="2.685389"/>
    <trkpt lat="39.594064" lon="2.684806"/>
    <trkpt lat="39.594017" lon="2.684723"/>
    <trkpt lat="39.593869" lon="2.684451"/>
    <trkpt lat="39.593643" lon="2.684183"/>
    <trkpt lat="39.593557" lon="2.684080"/>
    <trkpt lat="39.593461" lon="2.683978"/>
    <trkpt lat="39.593058" lon="2.683268"/>
    <trkpt lat="39.592773" lon="2.682772"/>
    <trkpt lat="39.592704" lon="2.682658"/>
    <trkpt lat="39.592640" lon="2.682537"/>
    <trkpt lat="39.592466" lon="2.682240"/>
    <trkpt lat="39.592052" lon="2.681526"/>
    <trkpt lat="39.591701" lon="2.680915"/>
    <trkpt lat="39.591678" lon="2.680874"/>
    <trkpt lat="39.591529" lon="2.680616"/>
    <trkpt lat="39.591317" lon="2.680248"/>
    <trkpt lat="39.591261" lon="2.680152"/>
    <trkpt lat="39.591032" lon="2.679622"/>
    <trkpt lat="39.590927" lon="2.679429"/>
    <trkpt lat="39.590853" lon="2.679311"/>
    <trkpt lat="39.590747" lon="2.679157"/>
    <trkpt lat="39.590671" lon="2.679048"/>
    <trkpt lat="39.590508" lon="2.678816"/>
    <trkpt lat="39.590407" lon="2.678680"/>
    <trkpt lat="39.589900" lon="2.677968"/>
    <trkpt lat="39.589273" lon="2.677087"/>
    <trkpt lat="39.589254" lon="2.677060"/>
    <trkpt lat="39.589141" lon="2.676903"/>
    <trkpt lat="39.589076" lon="2.676814"/>
    <trkpt lat="39.589060" lon="2.676793"/>
    <trkpt lat="39.589044" lon="2.676771"/>
    <trkpt lat="39.588879" lon="2.676536"/>
    <trkpt lat="39.588841" lon="2.676482"/>
    <trkpt lat="39.588732" lon="2.676331"/>
    <trkpt lat="39.588343" lon="2.675785"/>
    <trkpt lat="39.588109" lon="2.675491"/>
    <trkpt lat="39.587796" lon="2.675155"/>
    <trkpt lat="39.587696" lon="2.675044"/>
    <trkpt lat="39.587400" lon="2.674728"/>
    <trkpt lat="39.587242" lon="2.674560"/>
    <trkpt lat="39.587045" lon="2.674351"/>
    <trkpt lat="39.586975" lon="2.674277"/>
    <trkpt lat="39.586879" lon="2.674175"/>
    <trkpt lat="39.586616" lon="2.673891"/>
    <trkpt lat="39.586353" lon="2.673612"/>
    <trkpt lat="39.586221" lon="2.673472"/>
    <trkpt lat="39.585671" lon="2.672885"/>
    <trkpt lat="39.585577" lon="2.672771"/>
    <trkpt lat="39.585501" lon="2.672678"/>
    <trkpt lat="39.585416" lon="2.672570"/>
    <trkpt lat="39.585330" lon="2.672447"/>
    <trkpt lat="39.584734" lon="2.671590"/>
    <trkpt lat="39.584717" lon="2.671565"/>
    <trkpt lat="39.584671" lon="2.671500"/>
    <trkpt lat="39.584360" lon="2.671070"/>
    <trkpt lat="39.584279" lon="2.670956"/>
    <trkpt lat="39.584207" lon="2.670850"/>
    <trkpt lat="39.583682" lon="2.670113"/>
    <trkpt lat="39.583428" lon="2.669759"/>
    <trkpt lat="39.583401" lon="2.669718"/>
    <trkpt lat="39.583278" lon="2.669527"/>
    <trkpt lat="39.583179" lon="2.669374"/>
    <trkpt lat="39.583099" lon="2.669284"/>
    <trkpt lat="39.582980" lon="2.669172"/>
    <trkpt lat="39.582866" lon="2.669006"/>
    <trkpt lat="39.582810" lon="2.668923"/>
    <trkpt lat="39.582761" lon="2.668850"/>
    <trkpt lat="39.582737" lon="2.668815"/>
    <trkpt lat="39.582504" lon="2.668470"/>
    <trkpt lat="39.582433" lon="2.668366"/>
    <trkpt lat="39.582259" lon="2.668109"/>
    <trkpt lat="39.582080" lon="2.667841"/>
    <trkpt lat="39.582020" lon="2.667751"/>
    <trkpt lat="39.581824" lon="2.667469"/>
    <trkpt lat="39.581779" lon="2.667403"/>
    <trkpt lat="39.581734" lon="2.667344"/>
    <trkpt lat="39.581713" lon="2.667316"/>
    <trkpt lat="39.581379" lon="2.666876"/>
    <trkpt lat="39.581064" lon="2.666460"/>
    <trkpt lat="39.580809" lon="2.666129"/>
    <trkpt lat="39.580755" lon="2.666058"/>
    <trkpt lat="39.580716" lon="2.666005"/>
    <trkpt lat="39.580691" lon="2.665972"/>
    <trkpt lat="39.580483" lon="2.665671"/>
    <trkpt lat="39.580454" lon="2.665626"/>
    <trkpt lat="39.580373" lon="2.665501"/>
    <trkpt lat="39.580352" lon="2.665469"/>
    <trkpt lat="39.580215" lon="2.665259"/>
    <trkpt lat="39.579973" lon="2.664888"/>
    <trkpt lat="39.579732" lon="2.664516"/>
    <trkpt lat="39.579482" lon="2.664137"/>
    <trkpt lat="39.579217" lon="2.663721"/>
    <trkpt lat="39.578964" lon="2.663337"/>
    <trkpt lat="39.578929" lon="2.663283"/>
    <trkpt lat="39.578845" lon="2.663155"/>
    <trkpt lat="39.578827" lon="2.663128"/>
    <trkpt lat="39.578807" lon="2.663097"/>
    <trkpt lat="39.578709" lon="2.662948"/>
    <trkpt lat="39.578661" lon="2.662629"/>
    <trkpt lat="39.578651" lon="2.662555"/>
    <trkpt lat="39.578648" lon="2.662520"/>
    <trkpt lat="39.578646" lon="2.662482"/>
    <trkpt lat="39.578608" lon="2.661492"/>
    <trkpt lat="39.578558" lon="2.659889"/>
    <trkpt lat="39.578496" lon="2.658913"/>
    <trkpt lat="39.578444" lon="2.658841"/>
    <trkpt lat="39.578308" lon="2.658603"/>
    <trkpt lat="39.578187" lon="2.658439"/>
    <trkpt lat="39.577618" lon="2.657669"/>
    <trkpt lat="39.576990" lon="2.656787"/>
    <trkpt lat="39.576606" lon="2.656231"/>
    <trkpt lat="39.576477" lon="2.656045"/>
    <trkpt lat="39.576404" lon="2.655945"/>
    <trkpt lat="39.576372" lon="2.655770"/>
    <trkpt lat="39.576140" lon="2.655437"/>
    <trkpt lat="39.576024" lon="2.655272"/>
  </trkseg></trk>
</gpx>
