<?xml version="1.0" encoding="UTF-8"?>
<gpx version="1.1" creator="top-gas" xmlns="http://www.topografix.com/GPX/1/1" xmlns:xsi="http://www.w3.org/2001/XMLSchema-instance" xsi:schemaLocation="http://www.topografix.com/GPX/1/1 http://www.topografix.com/GPX/1/1/gpx.xsd">
  <metadata><name>13 · Gran Vuelta Tramuntana: Sóller, Sa Calobra y Formentor (Difícil)</name><desc>La ruta reina para cerrar el año: Coll de Sóller, Puig Major, Sa Calobra y Formentor en un solo día. Solo para pilotos con experiencia. Dificultad: Difícil. Distancia aprox.: 223 km.</desc><keywords>moto, mallorca, difícil</keywords></metadata>
  <wpt lat="39.576000" lon="2.655300"><name>Palma (Plaça d'Espanya)</name></wpt>
  <wpt lat="39.735800" lon="2.690200"><name>Coll de Sóller</name></wpt>
  <wpt lat="39.766700" lon="2.715000"><name>Sóller</name></wpt>
  <wpt lat="39.782200" lon="2.740800"><name>Fornalutx</name></wpt>
  <wpt lat="39.788000" lon="2.800000"><name>Embalse de Cúber</name></wpt>
  <wpt lat="39.851000" lon="2.806300"><name>Sa Calobra</name></wpt>
  <wpt lat="39.821700" lon="2.884700"><name>Santuari de Lluc</name></wpt>
  <wpt lat="39.877200" lon="3.016100"><name>Pollença</name></wpt>
  <wpt lat="39.961900" lon="3.212300"><name>Faro de Formentor</name></wpt>
  <wpt lat="39.907500" lon="3.084200"><name>Port de Pollença</name></wpt>
  <wpt lat="39.721100" lon="2.911100"><name>Inca</name></wpt>
  <wpt lat="39.687200" lon="2.843900"><name>Binissalem</name></wpt>
  <wpt lat="39.650300" lon="2.773600"><name>Santa Maria del Camí</name></wpt>
  <trk><name>13 · Gran Vuelta Tramuntana: Sóller, Sa Calobra y Formentor (Difícil)</name><desc>La ruta reina para cerrar el año: Coll de Sóller, Puig Major, Sa Calobra y Formentor en un solo día. Solo para pilotos con experiencia. Dificultad: Difícil. Distancia aprox.: 223 km.</desc><type>Moto</type><trkseg>
    <trkpt lat="39.576024" lon="2.655272"/>
    <trkpt lat="39.575429" lon="2.654423"/>
    <trkpt lat="39.575697" lon="2.654084"/>
    <trkpt lat="39.575734" lon="2.654057"/>
    <trkpt lat="39.575900" lon="2.653860"/>
    <trkpt lat="39.575926" lon="2.653835"/>
    <trkpt lat="39.575951" lon="2.653820"/>
    <trkpt lat="39.575996" lon="2.653802"/>
    <trkpt lat="39.576082" lon="2.653788"/>
    <trkpt lat="39.576092" lon="2.653774"/>
    <trkpt lat="39.576237" lon="2.653617"/>
    <trkpt lat="39.576267" lon="2.653590"/>
    <trkpt lat="39.576335" lon="2.653538"/>
    <trkpt lat="39.576487" lon="2.653436"/>
    <trkpt lat="39.576799" lon="2.653225"/>
    <trkpt lat="39.577293" lon="2.652892"/>
    <trkpt lat="39.577401" lon="2.652692"/>
    <trkpt lat="39.577417" lon="2.652645"/>
    <trkpt lat="39.577513" lon="2.652359"/>
    <trkpt lat="39.577653" lon="2.652354"/>
    <trkpt lat="39.577972" lon="2.652351"/>
    <trkpt lat="39.578603" lon="2.652343"/>
    <trkpt lat="39.579282" lon="2.652340"/>
    <trkpt lat="39.579821" lon="2.652326"/>
    <trkpt lat="39.579999" lon="2.652321"/>
    <trkpt lat="39.580132" lon="2.652342"/>
    <trkpt lat="39.580604" lon="2.652420"/>
    <trkpt lat="39.581088" lon="2.652497"/>
    <trkpt lat="39.581503" lon="2.652564"/>
    <trkpt lat="39.581678" lon="2.652593"/>
    <trkpt lat="39.582084" lon="2.652682"/>
    <trkpt lat="39.582154" lon="2.652703"/>
    <trkpt lat="39.583115" lon="2.652976"/>
    <trkpt lat="39.583888" lon="2.653009"/>
    <trkpt lat="39.583947" lon="2.653011"/>
    <trkpt lat="39.584632" lon="2.653033"/>
    <trkpt lat="39.584761" lon="2.653034"/>
    <trkpt lat="39.585138" lon="2.653044"/>
    <trkpt lat="39.585717" lon="2.653050"/>
    <trkpt lat="39.585878" lon="2.653055"/>
    <trkpt lat="39.585961" lon="2.653057"/>
    <trkpt lat="39.586297" lon="2.653064"/>
    <trkpt lat="39.586357" lon="2.653066"/>
    <trkpt lat="39.586633" lon="2.653071"/>
    <trkpt lat="39.586979" lon="2.653098"/>
    <trkpt lat="39.587340" lon="2.653125"/>
    <trkpt lat="39.587618" lon="2.653134"/>
    <trkpt lat="39.587984" lon="2.653151"/>
    <trkpt lat="39.588042" lon="2.653174"/>
    <trkpt lat="39.588131" lon="2.653209"/>
    <trkpt lat="39.588195" lon="2.653300"/>
    <trkpt lat="39.588467" lon="2.653538"/>
    <trkpt lat="39.588533" lon="2.653575"/>
    <trkpt lat="39.588579" lon="2.653578"/>
    <trkpt lat="39.588620" lon="2.653560"/>
    <trkpt lat="39.588685" lon="2.653521"/>
    <trkpt lat="39.588714" lon="2.653466"/>
    <trkpt lat="39.588728" lon="2.653422"/>
    <trkpt lat="39.588826" lon="2.653325"/>
    <trkpt lat="39.588959" lon="2.653227"/>
    <trkpt lat="39.589102" lon="2.653192"/>
    <trkpt lat="39.589234" lon="2.653196"/>
    <trkpt lat="39.589591" lon="2.653208"/>
    <trkpt lat="39.589647" lon="2.653159"/>
    <trkpt lat="39.590229" lon="2.653199"/>
    <trkpt lat="39.590261" lon="2.653204"/>
    <trkpt lat="39.590753" lon="2.653284"/>
    <trkpt lat="39.591039" lon="2.653371"/>
    <trkpt lat="39.591103" lon="2.653390"/>
    <trkpt lat="39.591928" lon="2.653640"/>
    <trkpt lat="39.592540" lon="2.653825"/>
    <trkpt lat="39.593152" lon="2.654010"/>
    <trkpt lat="39.593282" lon="2.654050"/>
    <trkpt lat="39.593745" lon="2.654187"/>
    <trkpt lat="39.593840" lon="2.654215"/>
    <trkpt lat="39.594287" lon="2.654356"/>
    <trkpt lat="39.594681" lon="2.654458"/>
    <trkpt lat="39.594813" lon="2.654521"/>
    <trkpt lat="39.594901" lon="2.654551"/>
    <trkpt lat="39.594956" lon="2.654563"/>
    <trkpt lat="39.594996" lon="2.654567"/>
    <trkpt lat="39.595386" lon="2.654603"/>
    <trkpt lat="39.595663" lon="2.654628"/>
    <trkpt lat="39.595868" lon="2.654653"/>
    <trkpt lat="39.595969" lon="2.654666"/>
    <trkpt lat="39.596027" lon="2.654672"/>
    <trkpt lat="39.596112" lon="2.654680"/>
    <trkpt lat="39.596246" lon="2.654688"/>
    <trkpt lat="39.597005" lon="2.654752"/>
    <trkpt lat="39.597231" lon="2.654755"/>
    <trkpt lat="39.597361" lon="2.654766"/>
    <trkpt lat="39.597409" lon="2.654774"/>
    <trkpt lat="39.597451" lon="2.654787"/>
    <trkpt lat="39.597499" lon="2.654810"/>
    <trkpt lat="39.597542" lon="2.654835"/>
    <trkpt lat="39.597593" lon="2.654873"/>
    <trkpt lat="39.597618" lon="2.654905"/>
    <trkpt lat="39.597644" lon="2.654930"/>
    <trkpt lat="39.597673" lon="2.654950"/>
    <trkpt lat="39.597704" lon="2.654964"/>
    <trkpt lat="39.597762" lon="2.654980"/>
    <trkpt lat="39.597791" lon="2.654979"/>
    <trkpt lat="39.597820" lon="2.654974"/>
    <trkpt lat="39.597849" lon="2.654965"/>
    <trkpt lat="39.597876" lon="2.654951"/>
    <trkpt lat="39.597903" lon="2.654932"/>
    <trkpt lat="39.597925" lon="2.654911"/>
    <trkpt lat="39.598016" lon="2.654849"/>
    <trkpt lat="39.598048" lon="2.654830"/>
    <trkpt lat="39.598084" lon="2.654813"/>
    <trkpt lat="39.598123" lon="2.654802"/>
    <trkpt lat="39.598174" lon="2.654793"/>
    <trkpt lat="39.598259" lon="2.654792"/>
    <trkpt lat="39.598443" lon="2.654797"/>
    <trkpt lat="39.598599" lon="2.654827"/>
    <trkpt lat="39.599347" lon="2.654858"/>
    <trkpt lat="39.599496" lon="2.654864"/>
    <trkpt lat="39.603271" lon="2.655001"/>
    <trkpt lat="39.604192" lon="2.655034"/>
    <trkpt lat="39.604213" lon="2.655035"/>
    <trkpt lat="39.604360" lon="2.655040"/>
    <trkpt lat="39.604484" lon="2.655045"/>
    <trkpt lat="39.604627" lon="2.655050"/>
    <trkpt lat="39.604753" lon="2.655054"/>
    <trkpt lat="39.605092" lon="2.655067"/>
    <trkpt lat="39.605161" lon="2.655068"/>
    <trkpt lat="39.605361" lon="2.655077"/>
    <trkpt lat="39.606496" lon="2.655108"/>
    <trkpt lat="39.606650" lon="2.655126"/>
    <trkpt lat="39.606807" lon="2.655174"/>
    <trkpt lat="39.607018" lon="2.655288"/>
    <trkpt lat="39.607234" lon="2.655460"/>
    <trkpt lat="39.607281" lon="2.655497"/>
    <trkpt lat="39.607303" lon="2.655542"/>
    <trkpt lat="39.607332" lon="2.655582"/>
    <trkpt lat="39.607388" lon="2.655628"/>
    <trkpt lat="39.607452" lon="2.655651"/>
    <trkpt lat="39.607518" lon="2.655649"/>
    <trkpt lat="39.607581" lon="2.655623"/>
    <trkpt lat="39.607635" lon="2.655574"/>
    <trkpt lat="39.607699" lon="2.655590"/>
    <trkpt lat="39.607844" lon="2.655617"/>
    <trkpt lat="39.607934" lon="2.655642"/>
    <trkpt lat="39.608109" lon="2.655675"/>
    <trkpt lat="39.608326" lon="2.655777"/>
    <trkpt lat="39.610060" lon="2.656540"/>
    <trkpt lat="39.610219" lon="2.656607"/>
    <trkpt lat="39.610461" lon="2.656706"/>
    <trkpt lat="39.610681" lon="2.656790"/>
    <trkpt lat="39.611115" lon="2.656949"/>
    <trkpt lat="39.611221" lon="2.656989"/>
    <trkpt lat="39.612358" lon="2.657410"/>
    <trkpt lat="39.612450" lon="2.657448"/>
    <trkpt lat="39.612560" lon="2.657493"/>
    <trkpt lat="39.612726" lon="2.657566"/>
    <trkpt lat="39.612922" lon="2.657660"/>
    <trkpt lat="39.613123" lon="2.657765"/>
    <trkpt lat="39.613158" lon="2.657785"/>
    <trkpt lat="39.613274" lon="2.657849"/>
    <trkpt lat="39.613408" lon="2.657929"/>
    <trkpt lat="39.613564" lon="2.658025"/>
    <trkpt lat="39.613718" lon="2.658126"/>
    <trkpt lat="39.613913" lon="2.658263"/>
    <trkpt lat="39.614169" lon="2.658457"/>
    <trkpt lat="39.614396" lon="2.658634"/>
    <trkpt lat="39.614516" lon="2.658729"/>
    <trkpt lat="39.614618" lon="2.658809"/>
    <trkpt lat="39.615005" lon="2.659124"/>
    <trkpt lat="39.615644" lon="2.659643"/>
    <trkpt lat="39.615766" lon="2.659741"/>
    <trkpt lat="39.615888" lon="2.659825"/>
    <trkpt lat="39.615993" lon="2.659887"/>
    <trkpt lat="39.616093" lon="2.659938"/>
    <trkpt lat="39.616185" lon="2.659980"/>
    <trkpt lat="39.616279" lon="2.660016"/>
    <trkpt lat="39.616416" lon="2.660063"/>
    <trkpt lat="39.616542" lon="2.660090"/>
    <trkpt lat="39.616667" lon="2.660112"/>
    <trkpt lat="39.616790" lon="2.660131"/>
    <trkpt lat="39.617883" lon="2.660288"/>
    <trkpt lat="39.618976" lon="2.660451"/>
    <trkpt lat="39.619216" lon="2.660488"/>
    <trkpt lat="39.619506" lon="2.660565"/>
    <trkpt lat="39.620316" lon="2.660692"/>
    <trkpt lat="39.620419" lon="2.660718"/>
    <trkpt lat="39.620598" lon="2.660778"/>
    <trkpt lat="39.620630" lon="2.660788"/>
    <trkpt lat="39.620648" lon="2.660792"/>
    <trkpt lat="39.620664" lon="2.660808"/>
    <trkpt lat="39.620682" lon="2.660818"/>
    <trkpt lat="39.620702" lon="2.660822"/>
    <trkpt lat="39.620721" lon="2.660821"/>
    <trkpt lat="39.620740" lon="2.660813"/>
    <trkpt lat="39.620757" lon="2.660799"/>
    <trkpt lat="39.620859" lon="2.660794"/>
    <trkpt lat="39.621141" lon="2.660812"/>
    <trkpt lat="39.621163" lon="2.660813"/>
    <trkpt lat="39.621614" lon="2.660878"/>
    <trkpt lat="39.621759" lon="2.660858"/>
    <trkpt lat="39.622051" lon="2.660906"/>
    <trkpt lat="39.622355" lon="2.660961"/>
    <trkpt lat="39.622490" lon="2.660986"/>
    <trkpt lat="39.622965" lon="2.661075"/>
    <trkpt lat="39.623453" lon="2.661169"/>
    <trkpt lat="39.623695" lon="2.661216"/>
    <trkpt lat="39.624061" lon="2.661287"/>
    <trkpt lat="39.624479" lon="2.661371"/>
    <trkpt lat="39.624622" lon="2.661401"/>
    <trkpt lat="39.624812" lon="2.661445"/>
    <trkpt lat="39.624932" lon="2.661476"/>
    <trkpt lat="39.625082" lon="2.661513"/>
    <trkpt lat="39.625192" lon="2.661548"/>
    <trkpt lat="39.625304" lon="2.661590"/>
    <trkpt lat="39.625524" lon="2.661685"/>
    <trkpt lat="39.625744" lon="2.661785"/>
    <trkpt lat="39.625991" lon="2.661903"/>
    <trkpt lat="39.627041" lon="2.662407"/>
    <trkpt lat="39.627299" lon="2.662531"/>
    <trkpt lat="39.627836" lon="2.662786"/>
    <trkpt lat="39.628200" lon="2.662959"/>
    <trkpt lat="39.628807" lon="2.663246"/>
    <trkpt lat="39.628999" lon="2.663335"/>
    <trkpt lat="39.629203" lon="2.663422"/>
    <trkpt lat="39.629355" lon="2.663479"/>
    <trkpt lat="39.629521" lon="2.663535"/>
    <trkpt lat="39.629563" lon="2.663548"/>
    <trkpt lat="39.629656" lon="2.663577"/>
    <trkpt lat="39.629842" lon="2.663624"/>
    <trkpt lat="39.630161" lon="2.663697"/>
    <trkpt lat="39.630479" lon="2.663768"/>
    <trkpt lat="39.630803" lon="2.663846"/>
    <trkpt lat="39.630973" lon="2.663889"/>
    <trkpt lat="39.633608" lon="2.664611"/>
    <trkpt lat="39.633901" lon="2.664691"/>
    <trkpt lat="39.634641" lon="2.664891"/>
    <trkpt lat="39.635059" lon="2.665004"/>
    <trkpt lat="39.635177" lon="2.665035"/>
    <trkpt lat="39.635737" lon="2.665187"/>
    <trkpt lat="39.636150" lon="2.665300"/>
    <trkpt lat="39.636856" lon="2.665494"/>
    <trkpt lat="39.637071" lon="2.665552"/>
    <trkpt lat="39.637232" lon="2.665592"/>
    <trkpt lat="39.637403" lon="2.665621"/>
    <trkpt lat="39.637564" lon="2.665643"/>
    <trkpt lat="39.637783" lon="2.665657"/>
    <trkpt lat="39.638137" lon="2.665669"/>
    <trkpt lat="39.638245" lon="2.665670"/>
    <trkpt lat="39.638411" lon="2.665673"/>
    <trkpt lat="39.638559" lon="2.665673"/>
    <trkpt lat="39.638781" lon="2.665692"/>
    <trkpt lat="39.638930" lon="2.665710"/>
    <trkpt lat="39.639007" lon="2.665732"/>
    <trkpt lat="39.639086" lon="2.665763"/>
    <trkpt lat="39.639172" lon="2.665819"/>
    <trkpt lat="39.639237" lon="2.665871"/>
    <trkpt lat="39.639266" lon="2.665895"/>
    <trkpt lat="39.639272" lon="2.665968"/>
    <trkpt lat="39.639303" lon="2.666047"/>
    <trkpt lat="39.639354" lon="2.666106"/>
    <trkpt lat="39.639419" lon="2.666136"/>
    <trkpt lat="39.639474" lon="2.666137"/>
    <trkpt lat="39.639525" lon="2.666116"/>
    <trkpt lat="39.639578" lon="2.666065"/>
    <trkpt lat="39.639827" lon="2.665997"/>
    <trkpt lat="39.640022" lon="2.666068"/>
    <trkpt lat="39.640403" lon="2.666220"/>
    <trkpt lat="39.640892" lon="2.666428"/>
    <trkpt lat="39.641409" lon="2.666628"/>
    <trkpt lat="39.641844" lon="2.666790"/>
    <trkpt lat="39.642712" lon="2.667113"/>
    <trkpt lat="39.643373" lon="2.667350"/>
    <trkpt lat="39.643804" lon="2.667505"/>
    <trkpt lat="39.644360" lon="2.667704"/>
    <trkpt lat="39.644595" lon="2.667794"/>
    <trkpt lat="39.644796" lon="2.667870"/>
    <trkpt lat="39.645164" lon="2.668010"/>
    <trkpt lat="39.645354" lon="2.668085"/>
    <trkpt lat="39.646170" lon="2.668407"/>
    <trkpt lat="39.647127" lon="2.668766"/>
    <trkpt lat="39.650308" lon="2.669957"/>
    <trkpt lat="39.650733" lon="2.670117"/>
    <trkpt lat="39.653608" lon="2.671194"/>
    <trkpt lat="39.655717" lon="2.671992"/>
    <trkpt lat="39.657038" lon="2.672491"/>
    <trkpt lat="39.657275" lon="2.672596"/>
    <trkpt lat="39.657589" lon="2.672711"/>
    <trkpt lat="39.657641" lon="2.672730"/>
    <trkpt lat="39.657649" lon="2.672746"/>
    <trkpt lat="39.657669" lon="2.672771"/>
    <trkpt lat="39.657693" lon="2.672788"/>
    <trkpt lat="39.657721" lon="2.672794"/>
    <trkpt lat="39.657748" lon="2.672790"/>
    <trkpt lat="39.657763" lon="2.672783"/>
    <trkpt lat="39.657911" lon="2.672838"/>
    <trkpt lat="39.658273" lon="2.672975"/>
    <trkpt lat="39.658441" lon="2.673005"/>
    <trkpt lat="39.658938" lon="2.673203"/>
    <trkpt lat="39.660728" lon="2.673862"/>
    <trkpt lat="39.661131" lon="2.674020"/>
    <trkpt lat="39.661839" lon="2.674298"/>
    <trkpt lat="39.662131" lon="2.674408"/>
    <trkpt lat="39.662441" lon="2.674525"/>
    <trkpt lat="39.662554" lon="2.674567"/>
    <trkpt lat="39.662846" lon="2.674670"/>
    <trkpt lat="39.663007" lon="2.674726"/>
    <trkpt lat="39.663141" lon="2.674773"/>
    <trkpt lat="39.663226" lon="2.674802"/>
    <trkpt lat="39.663365" lon="2.674849"/>
    <trkpt lat="39.664534" lon="2.675288"/>
    <trkpt lat="39.666612" lon="2.676064"/>
    <trkpt lat="39.667352" lon="2.676334"/>
    <trkpt lat="39.667526" lon="2.676443"/>
    <trkpt lat="39.667616" lon="2.676514"/>
    <trkpt lat="39.667729" lon="2.676620"/>
    <trkpt lat="39.667772" lon="2.676664"/>
    <trkpt lat="39.667810" lon="2.676738"/>
    <trkpt lat="39.667845" lon="2.676780"/>
    <trkpt lat="39.667878" lon="2.676814"/>
    <trkpt lat="39.667954" lon="2.676863"/>
    <trkpt lat="39.668012" lon="2.676888"/>
    <trkpt lat="39.668079" lon="2.676903"/>
    <trkpt lat="39.668142" lon="2.676910"/>
    <trkpt lat="39.668198" lon="2.676897"/>
    <trkpt lat="39.668246" lon="2.676873"/>
    <trkpt lat="39.668297" lon="2.676841"/>
    <trkpt lat="39.668411" lon="2.676808"/>
    <trkpt lat="39.668528" lon="2.676797"/>
    <trkpt lat="39.668745" lon="2.676813"/>
    <trkpt lat="39.669724" lon="2.677177"/>
    <trkpt lat="39.669958" lon="2.677265"/>
    <trkpt lat="39.672944" lon="2.678382"/>
    <trkpt lat="39.673308" lon="2.678524"/>
    <trkpt lat="39.673772" lon="2.678705"/>
    <trkpt lat="39.674317" lon="2.678935"/>
    <trkpt lat="39.674477" lon="2.679003"/>
    <trkpt lat="39.674691" lon="2.679145"/>
    <trkpt lat="39.674806" lon="2.679248"/>
    <trkpt lat="39.674847" lon="2.679316"/>
    <trkpt lat="39.674864" lon="2.679383"/>
    <trkpt lat="39.674897" lon="2.679439"/>
    <trkpt lat="39.674942" lon="2.679477"/>
    <trkpt lat="39.674980" lon="2.679492"/>
    <trkpt lat="39.675019" lon="2.679495"/>
    <trkpt lat="39.675065" lon="2.679483"/>
    <trkpt lat="39.675106" lon="2.679455"/>
    <trkpt lat="39.675139" lon="2.679412"/>
    <trkpt lat="39.675207" lon="2.679395"/>
    <trkpt lat="39.675269" lon="2.679379"/>
    <trkpt lat="39.675414" lon="2.679338"/>
    <trkpt lat="39.675528" lon="2.679370"/>
    <trkpt lat="39.675953" lon="2.679516"/>
    <trkpt lat="39.676695" lon="2.679787"/>
    <trkpt lat="39.681100" lon="2.681430"/>
    <trkpt lat="39.681142" lon="2.681445"/>
    <trkpt lat="39.681973" lon="2.681754"/>
    <trkpt lat="39.684393" lon="2.682660"/>
    <trkpt lat="39.685013" lon="2.682892"/>
    <trkpt lat="39.687787" lon="2.683929"/>
    <trkpt lat="39.689718" lon="2.684651"/>
    <trkpt lat="39.690661" lon="2.685004"/>
    <trkpt lat="39.690681" lon="2.685012"/>
    <trkpt lat="39.691934" lon="2.685477"/>
    <trkpt lat="39.692365" lon="2.685639"/>
    <trkpt lat="39.693191" lon="2.685950"/>
    <trkpt lat="39.693792" lon="2.686173"/>
    <trkpt lat="39.693967" lon="2.686248"/>
    <trkpt lat="39.694139" lon="2.686330"/>
    <trkpt lat="39.694320" lon="2.686426"/>
    <trkpt lat="39.694497" lon="2.686527"/>
    <trkpt lat="39.694647" lon="2.686621"/>
    <trkpt lat="39.694831" lon="2.686740"/>
    <trkpt lat="39.694936" lon="2.686849"/>
    <trkpt lat="39.695043" lon="2.686966"/>
    <trkpt lat="39.695115" lon="2.687047"/>
    <trkpt lat="39.695178" lon="2.687142"/>
    <trkpt lat="39.695217" lon="2.687219"/>
    <trkpt lat="39.695241" lon="2.687264"/>
    <trkpt lat="39.695248" lon="2.687301"/>
    <trkpt lat="39.695262" lon="2.687335"/>
    <trkpt lat="39.695282" lon="2.687363"/>
    <trkpt lat="39.695308" lon="2.687384"/>
    <trkpt lat="39.695337" lon="2.687395"/>
    <trkpt lat="39.695368" lon="2.687397"/>
    <trkpt lat="39.695398" lon="2.687388"/>
    <trkpt lat="39.695424" lon="2.687370"/>
    <trkpt lat="39.695494" lon="2.687348"/>
    <trkpt lat="39.695542" lon="2.687344"/>
    <trkpt lat="39.695555" lon="2.687343"/>
    <trkpt lat="39.695609" lon="2.687342"/>
    <trkpt lat="39.695674" lon="2.687351"/>
    <trkpt lat="39.695768" lon="2.687398"/>
    <trkpt lat="39.695822" lon="2.687393"/>
    <trkpt lat="39.695933" lon="2.687462"/>
    <trkpt lat="39.696641" lon="2.687930"/>
    <trkpt lat="39.696985" lon="2.688147"/>
    <trkpt lat="39.697170" lon="2.688237"/>
    <trkpt lat="39.697279" lon="2.688290"/>
    <trkpt lat="39.697589" lon="2.688397"/>
    <trkpt lat="39.697791" lon="2.688443"/>
    <trkpt lat="39.698373" lon="2.688576"/>
    <trkpt lat="39.699037" lon="2.688727"/>
    <trkpt lat="39.699112" lon="2.688745"/>
    <trkpt lat="39.699516" lon="2.688844"/>
    <trkpt lat="39.700653" lon="2.689095"/>
    <trkpt lat="39.701594" lon="2.689315"/>
    <trkpt lat="39.701902" lon="2.689388"/>
    <trkpt lat="39.702189" lon="2.689448"/>
    <trkpt lat="39.702443" lon="2.689487"/>
    <trkpt lat="39.702600" lon="2.689503"/>
    <trkpt lat="39.702654" lon="2.689509"/>
    <trkpt lat="39.702834" lon="2.689516"/>
    <trkpt lat="39.703058" lon="2.689511"/>
    <trkpt lat="39.703245" lon="2.689497"/>
    <trkpt lat="39.703536" lon="2.689468"/>
    <trkpt lat="39.703995" lon="2.689422"/>
    <trkpt lat="39.705315" lon="2.689284"/>
    <trkpt lat="39.705781" lon="2.689273"/>
    <trkpt lat="39.706134" lon="2.689265"/>
    <trkpt lat="39.706538" lon="2.689248"/>
    <trkpt lat="39.706663" lon="2.689236"/>
    <trkpt lat="39.706840" lon="2.689212"/>
    <trkpt lat="39.707034" lon="2.689182"/>
    <trkpt lat="39.707432" lon="2.689093"/>
    <trkpt lat="39.707873" lon="2.689002"/>
    <trkpt lat="39.708012" lon="2.688977"/>
    <trkpt lat="39.708229" lon="2.688955"/>
    <trkpt lat="39.708428" lon="2.688948"/>
    <trkpt lat="39.708591" lon="2.688957"/>
    <trkpt lat="39.708832" lon="2.688989"/>
    <trkpt lat="39.709013" lon="2.689020"/>
    <trkpt lat="39.709173" lon="2.689061"/>
    <trkpt lat="39.710063" lon="2.689318"/>
    <trkpt lat="39.710410" lon="2.689408"/>
    <trkpt lat="39.710575" lon="2.689445"/>
    <trkpt lat="39.711106" lon="2.689566"/>
    <trkpt lat="39.711559" lon="2.689673"/>
    <trkpt lat="39.712152" lon="2.689805"/>
    <trkpt lat="39.712541" lon="2.689892"/>
    <trkpt lat="39.713080" lon="2.690012"/>
    <trkpt lat="39.713565" lon="2.690121"/>
    <trkpt lat="39.714095" lon="2.690240"/>
    <trkpt lat="39.714563" lon="2.690341"/>
    <trkpt lat="39.715247" lon="2.690489"/>
    <trkpt lat="39.715355" lon="2.690510"/>
    <trkpt lat="39.715402" lon="2.690519"/>
    <trkpt lat="39.715512" lon="2.690534"/>
    <trkpt lat="39.715598" lon="2.690538"/>
    <trkpt lat="39.715784" lon="2.690562"/>
    <trkpt lat="39.715833" lon="2.690575"/>
    <trkpt lat="39.715889" lon="2.690593"/>
    <trkpt lat="39.715935" lon="2.690613"/>
    <trkpt lat="39.715946" lon="2.690624"/>
    <trkpt lat="39.715967" lon="2.690637"/>
    <trkpt lat="39.715994" lon="2.690647"/>
    <trkpt lat="39.716035" lon="2.690655"/>
    <trkpt lat="39.716091" lon="2.690658"/>
    <trkpt lat="39.716129" lon="2.690651"/>
    <trkpt lat="39.716158" lon="2.690641"/>
    <trkpt lat="39.716169" lon="2.690634"/>
    <trkpt lat="39.716177" lon="2.690625"/>
    <trkpt lat="39.716186" lon="2.690610"/>
    <trkpt lat="39.716200" lon="2.690586"/>
    <trkpt lat="39.716207" lon="2.690573"/>
    <trkpt lat="39.716217" lon="2.690546"/>
    <trkpt lat="39.716221" lon="2.690527"/>
    <trkpt lat="39.716221" lon="2.690513"/>
    <trkpt lat="39.716219" lon="2.690501"/>
    <trkpt lat="39.716249" lon="2.690467"/>
    <trkpt lat="39.716284" lon="2.690436"/>
    <trkpt lat="39.716353" lon="2.690380"/>
    <trkpt lat="39.716448" lon="2.690354"/>
    <trkpt lat="39.717285" lon="2.690148"/>
    <trkpt lat="39.717684" lon="2.690058"/>
    <trkpt lat="39.717769" lon="2.690059"/>
    <trkpt lat="39.717832" lon="2.690077"/>
    <trkpt lat="39.717892" lon="2.690114"/>
    <trkpt lat="39.717948" lon="2.690172"/>
    <trkpt lat="39.717983" lon="2.690226"/>
    <trkpt lat="39.718002" lon="2.690274"/>
    <trkpt lat="39.718026" lon="2.690365"/>
    <trkpt lat="39.718039" lon="2.690478"/>
    <trkpt lat="39.718058" lon="2.690852"/>
    <trkpt lat="39.718073" lon="2.691025"/>
    <trkpt lat="39.718095" lon="2.691169"/>
    <trkpt lat="39.718129" lon="2.691382"/>
    <trkpt lat="39.718131" lon="2.691467"/>
    <trkpt lat="39.718126" lon="2.691526"/>
    <trkpt lat="39.718111" lon="2.691581"/>
    <trkpt lat="39.718083" lon="2.691642"/>
    <trkpt lat="39.717991" lon="2.691767"/>
    <trkpt lat="39.717776" lon="2.692032"/>
    <trkpt lat="39.717574" lon="2.692280"/>
    <trkpt lat="39.717519" lon="2.692360"/>
    <trkpt lat="39.717476" lon="2.692445"/>
    <trkpt lat="39.717454" lon="2.692547"/>
    <trkpt lat="39.717427" lon="2.692802"/>
    <trkpt lat="39.717412" lon="2.692963"/>
    <trkpt lat="39.717405" lon="2.693095"/>
    <trkpt lat="39.717415" lon="2.693145"/>
    <trkpt lat="39.717438" lon="2.693172"/>
    <trkpt lat="39.717486" lon="2.693173"/>
    <trkpt lat="39.717535" lon="2.693140"/>
    <trkpt lat="39.717601" lon="2.693041"/>
    <trkpt lat="39.717694" lon="2.692905"/>
    <trkpt lat="39.717742" lon="2.692871"/>
    <trkpt lat="39.717809" lon="2.692889"/>
    <trkpt lat="39.717882" lon="2.692930"/>
    <trkpt lat="39.717948" lon="2.692987"/>
    <trkpt lat="39.718002" lon="2.693022"/>
    <trkpt lat="39.718066" lon="2.693012"/>
    <trkpt lat="39.718124" lon="2.692953"/>
    <trkpt lat="39.718254" lon="2.692743"/>
    <trkpt lat="39.718530" lon="2.692290"/>
    <trkpt lat="39.718583" lon="2.692213"/>
    <trkpt lat="39.718615" lon="2.692195"/>
    <trkpt lat="39.718654" lon="2.692203"/>
    <trkpt lat="39.718677" lon="2.692235"/>
    <trkpt lat="39.718678" lon="2.692290"/>
    <trkpt lat="39.718659" lon="2.692333"/>
    <trkpt lat="39.718608" lon="2.692411"/>
    <trkpt lat="39.718571" lon="2.692496"/>
    <trkpt lat="39.718569" lon="2.692575"/>
    <trkpt lat="39.718633" lon="2.692887"/>
    <trkpt lat="39.718717" lon="2.693239"/>
    <trkpt lat="39.718746" lon="2.693281"/>
    <trkpt lat="39.718770" lon="2.693296"/>
    <trkpt lat="39.718802" lon="2.693294"/>
    <trkpt lat="39.718825" lon="2.693252"/>
    <trkpt lat="39.718834" lon="2.693201"/>
    <trkpt lat="39.718873" lon="2.692731"/>
    <trkpt lat="39.718947" lon="2.691809"/>
    <trkpt lat="39.718930" lon="2.691177"/>
    <trkpt lat="39.718934" lon="2.691015"/>
    <trkpt lat="39.718963" lon="2.690842"/>
    <trkpt lat="39.718999" lon="2.690716"/>
    <trkpt lat="39.719041" lon="2.690621"/>
    <trkpt lat="39.719145" lon="2.690424"/>
    <trkpt lat="39.719405" lon="2.689939"/>
    <trkpt lat="39.719531" lon="2.689714"/>
    <trkpt lat="39.719646" lon="2.689556"/>
    <trkpt lat="39.719741" lon="2.689454"/>
    <trkpt lat="39.719854" lon="2.689318"/>
    <trkpt lat="39.719944" lon="2.689192"/>
    <trkpt lat="39.720028" lon="2.689059"/>
    <trkpt lat="39.720097" lon="2.688929"/>
    <trkpt lat="39.720141" lon="2.688828"/>
    <trkpt lat="39.720197" lon="2.688681"/>
    <trkpt lat="39.720336" lon="2.688255"/>
    <trkpt lat="39.720376" lon="2.688124"/>
    <trkpt lat="39.720406" lon="2.688036"/>
    <trkpt lat="39.720445" lon="2.687951"/>
    <trkpt lat="39.720501" lon="2.687863"/>
    <trkpt lat="39.720629" lon="2.687672"/>
    <trkpt lat="39.720828" lon="2.687406"/>
    <trkpt lat="39.720959" lon="2.687228"/>
    <trkpt lat="39.721046" lon="2.687121"/>
    <trkpt lat="39.721151" lon="2.687017"/>
    <trkpt lat="39.721375" lon="2.686810"/>
    <trkpt lat="39.721514" lon="2.686683"/>
    <trkpt lat="39.721697" lon="2.686517"/>
    <trkpt lat="39.721884" lon="2.686362"/>
    <trkpt lat="39.722221" lon="2.686043"/>
    <trkpt lat="39.722340" lon="2.685935"/>
    <trkpt lat="39.722394" lon="2.685903"/>
    <trkpt lat="39.722448" lon="2.685897"/>
    <trkpt lat="39.722517" lon="2.685907"/>
    <trkpt lat="39.722607" lon="2.685925"/>
    <trkpt lat="39.722823" lon="2.685971"/>
    <trkpt lat="39.723078" lon="2.686023"/>
    <trkpt lat="39.723180" lon="2.686045"/>
    <trkpt lat="39.723268" lon="2.686062"/>
    <trkpt lat="39.723345" lon="2.686075"/>
    <trkpt lat="39.723417" lon="2.686097"/>
    <trkpt lat="39.723458" lon="2.686133"/>
    <trkpt lat="39.723471" lon="2.686185"/>
    <trkpt lat="39.723458" lon="2.686227"/>
    <trkpt lat="39.723428" lon="2.686250"/>
    <trkpt lat="39.723377" lon="2.686254"/>
    <trkpt lat="39.723265" lon="2.686253"/>
    <trkpt lat="39.722913" lon="2.686250"/>
    <trkpt lat="39.722809" lon="2.686248"/>
    <trkpt lat="39.722740" lon="2.686252"/>
    <trkpt lat="39.722668" lon="2.686271"/>
    <trkpt lat="39.722610" lon="2.686311"/>
    <trkpt lat="39.722533" lon="2.686389"/>
    <trkpt lat="39.722007" lon="2.686915"/>
    <trkpt lat="39.721979" lon="2.686958"/>
    <trkpt lat="39.721979" lon="2.687011"/>
    <trkpt lat="39.721990" lon="2.687038"/>
    <trkpt lat="39.722004" lon="2.687054"/>
    <trkpt lat="39.722029" lon="2.687060"/>
    <trkpt lat="39.722066" lon="2.687045"/>
    <trkpt lat="39.722097" lon="2.687014"/>
    <trkpt lat="39.722173" lon="2.686921"/>
    <trkpt lat="39.722278" lon="2.686820"/>
    <trkpt lat="39.722377" lon="2.686731"/>
    <trkpt lat="39.722492" lon="2.686665"/>
    <trkpt lat="39.722586" lon="2.686622"/>
    <trkpt lat="39.722703" lon="2.686604"/>
    <trkpt lat="39.722862" lon="2.686612"/>
    <trkpt lat="39.723232" lon="2.686733"/>
    <trkpt lat="39.723460" lon="2.686806"/>
    <trkpt lat="39.723714" lon="2.686891"/>
    <trkpt lat="39.723849" lon="2.686921"/>
    <trkpt lat="39.723907" lon="2.686916"/>
    <trkpt lat="39.723974" lon="2.686906"/>
    <trkpt lat="39.724052" lon="2.686876"/>
    <trkpt lat="39.724111" lon="2.686849"/>
    <trkpt lat="39.724171" lon="2.686815"/>
    <trkpt lat="39.724272" lon="2.686735"/>
    <trkpt lat="39.724319" lon="2.686688"/>
    <trkpt lat="39.724369" lon="2.686624"/>
    <trkpt lat="39.724423" lon="2.686551"/>
    <trkpt lat="39.724472" lon="2.686461"/>
    <trkpt lat="39.724512" lon="2.686373"/>
    <trkpt lat="39.724553" lon="2.686248"/>
    <trkpt lat="39.724581" lon="2.686106"/>
    <trkpt lat="39.724600" lon="2.685965"/>
    <trkpt lat="39.724674" lon="2.685532"/>
    <trkpt lat="39.724690" lon="2.685431"/>
    <trkpt lat="39.724713" lon="2.685391"/>
    <trkpt lat="39.724749" lon="2.685372"/>
    <trkpt lat="39.724777" lon="2.685377"/>
    <trkpt lat="39.724801" lon="2.685394"/>
    <trkpt lat="39.724811" lon="2.685428"/>
    <trkpt lat="39.724815" lon="2.685498"/>
    <trkpt lat="39.724786" lon="2.685643"/>
    <trkpt lat="39.724736" lon="2.685887"/>
    <trkpt lat="39.724732" lon="2.685956"/>
    <trkpt lat="39.724739" lon="2.686048"/>
    <trkpt lat="39.724754" lon="2.686112"/>
    <trkpt lat="39.724807" lon="2.686260"/>
    <trkpt lat="39.724815" lon="2.686300"/>
    <trkpt lat="39.724819" lon="2.686357"/>
    <trkpt lat="39.724802" lon="2.686414"/>
    <trkpt lat="39.724771" lon="2.686477"/>
    <trkpt lat="39.724499" lon="2.686884"/>
    <trkpt lat="39.724325" lon="2.687175"/>
    <trkpt lat="39.724318" lon="2.687210"/>
    <trkpt lat="39.724322" lon="2.687246"/>
    <trkpt lat="39.724342" lon="2.687266"/>
    <trkpt lat="39.724376" lon="2.687273"/>
    <trkpt lat="39.724412" lon="2.687250"/>
    <trkpt lat="39.724897" lon="2.686605"/>
    <trkpt lat="39.724957" lon="2.686513"/>
    <trkpt lat="39.724989" lon="2.686438"/>
    <trkpt lat="39.725060" lon="2.686139"/>
    <trkpt lat="39.725126" lon="2.685867"/>
    <trkpt lat="39.725194" lon="2.685618"/>
    <trkpt lat="39.725331" lon="2.685096"/>
    <trkpt lat="39.725357" lon="2.685037"/>
    <trkpt lat="39.725397" lon="2.685012"/>
    <trkpt lat="39.725425" lon="2.685016"/>
    <trkpt lat="39.725445" lon="2.685040"/>
    <trkpt lat="39.725462" lon="2.685075"/>
    <trkpt lat="39.725460" lon="2.685130"/>
    <trkpt lat="39.725360" lon="2.685579"/>
    <trkpt lat="39.725264" lon="2.685987"/>
    <trkpt lat="39.725224" lon="2.686159"/>
    <trkpt lat="39.725213" lon="2.686209"/>
    <trkpt lat="39.725214" lon="2.686252"/>
    <trkpt lat="39.725230" lon="2.686282"/>
    <trkpt lat="39.725245" lon="2.686287"/>
    <trkpt lat="39.725261" lon="2.686294"/>
    <trkpt lat="39.725290" lon="2.686283"/>
    <trkpt lat="39.725316" lon="2.686252"/>
    <trkpt lat="39.725346" lon="2.686157"/>
    <trkpt lat="39.725451" lon="2.685814"/>
    <trkpt lat="39.725550" lon="2.685504"/>
    <trkpt lat="39.725585" lon="2.685444"/>
    <trkpt lat="39.725625" lon="2.685421"/>
    <trkpt lat="39.725652" lon="2.685427"/>
    <trkpt lat="39.725680" lon="2.685447"/>
    <trkpt lat="39.725689" lon="2.685488"/>
    <trkpt lat="39.725665" lon="2.685579"/>
    <trkpt lat="39.725550" lon="2.685943"/>
    <trkpt lat="39.725416" lon="2.686425"/>
    <trkpt lat="39.725400" lon="2.686499"/>
    <trkpt lat="39.725400" lon="2.686535"/>
    <trkpt lat="39.725414" lon="2.686578"/>
    <trkpt lat="39.725435" lon="2.686594"/>
    <trkpt lat="39.725472" lon="2.686595"/>
    <trkpt lat="39.725509" lon="2.686562"/>
    <trkpt lat="39.725653" lon="2.686309"/>
    <trkpt lat="39.725787" lon="2.686059"/>
    <trkpt lat="39.725994" lon="2.685699"/>
    <trkpt lat="39.726046" lon="2.685580"/>
    <trkpt lat="39.726107" lon="2.685369"/>
    <trkpt lat="39.726125" lon="2.685328"/>
    <trkpt lat="39.726147" lon="2.685307"/>
    <trkpt lat="39.726171" lon="2.685299"/>
    <trkpt lat="39.726197" lon="2.685308"/>
    <trkpt lat="39.726213" lon="2.685323"/>
    <trkpt lat="39.726225" lon="2.685351"/>
    <trkpt lat="39.726229" lon="2.685395"/>
    <trkpt lat="39.726213" lon="2.685444"/>
    <trkpt lat="39.726023" lon="2.686077"/>
    <trkpt lat="39.726010" lon="2.686134"/>
    <trkpt lat="39.726006" lon="2.686189"/>
    <trkpt lat="39.726023" lon="2.686245"/>
    <trkpt lat="39.726056" lon="2.686270"/>
    <trkpt lat="39.726095" lon="2.686282"/>
    <trkpt lat="39.726134" lon="2.686273"/>
    <trkpt lat="39.726162" lon="2.686252"/>
    <trkpt lat="39.726191" lon="2.686205"/>
    <trkpt lat="39.726219" lon="2.686123"/>
    <trkpt lat="39.726353" lon="2.685689"/>
    <trkpt lat="39.726380" lon="2.685536"/>
    <trkpt lat="39.726398" lon="2.685233"/>
    <trkpt lat="39.726401" lon="2.685114"/>
    <trkpt lat="39.726405" lon="2.685056"/>
    <trkpt lat="39.726414" lon="2.685000"/>
    <trkpt lat="39.726438" lon="2.684968"/>
    <trkpt lat="39.726473" lon="2.684955"/>
    <trkpt lat="39.726505" lon="2.684969"/>
    <trkpt lat="39.726525" lon="2.685012"/>
    <trkpt lat="39.726537" lon="2.685112"/>
    <trkpt lat="39.726609" lon="2.686001"/>
    <trkpt lat="39.726617" lon="2.686084"/>
    <trkpt lat="39.726632" lon="2.686140"/>
    <trkpt lat="39.726665" lon="2.686179"/>
    <trkpt lat="39.726702" lon="2.686189"/>
    <trkpt lat="39.726730" lon="2.686181"/>
    <trkpt lat="39.726755" lon="2.686160"/>
    <trkpt lat="39.726773" lon="2.686094"/>
    <trkpt lat="39.726793" lon="2.685820"/>
    <trkpt lat="39.726825" lon="2.685335"/>
    <trkpt lat="39.726830" lon="2.685236"/>
    <trkpt lat="39.726848" lon="2.685180"/>
    <trkpt lat="39.726880" lon="2.685153"/>
    <trkpt lat="39.726918" lon="2.685147"/>
    <trkpt lat="39.726952" lon="2.685154"/>
    <trkpt lat="39.726980" lon="2.685182"/>
    <trkpt lat="39.726999" lon="2.685244"/>
    <trkpt lat="39.726998" lon="2.685607"/>
    <trkpt lat="39.726993" lon="2.686310"/>
    <trkpt lat="39.726986" lon="2.686611"/>
    <trkpt lat="39.726971" lon="2.686739"/>
    <trkpt lat="39.726955" lon="2.686804"/>
    <trkpt lat="39.726931" lon="2.686867"/>
    <trkpt lat="39.726898" lon="2.686935"/>
    <trkpt lat="39.726768" lon="2.687123"/>
    <trkpt lat="39.726542" lon="2.687423"/>
    <trkpt lat="39.726504" lon="2.687480"/>
    <trkpt lat="39.726494" lon="2.687510"/>
    <trkpt lat="39.726492" lon="2.687550"/>
    <trkpt lat="39.726505" lon="2.687584"/>
    <trkpt lat="39.726526" lon="2.687603"/>
    <trkpt lat="39.726553" lon="2.687610"/>
    <trkpt lat="39.726583" lon="2.687601"/>
    <trkpt lat="39.726637" lon="2.687567"/>
    <trkpt lat="39.726899" lon="2.687359"/>
    <trkpt lat="39.726986" lon="2.687297"/>
    <trkpt lat="39.727213" lon="2.687123"/>
    <trkpt lat="39.727273" lon="2.687067"/>
    <trkpt lat="39.727328" lon="2.686987"/>
    <trkpt lat="39.727366" lon="2.686908"/>
    <trkpt lat="39.727415" lon="2.686791"/>
    <trkpt lat="39.727460" lon="2.686630"/>
    <trkpt lat="39.727490" lon="2.686481"/>
    <trkpt lat="39.727502" lon="2.686335"/>
    <trkpt lat="39.727504" lon="2.686231"/>
    <trkpt lat="39.727491" lon="2.686079"/>
    <trkpt lat="39.727476" lon="2.685976"/>
    <trkpt lat="39.727469" lon="2.685916"/>
    <trkpt lat="39.727474" lon="2.685866"/>
    <trkpt lat="39.727492" lon="2.685818"/>
    <trkpt lat="39.727545" lon="2.685697"/>
    <trkpt lat="39.727579" lon="2.685590"/>
    <trkpt lat="39.727612" lon="2.685439"/>
    <trkpt lat="39.727636" lon="2.685294"/>
    <trkpt lat="39.727650" lon="2.685217"/>
    <trkpt lat="39.727664" lon="2.685160"/>
    <trkpt lat="39.727691" lon="2.685135"/>
    <trkpt lat="39.727730" lon="2.685135"/>
    <trkpt lat="39.727763" lon="2.685157"/>
    <trkpt lat="39.727770" lon="2.685205"/>
    <trkpt lat="39.727771" lon="2.685338"/>
    <trkpt lat="39.727759" lon="2.685654"/>
    <trkpt lat="39.727760" lon="2.685874"/>
    <trkpt lat="39.727777" lon="2.686018"/>
    <trkpt lat="39.727814" lon="2.686174"/>
    <trkpt lat="39.727859" lon="2.686317"/>
    <trkpt lat="39.727973" lon="2.686670"/>
    <trkpt lat="39.728004" lon="2.686711"/>
    <trkpt lat="39.728039" lon="2.686729"/>
    <trkpt lat="39.728073" lon="2.686719"/>
    <trkpt lat="39.728113" lon="2.686680"/>
    <trkpt lat="39.728120" lon="2.686645"/>
    <trkpt lat="39.728120" lon="2.686581"/>
    <trkpt lat="39.728091" lon="2.686297"/>
    <trkpt lat="39.728097" lon="2.686154"/>
    <trkpt lat="39.728119" lon="2.686031"/>
    <trkpt lat="39.728162" lon="2.685909"/>
    <trkpt lat="39.728216" lon="2.685789"/>
    <trkpt lat="39.728278" lon="2.685691"/>
    <trkpt lat="39.728332" lon="2.685636"/>
    <trkpt lat="39.728389" lon="2.685600"/>
    <trkpt lat="39.728436" lon="2.685607"/>
    <trkpt lat="39.728450" lon="2.685622"/>
    <trkpt lat="39.728480" lon="2.685654"/>
    <trkpt lat="39.728488" lon="2.685700"/>
    <trkpt lat="39.728480" lon="2.685787"/>
    <trkpt lat="39.728431" lon="2.685923"/>
    <trkpt lat="39.728408" lon="2.685979"/>
    <trkpt lat="39.728395" lon="2.686037"/>
    <trkpt lat="39.728390" lon="2.686099"/>
    <trkpt lat="39.728397" lon="2.686150"/>
    <trkpt lat="39.728415" lon="2.686203"/>
    <trkpt lat="39.728434" lon="2.686235"/>
    <trkpt lat="39.728468" lon="2.686271"/>
    <trkpt lat="39.728708" lon="2.686447"/>
    <trkpt lat="39.728921" lon="2.686604"/>
    <trkpt lat="39.728960" lon="2.686639"/>
    <trkpt lat="39.728986" lon="2.686674"/>
    <trkpt lat="39.728996" lon="2.686729"/>
    <trkpt lat="39.728986" lon="2.686777"/>
    <trkpt lat="39.728960" lon="2.686815"/>
    <trkpt lat="39.728918" lon="2.686833"/>
    <trkpt lat="39.728803" lon="2.686878"/>
    <trkpt lat="39.728648" lon="2.686939"/>
    <trkpt lat="39.728610" lon="2.686961"/>
    <trkpt lat="39.728590" lon="2.687000"/>
    <trkpt lat="39.728586" lon="2.687049"/>
    <trkpt lat="39.728601" lon="2.687085"/>
    <trkpt lat="39.728629" lon="2.687107"/>
    <trkpt lat="39.728670" lon="2.687113"/>
    <trkpt lat="39.728741" lon="2.687104"/>
    <trkpt lat="39.728913" lon="2.687076"/>
    <trkpt lat="39.729045" lon="2.687035"/>
    <trkpt lat="39.729178" lon="2.686979"/>
    <trkpt lat="39.729369" lon="2.686840"/>
    <trkpt lat="39.729509" lon="2.686708"/>
    <trkpt lat="39.729563" lon="2.686663"/>
    <trkpt lat="39.729586" lon="2.686649"/>
    <trkpt lat="39.729616" lon="2.686652"/>
    <trkpt lat="39.729644" lon="2.686683"/>
    <trkpt lat="39.729653" lon="2.686739"/>
    <trkpt lat="39.729633" lon="2.686806"/>
    <trkpt lat="39.729543" lon="2.686920"/>
    <trkpt lat="39.729409" lon="2.687078"/>
    <trkpt lat="39.729196" lon="2.687280"/>
    <trkpt lat="39.729045" lon="2.687386"/>
    <trkpt lat="39.728903" lon="2.687456"/>
    <trkpt lat="39.728818" lon="2.687505"/>
    <trkpt lat="39.728789" lon="2.687553"/>
    <trkpt lat="39.728794" lon="2.687583"/>
    <trkpt lat="39.728797" lon="2.687604"/>
    <trkpt lat="39.728829" lon="2.687624"/>
    <trkpt lat="39.728885" lon="2.687623"/>
    <trkpt lat="39.729021" lon="2.687569"/>
    <trkpt lat="39.729312" lon="2.687450"/>
    <trkpt lat="39.729559" lon="2.687316"/>
    <trkpt lat="39.729750" lon="2.687204"/>
    <trkpt lat="39.730021" lon="2.686999"/>
    <trkpt lat="39.730087" lon="2.686932"/>
    <trkpt lat="39.730156" lon="2.686845"/>
    <trkpt lat="39.730237" lon="2.686667"/>
    <trkpt lat="39.730285" lon="2.686549"/>
    <trkpt lat="39.730345" lon="2.686430"/>
    <trkpt lat="39.730396" lon="2.686360"/>
    <trkpt lat="39.730426" lon="2.686332"/>
    <trkpt lat="39.730452" lon="2.686306"/>
    <trkpt lat="39.730583" lon="2.686286"/>
    <trkpt lat="39.731161" lon="2.686241"/>
    <trkpt lat="39.731416" lon="2.686220"/>
    <trkpt lat="39.731728" lon="2.686189"/>
    <trkpt lat="39.732270" lon="2.686139"/>
    <trkpt lat="39.732356" lon="2.686132"/>
    <trkpt lat="39.732430" lon="2.686136"/>
    <trkpt lat="39.732508" lon="2.686164"/>
    <trkpt lat="39.732571" lon="2.686205"/>
    <trkpt lat="39.732619" lon="2.686254"/>
    <trkpt lat="39.732666" lon="2.686319"/>
    <trkpt lat="39.732715" lon="2.686408"/>
    <trkpt lat="39.732750" lon="2.686454"/>
    <trkpt lat="39.732775" lon="2.686474"/>
    <trkpt lat="39.732801" lon="2.686484"/>
    <trkpt lat="39.732828" lon="2.686469"/>
    <trkpt lat="39.732839" lon="2.686442"/>
    <trkpt lat="39.732841" lon="2.686405"/>
    <trkpt lat="39.732828" lon="2.686366"/>
    <trkpt lat="39.732735" lon="2.686218"/>
    <trkpt lat="39.732635" lon="2.686058"/>
    <trkpt lat="39.732618" lon="2.686011"/>
    <trkpt lat="39.732618" lon="2.685976"/>
    <trkpt lat="39.732637" lon="2.685934"/>
    <trkpt lat="39.732656" lon="2.685923"/>
    <trkpt lat="39.732678" lon="2.685913"/>
    <trkpt lat="39.732711" lon="2.685923"/>
    <trkpt lat="39.732736" lon="2.685953"/>
    <trkpt lat="39.732777" lon="2.686019"/>
    <trkpt lat="39.733355" lon="2.687153"/>
    <trkpt lat="39.733397" lon="2.687230"/>
    <trkpt lat="39.733430" lon="2.687252"/>
    <trkpt lat="39.733459" lon="2.687258"/>
    <trkpt lat="39.733487" lon="2.687243"/>
    <trkpt lat="39.733512" lon="2.687212"/>
    <trkpt lat="39.733519" lon="2.687172"/>
    <trkpt lat="39.733514" lon="2.687131"/>
    <trkpt lat="39.733494" lon="2.687089"/>
    <trkpt lat="39.733409" lon="2.686959"/>
    <trkpt lat="39.733323" lon="2.686815"/>
    <trkpt lat="39.733157" lon="2.686489"/>
    <trkpt lat="39.733092" lon="2.686352"/>
    <trkpt lat="39.733012" lon="2.686161"/>
    <trkpt lat="39.732982" lon="2.686077"/>
    <trkpt lat="39.732981" lon="2.686029"/>
    <trkpt lat="39.732994" lon="2.685996"/>
    <trkpt lat="39.733014" lon="2.685980"/>
    <trkpt lat="39.733041" lon="2.685976"/>
    <trkpt lat="39.733071" lon="2.685986"/>
    <trkpt lat="39.733126" lon="2.686048"/>
    <trkpt lat="39.733218" lon="2.686175"/>
    <trkpt lat="39.733594" lon="2.686682"/>
    <trkpt lat="39.733804" lon="2.686963"/>
    <trkpt lat="39.734009" lon="2.687261"/>
    <trkpt lat="39.734059" lon="2.687310"/>
    <trkpt lat="39.734095" lon="2.687325"/>
    <trkpt lat="39.734124" lon="2.687323"/>
    <trkpt lat="39.734149" lon="2.687308"/>
    <trkpt lat="39.734166" lon="2.687275"/>
    <trkpt lat="39.734159" lon="2.687223"/>
    <trkpt lat="39.734134" lon="2.687170"/>
    <trkpt lat="39.734030" lon="2.686974"/>
    <trkpt lat="39.733836" lon="2.686630"/>
    <trkpt lat="39.733595" lon="2.686180"/>
    <trkpt lat="39.733568" lon="2.686115"/>
    <trkpt lat="39.733569" lon="2.686073"/>
    <trkpt lat="39.733583" lon="2.686032"/>
    <trkpt lat="39.733601" lon="2.686021"/>
    <trkpt lat="39.733635" lon="2.686013"/>
    <trkpt lat="39.733657" lon="2.686018"/>
    <trkpt lat="39.733686" lon="2.686044"/>
    <trkpt lat="39.733713" lon="2.686078"/>
    <trkpt lat="39.734312" lon="2.686853"/>
    <trkpt lat="39.734376" lon="2.686920"/>
    <trkpt lat="39.734435" lon="2.686962"/>
    <trkpt lat="39.734485" lon="2.686989"/>
    <trkpt lat="39.734545" lon="2.686998"/>
    <trkpt lat="39.734640" lon="2.686983"/>
    <trkpt lat="39.734729" lon="2.686949"/>
    <trkpt lat="39.734807" lon="2.686937"/>
    <trkpt lat="39.734854" lon="2.686949"/>
    <trkpt lat="39.734907" lon="2.686972"/>
    <trkpt lat="39.734952" lon="2.687025"/>
    <trkpt lat="39.735026" lon="2.687150"/>
    <trkpt lat="39.735151" lon="2.687364"/>
    <trkpt lat="39.735216" lon="2.687486"/>
    <trkpt lat="39.735244" lon="2.687586"/>
    <trkpt lat="39.735267" lon="2.687698"/>
    <trkpt lat="39.735284" lon="2.687831"/>
    <trkpt lat="39.735319" lon="2.687916"/>
    <trkpt lat="39.735466" lon="2.688123"/>
    <trkpt lat="39.735637" lon="2.688363"/>
    <trkpt lat="39.735784" lon="2.688566"/>
    <trkpt lat="39.735847" lon="2.688648"/>
    <trkpt lat="39.735967" lon="2.688805"/>
    <trkpt lat="39.735978" lon="2.688856"/>
    <trkpt lat="39.735986" lon="2.688943"/>
    <trkpt lat="39.735984" lon="2.689045"/>
    <trkpt lat="39.735978" lon="2.689151"/>
    <trkpt lat="39.735919" lon="2.689531"/>
    <trkpt lat="39.735891" lon="2.689692"/>
    <trkpt lat="39.735804" lon="2.690201"/>
    <trkpt lat="39.735774" lon="2.690379"/>
    <trkpt lat="39.735764" lon="2.690480"/>
    <trkpt lat="39.735772" lon="2.690551"/>
    <trkpt lat="39.735798" lon="2.690580"/>
    <trkpt lat="39.735828" lon="2.690580"/>
    <trkpt lat="39.735857" lon="2.690550"/>
    <trkpt lat="39.735897" lon="2.690412"/>
    <trkpt lat="39.736029" lon="2.689855"/>
    <trkpt lat="39.736058" lon="2.689790"/>
    <trkpt lat="39.736086" lon="2.689766"/>
    <trkpt lat="39.736112" lon="2.689772"/>
    <trkpt lat="39.736127" lon="2.689775"/>
    <trkpt lat="39.736144" lon="2.689813"/>
    <trkpt lat="39.736137" lon="2.689895"/>
    <trkpt lat="39.736023" lon="2.690252"/>
    <trkpt lat="39.735988" lon="2.690397"/>
    <trkpt lat="39.735971" lon="2.690525"/>
    <trkpt lat="39.735951" lon="2.690679"/>
    <trkpt lat="39.735947" lon="2.690779"/>
    <trkpt lat="39.735960" lon="2.690823"/>
    <trkpt lat="39.735988" lon="2.690844"/>
    <trkpt lat="39.736022" lon="2.690841"/>
    <trkpt lat="39.736042" lon="2.690814"/>
    <trkpt lat="39.736045" lon="2.690764"/>
    <trkpt lat="39.736054" lon="2.690666"/>
    <trkpt lat="39.736085" lon="2.690552"/>
    <trkpt lat="39.736149" lon="2.690440"/>
    <trkpt lat="39.736223" lon="2.690300"/>
    <trkpt lat="39.736265" lon="2.690189"/>
    <trkpt lat="39.736286" lon="2.690128"/>
    <trkpt lat="39.736315" lon="2.690108"/>
    <trkpt lat="39.736344" lon="2.690099"/>
    <trkpt lat="39.736355" lon="2.690107"/>
    <trkpt lat="39.736372" lon="2.690119"/>
    <trkpt lat="39.736379" lon="2.690157"/>
    <trkpt lat="39.736373" lon="2.690219"/>
    <trkpt lat="39.736301" lon="2.690427"/>
    <trkpt lat="39.736223" lon="2.690641"/>
    <trkpt lat="39.736205" lon="2.690710"/>
    <trkpt lat="39.736189" lon="2.690815"/>
    <trkpt lat="39.736196" lon="2.690930"/>
    <trkpt lat="39.736228" lon="2.691069"/>
    <trkpt lat="39.736275" lon="2.691221"/>
    <trkpt lat="39.736333" lon="2.691391"/>
    <trkpt lat="39.736415" lon="2.691640"/>
    <trkpt lat="39.736442" lon="2.691729"/>
    <trkpt lat="39.736465" lon="2.691759"/>
    <trkpt lat="39.736493" lon="2.691760"/>
    <trkpt lat="39.736508" lon="2.691754"/>
    <trkpt lat="39.736529" lon="2.691744"/>
    <trkpt lat="39.736545" lon="2.691689"/>
    <trkpt lat="39.736523" lon="2.691598"/>
    <trkpt lat="39.736470" lon="2.691457"/>
    <trkpt lat="39.736433" lon="2.691325"/>
    <trkpt lat="39.736410" lon="2.691189"/>
    <trkpt lat="39.736403" lon="2.691056"/>
    <trkpt lat="39.736425" lon="2.690793"/>
    <trkpt lat="39.736449" lon="2.690695"/>
    <trkpt lat="39.736492" lon="2.690636"/>
    <trkpt lat="39.736520" lon="2.690626"/>
    <trkpt lat="39.736561" lon="2.690640"/>
    <trkpt lat="39.736582" lon="2.690681"/>
    <trkpt lat="39.736589" lon="2.690741"/>
    <trkpt lat="39.736568" lon="2.690960"/>
    <trkpt lat="39.736569" lon="2.691110"/>
    <trkpt lat="39.736583" lon="2.691221"/>
    <trkpt lat="39.736608" lon="2.691326"/>
    <trkpt lat="39.736648" lon="2.691431"/>
    <trkpt lat="39.736750" lon="2.691630"/>
    <trkpt lat="39.736955" lon="2.691930"/>
    <trkpt lat="39.737074" lon="2.692103"/>
    <trkpt lat="39.737108" lon="2.692201"/>
    <trkpt lat="39.737125" lon="2.692296"/>
    <trkpt lat="39.737174" lon="2.692690"/>
    <trkpt lat="39.737200" lon="2.692742"/>
    <trkpt lat="39.737228" lon="2.692763"/>
    <trkpt lat="39.737272" lon="2.692743"/>
    <trkpt lat="39.737294" lon="2.692695"/>
    <trkpt lat="39.737290" lon="2.692482"/>
    <trkpt lat="39.737264" lon="2.692205"/>
    <trkpt lat="39.737224" lon="2.691977"/>
    <trkpt lat="39.736917" lon="2.691258"/>
    <trkpt lat="39.736900" lon="2.691151"/>
    <trkpt lat="39.736907" lon="2.691108"/>
    <trkpt lat="39.736932" lon="2.691087"/>
    <trkpt lat="39.736966" lon="2.691093"/>
    <trkpt lat="39.737002" lon="2.691138"/>
    <trkpt lat="39.737150" lon="2.691461"/>
    <trkpt lat="39.737403" lon="2.691917"/>
    <trkpt lat="39.737488" lon="2.692095"/>
    <trkpt lat="39.737527" lon="2.692226"/>
    <trkpt lat="39.737552" lon="2.692384"/>
    <trkpt lat="39.737644" lon="2.692847"/>
    <trkpt lat="39.737818" lon="2.693222"/>
    <trkpt lat="39.737952" lon="2.693419"/>
    <trkpt lat="39.738155" lon="2.693742"/>
    <trkpt lat="39.738206" lon="2.693760"/>
    <trkpt lat="39.738256" lon="2.693760"/>
    <trkpt lat="39.738294" lon="2.693725"/>
    <trkpt lat="39.738290" lon="2.693660"/>
    <trkpt lat="39.738259" lon="2.693591"/>
    <trkpt lat="39.738145" lon="2.693446"/>
    <trkpt lat="39.738028" lon="2.693250"/>
    <trkpt lat="39.737959" lon="2.693096"/>
    <trkpt lat="39.737942" lon="2.692943"/>
    <trkpt lat="39.737944" lon="2.692544"/>
    <trkpt lat="39.737963" lon="2.692462"/>
    <trkpt lat="39.738008" lon="2.692441"/>
    <trkpt lat="39.738035" lon="2.692473"/>
    <trkpt lat="39.738055" lon="2.692535"/>
    <trkpt lat="39.738063" lon="2.692916"/>
    <trkpt lat="39.738136" lon="2.693090"/>
    <trkpt lat="39.738221" lon="2.693247"/>
    <trkpt lat="39.738421" lon="2.693471"/>
    <trkpt lat="39.738580" lon="2.693706"/>
    <trkpt lat="39.738645" lon="2.693843"/>
    <trkpt lat="39.738699" lon="2.693920"/>
    <trkpt lat="39.738734" lon="2.693916"/>
    <trkpt lat="39.738747" lon="2.693878"/>
    <trkpt lat="39.738735" lon="2.693838"/>
    <trkpt lat="39.738529" lon="2.693361"/>
    <trkpt lat="39.738426" lon="2.693102"/>
    <trkpt lat="39.738361" lon="2.692775"/>
    <trkpt lat="39.738366" lon="2.692586"/>
    <trkpt lat="39.738382" lon="2.692552"/>
    <trkpt lat="39.738420" lon="2.692539"/>
    <trkpt lat="39.738455" lon="2.692558"/>
    <trkpt lat="39.738474" lon="2.692610"/>
    <trkpt lat="39.738500" lon="2.692925"/>
    <trkpt lat="39.738540" lon="2.693038"/>
    <trkpt lat="39.738643" lon="2.693207"/>
    <trkpt lat="39.738720" lon="2.693318"/>
    <trkpt lat="39.738809" lon="2.693499"/>
    <trkpt lat="39.738919" lon="2.693805"/>
    <trkpt lat="39.738954" lon="2.693947"/>
    <trkpt lat="39.738983" lon="2.694007"/>
    <trkpt lat="39.739017" lon="2.694006"/>
    <trkpt lat="39.739034" lon="2.694005"/>
    <trkpt lat="39.739068" lon="2.693953"/>
    <trkpt lat="39.739042" lon="2.693840"/>
    <trkpt lat="39.738956" lon="2.693548"/>
    <trkpt lat="39.738849" lon="2.693194"/>
    <trkpt lat="39.738770" lon="2.693073"/>
    <trkpt lat="39.738704" lon="2.692830"/>
    <trkpt lat="39.738693" lon="2.692740"/>
    <trkpt lat="39.738706" lon="2.692677"/>
    <trkpt lat="39.738734" lon="2.692636"/>
    <trkpt lat="39.738776" lon="2.692638"/>
    <trkpt lat="39.738811" lon="2.692696"/>
    <trkpt lat="39.738852" lon="2.692848"/>
    <trkpt lat="39.738949" lon="2.693132"/>
    <trkpt lat="39.739148" lon="2.693674"/>
    <trkpt lat="39.739219" lon="2.693939"/>
    <trkpt lat="39.739248" lon="2.693981"/>
    <trkpt lat="39.739285" lon="2.693992"/>
    <trkpt lat="39.739304" lon="2.693969"/>
    <trkpt lat="39.739306" lon="2.693915"/>
    <trkpt lat="39.739282" lon="2.693802"/>
    <trkpt lat="39.739137" lon="2.693266"/>
    <trkpt lat="39.739084" lon="2.693037"/>
    <trkpt lat="39.739091" lon="2.692976"/>
    <trkpt lat="39.739126" lon="2.692945"/>
    <trkpt lat="39.739169" lon="2.692972"/>
    <trkpt lat="39.739198" lon="2.693032"/>
    <trkpt lat="39.739242" lon="2.693260"/>
    <trkpt lat="39.739325" lon="2.693593"/>
    <trkpt lat="39.739460" lon="2.693951"/>
    <trkpt lat="39.739551" lon="2.694165"/>
    <trkpt lat="39.739638" lon="2.694292"/>
    <trkpt lat="39.739896" lon="2.694599"/>
    <trkpt lat="39.740152" lon="2.694965"/>
    <trkpt lat="39.740348" lon="2.695222"/>
    <trkpt lat="39.740526" lon="2.695427"/>
    <trkpt lat="39.740740" lon="2.695652"/>
    <trkpt lat="39.740954" lon="2.695886"/>
    <trkpt lat="39.741057" lon="2.695970"/>
    <trkpt lat="39.741174" lon="2.696033"/>
    <trkpt lat="39.741252" lon="2.696069"/>
    <trkpt lat="39.741379" lon="2.696145"/>
    <trkpt lat="39.741639" lon="2.696326"/>
    <trkpt lat="39.742003" lon="2.696626"/>
    <trkpt lat="39.742355" lon="2.697028"/>
    <trkpt lat="39.742595" lon="2.697294"/>
    <trkpt lat="39.742681" lon="2.697439"/>
    <trkpt lat="39.742822" lon="2.697728"/>
    <trkpt lat="39.742876" lon="2.697826"/>
    <trkpt lat="39.742906" lon="2.697848"/>
    <trkpt lat="39.742936" lon="2.697845"/>
    <trkpt lat="39.742960" lon="2.697817"/>
    <trkpt lat="39.742961" lon="2.697757"/>
    <trkpt lat="39.742919" lon="2.697597"/>
    <trkpt lat="39.742846" lon="2.697407"/>
    <trkpt lat="39.742673" lon="2.697123"/>
    <trkpt lat="39.742441" lon="2.696803"/>
    <trkpt lat="39.742344" lon="2.696590"/>
    <trkpt lat="39.742310" lon="2.696523"/>
    <trkpt lat="39.742266" lon="2.696451"/>
    <trkpt lat="39.742053" lon="2.696201"/>
    <trkpt lat="39.741771" lon="2.695854"/>
    <trkpt lat="39.741580" lon="2.695634"/>
    <trkpt lat="39.741455" lon="2.695504"/>
    <trkpt lat="39.741433" lon="2.695454"/>
    <trkpt lat="39.741436" lon="2.695414"/>
    <trkpt lat="39.741457" lon="2.695382"/>
    <trkpt lat="39.741498" lon="2.695381"/>
    <trkpt lat="39.741547" lon="2.695420"/>
    <trkpt lat="39.741628" lon="2.695494"/>
    <trkpt lat="39.741832" lon="2.695682"/>
    <trkpt lat="39.742124" lon="2.695919"/>
    <trkpt lat="39.742427" lon="2.696225"/>
    <trkpt lat="39.742617" lon="2.696524"/>
    <trkpt lat="39.742790" lon="2.696755"/>
    <trkpt lat="39.742843" lon="2.696800"/>
    <trkpt lat="39.742888" lon="2.696816"/>
    <trkpt lat="39.742922" lon="2.696808"/>
    <trkpt lat="39.742942" lon="2.696769"/>
    <trkpt lat="39.742943" lon="2.696722"/>
    <trkpt lat="39.742924" lon="2.696683"/>
    <trkpt lat="39.742846" lon="2.696632"/>
    <trkpt lat="39.742791" lon="2.696587"/>
    <trkpt lat="39.742744" lon="2.696517"/>
    <trkpt lat="39.742660" lon="2.696338"/>
    <trkpt lat="39.742568" lon="2.696100"/>
    <trkpt lat="39.742177" lon="2.695385"/>
    <trkpt lat="39.742160" lon="2.695312"/>
    <trkpt lat="39.742164" lon="2.695240"/>
    <trkpt lat="39.742212" lon="2.695217"/>
    <trkpt lat="39.742261" lon="2.695229"/>
    <trkpt lat="39.742360" lon="2.695333"/>
    <trkpt lat="39.742502" lon="2.695571"/>
    <trkpt lat="39.742723" lon="2.695942"/>
    <trkpt lat="39.742806" lon="2.696079"/>
    <trkpt lat="39.742901" lon="2.696207"/>
    <trkpt lat="39.742997" lon="2.696297"/>
    <trkpt lat="39.743163" lon="2.696413"/>
    <trkpt lat="39.743294" lon="2.696476"/>
    <trkpt lat="39.743427" lon="2.696504"/>
    <trkpt lat="39.743560" lon="2.696515"/>
    <trkpt lat="39.743627" lon="2.696536"/>
    <trkpt lat="39.743685" lon="2.696573"/>
    <trkpt lat="39.743738" lon="2.696619"/>
    <trkpt lat="39.743793" lon="2.696685"/>
    <trkpt lat="39.743863" lon="2.696795"/>
    <trkpt lat="39.743889" lon="2.696822"/>
    <trkpt lat="39.743908" lon="2.696830"/>
    <trkpt lat="39.743935" lon="2.696821"/>
    <trkpt lat="39.743954" lon="2.696804"/>
    <trkpt lat="39.743960" lon="2.696764"/>
    <trkpt lat="39.743950" lon="2.696725"/>
    <trkpt lat="39.743913" lon="2.696690"/>
    <trkpt lat="39.743843" lon="2.696615"/>
    <trkpt lat="39.743800" lon="2.696548"/>
    <trkpt lat="39.743798" lon="2.696498"/>
    <trkpt lat="39.743816" lon="2.696468"/>
    <trkpt lat="39.743850" lon="2.696457"/>
    <trkpt lat="39.743879" lon="2.696477"/>
    <trkpt lat="39.743915" lon="2.696519"/>
    <trkpt lat="39.744072" lon="2.696769"/>
    <trkpt lat="39.744236" lon="2.697027"/>
    <trkpt lat="39.744404" lon="2.697260"/>
    <trkpt lat="39.744676" lon="2.697592"/>
    <trkpt lat="39.744799" lon="2.697707"/>
    <trkpt lat="39.744924" lon="2.697806"/>
    <trkpt lat="39.745065" lon="2.697921"/>
    <trkpt lat="39.745236" lon="2.697993"/>
    <trkpt lat="39.745436" lon="2.698076"/>
    <trkpt lat="39.745670" lon="2.698275"/>
    <trkpt lat="39.745914" lon="2.698489"/>
    <trkpt lat="39.746031" lon="2.698587"/>
    <trkpt lat="39.746094" lon="2.698630"/>
    <trkpt lat="39.746144" lon="2.698655"/>
    <trkpt lat="39.746176" lon="2.698658"/>
    <trkpt lat="39.746215" lon="2.698639"/>
    <trkpt lat="39.746229" lon="2.698591"/>
    <trkpt lat="39.746221" lon="2.698546"/>
    <trkpt lat="39.746193" lon="2.698511"/>
    <trkpt lat="39.746057" lon="2.698402"/>
    <trkpt lat="39.745875" lon="2.698238"/>
    <trkpt lat="39.745730" lon="2.698072"/>
    <trkpt lat="39.745570" lon="2.697841"/>
    <trkpt lat="39.745548" lon="2.697796"/>
    <trkpt lat="39.745536" lon="2.697755"/>
    <trkpt lat="39.745532" lon="2.697716"/>
    <trkpt lat="39.745539" lon="2.697678"/>
    <trkpt lat="39.745554" lon="2.697655"/>
    <trkpt lat="39.745581" lon="2.697642"/>
    <trkpt lat="39.745608" lon="2.697641"/>
    <trkpt lat="39.745644" lon="2.697653"/>
    <trkpt lat="39.745715" lon="2.697682"/>
    <trkpt lat="39.745850" lon="2.697743"/>
    <trkpt lat="39.745912" lon="2.697776"/>
    <trkpt lat="39.745968" lon="2.697809"/>
    <trkpt lat="39.746123" lon="2.697882"/>
    <trkpt lat="39.746216" lon="2.697916"/>
    <trkpt lat="39.746318" lon="2.697954"/>
    <trkpt lat="39.746405" lon="2.697959"/>
    <trkpt lat="39.746438" lon="2.697987"/>
    <trkpt lat="39.746468" lon="2.698012"/>
    <trkpt lat="39.746536" lon="2.698080"/>
    <trkpt lat="39.746608" lon="2.698153"/>
    <trkpt lat="39.746729" lon="2.698291"/>
    <trkpt lat="39.746874" lon="2.698462"/>
    <trkpt lat="39.747178" lon="2.698841"/>
    <trkpt lat="39.747239" lon="2.698933"/>
    <trkpt lat="39.747297" lon="2.699046"/>
    <trkpt lat="39.747342" lon="2.699153"/>
    <trkpt lat="39.747437" lon="2.699437"/>
    <trkpt lat="39.747512" lon="2.699661"/>
    <trkpt lat="39.747687" lon="2.700182"/>
    <trkpt lat="39.747763" lon="2.700370"/>
    <trkpt lat="39.747833" lon="2.700524"/>
    <trkpt lat="39.748102" lon="2.701090"/>
    <trkpt lat="39.748207" lon="2.701268"/>
    <trkpt lat="39.748380" lon="2.701517"/>
    <trkpt lat="39.748487" lon="2.701702"/>
    <trkpt lat="39.748575" lon="2.701880"/>
    <trkpt lat="39.748754" lon="2.702274"/>
    <trkpt lat="39.748876" lon="2.702560"/>
    <trkpt lat="39.748938" lon="2.702671"/>
    <trkpt lat="39.749013" lon="2.702762"/>
    <trkpt lat="39.749114" lon="2.702841"/>
    <trkpt lat="39.749260" lon="2.702941"/>
    <trkpt lat="39.749360" lon="2.703021"/>
    <trkpt lat="39.749436" lon="2.703093"/>
    <trkpt lat="39.749539" lon="2.703202"/>
    <trkpt lat="39.749658" lon="2.703338"/>
    <trkpt lat="39.749837" lon="2.703554"/>
    <trkpt lat="39.749982" lon="2.703736"/>
    <trkpt lat="39.750117" lon="2.703896"/>
    <trkpt lat="39.750222" lon="2.704002"/>
    <trkpt lat="39.750636" lon="2.704379"/>
    <trkpt lat="39.750947" lon="2.704667"/>
    <trkpt lat="39.751022" lon="2.704745"/>
    <trkpt lat="39.751083" lon="2.704826"/>
    <trkpt lat="39.751137" lon="2.704914"/>
    <trkpt lat="39.751208" lon="2.705027"/>
    <trkpt lat="39.751279" lon="2.705133"/>
    <trkpt lat="39.751355" lon="2.705235"/>
    <trkpt lat="39.751469" lon="2.705381"/>
    <trkpt lat="39.751532" lon="2.705442"/>
    <trkpt lat="39.751605" lon="2.705505"/>
    <trkpt lat="39.751660" lon="2.705538"/>
    <trkpt lat="39.751746" lon="2.705582"/>
    <trkpt lat="39.752003" lon="2.705689"/>
    <trkpt lat="39.752101" lon="2.705735"/>
    <trkpt lat="39.752201" lon="2.705804"/>
    <trkpt lat="39.752294" lon="2.705897"/>
    <trkpt lat="39.752424" lon="2.706060"/>
    <trkpt lat="39.752595" lon="2.706248"/>
    <trkpt lat="39.752793" lon="2.706443"/>
    <trkpt lat="39.752872" lon="2.706507"/>
    <trkpt lat="39.752990" lon="2.706561"/>
    <trkpt lat="39.753110" lon="2.706580"/>
    <trkpt lat="39.753234" lon="2.706577"/>
    <trkpt lat="39.753521" lon="2.706570"/>
    <trkpt lat="39.753605" lon="2.706581"/>
    <trkpt lat="39.753693" lon="2.706613"/>
    <trkpt lat="39.753756" lon="2.706644"/>
    <trkpt lat="39.753810" lon="2.706678"/>
    <trkpt lat="39.754043" lon="2.706830"/>
    <trkpt lat="39.754146" lon="2.706891"/>
    <trkpt lat="39.754210" lon="2.706917"/>
    <trkpt lat="39.754287" lon="2.706942"/>
    <trkpt lat="39.754376" lon="2.706971"/>
    <trkpt lat="39.754443" lon="2.706994"/>
    <trkpt lat="39.754510" lon="2.707024"/>
    <trkpt lat="39.754564" lon="2.707055"/>
    <trkpt lat="39.754620" lon="2.707095"/>
    <trkpt lat="39.754690" lon="2.707155"/>
    <trkpt lat="39.754820" lon="2.707284"/>
    <trkpt lat="39.755067" lon="2.707529"/>
    <trkpt lat="39.755206" lon="2.707636"/>
    <trkpt lat="39.755307" lon="2.707708"/>
    <trkpt lat="39.755435" lon="2.707799"/>
    <trkpt lat="39.755527" lon="2.707870"/>
    <trkpt lat="39.755619" lon="2.707966"/>
    <trkpt lat="39.755689" lon="2.708073"/>
    <trkpt lat="39.755754" lon="2.708202"/>
    <trkpt lat="39.755984" lon="2.708684"/>
    <trkpt lat="39.756094" lon="2.708887"/>
    <trkpt lat="39.756212" lon="2.709087"/>
    <trkpt lat="39.756475" lon="2.709517"/>
    <trkpt lat="39.756533" lon="2.709619"/>
    <trkpt lat="39.756583" lon="2.709719"/>
    <trkpt lat="39.756634" lon="2.709846"/>
    <trkpt lat="39.756696" lon="2.710000"/>
    <trkpt lat="39.756749" lon="2.710101"/>
    <trkpt lat="39.756791" lon="2.710173"/>
    <trkpt lat="39.756838" lon="2.710238"/>
    <trkpt lat="39.756907" lon="2.710320"/>
    <trkpt lat="39.757083" lon="2.710482"/>
    <trkpt lat="39.757290" lon="2.710658"/>
    <trkpt lat="39.757465" lon="2.710807"/>
    <trkpt lat="39.757627" lon="2.710932"/>
    <trkpt lat="39.757731" lon="2.710996"/>
    <trkpt lat="39.757905" lon="2.711080"/>
    <trkpt lat="39.758271" lon="2.711238"/>
    <trkpt lat="39.758650" lon="2.711399"/>
    <trkpt lat="39.758939" lon="2.711519"/>
    <trkpt lat="39.759178" lon="2.711604"/>
    <trkpt lat="39.759385" lon="2.711659"/>
    <trkpt lat="39.759496" lon="2.711683"/>
    <trkpt lat="39.759592" lon="2.711701"/>
    <trkpt lat="39.759702" lon="2.711715"/>
    <trkpt lat="39.759857" lon="2.711706"/>
    <trkpt lat="39.759947" lon="2.711688"/>
    <trkpt lat="39.760029" lon="2.711661"/>
    <trkpt lat="39.760179" lon="2.711602"/>
    <trkpt lat="39.760274" lon="2.711566"/>
    <trkpt lat="39.760312" lon="2.711550"/>
    <trkpt lat="39.760392" lon="2.711516"/>
    <trkpt lat="39.760430" lon="2.711500"/>
    <trkpt lat="39.760609" lon="2.711485"/>
    <trkpt lat="39.760690" lon="2.711480"/>
    <trkpt lat="39.760752" lon="2.711477"/>
    <trkpt lat="39.760789" lon="2.711488"/>
    <trkpt lat="39.760827" lon="2.711485"/>
    <trkpt lat="39.760862" lon="2.711469"/>
    <trkpt lat="39.760895" lon="2.711436"/>
    <trkpt lat="39.760918" lon="2.711392"/>
    <trkpt lat="39.760929" lon="2.711341"/>
    <trkpt lat="39.760927" lon="2.711290"/>
    <trkpt lat="39.760914" lon="2.711242"/>
    <trkpt lat="39.761048" lon="2.711029"/>
    <trkpt lat="39.761209" lon="2.710907"/>
    <trkpt lat="39.761437" lon="2.710730"/>
    <trkpt lat="39.762665" lon="2.709769"/>
    <trkpt lat="39.763027" lon="2.709515"/>
    <trkpt lat="39.763125" lon="2.709459"/>
    <trkpt lat="39.763371" lon="2.709321"/>
    <trkpt lat="39.763698" lon="2.709160"/>
    <trkpt lat="39.763894" lon="2.709078"/>
    <trkpt lat="39.764355" lon="2.708905"/>
    <trkpt lat="39.764787" lon="2.708727"/>
    <trkpt lat="39.765039" lon="2.708627"/>
    <trkpt lat="39.765220" lon="2.708556"/>
    <trkpt lat="39.765711" lon="2.708361"/>
    <trkpt lat="39.766073" lon="2.708212"/>
    <trkpt lat="39.766238" lon="2.708144"/>
    <trkpt lat="39.766425" lon="2.708068"/>
    <trkpt lat="39.766470" lon="2.708049"/>
    <trkpt lat="39.766494" lon="2.708039"/>
    <trkpt lat="39.766512" lon="2.708032"/>
    <trkpt lat="39.766530" lon="2.708025"/>
    <trkpt lat="39.766532" lon="2.708024"/>
    <trkpt lat="39.766646" lon="2.708007"/>
    <trkpt lat="39.766703" lon="2.707994"/>
    <trkpt lat="39.766739" lon="2.707975"/>
    <trkpt lat="39.766748" lon="2.707980"/>
    <trkpt lat="39.766763" lon="2.708047"/>
    <trkpt lat="39.766806" lon="2.708113"/>
    <trkpt lat="39.766981" lon="2.708548"/>
    <trkpt lat="39.767131" lon="2.708936"/>
    <trkpt lat="39.767304" lon="2.709343"/>
    <trkpt lat="39.767432" lon="2.709659"/>
    <trkpt lat="39.767523" lon="2.709879"/>
    <trkpt lat="39.767705" lon="2.710296"/>
    <trkpt lat="39.767773" lon="2.710452"/>
    <trkpt lat="39.767992" lon="2.710957"/>
    <trkpt lat="39.768009" lon="2.710996"/>
    <trkpt lat="39.768121" lon="2.711252"/>
    <trkpt lat="39.768170" lon="2.711366"/>
    <trkpt lat="39.768154" lon="2.711384"/>
    <trkpt lat="39.768142" lon="2.711407"/>
    <trkpt lat="39.768135" lon="2.711434"/>
    <trkpt lat="39.768135" lon="2.711462"/>
    <trkpt lat="39.768141" lon="2.711489"/>
    <trkpt lat="39.768073" lon="2.711539"/>
    <trkpt lat="39.766367" lon="2.712789"/>
    <trkpt lat="39.766144" lon="2.712953"/>
    <trkpt lat="39.765980" lon="2.713022"/>
    <trkpt lat="39.765980" lon="2.713079"/>
    <trkpt lat="39.765979" lon="2.713481"/>
    <trkpt lat="39.766100" lon="2.713720"/>
    <trkpt lat="39.766203" lon="2.713868"/>
    <trkpt lat="39.766244" lon="2.713926"/>
    <trkpt lat="39.766353" lon="2.714190"/>
    <trkpt lat="39.766471" lon="2.714609"/>
    <trkpt lat="39.766505" lon="2.714695"/>
    <trkpt lat="39.766486" lon="2.714731"/>
    <trkpt lat="39.766505" lon="2.714695"/>
    <trkpt lat="39.766568" lon="2.714550"/>
    <trkpt lat="39.766640" lon="2.714405"/>
    <trkpt lat="39.766694" lon="2.714326"/>
    <trkpt lat="39.766738" lon="2.714282"/>
    <trkpt lat="39.766769" lon="2.714252"/>
    <trkpt lat="39.766807" lon="2.714223"/>
    <trkpt lat="39.766846" lon="2.714197"/>
    <trkpt lat="39.766926" lon="2.714157"/>
    <trkpt lat="39.767040" lon="2.714131"/>
    <trkpt lat="39.767102" lon="2.714118"/>
    <trkpt lat="39.767161" lon="2.714111"/>
    <trkpt lat="39.767224" lon="2.714109"/>
    <trkpt lat="39.767286" lon="2.714104"/>
    <trkpt lat="39.767484" lon="2.714099"/>
    <trkpt lat="39.767602" lon="2.714096"/>
    <trkpt lat="39.767738" lon="2.714096"/>
    <trkpt lat="39.767791" lon="2.714112"/>
    <trkpt lat="39.768034" lon="2.714285"/>
    <trkpt lat="39.768252" lon="2.714489"/>
    <trkpt lat="39.768272" lon="2.714532"/>
    <trkpt lat="39.768223" lon="2.714693"/>
    <trkpt lat="39.768278" lon="2.714757"/>
    <trkpt lat="39.768305" lon="2.714789"/>
    <trkpt lat="39.768468" lon="2.714978"/>
    <trkpt lat="39.768659" lon="2.715158"/>
    <trkpt lat="39.768688" lon="2.715185"/>
    <trkpt lat="39.768754" lon="2.715248"/>
    <trkpt lat="39.769400" lon="2.714980"/>
    <trkpt lat="39.769643" lon="2.715169"/>
    <trkpt lat="39.770472" lon="2.715785"/>
    <trkpt lat="39.771063" lon="2.716224"/>
    <trkpt lat="39.771076" lon="2.716962"/>
    <trkpt lat="39.771376" lon="2.716968"/>
    <trkpt lat="39.771398" lon="2.716968"/>
    <trkpt lat="39.771470" lon="2.716970"/>
    <trkpt lat="39.771501" lon="2.716969"/>
    <trkpt lat="39.771546" lon="2.717121"/>
    <trkpt lat="39.771905" lon="2.718047"/>
    <trkpt lat="39.772344" lon="2.719201"/>
    <trkpt lat="39.772358" lon="2.719275"/>
    <trkpt lat="39.772368" lon="2.719375"/>
    <trkpt lat="39.772376" lon="2.719471"/>
    <trkpt lat="39.772361" lon="2.719587"/>
    <trkpt lat="39.772251" lon="2.719672"/>
    <trkpt lat="39.772058" lon="2.719985"/>
    <trkpt lat="39.772034" lon="2.720078"/>
    <trkpt lat="39.772035" lon="2.720145"/>
    <trkpt lat="39.772052" lon="2.720228"/>
    <trkpt lat="39.772252" lon="2.721134"/>
    <trkpt lat="39.772461" lon="2.722221"/>
    <trkpt lat="39.772475" lon="2.722307"/>
    <trkpt lat="39.772466" lon="2.722374"/>
    <trkpt lat="39.772441" lon="2.722414"/>
    <trkpt lat="39.772115" lon="2.722585"/>
    <trkpt lat="39.771643" lon="2.722834"/>
    <trkpt lat="39.771289" lon="2.723020"/>
    <trkpt lat="39.770973" lon="2.723161"/>
    <trkpt lat="39.770518" lon="2.723276"/>
    <trkpt lat="39.769728" lon="2.723512"/>
    <trkpt lat="39.769399" lon="2.723629"/>
    <trkpt lat="39.769369" lon="2.723668"/>
    <trkpt lat="39.769367" lon="2.723709"/>
    <trkpt lat="39.769552" lon="2.724154"/>
    <trkpt lat="39.769595" lon="2.724355"/>
    <trkpt lat="39.769644" lon="2.724667"/>
    <trkpt lat="39.769661" lon="2.724719"/>
    <trkpt lat="39.769736" lon="2.724824"/>
    <trkpt lat="39.769812" lon="2.724893"/>
    <trkpt lat="39.770048" lon="2.724996"/>
    <trkpt lat="39.770264" lon="2.725067"/>
    <trkpt lat="39.770309" lon="2.725095"/>
    <trkpt lat="39.770353" lon="2.725142"/>
    <trkpt lat="39.770717" lon="2.725667"/>
    <trkpt lat="39.771133" lon="2.726057"/>
    <trkpt lat="39.771235" lon="2.726152"/>
    <trkpt lat="39.771545" lon="2.726443"/>
    <trkpt lat="39.771736" lon="2.726681"/>
    <trkpt lat="39.771910" lon="2.726946"/>
    <trkpt lat="39.772149" lon="2.727238"/>
    <trkpt lat="39.772327" lon="2.727470"/>
    <trkpt lat="39.772422" lon="2.727601"/>
    <trkpt lat="39.772478" lon="2.727714"/>
    <trkpt lat="39.772515" lon="2.727838"/>
    <trkpt lat="39.772548" lon="2.727999"/>
    <trkpt lat="39.772580" lon="2.728336"/>
    <trkpt lat="39.772601" lon="2.728558"/>
    <trkpt lat="39.772621" lon="2.728806"/>
    <trkpt lat="39.772635" lon="2.728862"/>
    <trkpt lat="39.772662" lon="2.728903"/>
    <trkpt lat="39.772958" lon="2.729146"/>
    <trkpt lat="39.773213" lon="2.729324"/>
    <trkpt lat="39.773473" lon="2.729362"/>
    <trkpt lat="39.773531" lon="2.729383"/>
    <trkpt lat="39.773563" lon="2.729431"/>
    <trkpt lat="39.773624" lon="2.729750"/>
    <trkpt lat="39.773692" lon="2.730112"/>
    <trkpt lat="39.773710" lon="2.730420"/>
    <trkpt lat="39.773721" lon="2.730596"/>
    <trkpt lat="39.773711" lon="2.730775"/>
    <trkpt lat="39.773735" lon="2.730905"/>
    <trkpt lat="39.773792" lon="2.731116"/>
    <trkpt lat="39.773834" lon="2.731256"/>
    <trkpt lat="39.773955" lon="2.731577"/>
    <trkpt lat="39.774031" lon="2.731779"/>
    <trkpt lat="39.774045" lon="2.731828"/>
    <trkpt lat="39.774053" lon="2.731892"/>
    <trkpt lat="39.774095" lon="2.732215"/>
    <trkpt lat="39.774122" lon="2.732354"/>
    <trkpt lat="39.774148" lon="2.732482"/>
    <trkpt lat="39.774179" lon="2.732616"/>
    <trkpt lat="39.774258" lon="2.732877"/>
    <trkpt lat="39.774317" lon="2.733014"/>
    <trkpt lat="39.774468" lon="2.733495"/>
    <trkpt lat="39.774594" lon="2.733867"/>
    <trkpt lat="39.774638" lon="2.733979"/>
    <trkpt lat="39.774699" lon="2.734090"/>
    <trkpt lat="39.774966" lon="2.734576"/>
    <trkpt lat="39.775047" lon="2.734715"/>
    <trkpt lat="39.775095" lon="2.734783"/>
    <trkpt lat="39.775155" lon="2.734829"/>
    <trkpt lat="39.775280" lon="2.734929"/>
    <trkpt lat="39.775323" lon="2.734954"/>
    <trkpt lat="39.775389" lon="2.734978"/>
    <trkpt lat="39.775426" lon="2.735012"/>
    <trkpt lat="39.775453" lon="2.735066"/>
    <trkpt lat="39.775503" lon="2.735211"/>
    <trkpt lat="39.775569" lon="2.735435"/>
    <trkpt lat="39.775675" lon="2.735736"/>
    <trkpt lat="39.775720" lon="2.735869"/>
    <trkpt lat="39.775729" lon="2.735903"/>
    <trkpt lat="39.775741" lon="2.736005"/>
    <trkpt lat="39.775756" lon="2.736092"/>
    <trkpt lat="39.775811" lon="2.736188"/>
    <trkpt lat="39.775959" lon="2.736370"/>
    <trkpt lat="39.776005" lon="2.736452"/>
    <trkpt lat="39.776060" lon="2.736582"/>
    <trkpt lat="39.776154" lon="2.736819"/>
    <trkpt lat="39.776239" lon="2.737002"/>
    <trkpt lat="39.776303" lon="2.737131"/>
    <trkpt lat="39.776354" lon="2.737218"/>
    <trkpt lat="39.776410" lon="2.737291"/>
    <trkpt lat="39.776460" lon="2.737347"/>
    <trkpt lat="39.776519" lon="2.737400"/>
    <trkpt lat="39.776694" lon="2.737528"/>
    <trkpt lat="39.776765" lon="2.737596"/>
    <trkpt lat="39.776857" lon="2.737708"/>
    <trkpt lat="39.776972" lon="2.737831"/>
    <trkpt lat="39.777049" lon="2.737920"/>
    <trkpt lat="39.777104" lon="2.737992"/>
    <trkpt lat="39.777149" lon="2.738079"/>
    <trkpt lat="39.777176" lon="2.738125"/>
    <trkpt lat="39.777255" lon="2.738190"/>
    <trkpt lat="39.777413" lon="2.738306"/>
    <trkpt lat="39.777456" lon="2.738326"/>
    <trkpt lat="39.777518" lon="2.738348"/>
    <trkpt lat="39.777637" lon="2.738372"/>
    <trkpt lat="39.777700" lon="2.738390"/>
    <trkpt lat="39.777758" lon="2.738418"/>
    <trkpt lat="39.777913" lon="2.738512"/>
    <trkpt lat="39.778021" lon="2.738575"/>
    <trkpt lat="39.778085" lon="2.738648"/>
    <trkpt lat="39.778131" lon="2.738721"/>
    <trkpt lat="39.778187" lon="2.738795"/>
    <trkpt lat="39.778231" lon="2.738832"/>
    <trkpt lat="39.778296" lon="2.738867"/>
    <trkpt lat="39.778400" lon="2.738898"/>
    <trkpt lat="39.778499" lon="2.738915"/>
    <trkpt lat="39.778562" lon="2.738935"/>
    <trkpt lat="39.778605" lon="2.738956"/>
    <trkpt lat="39.778647" lon="2.738990"/>
    <trkpt lat="39.778744" lon="2.739098"/>
    <trkpt lat="39.778793" lon="2.739150"/>
    <trkpt lat="39.778843" lon="2.739205"/>
    <trkpt lat="39.778875" lon="2.739224"/>
    <trkpt lat="39.778923" lon="2.739238"/>
    <trkpt lat="39.778977" lon="2.739241"/>
    <trkpt lat="39.779037" lon="2.739233"/>
    <trkpt lat="39.779113" lon="2.739200"/>
    <trkpt lat="39.779253" lon="2.739142"/>
    <trkpt lat="39.779309" lon="2.739125"/>
    <trkpt lat="39.779366" lon="2.739117"/>
    <trkpt lat="39.779443" lon="2.739128"/>
    <trkpt lat="39.779500" lon="2.739147"/>
    <trkpt lat="39.779556" lon="2.739176"/>
    <trkpt lat="39.779610" lon="2.739219"/>
    <trkpt lat="39.779674" lon="2.739305"/>
    <trkpt lat="39.779730" lon="2.739404"/>
    <trkpt lat="39.779793" lon="2.739538"/>
    <trkpt lat="39.779870" lon="2.739711"/>
    <trkpt lat="39.779950" lon="2.739847"/>
    <trkpt lat="39.779990" lon="2.739885"/>
    <trkpt lat="39.780044" lon="2.739918"/>
    <trkpt lat="39.780081" lon="2.739922"/>
    <trkpt lat="39.780145" lon="2.739915"/>
    <trkpt lat="39.780192" lon="2.739891"/>
    <trkpt lat="39.780237" lon="2.739860"/>
    <trkpt lat="39.780288" lon="2.739797"/>
    <trkpt lat="39.780314" lon="2.739743"/>
    <trkpt lat="39.780323" lon="2.739689"/>
    <trkpt lat="39.780323" lon="2.739623"/>
    <trkpt lat="39.780307" lon="2.739525"/>
    <trkpt lat="39.780278" lon="2.739433"/>
    <trkpt lat="39.780244" lon="2.739353"/>
    <trkpt lat="39.780227" lon="2.739281"/>
    <trkpt lat="39.780223" lon="2.739224"/>
    <trkpt lat="39.780232" lon="2.739053"/>
    <trkpt lat="39.780230" lon="2.738980"/>
    <trkpt lat="39.780219" lon="2.738913"/>
    <trkpt lat="39.780173" lon="2.738784"/>
    <trkpt lat="39.780124" lon="2.738663"/>
    <trkpt lat="39.780093" lon="2.738574"/>
    <trkpt lat="39.780084" lon="2.738517"/>
    <trkpt lat="39.780080" lon="2.738465"/>
    <trkpt lat="39.780085" lon="2.738403"/>
    <trkpt lat="39.780103" lon="2.738358"/>
    <trkpt lat="39.780123" lon="2.738329"/>
    <trkpt lat="39.780155" lon="2.738309"/>
    <trkpt lat="39.780186" lon="2.738309"/>
    <trkpt lat="39.780237" lon="2.738337"/>
    <trkpt lat="39.780263" lon="2.738362"/>
    <trkpt lat="39.780352" lon="2.738457"/>
    <trkpt lat="39.780526" lon="2.738640"/>
    <trkpt lat="39.780561" lon="2.738672"/>
    <trkpt lat="39.780613" lon="2.738706"/>
    <trkpt lat="39.780657" lon="2.738731"/>
    <trkpt lat="39.780706" lon="2.738753"/>
    <trkpt lat="39.780753" lon="2.738797"/>
    <trkpt lat="39.780771" lon="2.738825"/>
    <trkpt lat="39.780787" lon="2.738872"/>
    <trkpt lat="39.780802" lon="2.738944"/>
    <trkpt lat="39.780816" lon="2.739030"/>
    <trkpt lat="39.780837" lon="2.739138"/>
    <trkpt lat="39.780850" lon="2.739219"/>
    <trkpt lat="39.780864" lon="2.739279"/>
    <trkpt lat="39.780881" lon="2.739317"/>
    <trkpt lat="39.780912" lon="2.739351"/>
    <trkpt lat="39.780941" lon="2.739373"/>
    <trkpt lat="39.780973" lon="2.739392"/>
    <trkpt lat="39.781018" lon="2.739406"/>
    <trkpt lat="39.781068" lon="2.739414"/>
    <trkpt lat="39.781090" lon="2.739421"/>
    <trkpt lat="39.781122" lon="2.739441"/>
    <trkpt lat="39.781149" lon="2.739476"/>
    <trkpt lat="39.781159" lon="2.739491"/>
    <trkpt lat="39.781189" lon="2.739536"/>
    <trkpt lat="39.781229" lon="2.739609"/>
    <trkpt lat="39.781232" lon="2.739617"/>
    <trkpt lat="39.781275" lon="2.739706"/>
    <trkpt lat="39.781312" lon="2.739821"/>
    <trkpt lat="39.781323" lon="2.739857"/>
    <trkpt lat="39.781357" lon="2.739970"/>
    <trkpt lat="39.781395" lon="2.740093"/>
    <trkpt lat="39.781406" lon="2.740142"/>
    <trkpt lat="39.781417" lon="2.740185"/>
    <trkpt lat="39.781420" lon="2.740236"/>
    <trkpt lat="39.781411" lon="2.740299"/>
    <trkpt lat="39.781392" lon="2.740445"/>
    <trkpt lat="39.781396" lon="2.740505"/>
    <trkpt lat="39.781420" lon="2.740577"/>
    <trkpt lat="39.781449" lon="2.740613"/>
    <trkpt lat="39.781511" lon="2.740673"/>
    <trkpt lat="39.781587" lon="2.740748"/>
    <trkpt lat="39.781687" lon="2.740831"/>
    <trkpt lat="39.781777" lon="2.740882"/>
    <trkpt lat="39.781886" lon="2.740927"/>
    <trkpt lat="39.781938" lon="2.740932"/>
    <trkpt lat="39.782004" lon="2.740940"/>
    <trkpt lat="39.782179" lon="2.740951"/>
    <trkpt lat="39.782203" lon="2.740950"/>
    <trkpt lat="39.782266" lon="2.740948"/>
    <trkpt lat="39.782314" lon="2.740955"/>
    <trkpt lat="39.782341" lon="2.740976"/>
    <trkpt lat="39.782359" lon="2.741007"/>
    <trkpt lat="39.782382" lon="2.741070"/>
    <trkpt lat="39.782396" lon="2.741138"/>
    <trkpt lat="39.782416" lon="2.741227"/>
    <trkpt lat="39.782435" lon="2.741311"/>
    <trkpt lat="39.782456" lon="2.741371"/>
    <trkpt lat="39.782487" lon="2.741438"/>
    <trkpt lat="39.782517" lon="2.741489"/>
    <trkpt lat="39.782552" lon="2.741529"/>
    <trkpt lat="39.782606" lon="2.741569"/>
    <trkpt lat="39.782649" lon="2.741597"/>
    <trkpt lat="39.782730" lon="2.741622"/>
    <trkpt lat="39.782972" lon="2.741695"/>
    <trkpt lat="39.783011" lon="2.741710"/>
    <trkpt lat="39.783124" lon="2.741756"/>
    <trkpt lat="39.783181" lon="2.741784"/>
    <trkpt lat="39.783202" lon="2.741796"/>
    <trkpt lat="39.783266" lon="2.741830"/>
    <trkpt lat="39.783301" lon="2.741865"/>
    <trkpt lat="39.783350" lon="2.741918"/>
    <trkpt lat="39.783380" lon="2.741953"/>
    <trkpt lat="39.783419" lon="2.741998"/>
    <trkpt lat="39.783766" lon="2.742577"/>
    <trkpt lat="39.783895" lon="2.742789"/>
    <trkpt lat="39.784044" lon="2.743033"/>
    <trkpt lat="39.784193" lon="2.743278"/>
    <trkpt lat="39.784429" lon="2.743628"/>
    <trkpt lat="39.784502" lon="2.743764"/>
    <trkpt lat="39.784551" lon="2.743906"/>
    <trkpt lat="39.784589" lon="2.744043"/>
    <trkpt lat="39.784610" lon="2.744121"/>
    <trkpt lat="39.784669" lon="2.744373"/>
    <trkpt lat="39.784768" lon="2.744711"/>
    <trkpt lat="39.784858" lon="2.745047"/>
    <trkpt lat="39.784917" lon="2.745194"/>
    <trkpt lat="39.784952" lon="2.745237"/>
    <trkpt lat="39.784999" lon="2.745266"/>
    <trkpt lat="39.785104" lon="2.745271"/>
    <trkpt lat="39.785173" lon="2.745252"/>
    <trkpt lat="39.785235" lon="2.745194"/>
    <trkpt lat="39.785293" lon="2.745114"/>
    <trkpt lat="39.785312" lon="2.744989"/>
    <trkpt lat="39.785310" lon="2.744930"/>
    <trkpt lat="39.785306" lon="2.744839"/>
    <trkpt lat="39.785207" lon="2.744169"/>
    <trkpt lat="39.785140" lon="2.743775"/>
    <trkpt lat="39.785104" lon="2.743654"/>
    <trkpt lat="39.785073" lon="2.743600"/>
    <trkpt lat="39.785036" lon="2.743562"/>
    <trkpt lat="39.784882" lon="2.743480"/>
    <trkpt lat="39.784785" lon="2.743423"/>
    <trkpt lat="39.784716" lon="2.743360"/>
    <trkpt lat="39.784623" lon="2.743215"/>
    <trkpt lat="39.784511" lon="2.742845"/>
    <trkpt lat="39.784497" lon="2.742690"/>
    <trkpt lat="39.784518" lon="2.742378"/>
    <trkpt lat="39.784547" lon="2.742177"/>
    <trkpt lat="39.784573" lon="2.742086"/>
    <trkpt lat="39.784627" lon="2.741983"/>
    <trkpt lat="39.784764" lon="2.741822"/>
    <trkpt lat="39.785812" lon="2.740798"/>
    <trkpt lat="39.785867" lon="2.740746"/>
    <trkpt lat="39.785903" lon="2.740694"/>
    <trkpt lat="39.785939" lon="2.740626"/>
    <trkpt lat="39.785955" lon="2.740561"/>
    <trkpt lat="39.785953" lon="2.740462"/>
    <trkpt lat="39.785934" lon="2.740391"/>
    <trkpt lat="39.785837" lon="2.740184"/>
    <trkpt lat="39.785699" lon="2.739914"/>
    <trkpt lat="39.785605" lon="2.739730"/>
    <trkpt lat="39.785494" lon="2.739513"/>
    <trkpt lat="39.785294" lon="2.739124"/>
    <trkpt lat="39.785236" lon="2.739041"/>
    <trkpt lat="39.785142" lon="2.738955"/>
    <trkpt lat="39.784971" lon="2.738832"/>
    <trkpt lat="39.784783" lon="2.738690"/>
    <trkpt lat="39.784672" lon="2.738613"/>
    <trkpt lat="39.784575" lon="2.738532"/>
    <trkpt lat="39.784542" lon="2.738483"/>
    <trkpt lat="39.784510" lon="2.738417"/>
    <trkpt lat="39.784490" lon="2.738301"/>
    <trkpt lat="39.784486" lon="2.738210"/>
    <trkpt lat="39.784493" lon="2.737782"/>
    <trkpt lat="39.784515" lon="2.737154"/>
    <trkpt lat="39.784527" lon="2.736682"/>
    <trkpt lat="39.784534" lon="2.736416"/>
    <trkpt lat="39.784530" lon="2.736320"/>
    <trkpt lat="39.784526" lon="2.736233"/>
    <trkpt lat="39.784494" lon="2.736099"/>
    <trkpt lat="39.784420" lon="2.735828"/>
    <trkpt lat="39.784341" lon="2.735534"/>
    <trkpt lat="39.784316" lon="2.735423"/>
    <trkpt lat="39.784302" lon="2.735326"/>
    <trkpt lat="39.784296" lon="2.735262"/>
    <trkpt lat="39.784300" lon="2.735196"/>
    <trkpt lat="39.784313" lon="2.735122"/>
    <trkpt lat="39.784339" lon="2.735024"/>
    <trkpt lat="39.784364" lon="2.734910"/>
    <trkpt lat="39.784374" lon="2.734852"/>
    <trkpt lat="39.784381" lon="2.734766"/>
    <trkpt lat="39.784360" lon="2.734642"/>
    <trkpt lat="39.784333" lon="2.734557"/>
    <trkpt lat="39.784271" lon="2.734441"/>
    <trkpt lat="39.784137" lon="2.734214"/>
    <trkpt lat="39.783754" lon="2.733539"/>
    <trkpt lat="39.783731" lon="2.733498"/>
    <trkpt lat="39.783689" lon="2.733419"/>
    <trkpt lat="39.783628" lon="2.733298"/>
    <trkpt lat="39.783604" lon="2.733199"/>
    <trkpt lat="39.783600" lon="2.733114"/>
    <trkpt lat="39.783609" lon="2.733030"/>
    <trkpt lat="39.783628" lon="2.732958"/>
    <trkpt lat="39.783654" lon="2.732912"/>
    <trkpt lat="39.783682" lon="2.732874"/>
    <trkpt lat="39.783729" lon="2.732831"/>
    <trkpt lat="39.783839" lon="2.732806"/>
    <trkpt lat="39.783894" lon="2.732827"/>
    <trkpt lat="39.783950" lon="2.732857"/>
    <trkpt lat="39.783998" lon="2.732891"/>
    <trkpt lat="39.784062" lon="2.732954"/>
    <trkpt lat="39.784188" lon="2.733401"/>
    <trkpt lat="39.784242" lon="2.733530"/>
    <trkpt lat="39.784302" lon="2.733648"/>
    <trkpt lat="39.784350" lon="2.733722"/>
    <trkpt lat="39.784392" lon="2.733776"/>
    <trkpt lat="39.784476" lon="2.733849"/>
    <trkpt lat="39.784587" lon="2.733929"/>
    <trkpt lat="39.784722" lon="2.733998"/>
    <trkpt lat="39.784802" lon="2.734039"/>
    <trkpt lat="39.784968" lon="2.734108"/>
    <trkpt lat="39.785044" lon="2.734173"/>
    <trkpt lat="39.785088" lon="2.734234"/>
    <trkpt lat="39.785127" lon="2.734311"/>
    <trkpt lat="39.785151" lon="2.734410"/>
    <trkpt lat="39.785165" lon="2.734535"/>
    <trkpt lat="39.785172" lon="2.734726"/>
    <trkpt lat="39.785172" lon="2.735010"/>
    <trkpt lat="39.785177" lon="2.735221"/>
    <trkpt lat="39.785190" lon="2.735316"/>
    <trkpt lat="39.785220" lon="2.735426"/>
    <trkpt lat="39.785262" lon="2.735546"/>
    <trkpt lat="39.785515" lon="2.736116"/>
    <trkpt lat="39.785814" lon="2.736792"/>
    <trkpt lat="39.786036" lon="2.737276"/>
    <trkpt lat="39.786102" lon="2.737400"/>
    <trkpt lat="39.786177" lon="2.737501"/>
    <trkpt lat="39.786239" lon="2.737562"/>
    <trkpt lat="39.786314" lon="2.737625"/>
    <trkpt lat="39.786422" lon="2.737691"/>
    <trkpt lat="39.786665" lon="2.737813"/>
    <trkpt lat="39.787160" lon="2.738079"/>
    <trkpt lat="39.787518" lon="2.738249"/>
    <trkpt lat="39.787664" lon="2.738321"/>
    <trkpt lat="39.787750" lon="2.738339"/>
    <trkpt lat="39.787825" lon="2.738327"/>
    <trkpt lat="39.787890" lon="2.738293"/>
    <trkpt lat="39.787937" lon="2.738239"/>
    <trkpt lat="39.787968" lon="2.738178"/>
    <trkpt lat="39.787991" lon="2.738103"/>
    <trkpt lat="39.787989" lon="2.738013"/>
    <trkpt lat="39.787966" lon="2.737928"/>
    <trkpt lat="39.787923" lon="2.737844"/>
    <trkpt lat="39.787873" lon="2.737796"/>
    <trkpt lat="39.787785" lon="2.737731"/>
    <trkpt lat="39.787417" lon="2.737519"/>
    <trkpt lat="39.787152" lon="2.737355"/>
    <trkpt lat="39.787068" lon="2.737280"/>
    <trkpt lat="39.787022" lon="2.737206"/>
    <trkpt lat="39.786994" lon="2.737126"/>
    <trkpt lat="39.786960" lon="2.736961"/>
    <trkpt lat="39.786771" lon="2.735181"/>
    <trkpt lat="39.786743" lon="2.734814"/>
    <trkpt lat="39.786731" lon="2.734540"/>
    <trkpt lat="39.786726" lon="2.734305"/>
    <trkpt lat="39.786726" lon="2.734093"/>
    <trkpt lat="39.786737" lon="2.733820"/>
    <trkpt lat="39.786770" lon="2.733318"/>
    <trkpt lat="39.786811" lon="2.732668"/>
    <trkpt lat="39.786833" lon="2.732303"/>
    <trkpt lat="39.786845" lon="2.732174"/>
    <trkpt lat="39.786866" lon="2.732071"/>
    <trkpt lat="39.786893" lon="2.731990"/>
    <trkpt lat="39.786949" lon="2.731884"/>
    <trkpt lat="39.787101" lon="2.731637"/>
    <trkpt lat="39.787144" lon="2.731538"/>
    <trkpt lat="39.787161" lon="2.731458"/>
    <trkpt lat="39.787164" lon="2.731373"/>
    <trkpt lat="39.787149" lon="2.731230"/>
    <trkpt lat="39.787097" lon="2.730858"/>
    <trkpt lat="39.787016" lon="2.730232"/>
    <trkpt lat="39.787006" lon="2.730084"/>
    <trkpt lat="39.787007" lon="2.729987"/>
    <trkpt lat="39.787011" lon="2.729893"/>
    <trkpt lat="39.787024" lon="2.729782"/>
    <trkpt lat="39.787042" lon="2.729669"/>
    <trkpt lat="39.787086" lon="2.729463"/>
    <trkpt lat="39.787131" lon="2.729257"/>
    <trkpt lat="39.787149" lon="2.729157"/>
    <trkpt lat="39.787150" lon="2.729070"/>
    <trkpt lat="39.787136" lon="2.728988"/>
    <trkpt lat="39.787117" lon="2.728935"/>
    <trkpt lat="39.787086" lon="2.728879"/>
    <trkpt lat="39.787047" lon="2.728825"/>
    <trkpt lat="39.786946" lon="2.728723"/>
    <trkpt lat="39.786050" lon="2.727883"/>
    <trkpt lat="39.785944" lon="2.727769"/>
    <trkpt lat="39.785863" lon="2.727665"/>
    <trkpt lat="39.785786" lon="2.727538"/>
    <trkpt lat="39.785741" lon="2.727411"/>
    <trkpt lat="39.785710" lon="2.727271"/>
    <trkpt lat="39.785696" lon="2.727152"/>
    <trkpt lat="39.785691" lon="2.726987"/>
    <trkpt lat="39.785706" lon="2.726837"/>
    <trkpt lat="39.785738" lon="2.726717"/>
    <trkpt lat="39.785776" lon="2.726611"/>
    <trkpt lat="39.785818" lon="2.726520"/>
    <trkpt lat="39.785888" lon="2.726405"/>
    <trkpt lat="39.785968" lon="2.726310"/>
    <trkpt lat="39.786022" lon="2.726260"/>
    <trkpt lat="39.786089" lon="2.726209"/>
    <trkpt lat="39.786168" lon="2.726155"/>
    <trkpt lat="39.786247" lon="2.726123"/>
    <trkpt lat="39.786316" lon="2.726111"/>
    <trkpt lat="39.786398" lon="2.726105"/>
    <trkpt lat="39.786458" lon="2.726109"/>
    <trkpt lat="39.786549" lon="2.726125"/>
    <trkpt lat="39.786665" lon="2.726164"/>
    <trkpt lat="39.786942" lon="2.726284"/>
    <trkpt lat="39.787376" lon="2.726478"/>
    <trkpt lat="39.787455" lon="2.726512"/>
    <trkpt lat="39.787539" lon="2.726543"/>
    <trkpt lat="39.787616" lon="2.726560"/>
    <trkpt lat="39.787950" lon="2.726580"/>
    <trkpt lat="39.788714" lon="2.726612"/>
    <trkpt lat="39.788765" lon="2.726614"/>
    <trkpt lat="39.788834" lon="2.726617"/>
    <trkpt lat="39.789476" lon="2.726643"/>
    <trkpt lat="39.789729" lon="2.726654"/>
    <trkpt lat="39.789817" lon="2.726648"/>
    <trkpt lat="39.789895" lon="2.726624"/>
    <trkpt lat="39.789954" lon="2.726588"/>
    <trkpt lat="39.790015" lon="2.726524"/>
    <trkpt lat="39.790065" lon="2.726447"/>
    <trkpt lat="39.790104" lon="2.726343"/>
    <trkpt lat="39.790125" lon="2.726253"/>
    <trkpt lat="39.790144" lon="2.726148"/>
    <trkpt lat="39.790169" lon="2.725997"/>
    <trkpt lat="39.790245" lon="2.725534"/>
    <trkpt lat="39.790279" lon="2.725390"/>
    <trkpt lat="39.790316" lon="2.725287"/>
    <trkpt lat="39.790371" lon="2.725205"/>
    <trkpt lat="39.790439" lon="2.725150"/>
    <trkpt lat="39.790510" lon="2.725126"/>
    <trkpt lat="39.790564" lon="2.725125"/>
    <trkpt lat="39.790596" lon="2.725135"/>
    <trkpt lat="39.790659" lon="2.725169"/>
    <trkpt lat="39.790710" lon="2.725218"/>
    <trkpt lat="39.790744" lon="2.725271"/>
    <trkpt lat="39.790774" lon="2.725346"/>
    <trkpt lat="39.790790" lon="2.725418"/>
    <trkpt lat="39.790792" lon="2.725510"/>
    <trkpt lat="39.790779" lon="2.725636"/>
    <trkpt lat="39.790738" lon="2.725909"/>
    <trkpt lat="39.790714" lon="2.726062"/>
    <trkpt lat="39.790707" lon="2.726109"/>
    <trkpt lat="39.790694" lon="2.726228"/>
    <trkpt lat="39.790688" lon="2.726343"/>
    <trkpt lat="39.790695" lon="2.726470"/>
    <trkpt lat="39.790711" lon="2.726588"/>
    <trkpt lat="39.790732" lon="2.726731"/>
    <trkpt lat="39.790780" lon="2.727037"/>
    <trkpt lat="39.790795" lon="2.727141"/>
    <trkpt lat="39.790805" lon="2.727244"/>
    <trkpt lat="39.790803" lon="2.727342"/>
    <trkpt lat="39.790783" lon="2.727444"/>
    <trkpt lat="39.790746" lon="2.727523"/>
    <trkpt lat="39.790703" lon="2.727579"/>
    <trkpt lat="39.790651" lon="2.727621"/>
    <trkpt lat="39.790598" lon="2.727650"/>
    <trkpt lat="39.790536" lon="2.727674"/>
    <trkpt lat="39.790200" lon="2.727791"/>
    <trkpt lat="39.790083" lon="2.727832"/>
    <trkpt lat="39.789885" lon="2.727901"/>
    <trkpt lat="39.789781" lon="2.727935"/>
    <trkpt lat="39.789711" lon="2.727953"/>
    <trkpt lat="39.789631" lon="2.727966"/>
    <trkpt lat="39.789529" lon="2.727974"/>
    <trkpt lat="39.789290" lon="2.727980"/>
    <trkpt lat="39.789208" lon="2.727989"/>
    <trkpt lat="39.789134" lon="2.728017"/>
    <trkpt lat="39.789073" lon="2.728061"/>
    <trkpt lat="39.789015" lon="2.728132"/>
    <trkpt lat="39.788977" lon="2.728205"/>
    <trkpt lat="39.788951" lon="2.728299"/>
    <trkpt lat="39.788931" lon="2.728432"/>
    <trkpt lat="39.788898" lon="2.728763"/>
    <trkpt lat="39.788831" lon="2.729455"/>
    <trkpt lat="39.788793" lon="2.729865"/>
    <trkpt lat="39.788786" lon="2.730017"/>
    <trkpt lat="39.788796" lon="2.730153"/>
    <trkpt lat="39.788824" lon="2.730279"/>
    <trkpt lat="39.788848" lon="2.730346"/>
    <trkpt lat="39.788876" lon="2.730401"/>
    <trkpt lat="39.788922" lon="2.730483"/>
    <trkpt lat="39.789157" lon="2.730880"/>
    <trkpt lat="39.789234" lon="2.731007"/>
    <trkpt lat="39.789401" lon="2.731286"/>
    <trkpt lat="39.789495" lon="2.731457"/>
    <trkpt lat="39.789578" lon="2.731627"/>
    <trkpt lat="39.789656" lon="2.731808"/>
    <trkpt lat="39.789924" lon="2.732444"/>
    <trkpt lat="39.789989" lon="2.732556"/>
    <trkpt lat="39.790037" lon="2.732620"/>
    <trkpt lat="39.790095" lon="2.732668"/>
    <trkpt lat="39.790141" lon="2.732688"/>
    <trkpt lat="39.790185" lon="2.732699"/>
    <trkpt lat="39.790233" lon="2.732704"/>
    <trkpt lat="39.790292" lon="2.732692"/>
    <trkpt lat="39.790345" lon="2.732666"/>
    <trkpt lat="39.790397" lon="2.732630"/>
    <trkpt lat="39.790454" lon="2.732574"/>
    <trkpt lat="39.790516" lon="2.732496"/>
    <trkpt lat="39.790577" lon="2.732403"/>
    <trkpt lat="39.790847" lon="2.731942"/>
    <trkpt lat="39.790934" lon="2.731817"/>
    <trkpt lat="39.790993" lon="2.731749"/>
    <trkpt lat="39.791057" lon="2.731690"/>
    <trkpt lat="39.791119" lon="2.731642"/>
    <trkpt lat="39.791195" lon="2.731598"/>
    <trkpt lat="39.791291" lon="2.731563"/>
    <trkpt lat="39.791393" lon="2.731547"/>
    <trkpt lat="39.791466" lon="2.731550"/>
    <trkpt lat="39.791531" lon="2.731558"/>
    <trkpt lat="39.791642" lon="2.731591"/>
    <trkpt lat="39.791762" lon="2.731643"/>
    <trkpt lat="39.791879" lon="2.731694"/>
    <trkpt lat="39.792169" lon="2.731823"/>
    <trkpt lat="39.792319" lon="2.731889"/>
    <trkpt lat="39.792409" lon="2.731937"/>
    <trkpt lat="39.792452" lon="2.731970"/>
    <trkpt lat="39.792496" lon="2.732013"/>
    <trkpt lat="39.792529" lon="2.732066"/>
    <trkpt lat="39.792556" lon="2.732123"/>
    <trkpt lat="39.792577" lon="2.732216"/>
    <trkpt lat="39.792583" lon="2.732272"/>
    <trkpt lat="39.792578" lon="2.732366"/>
    <trkpt lat="39.792556" lon="2.732451"/>
    <trkpt lat="39.792512" lon="2.732536"/>
    <trkpt lat="39.792375" lon="2.732701"/>
    <trkpt lat="39.792293" lon="2.732793"/>
    <trkpt lat="39.792147" lon="2.732958"/>
    <trkpt lat="39.792104" lon="2.733014"/>
    <trkpt lat="39.792056" lon="2.733087"/>
    <trkpt lat="39.792012" lon="2.733173"/>
    <trkpt lat="39.791980" lon="2.733278"/>
    <trkpt lat="39.791963" lon="2.733383"/>
    <trkpt lat="39.791953" lon="2.733520"/>
    <trkpt lat="39.791910" lon="2.734668"/>
    <trkpt lat="39.791808" lon="2.737371"/>
    <trkpt lat="39.791803" lon="2.737461"/>
    <trkpt lat="39.791794" lon="2.737532"/>
    <trkpt lat="39.791779" lon="2.737609"/>
    <trkpt lat="39.791746" lon="2.737742"/>
    <trkpt lat="39.791609" lon="2.738205"/>
    <trkpt lat="39.791584" lon="2.738321"/>
    <trkpt lat="39.791579" lon="2.738392"/>
    <trkpt lat="39.791583" lon="2.738473"/>
    <trkpt lat="39.791604" lon="2.738621"/>
    <trkpt lat="39.791667" lon="2.738933"/>
    <trkpt lat="39.791804" lon="2.739654"/>
    <trkpt lat="39.791935" lon="2.740353"/>
    <trkpt lat="39.791958" lon="2.740466"/>
    <trkpt lat="39.791983" lon="2.740570"/>
    <trkpt lat="39.792022" lon="2.740687"/>
    <trkpt lat="39.792064" lon="2.740794"/>
    <trkpt lat="39.792508" lon="2.741929"/>
    <trkpt lat="39.792564" lon="2.742074"/>
    <trkpt lat="39.792604" lon="2.742204"/>
    <trkpt lat="39.792632" lon="2.742344"/>
    <trkpt lat="39.792646" lon="2.742490"/>
    <trkpt lat="39.792646" lon="2.742636"/>
    <trkpt lat="39.792637" lon="2.742757"/>
    <trkpt lat="39.792609" lon="2.742946"/>
    <trkpt lat="39.792417" lon="2.744061"/>
    <trkpt lat="39.792390" lon="2.744286"/>
    <trkpt lat="39.792388" lon="2.744452"/>
    <trkpt lat="39.792400" lon="2.744600"/>
    <trkpt lat="39.792419" lon="2.744717"/>
    <trkpt lat="39.792460" lon="2.744867"/>
    <trkpt lat="39.792508" lon="2.744994"/>
    <trkpt lat="39.792571" lon="2.745116"/>
    <trkpt lat="39.792648" lon="2.745225"/>
    <trkpt lat="39.792702" lon="2.745286"/>
    <trkpt lat="39.792754" lon="2.745336"/>
    <trkpt lat="39.794100" lon="2.746456"/>
    <trkpt lat="39.794524" lon="2.746809"/>
    <trkpt lat="39.794950" lon="2.747163"/>
    <trkpt lat="39.795034" lon="2.747238"/>
    <trkpt lat="39.795108" lon="2.747336"/>
    <trkpt lat="39.795146" lon="2.747426"/>
    <trkpt lat="39.795167" lon="2.747527"/>
    <trkpt lat="39.795170" lon="2.747625"/>
    <trkpt lat="39.795153" lon="2.747712"/>
    <trkpt lat="39.795128" lon="2.747793"/>
    <trkpt lat="39.795095" lon="2.747868"/>
    <trkpt lat="39.795048" lon="2.747955"/>
    <trkpt lat="39.794673" lon="2.748559"/>
    <trkpt lat="39.794614" lon="2.748669"/>
    <trkpt lat="39.794558" lon="2.748798"/>
    <trkpt lat="39.794501" lon="2.748965"/>
    <trkpt lat="39.794069" lon="2.750232"/>
    <trkpt lat="39.794028" lon="2.750367"/>
    <trkpt lat="39.794003" lon="2.750498"/>
    <trkpt lat="39.793999" lon="2.750608"/>
    <trkpt lat="39.794004" lon="2.750720"/>
    <trkpt lat="39.794021" lon="2.750854"/>
    <trkpt lat="39.794064" lon="2.751010"/>
    <trkpt lat="39.794306" lon="2.751798"/>
    <trkpt lat="39.794581" lon="2.752692"/>
    <trkpt lat="39.794613" lon="2.752783"/>
    <trkpt lat="39.794652" lon="2.752876"/>
    <trkpt lat="39.794695" lon="2.752953"/>
    <trkpt lat="39.795084" lon="2.753527"/>
    <trkpt lat="39.795169" lon="2.753654"/>
    <trkpt lat="39.795217" lon="2.753739"/>
    <trkpt lat="39.795257" lon="2.753822"/>
    <trkpt lat="39.795303" lon="2.753939"/>
    <trkpt lat="39.795760" lon="2.755253"/>
    <trkpt lat="39.795821" lon="2.755414"/>
    <trkpt lat="39.795894" lon="2.755564"/>
    <trkpt lat="39.795983" lon="2.755725"/>
    <trkpt lat="39.796311" lon="2.756291"/>
    <trkpt lat="39.796368" lon="2.756395"/>
    <trkpt lat="39.796414" lon="2.756502"/>
    <trkpt lat="39.796446" lon="2.756599"/>
    <trkpt lat="39.796484" lon="2.756748"/>
    <trkpt lat="39.796654" lon="2.757505"/>
    <trkpt lat="39.796746" lon="2.757918"/>
    <trkpt lat="39.796824" lon="2.758274"/>
    <trkpt lat="39.796839" lon="2.758385"/>
    <trkpt lat="39.796839" lon="2.758487"/>
    <trkpt lat="39.796827" lon="2.758570"/>
    <trkpt lat="39.796802" lon="2.758665"/>
    <trkpt lat="39.796697" lon="2.758998"/>
    <trkpt lat="39.796301" lon="2.760262"/>
    <trkpt lat="39.796236" lon="2.760455"/>
    <trkpt lat="39.796192" lon="2.760567"/>
    <trkpt lat="39.796104" lon="2.760690"/>
    <trkpt lat="39.795973" lon="2.760830"/>
    <trkpt lat="39.795715" lon="2.761097"/>
    <trkpt lat="39.795615" lon="2.761200"/>
    <trkpt lat="39.795542" lon="2.761302"/>
    <trkpt lat="39.795502" lon="2.761394"/>
    <trkpt lat="39.795471" lon="2.761514"/>
    <trkpt lat="39.795350" lon="2.762035"/>
    <trkpt lat="39.795314" lon="2.762265"/>
    <trkpt lat="39.795298" lon="2.762463"/>
    <trkpt lat="39.795297" lon="2.762634"/>
    <trkpt lat="39.795323" lon="2.762885"/>
    <trkpt lat="39.795428" lon="2.763467"/>
    <trkpt lat="39.795447" lon="2.763612"/>
    <trkpt lat="39.795452" lon="2.763754"/>
    <trkpt lat="39.795448" lon="2.763905"/>
    <trkpt lat="39.795398" lon="2.764712"/>
    <trkpt lat="39.795389" lon="2.764889"/>
    <trkpt lat="39.795390" lon="2.764994"/>
    <trkpt lat="39.795399" lon="2.765098"/>
    <trkpt lat="39.795413" lon="2.765221"/>
    <trkpt lat="39.795473" lon="2.765683"/>
    <trkpt lat="39.795569" lon="2.766416"/>
    <trkpt lat="39.795575" lon="2.766491"/>
    <trkpt lat="39.795577" lon="2.766604"/>
    <trkpt lat="39.795565" lon="2.766705"/>
    <trkpt lat="39.795540" lon="2.766823"/>
    <trkpt lat="39.795443" lon="2.767161"/>
    <trkpt lat="39.795406" lon="2.767302"/>
    <trkpt lat="39.795395" lon="2.767417"/>
    <trkpt lat="39.795404" lon="2.767513"/>
    <trkpt lat="39.795429" lon="2.767594"/>
    <trkpt lat="39.795472" lon="2.767670"/>
    <trkpt lat="39.795512" lon="2.767712"/>
    <trkpt lat="39.795556" lon="2.767742"/>
    <trkpt lat="39.795606" lon="2.767760"/>
    <trkpt lat="39.795676" lon="2.767767"/>
    <trkpt lat="39.795731" lon="2.767760"/>
    <trkpt lat="39.795795" lon="2.767731"/>
    <trkpt lat="39.795840" lon="2.767686"/>
    <trkpt lat="39.795898" lon="2.767582"/>
    <trkpt lat="39.795962" lon="2.767448"/>
    <trkpt lat="39.796288" lon="2.766745"/>
    <trkpt lat="39.796326" lon="2.766667"/>
    <trkpt lat="39.796370" lon="2.766600"/>
    <trkpt lat="39.796406" lon="2.766560"/>
    <trkpt lat="39.796453" lon="2.766531"/>
    <trkpt lat="39.796520" lon="2.766509"/>
    <trkpt lat="39.796591" lon="2.766514"/>
    <trkpt lat="39.796655" lon="2.766538"/>
    <trkpt lat="39.796702" lon="2.766572"/>
    <trkpt lat="39.796742" lon="2.766618"/>
    <trkpt lat="39.796779" lon="2.766683"/>
    <trkpt lat="39.796802" lon="2.766777"/>
    <trkpt lat="39.796802" lon="2.766874"/>
    <trkpt lat="39.796782" lon="2.766964"/>
    <trkpt lat="39.796748" lon="2.767042"/>
    <trkpt lat="39.796711" lon="2.767103"/>
    <trkpt lat="39.796631" lon="2.767189"/>
    <trkpt lat="39.796373" lon="2.767433"/>
    <trkpt lat="39.796317" lon="2.767483"/>
    <trkpt lat="39.796258" lon="2.767548"/>
    <trkpt lat="39.796209" lon="2.767620"/>
    <trkpt lat="39.796178" lon="2.767685"/>
    <trkpt lat="39.796154" lon="2.767759"/>
    <trkpt lat="39.796140" lon="2.767834"/>
    <trkpt lat="39.796133" lon="2.767930"/>
    <trkpt lat="39.796144" lon="2.769979"/>
    <trkpt lat="39.796143" lon="2.770149"/>
    <trkpt lat="39.796132" lon="2.770422"/>
    <trkpt lat="39.796106" lon="2.770579"/>
    <trkpt lat="39.796046" lon="2.770800"/>
    <trkpt lat="39.795956" lon="2.770991"/>
    <trkpt lat="39.795884" lon="2.771107"/>
    <trkpt lat="39.795803" lon="2.771210"/>
    <trkpt lat="39.795722" lon="2.771290"/>
    <trkpt lat="39.795646" lon="2.771354"/>
    <trkpt lat="39.795568" lon="2.771406"/>
    <trkpt lat="39.795475" lon="2.771453"/>
    <trkpt lat="39.795350" lon="2.771502"/>
    <trkpt lat="39.795256" lon="2.771531"/>
    <trkpt lat="39.795147" lon="2.771540"/>
    <trkpt lat="39.795054" lon="2.771527"/>
    <trkpt lat="39.794844" lon="2.771462"/>
    <trkpt lat="39.794610" lon="2.771325"/>
    <trkpt lat="39.793393" lon="2.770384"/>
    <trkpt lat="39.793289" lon="2.770307"/>
    <trkpt lat="39.793216" lon="2.770271"/>
    <trkpt lat="39.793145" lon="2.770261"/>
    <trkpt lat="39.793077" lon="2.770271"/>
    <trkpt lat="39.793010" lon="2.770303"/>
    <trkpt lat="39.792949" lon="2.770349"/>
    <trkpt lat="39.792906" lon="2.770396"/>
    <trkpt lat="39.792861" lon="2.770468"/>
    <trkpt lat="39.792834" lon="2.770547"/>
    <trkpt lat="39.792823" lon="2.770632"/>
    <trkpt lat="39.792831" lon="2.770742"/>
    <trkpt lat="39.792847" lon="2.770814"/>
    <trkpt lat="39.792880" lon="2.770887"/>
    <trkpt lat="39.792974" lon="2.771022"/>
    <trkpt lat="39.793468" lon="2.771633"/>
    <trkpt lat="39.793744" lon="2.771974"/>
    <trkpt lat="39.794019" lon="2.772311"/>
    <trkpt lat="39.794098" lon="2.772391"/>
    <trkpt lat="39.794169" lon="2.772449"/>
    <trkpt lat="39.794640" lon="2.772810"/>
    <trkpt lat="39.794730" lon="2.772893"/>
    <trkpt lat="39.794798" lon="2.772974"/>
    <trkpt lat="39.794845" lon="2.773070"/>
    <trkpt lat="39.794871" lon="2.773168"/>
    <trkpt lat="39.794883" lon="2.773284"/>
    <trkpt lat="39.794882" lon="2.773396"/>
    <trkpt lat="39.794870" lon="2.773555"/>
    <trkpt lat="39.794833" lon="2.773912"/>
    <trkpt lat="39.794825" lon="2.774023"/>
    <trkpt lat="39.794828" lon="2.774123"/>
    <trkpt lat="39.794847" lon="2.774196"/>
    <trkpt lat="39.794883" lon="2.774270"/>
    <trkpt lat="39.794924" lon="2.774321"/>
    <trkpt lat="39.794969" lon="2.774360"/>
    <trkpt lat="39.795023" lon="2.774393"/>
    <trkpt lat="39.795086" lon="2.774413"/>
    <trkpt lat="39.795165" lon="2.774427"/>
    <trkpt lat="39.795392" lon="2.774456"/>
    <trkpt lat="39.795868" lon="2.774519"/>
    <trkpt lat="39.796155" lon="2.774561"/>
    <trkpt lat="39.796220" lon="2.774569"/>
    <trkpt lat="39.796298" lon="2.774574"/>
    <trkpt lat="39.796359" lon="2.774570"/>
    <trkpt lat="39.796419" lon="2.774558"/>
    <trkpt lat="39.796505" lon="2.774533"/>
    <trkpt lat="39.796582" lon="2.774497"/>
    <trkpt lat="39.796985" lon="2.774240"/>
    <trkpt lat="39.797083" lon="2.774175"/>
    <trkpt lat="39.797178" lon="2.774098"/>
    <trkpt lat="39.797261" lon="2.774015"/>
    <trkpt lat="39.797346" lon="2.773910"/>
    <trkpt lat="39.797401" lon="2.773833"/>
    <trkpt lat="39.797458" lon="2.773743"/>
    <trkpt lat="39.797521" lon="2.773609"/>
    <trkpt lat="39.797583" lon="2.773459"/>
    <trkpt lat="39.797736" lon="2.773083"/>
    <trkpt lat="39.797762" lon="2.773031"/>
    <trkpt lat="39.797789" lon="2.772994"/>
    <trkpt lat="39.797828" lon="2.772950"/>
    <trkpt lat="39.797878" lon="2.772918"/>
    <trkpt lat="39.797928" lon="2.772901"/>
    <trkpt lat="39.797986" lon="2.772899"/>
    <trkpt lat="39.798048" lon="2.772913"/>
    <trkpt lat="39.798103" lon="2.772945"/>
    <trkpt lat="39.798143" lon="2.772980"/>
    <trkpt lat="39.798183" lon="2.773043"/>
    <trkpt lat="39.798216" lon="2.773139"/>
    <trkpt lat="39.798228" lon="2.773220"/>
    <trkpt lat="39.798228" lon="2.773311"/>
    <trkpt lat="39.798214" lon="2.773390"/>
    <trkpt lat="39.798182" lon="2.773460"/>
    <trkpt lat="39.798132" lon="2.773521"/>
    <trkpt lat="39.798025" lon="2.773610"/>
    <trkpt lat="39.797857" lon="2.773739"/>
    <trkpt lat="39.797798" lon="2.773801"/>
    <trkpt lat="39.797763" lon="2.773856"/>
    <trkpt lat="39.797735" lon="2.773924"/>
    <trkpt lat="39.797713" lon="2.774018"/>
    <trkpt lat="39.797696" lon="2.774142"/>
    <trkpt lat="39.797675" lon="2.774350"/>
    <trkpt lat="39.797641" lon="2.774553"/>
    <trkpt lat="39.797602" lon="2.774687"/>
    <trkpt lat="39.797565" lon="2.774785"/>
    <trkpt lat="39.797516" lon="2.774878"/>
    <trkpt lat="39.797461" lon="2.774961"/>
    <trkpt lat="39.797394" lon="2.775046"/>
    <trkpt lat="39.797323" lon="2.775112"/>
    <trkpt lat="39.797221" lon="2.775186"/>
    <trkpt lat="39.797039" lon="2.775283"/>
    <trkpt lat="39.796918" lon="2.775363"/>
    <trkpt lat="39.796829" lon="2.775438"/>
    <trkpt lat="39.796757" lon="2.775520"/>
    <trkpt lat="39.796676" lon="2.775632"/>
    <trkpt lat="39.796559" lon="2.775835"/>
    <trkpt lat="39.796442" lon="2.776062"/>
    <trkpt lat="39.796382" lon="2.776160"/>
    <trkpt lat="39.796327" lon="2.776237"/>
    <trkpt lat="39.796282" lon="2.776290"/>
    <trkpt lat="39.796232" lon="2.776343"/>
    <trkpt lat="39.796161" lon="2.776401"/>
    <trkpt lat="39.796099" lon="2.776444"/>
    <trkpt lat="39.795738" lon="2.776664"/>
    <trkpt lat="39.795645" lon="2.776738"/>
    <trkpt lat="39.795569" lon="2.776811"/>
    <trkpt lat="39.795453" lon="2.776935"/>
    <trkpt lat="39.795332" lon="2.777056"/>
    <trkpt lat="39.795262" lon="2.777125"/>
    <trkpt lat="39.795199" lon="2.777171"/>
    <trkpt lat="39.795150" lon="2.777198"/>
    <trkpt lat="39.795092" lon="2.777218"/>
    <trkpt lat="39.795021" lon="2.777224"/>
    <trkpt lat="39.794960" lon="2.777220"/>
    <trkpt lat="39.794895" lon="2.777207"/>
    <trkpt lat="39.794812" lon="2.777185"/>
    <trkpt lat="39.794445" lon="2.777059"/>
    <trkpt lat="39.794338" lon="2.777026"/>
    <trkpt lat="39.794244" lon="2.776976"/>
    <trkpt lat="39.794184" lon="2.776940"/>
    <trkpt lat="39.794090" lon="2.776865"/>
    <trkpt lat="39.793813" lon="2.776596"/>
    <trkpt lat="39.793652" lon="2.776438"/>
    <trkpt lat="39.793581" lon="2.776363"/>
    <trkpt lat="39.793526" lon="2.776287"/>
    <trkpt lat="39.793472" lon="2.776196"/>
    <trkpt lat="39.793225" lon="2.775757"/>
    <trkpt lat="39.793182" lon="2.775684"/>
    <trkpt lat="39.793145" lon="2.775635"/>
    <trkpt lat="39.793099" lon="2.775592"/>
    <trkpt lat="39.793040" lon="2.775557"/>
    <trkpt lat="39.792973" lon="2.775539"/>
    <trkpt lat="39.792835" lon="2.775528"/>
    <trkpt lat="39.792815" lon="2.775527"/>
    <trkpt lat="39.792486" lon="2.775505"/>
    <trkpt lat="39.792400" lon="2.775496"/>
    <trkpt lat="39.792312" lon="2.775475"/>
    <trkpt lat="39.792237" lon="2.775443"/>
    <trkpt lat="39.791442" lon="2.775073"/>
    <trkpt lat="39.791287" lon="2.774983"/>
    <trkpt lat="39.791120" lon="2.774878"/>
    <trkpt lat="39.790690" lon="2.774563"/>
    <trkpt lat="39.790595" lon="2.774498"/>
    <trkpt lat="39.790538" lon="2.774467"/>
    <trkpt lat="39.790482" lon="2.774457"/>
    <trkpt lat="39.790439" lon="2.774459"/>
    <trkpt lat="39.790405" lon="2.774470"/>
    <trkpt lat="39.790373" lon="2.774487"/>
    <trkpt lat="39.790350" lon="2.774505"/>
    <trkpt lat="39.790303" lon="2.774572"/>
    <trkpt lat="39.788320" lon="2.778362"/>
    <trkpt lat="39.788283" lon="2.778433"/>
    <trkpt lat="39.788253" lon="2.778509"/>
    <trkpt lat="39.788238" lon="2.778573"/>
    <trkpt lat="39.788234" lon="2.778646"/>
    <trkpt lat="39.788243" lon="2.778725"/>
    <trkpt lat="39.788266" lon="2.778791"/>
    <trkpt lat="39.788297" lon="2.778850"/>
    <trkpt lat="39.788340" lon="2.778908"/>
    <trkpt lat="39.788413" lon="2.778983"/>
    <trkpt lat="39.788604" lon="2.779144"/>
    <trkpt lat="39.788792" lon="2.779303"/>
    <trkpt lat="39.788856" lon="2.779359"/>
    <trkpt lat="39.788907" lon="2.779427"/>
    <trkpt lat="39.788959" lon="2.779510"/>
    <trkpt lat="39.789002" lon="2.779604"/>
    <trkpt lat="39.789143" lon="2.779953"/>
    <trkpt lat="39.789643" lon="2.781227"/>
    <trkpt lat="39.789978" lon="2.782088"/>
    <trkpt lat="39.790523" lon="2.783337"/>
    <trkpt lat="39.790651" lon="2.783585"/>
    <trkpt lat="39.790748" lon="2.783751"/>
    <trkpt lat="39.791770" lon="2.785358"/>
    <trkpt lat="39.792078" lon="2.785865"/>
    <trkpt lat="39.792345" lon="2.786248"/>
    <trkpt lat="39.792515" lon="2.786431"/>
    <trkpt lat="39.793058" lon="2.786895"/>
    <trkpt lat="39.793146" lon="2.786965"/>
    <trkpt lat="39.793221" lon="2.787033"/>
    <trkpt lat="39.793275" lon="2.787124"/>
    <trkpt lat="39.793466" lon="2.787567"/>
    <trkpt lat="39.793997" lon="2.788655"/>
    <trkpt lat="39.794085" lon="2.788789"/>
    <trkpt lat="39.794975" lon="2.789778"/>
    <trkpt lat="39.795003" lon="2.789822"/>
    <trkpt lat="39.795039" lon="2.789879"/>
    <trkpt lat="39.795067" lon="2.789967"/>
    <trkpt lat="39.795066" lon="2.790088"/>
    <trkpt lat="39.795051" lon="2.790178"/>
    <trkpt lat="39.795009" lon="2.790257"/>
    <trkpt lat="39.794959" lon="2.790309"/>
    <trkpt lat="39.794880" lon="2.790373"/>
    <trkpt lat="39.794774" lon="2.790376"/>
    <trkpt lat="39.794606" lon="2.790348"/>
    <trkpt lat="39.794398" lon="2.790309"/>
    <trkpt lat="39.793837" lon="2.790217"/>
    <trkpt lat="39.793564" lon="2.790169"/>
    <trkpt lat="39.793537" lon="2.790164"/>
    <trkpt lat="39.793400" lon="2.790153"/>
    <trkpt lat="39.793268" lon="2.790201"/>
    <trkpt lat="39.793174" lon="2.790282"/>
    <trkpt lat="39.792942" lon="2.790464"/>
    <trkpt lat="39.792741" lon="2.790638"/>
    <trkpt lat="39.792603" lon="2.790778"/>
    <trkpt lat="39.792318" lon="2.791152"/>
    <trkpt lat="39.792232" lon="2.791265"/>
    <trkpt lat="39.792137" lon="2.791321"/>
    <trkpt lat="39.792005" lon="2.791370"/>
    <trkpt lat="39.791841" lon="2.791417"/>
    <trkpt lat="39.791748" lon="2.791448"/>
    <trkpt lat="39.791704" lon="2.791489"/>
    <trkpt lat="39.791656" lon="2.791567"/>
    <trkpt lat="39.791643" lon="2.791691"/>
    <trkpt lat="39.791666" lon="2.791946"/>
    <trkpt lat="39.791768" lon="2.792513"/>
    <trkpt lat="39.791867" lon="2.792988"/>
    <trkpt lat="39.791975" lon="2.793508"/>
    <trkpt lat="39.792038" lon="2.794102"/>
    <trkpt lat="39.792066" lon="2.794710"/>
    <trkpt lat="39.792078" lon="2.795141"/>
    <trkpt lat="39.792092" lon="2.795647"/>
    <trkpt lat="39.792109" lon="2.796136"/>
    <trkpt lat="39.792104" lon="2.796307"/>
    <trkpt lat="39.792068" lon="2.796461"/>
    <trkpt lat="39.791975" lon="2.796587"/>
    <trkpt lat="39.791866" lon="2.796621"/>
    <trkpt lat="39.791747" lon="2.796604"/>
    <trkpt lat="39.791640" lon="2.796528"/>
    <trkpt lat="39.791484" lon="2.796218"/>
    <trkpt lat="39.791281" lon="2.795828"/>
    <trkpt lat="39.791140" lon="2.795629"/>
    <trkpt lat="39.790950" lon="2.795427"/>
    <trkpt lat="39.790713" lon="2.795272"/>
    <trkpt lat="39.790104" lon="2.795053"/>
    <trkpt lat="39.789815" lon="2.794892"/>
    <trkpt lat="39.789519" lon="2.794681"/>
    <trkpt lat="39.789378" lon="2.794616"/>
    <trkpt lat="39.789228" lon="2.794628"/>
    <trkpt lat="39.789095" lon="2.794698"/>
    <trkpt lat="39.788964" lon="2.794825"/>
    <trkpt lat="39.788898" lon="2.794958"/>
    <trkpt lat="39.788862" lon="2.795075"/>
    <trkpt lat="39.788546" lon="2.796652"/>
    <trkpt lat="39.788514" lon="2.796807"/>
    <trkpt lat="39.788458" lon="2.797029"/>
    <trkpt lat="39.788423" lon="2.797132"/>
    <trkpt lat="39.788385" lon="2.797184"/>
    <trkpt lat="39.788345" lon="2.797205"/>
    <trkpt lat="39.788289" lon="2.797218"/>
    <trkpt lat="39.788241" lon="2.797219"/>
    <trkpt lat="39.788202" lon="2.797199"/>
    <trkpt lat="39.788115" lon="2.797128"/>
    <trkpt lat="39.787876" lon="2.796933"/>
    <trkpt lat="39.787706" lon="2.796800"/>
    <trkpt lat="39.787647" lon="2.796777"/>
    <trkpt lat="39.787604" lon="2.796781"/>
    <trkpt lat="39.787558" lon="2.796794"/>
    <trkpt lat="39.787477" lon="2.796848"/>
    <trkpt lat="39.787420" lon="2.796905"/>
    <trkpt lat="39.787348" lon="2.796982"/>
    <trkpt lat="39.787302" lon="2.797031"/>
    <trkpt lat="39.787095" lon="2.797263"/>
    <trkpt lat="39.787076" lon="2.797284"/>
    <trkpt lat="39.786989" lon="2.797383"/>
    <trkpt lat="39.786925" lon="2.797457"/>
    <trkpt lat="39.786888" lon="2.797520"/>
    <trkpt lat="39.786875" lon="2.797565"/>
    <trkpt lat="39.786865" lon="2.797631"/>
    <trkpt lat="39.786873" lon="2.797718"/>
    <trkpt lat="39.786892" lon="2.797774"/>
    <trkpt lat="39.786909" lon="2.797814"/>
    <trkpt lat="39.787029" lon="2.798090"/>
    <trkpt lat="39.787083" lon="2.798208"/>
    <trkpt lat="39.787119" lon="2.798316"/>
    <trkpt lat="39.787147" lon="2.798436"/>
    <trkpt lat="39.787173" lon="2.798636"/>
    <trkpt lat="39.787193" lon="2.798809"/>
    <trkpt lat="39.787220" lon="2.798936"/>
    <trkpt lat="39.787228" lon="2.798962"/>
    <trkpt lat="39.787246" lon="2.799021"/>
    <trkpt lat="39.787318" lon="2.799159"/>
    <trkpt lat="39.787385" lon="2.799251"/>
    <trkpt lat="39.787425" lon="2.799309"/>
    <trkpt lat="39.787498" lon="2.799413"/>
    <trkpt lat="39.787556" lon="2.799498"/>
    <trkpt lat="39.787649" lon="2.799631"/>
    <trkpt lat="39.787822" lon="2.799918"/>
    <trkpt lat="39.787892" lon="2.800006"/>
    <trkpt lat="39.787962" lon="2.800070"/>
    <trkpt lat="39.788069" lon="2.800168"/>
    <trkpt lat="39.788374" lon="2.800408"/>
    <trkpt lat="39.788480" lon="2.800508"/>
    <trkpt lat="39.788687" lon="2.800741"/>
    <trkpt lat="39.788990" lon="2.801088"/>
    <trkpt lat="39.789160" lon="2.801278"/>
    <trkpt lat="39.789218" lon="2.801303"/>
    <trkpt lat="39.789301" lon="2.801306"/>
    <trkpt lat="39.789468" lon="2.801303"/>
    <trkpt lat="39.789755" lon="2.801269"/>
    <trkpt lat="39.789850" lon="2.801279"/>
    <trkpt lat="39.789915" lon="2.801310"/>
    <trkpt lat="39.789988" lon="2.801370"/>
    <trkpt lat="39.790259" lon="2.801885"/>
    <trkpt lat="39.790607" lon="2.802499"/>
    <trkpt lat="39.790731" lon="2.802675"/>
    <trkpt lat="39.790868" lon="2.802783"/>
    <trkpt lat="39.790955" lon="2.802832"/>
    <trkpt lat="39.791078" lon="2.802839"/>
    <trkpt lat="39.791199" lon="2.802822"/>
    <trkpt lat="39.791316" lon="2.802800"/>
    <trkpt lat="39.791417" lon="2.802780"/>
    <trkpt lat="39.791517" lon="2.802775"/>
    <trkpt lat="39.791603" lon="2.802802"/>
    <trkpt lat="39.791683" lon="2.802891"/>
    <trkpt lat="39.791788" lon="2.803081"/>
    <trkpt lat="39.791923" lon="2.803411"/>
    <trkpt lat="39.792154" lon="2.803965"/>
    <trkpt lat="39.792348" lon="2.804191"/>
    <trkpt lat="39.792550" lon="2.804337"/>
    <trkpt lat="39.792681" lon="2.804405"/>
    <trkpt lat="39.792749" lon="2.804454"/>
    <trkpt lat="39.792807" lon="2.804572"/>
    <trkpt lat="39.792839" lon="2.804712"/>
    <trkpt lat="39.792857" lon="2.804932"/>
    <trkpt lat="39.792825" lon="2.805131"/>
    <trkpt lat="39.792741" lon="2.805380"/>
    <trkpt lat="39.792704" lon="2.805586"/>
    <trkpt lat="39.792707" lon="2.805752"/>
    <trkpt lat="39.792840" lon="2.806665"/>
    <trkpt lat="39.792872" lon="2.806783"/>
    <trkpt lat="39.792923" lon="2.806941"/>
    <trkpt lat="39.793010" lon="2.807074"/>
    <trkpt lat="39.793189" lon="2.807308"/>
    <trkpt lat="39.793323" lon="2.807465"/>
    <trkpt lat="39.793570" lon="2.807759"/>
    <trkpt lat="39.793741" lon="2.807959"/>
    <trkpt lat="39.793796" lon="2.808001"/>
    <trkpt lat="39.794034" lon="2.808097"/>
    <trkpt lat="39.794407" lon="2.808223"/>
    <trkpt lat="39.794631" lon="2.808336"/>
    <trkpt lat="39.795165" lon="2.808655"/>
    <trkpt lat="39.795284" lon="2.808766"/>
    <trkpt lat="39.795417" lon="2.808946"/>
    <trkpt lat="39.795640" lon="2.809303"/>
    <trkpt lat="39.795734" lon="2.809445"/>
    <trkpt lat="39.796362" lon="2.810372"/>
    <trkpt lat="39.796466" lon="2.810480"/>
    <trkpt lat="39.796519" lon="2.810526"/>
    <trkpt lat="39.796613" lon="2.810594"/>
    <trkpt lat="39.796821" lon="2.810677"/>
    <trkpt lat="39.796987" lon="2.810713"/>
    <trkpt lat="39.797457" lon="2.810792"/>
    <trkpt lat="39.797646" lon="2.810795"/>
    <trkpt lat="39.797790" lon="2.810781"/>
    <trkpt lat="39.797939" lon="2.810722"/>
    <trkpt lat="39.798099" lon="2.810633"/>
    <trkpt lat="39.798724" lon="2.810260"/>
    <trkpt lat="39.798826" lon="2.810193"/>
    <trkpt lat="39.798915" lon="2.810154"/>
    <trkpt lat="39.799003" lon="2.810119"/>
    <trkpt lat="39.799098" lon="2.810123"/>
    <trkpt lat="39.799238" lon="2.810178"/>
    <trkpt lat="39.799355" lon="2.810288"/>
    <trkpt lat="39.799675" lon="2.810603"/>
    <trkpt lat="39.799987" lon="2.810903"/>
    <trkpt lat="39.800261" lon="2.811101"/>
    <trkpt lat="39.800404" lon="2.811195"/>
    <trkpt lat="39.800536" lon="2.811282"/>
    <trkpt lat="39.800700" lon="2.811416"/>
    <trkpt lat="39.801160" lon="2.811845"/>
    <trkpt lat="39.801530" lon="2.812238"/>
    <trkpt lat="39.801832" lon="2.812601"/>
    <trkpt lat="39.802163" lon="2.813016"/>
    <trkpt lat="39.802637" lon="2.813641"/>
    <trkpt lat="39.803580" lon="2.815023"/>
    <trkpt lat="39.803818" lon="2.815443"/>
    <trkpt lat="39.804006" lon="2.815733"/>
    <trkpt lat="39.804277" lon="2.816083"/>
    <trkpt lat="39.804627" lon="2.816494"/>
    <trkpt lat="39.804805" lon="2.816689"/>
    <trkpt lat="39.805020" lon="2.816879"/>
    <trkpt lat="39.805274" lon="2.817068"/>
    <trkpt lat="39.805467" lon="2.817242"/>
    <trkpt lat="39.805661" lon="2.817447"/>
    <trkpt lat="39.805846" lon="2.817696"/>
    <trkpt lat="39.806012" lon="2.817939"/>
    <trkpt lat="39.806181" lon="2.818192"/>
    <trkpt lat="39.806314" lon="2.818393"/>
    <trkpt lat="39.806419" lon="2.818533"/>
    <trkpt lat="39.806532" lon="2.818661"/>
    <trkpt lat="39.806753" lon="2.818871"/>
    <trkpt lat="39.806928" lon="2.819045"/>
    <trkpt lat="39.807207" lon="2.819302"/>
    <trkpt lat="39.807678" lon="2.819731"/>
    <trkpt lat="39.808323" lon="2.820350"/>
    <trkpt lat="39.808678" lon="2.820691"/>
    <trkpt lat="39.808768" lon="2.820795"/>
    <trkpt lat="39.809085" lon="2.821219"/>
    <trkpt lat="39.809207" lon="2.821361"/>
    <trkpt lat="39.809279" lon="2.821423"/>
    <trkpt lat="39.809363" lon="2.821481"/>
    <trkpt lat="39.809469" lon="2.821546"/>
    <trkpt lat="39.809681" lon="2.821683"/>
    <trkpt lat="39.809785" lon="2.821762"/>
    <trkpt lat="39.809923" lon="2.821878"/>
    <trkpt lat="39.810050" lon="2.822001"/>
    <trkpt lat="39.810507" lon="2.822446"/>
    <trkpt lat="39.810656" lon="2.822581"/>
    <trkpt lat="39.810753" lon="2.822643"/>
    <trkpt lat="39.810811" lon="2.822669"/>
    <trkpt lat="39.810869" lon="2.822666"/>
    <trkpt lat="39.810948" lon="2.822652"/>
    <trkpt lat="39.811004" lon="2.822609"/>
    <trkpt lat="39.812774" lon="2.820999"/>
    <trkpt lat="39.812864" lon="2.820876"/>
    <trkpt lat="39.812894" lon="2.820777"/>
    <trkpt lat="39.812911" lon="2.820643"/>
    <trkpt lat="39.812904" lon="2.819945"/>
    <trkpt lat="39.812902" lon="2.819817"/>
    <trkpt lat="39.812911" lon="2.819169"/>
    <trkpt lat="39.812912" lon="2.819090"/>
    <trkpt lat="39.812941" lon="2.818923"/>
    <trkpt lat="39.813007" lon="2.818796"/>
    <trkpt lat="39.813092" lon="2.818719"/>
    <trkpt lat="39.813214" lon="2.818683"/>
    <trkpt lat="39.813339" lon="2.818703"/>
    <trkpt lat="39.813451" lon="2.818805"/>
    <trkpt lat="39.813554" lon="2.819032"/>
    <trkpt lat="39.813585" lon="2.819190"/>
    <trkpt lat="39.813592" lon="2.819390"/>
    <trkpt lat="39.813580" lon="2.820121"/>
    <trkpt lat="39.813623" lon="2.820468"/>
    <trkpt lat="39.813672" lon="2.820626"/>
    <trkpt lat="39.814072" lon="2.821435"/>
    <trkpt lat="39.814212" lon="2.821789"/>
    <trkpt lat="39.814404" lon="2.822199"/>
    <trkpt lat="39.814561" lon="2.822425"/>
    <trkpt lat="39.814766" lon="2.822615"/>
    <trkpt lat="39.815052" lon="2.822883"/>
    <trkpt lat="39.815586" lon="2.823374"/>
    <trkpt lat="39.815750" lon="2.823541"/>
    <trkpt lat="39.815833" lon="2.823655"/>
    <trkpt lat="39.815899" lon="2.823763"/>
    <trkpt lat="39.815972" lon="2.823896"/>
    <trkpt lat="39.816049" lon="2.824050"/>
    <trkpt lat="39.816093" lon="2.824169"/>
    <trkpt lat="39.816133" lon="2.824152"/>
    <trkpt lat="39.816151" lon="2.824141"/>
    <trkpt lat="39.816172" lon="2.824123"/>
    <trkpt lat="39.816193" lon="2.824096"/>
    <trkpt lat="39.816203" lon="2.824073"/>
    <trkpt lat="39.816213" lon="2.824042"/>
    <trkpt lat="39.816218" lon="2.824005"/>
    <trkpt lat="39.816219" lon="2.823970"/>
    <trkpt lat="39.816204" lon="2.823921"/>
    <trkpt lat="39.816149" lon="2.823798"/>
    <trkpt lat="39.816078" lon="2.823697"/>
    <trkpt lat="39.816007" lon="2.823599"/>
    <trkpt lat="39.815976" lon="2.823558"/>
    <trkpt lat="39.815896" lon="2.823459"/>
    <trkpt lat="39.815704" lon="2.823249"/>
    <trkpt lat="39.815336" lon="2.822844"/>
    <trkpt lat="39.815222" lon="2.822700"/>
    <trkpt lat="39.815154" lon="2.822597"/>
    <trkpt lat="39.815140" lon="2.822554"/>
    <trkpt lat="39.815138" lon="2.822514"/>
    <trkpt lat="39.815145" lon="2.822473"/>
    <trkpt lat="39.815158" lon="2.822442"/>
    <trkpt lat="39.815250" lon="2.822307"/>
    <trkpt lat="39.815280" lon="2.822262"/>
    <trkpt lat="39.815452" lon="2.822039"/>
    <trkpt lat="39.815496" lon="2.822008"/>
    <trkpt lat="39.815544" lon="2.821985"/>
    <trkpt lat="39.815594" lon="2.821964"/>
    <trkpt lat="39.815645" lon="2.821957"/>
    <trkpt lat="39.815695" lon="2.821956"/>
    <trkpt lat="39.815743" lon="2.821967"/>
    <trkpt lat="39.815799" lon="2.821995"/>
    <trkpt lat="39.815935" lon="2.822086"/>
    <trkpt lat="39.815984" lon="2.822117"/>
    <trkpt lat="39.816024" lon="2.822130"/>
    <trkpt lat="39.816074" lon="2.822135"/>
    <trkpt lat="39.816122" lon="2.822124"/>
    <trkpt lat="39.816172" lon="2.822106"/>
    <trkpt lat="39.816228" lon="2.822073"/>
    <trkpt lat="39.816638" lon="2.821746"/>
    <trkpt lat="39.816718" lon="2.821667"/>
    <trkpt lat="39.817236" lon="2.821070"/>
    <trkpt lat="39.817304" lon="2.820991"/>
    <trkpt lat="39.817351" lon="2.820923"/>
    <trkpt lat="39.817395" lon="2.820838"/>
    <trkpt lat="39.817432" lon="2.820745"/>
    <trkpt lat="39.817462" lon="2.820639"/>
    <trkpt lat="39.817489" lon="2.820502"/>
    <trkpt lat="39.817520" lon="2.820275"/>
    <trkpt lat="39.817609" lon="2.819591"/>
    <trkpt lat="39.817641" lon="2.819441"/>
    <trkpt lat="39.817687" lon="2.819305"/>
    <trkpt lat="39.818273" lon="2.817797"/>
    <trkpt lat="39.818358" lon="2.817533"/>
    <trkpt lat="39.818452" lon="2.817129"/>
    <trkpt lat="39.818641" lon="2.816303"/>
    <trkpt lat="39.818673" lon="2.816105"/>
    <trkpt lat="39.818689" lon="2.815952"/>
    <trkpt lat="39.818725" lon="2.815406"/>
    <trkpt lat="39.818733" lon="2.815317"/>
    <trkpt lat="39.818752" lon="2.815258"/>
    <trkpt lat="39.818781" lon="2.815210"/>
    <trkpt lat="39.818807" lon="2.815179"/>
    <trkpt lat="39.818838" lon="2.815160"/>
    <trkpt lat="39.818881" lon="2.815149"/>
    <trkpt lat="39.818934" lon="2.815146"/>
    <trkpt lat="39.818996" lon="2.815150"/>
    <trkpt lat="39.819083" lon="2.815165"/>
    <trkpt lat="39.819260" lon="2.815209"/>
    <trkpt lat="39.819344" lon="2.815235"/>
    <trkpt lat="39.819420" lon="2.815275"/>
    <trkpt lat="39.819488" lon="2.815328"/>
    <trkpt lat="39.819546" lon="2.815381"/>
    <trkpt lat="39.819612" lon="2.815458"/>
    <trkpt lat="39.819677" lon="2.815543"/>
    <trkpt lat="39.819745" lon="2.815648"/>
    <trkpt lat="39.819908" lon="2.815961"/>
    <trkpt lat="39.819939" lon="2.816012"/>
    <trkpt lat="39.819970" lon="2.816050"/>
    <trkpt lat="39.820003" lon="2.816077"/>
    <trkpt lat="39.820044" lon="2.816096"/>
    <trkpt lat="39.820089" lon="2.816102"/>
    <trkpt lat="39.820127" lon="2.816101"/>
    <trkpt lat="39.820164" lon="2.816089"/>
    <trkpt lat="39.820193" lon="2.816072"/>
    <trkpt lat="39.820234" lon="2.816033"/>
    <trkpt lat="39.820288" lon="2.815970"/>
    <trkpt lat="39.820850" lon="2.815254"/>
    <trkpt lat="39.820899" lon="2.815206"/>
    <trkpt lat="39.820955" lon="2.815166"/>
    <trkpt lat="39.821013" lon="2.815141"/>
    <trkpt lat="39.821067" lon="2.815128"/>
    <trkpt lat="39.821136" lon="2.815119"/>
    <trkpt lat="39.821206" lon="2.815116"/>
    <trkpt lat="39.821277" lon="2.815123"/>
    <trkpt lat="39.821353" lon="2.815143"/>
    <trkpt lat="39.821739" lon="2.815280"/>
    <trkpt lat="39.821781" lon="2.815287"/>
    <trkpt lat="39.821818" lon="2.815280"/>
    <trkpt lat="39.821844" lon="2.815257"/>
    <trkpt lat="39.821861" lon="2.815219"/>
    <trkpt lat="39.821868" lon="2.815180"/>
    <trkpt lat="39.821860" lon="2.815138"/>
    <trkpt lat="39.821842" lon="2.815101"/>
    <trkpt lat="39.821820" lon="2.815073"/>
    <trkpt lat="39.821780" lon="2.815054"/>
    <trkpt lat="39.821635" lon="2.815014"/>
    <trkpt lat="39.821576" lon="2.814992"/>
    <trkpt lat="39.821512" lon="2.814944"/>
    <trkpt lat="39.821376" lon="2.814809"/>
    <trkpt lat="39.821290" lon="2.814730"/>
    <trkpt lat="39.821222" lon="2.814680"/>
    <trkpt lat="39.821149" lon="2.814636"/>
    <trkpt lat="39.821068" lon="2.814605"/>
    <trkpt lat="39.820986" lon="2.814584"/>
    <trkpt lat="39.820909" lon="2.814578"/>
    <trkpt lat="39.820848" lon="2.814585"/>
    <trkpt lat="39.820725" lon="2.814608"/>
    <trkpt lat="39.820679" lon="2.814608"/>
    <trkpt lat="39.820636" lon="2.814595"/>
    <trkpt lat="39.820599" lon="2.814578"/>
    <trkpt lat="39.820571" lon="2.814550"/>
    <trkpt lat="39.820547" lon="2.814513"/>
    <trkpt lat="39.820535" lon="2.814469"/>
    <trkpt lat="39.820531" lon="2.814425"/>
    <trkpt lat="39.820535" lon="2.814376"/>
    <trkpt lat="39.820555" lon="2.814330"/>
    <trkpt lat="39.820579" lon="2.814298"/>
    <trkpt lat="39.820607" lon="2.814278"/>
    <trkpt lat="39.820644" lon="2.814269"/>
    <trkpt lat="39.820686" lon="2.814268"/>
    <trkpt lat="39.820733" lon="2.814276"/>
    <trkpt lat="39.820883" lon="2.814326"/>
    <trkpt lat="39.820992" lon="2.814357"/>
    <trkpt lat="39.821082" lon="2.814375"/>
    <trkpt lat="39.821277" lon="2.814402"/>
    <trkpt lat="39.821433" lon="2.814414"/>
    <trkpt lat="39.821490" lon="2.814428"/>
    <trkpt lat="39.821539" lon="2.814447"/>
    <trkpt lat="39.821591" lon="2.814475"/>
    <trkpt lat="39.821650" lon="2.814507"/>
    <trkpt lat="39.821730" lon="2.814543"/>
    <trkpt lat="39.821776" lon="2.814561"/>
    <trkpt lat="39.821826" lon="2.814570"/>
    <trkpt lat="39.821874" lon="2.814571"/>
    <trkpt lat="39.821927" lon="2.814564"/>
    <trkpt lat="39.822075" lon="2.814530"/>
    <trkpt lat="39.822127" lon="2.814525"/>
    <trkpt lat="39.822174" lon="2.814529"/>
    <trkpt lat="39.822219" lon="2.814548"/>
    <trkpt lat="39.822254" lon="2.814580"/>
    <trkpt lat="39.822280" lon="2.814617"/>
    <trkpt lat="39.822299" lon="2.814664"/>
    <trkpt lat="39.822320" lon="2.814731"/>
    <trkpt lat="39.822333" lon="2.814791"/>
    <trkpt lat="39.822351" lon="2.814910"/>
    <trkpt lat="39.822363" lon="2.814974"/>
    <trkpt lat="39.822383" lon="2.815042"/>
    <trkpt lat="39.822408" lon="2.815097"/>
    <trkpt lat="39.822488" lon="2.815201"/>
    <trkpt lat="39.822736" lon="2.815480"/>
    <trkpt lat="39.823087" lon="2.815795"/>
    <trkpt lat="39.823127" lon="2.815822"/>
    <trkpt lat="39.823176" lon="2.815844"/>
    <trkpt lat="39.823230" lon="2.815854"/>
    <trkpt lat="39.823278" lon="2.815856"/>
    <trkpt lat="39.823397" lon="2.815842"/>
    <trkpt lat="39.823485" lon="2.815821"/>
    <trkpt lat="39.823581" lon="2.815790"/>
    <trkpt lat="39.823662" lon="2.815757"/>
    <trkpt lat="39.823749" lon="2.815710"/>
    <trkpt lat="39.823812" lon="2.815668"/>
    <trkpt lat="39.823877" lon="2.815621"/>
    <trkpt lat="39.823931" lon="2.815575"/>
    <trkpt lat="39.823999" lon="2.815508"/>
    <trkpt lat="39.824057" lon="2.815433"/>
    <trkpt lat="39.824119" lon="2.815336"/>
    <trkpt lat="39.824185" lon="2.815247"/>
    <trkpt lat="39.824376" lon="2.815067"/>
    <trkpt lat="39.824647" lon="2.814837"/>
    <trkpt lat="39.824782" lon="2.814716"/>
    <trkpt lat="39.824820" lon="2.814694"/>
    <trkpt lat="39.824852" lon="2.814683"/>
    <trkpt lat="39.824886" lon="2.814682"/>
    <trkpt lat="39.824914" lon="2.814689"/>
    <trkpt lat="39.824944" lon="2.814702"/>
    <trkpt lat="39.824970" lon="2.814718"/>
    <trkpt lat="39.824996" lon="2.814747"/>
    <trkpt lat="39.825012" lon="2.814781"/>
    <trkpt lat="39.825023" lon="2.814828"/>
    <trkpt lat="39.825025" lon="2.814883"/>
    <trkpt lat="39.825020" lon="2.814943"/>
    <trkpt lat="39.825010" lon="2.815022"/>
    <trkpt lat="39.824971" lon="2.815257"/>
    <trkpt lat="39.824961" lon="2.815326"/>
    <trkpt lat="39.824961" lon="2.815390"/>
    <trkpt lat="39.824967" lon="2.815443"/>
    <trkpt lat="39.824978" lon="2.815489"/>
    <trkpt lat="39.824996" lon="2.815537"/>
    <trkpt lat="39.825018" lon="2.815578"/>
    <trkpt lat="39.825089" lon="2.815665"/>
    <trkpt lat="39.825136" lon="2.815733"/>
    <trkpt lat="39.825165" lon="2.815781"/>
    <trkpt lat="39.825184" lon="2.815830"/>
    <trkpt lat="39.825199" lon="2.815887"/>
    <trkpt lat="39.825210" lon="2.815941"/>
    <trkpt lat="39.825218" lon="2.816008"/>
    <trkpt lat="39.825222" lon="2.816081"/>
    <trkpt lat="39.825220" lon="2.816149"/>
    <trkpt lat="39.825210" lon="2.816288"/>
    <trkpt lat="39.825207" lon="2.816341"/>
    <trkpt lat="39.825211" lon="2.816390"/>
    <trkpt lat="39.825225" lon="2.816437"/>
    <trkpt lat="39.825242" lon="2.816479"/>
    <trkpt lat="39.825268" lon="2.816527"/>
    <trkpt lat="39.825334" lon="2.816626"/>
    <trkpt lat="39.825551" lon="2.816908"/>
    <trkpt lat="39.825631" lon="2.816995"/>
    <trkpt lat="39.825718" lon="2.817073"/>
    <trkpt lat="39.825792" lon="2.817130"/>
    <trkpt lat="39.825876" lon="2.817193"/>
    <trkpt lat="39.826019" lon="2.817286"/>
    <trkpt lat="39.826065" lon="2.817310"/>
    <trkpt lat="39.826112" lon="2.817328"/>
    <trkpt lat="39.826167" lon="2.817342"/>
    <trkpt lat="39.826222" lon="2.817353"/>
    <trkpt lat="39.826286" lon="2.817356"/>
    <trkpt lat="39.826471" lon="2.817357"/>
    <trkpt lat="39.826527" lon="2.817368"/>
    <trkpt lat="39.826580" lon="2.817386"/>
    <trkpt lat="39.826628" lon="2.817412"/>
    <trkpt lat="39.826680" lon="2.817441"/>
    <trkpt lat="39.826725" lon="2.817474"/>
    <trkpt lat="39.826766" lon="2.817512"/>
    <trkpt lat="39.826807" lon="2.817561"/>
    <trkpt lat="39.826840" lon="2.817611"/>
    <trkpt lat="39.826929" lon="2.817755"/>
    <trkpt lat="39.826968" lon="2.817809"/>
    <trkpt lat="39.827007" lon="2.817854"/>
    <trkpt lat="39.827055" lon="2.817894"/>
    <trkpt lat="39.827109" lon="2.817936"/>
    <trkpt lat="39.827169" lon="2.817968"/>
    <trkpt lat="39.827229" lon="2.817992"/>
    <trkpt lat="39.827279" lon="2.818007"/>
    <trkpt lat="39.827324" lon="2.818016"/>
    <trkpt lat="39.827366" lon="2.818021"/>
    <trkpt lat="39.827413" lon="2.818021"/>
    <trkpt lat="39.827457" lon="2.818014"/>
    <trkpt lat="39.827498" lon="2.818002"/>
    <trkpt lat="39.827539" lon="2.817986"/>
    <trkpt lat="39.827714" lon="2.817887"/>
    <trkpt lat="39.827870" lon="2.817794"/>
    <trkpt lat="39.827993" lon="2.817709"/>
    <trkpt lat="39.828053" lon="2.817664"/>
    <trkpt lat="39.828447" lon="2.817336"/>
    <trkpt lat="39.828534" lon="2.817272"/>
    <trkpt lat="39.828597" lon="2.817236"/>
    <trkpt lat="39.828645" lon="2.817216"/>
    <trkpt lat="39.828689" lon="2.817202"/>
    <trkpt lat="39.828747" lon="2.817195"/>
    <trkpt lat="39.828813" lon="2.817197"/>
    <trkpt lat="39.828924" lon="2.817210"/>
    <trkpt lat="39.829037" lon="2.817213"/>
    <trkpt lat="39.829126" lon="2.817212"/>
    <trkpt lat="39.829203" lon="2.817204"/>
    <trkpt lat="39.829284" lon="2.817185"/>
    <trkpt lat="39.829373" lon="2.817165"/>
    <trkpt lat="39.829484" lon="2.817126"/>
    <trkpt lat="39.830227" lon="2.816791"/>
    <trkpt lat="39.830336" lon="2.816749"/>
    <trkpt lat="39.830435" lon="2.816717"/>
    <trkpt lat="39.830628" lon="2.816666"/>
    <trkpt lat="39.830995" lon="2.816552"/>
    <trkpt lat="39.831375" lon="2.816448"/>
    <trkpt lat="39.831655" lon="2.816363"/>
    <trkpt lat="39.831691" lon="2.816347"/>
    <trkpt lat="39.831729" lon="2.816325"/>
    <trkpt lat="39.831764" lon="2.816296"/>
    <trkpt lat="39.831800" lon="2.816261"/>
    <trkpt lat="39.831831" lon="2.816224"/>
    <trkpt lat="39.831893" lon="2.816138"/>
    <trkpt lat="39.831987" lon="2.816007"/>
    <trkpt lat="39.832063" lon="2.815899"/>
    <trkpt lat="39.832128" lon="2.815818"/>
    <trkpt lat="39.832159" lon="2.815787"/>
    <trkpt lat="39.832199" lon="2.815756"/>
    <trkpt lat="39.832233" lon="2.815737"/>
    <trkpt lat="39.832268" lon="2.815723"/>
    <trkpt lat="39.832304" lon="2.815720"/>
    <trkpt lat="39.832336" lon="2.815721"/>
    <trkpt lat="39.832369" lon="2.815731"/>
    <trkpt lat="39.832399" lon="2.815743"/>
    <trkpt lat="39.832432" lon="2.815766"/>
    <trkpt lat="39.832456" lon="2.815792"/>
    <trkpt lat="39.832476" lon="2.815821"/>
    <trkpt lat="39.832496" lon="2.815852"/>
    <trkpt lat="39.832507" lon="2.815884"/>
    <trkpt lat="39.832513" lon="2.815914"/>
    <trkpt lat="39.832516" lon="2.815950"/>
    <trkpt lat="39.832514" lon="2.815990"/>
    <trkpt lat="39.832507" lon="2.816029"/>
    <trkpt lat="39.832493" lon="2.816067"/>
    <trkpt lat="39.832473" lon="2.816098"/>
    <trkpt lat="39.832449" lon="2.816123"/>
    <trkpt lat="39.832422" lon="2.816141"/>
    <trkpt lat="39.832393" lon="2.816153"/>
    <trkpt lat="39.832361" lon="2.816159"/>
    <trkpt lat="39.832329" lon="2.816159"/>
    <trkpt lat="39.832294" lon="2.816154"/>
    <trkpt lat="39.832249" lon="2.816141"/>
    <trkpt lat="39.832189" lon="2.816116"/>
    <trkpt lat="39.832151" lon="2.816091"/>
    <trkpt lat="39.832103" lon="2.816046"/>
    <trkpt lat="39.832055" lon="2.815998"/>
    <trkpt lat="39.831999" lon="2.815932"/>
    <trkpt lat="39.831962" lon="2.815887"/>
    <trkpt lat="39.831927" lon="2.815855"/>
    <trkpt lat="39.831886" lon="2.815823"/>
    <trkpt lat="39.831832" lon="2.815789"/>
    <trkpt lat="39.831793" lon="2.815773"/>
    <trkpt lat="39.831754" lon="2.815762"/>
    <trkpt lat="39.831710" lon="2.815757"/>
    <trkpt lat="39.831667" lon="2.815758"/>
    <trkpt lat="39.831624" lon="2.815763"/>
    <trkpt lat="39.831565" lon="2.815778"/>
    <trkpt lat="39.831493" lon="2.815801"/>
    <trkpt lat="39.830879" lon="2.816034"/>
    <trkpt lat="39.830829" lon="2.816048"/>
    <trkpt lat="39.830778" lon="2.816058"/>
    <trkpt lat="39.830725" lon="2.816061"/>
    <trkpt lat="39.830659" lon="2.816058"/>
    <trkpt lat="39.830589" lon="2.816052"/>
    <trkpt lat="39.830529" lon="2.816038"/>
    <trkpt lat="39.830434" lon="2.815999"/>
    <trkpt lat="39.830346" lon="2.815959"/>
    <trkpt lat="39.830324" lon="2.815945"/>
    <trkpt lat="39.830307" lon="2.815927"/>
    <trkpt lat="39.830294" lon="2.815905"/>
    <trkpt lat="39.830286" lon="2.815879"/>
    <trkpt lat="39.830283" lon="2.815851"/>
    <trkpt lat="39.830283" lon="2.815818"/>
    <trkpt lat="39.830287" lon="2.815784"/>
    <trkpt lat="39.830295" lon="2.815753"/>
    <trkpt lat="39.830390" lon="2.815538"/>
    <trkpt lat="39.830407" lon="2.815488"/>
    <trkpt lat="39.830419" lon="2.815443"/>
    <trkpt lat="39.830425" lon="2.815387"/>
    <trkpt lat="39.830428" lon="2.815340"/>
    <trkpt lat="39.830410" lon="2.815199"/>
    <trkpt lat="39.830395" lon="2.815159"/>
    <trkpt lat="39.830369" lon="2.815127"/>
    <trkpt lat="39.830341" lon="2.815106"/>
    <trkpt lat="39.830309" lon="2.815098"/>
    <trkpt lat="39.830277" lon="2.815095"/>
    <trkpt lat="39.830243" lon="2.815098"/>
    <trkpt lat="39.829640" lon="2.815241"/>
    <trkpt lat="39.829581" lon="2.815250"/>
    <trkpt lat="39.829546" lon="2.815251"/>
    <trkpt lat="39.829515" lon="2.815245"/>
    <trkpt lat="39.829490" lon="2.815237"/>
    <trkpt lat="39.829468" lon="2.815219"/>
    <trkpt lat="39.829444" lon="2.815189"/>
    <trkpt lat="39.829423" lon="2.815151"/>
    <trkpt lat="39.829399" lon="2.815083"/>
    <trkpt lat="39.829347" lon="2.814895"/>
    <trkpt lat="39.829317" lon="2.814795"/>
    <trkpt lat="39.829281" lon="2.814715"/>
    <trkpt lat="39.829253" lon="2.814663"/>
    <trkpt lat="39.829221" lon="2.814606"/>
    <trkpt lat="39.829207" lon="2.814563"/>
    <trkpt lat="39.829200" lon="2.814519"/>
    <trkpt lat="39.829202" lon="2.814471"/>
    <trkpt lat="39.829210" lon="2.814425"/>
    <trkpt lat="39.829224" lon="2.814385"/>
    <trkpt lat="39.829246" lon="2.814359"/>
    <trkpt lat="39.829297" lon="2.814324"/>
    <trkpt lat="39.829424" lon="2.814239"/>
    <trkpt lat="39.829481" lon="2.814179"/>
    <trkpt lat="39.829532" lon="2.814110"/>
    <trkpt lat="39.829580" lon="2.814033"/>
    <trkpt lat="39.829664" lon="2.813873"/>
    <trkpt lat="39.829826" lon="2.813567"/>
    <trkpt lat="39.829856" lon="2.813524"/>
    <trkpt lat="39.829877" lon="2.813506"/>
    <trkpt lat="39.829899" lon="2.813500"/>
    <trkpt lat="39.829920" lon="2.813498"/>
    <trkpt lat="39.829944" lon="2.813507"/>
    <trkpt lat="39.829960" lon="2.813521"/>
    <trkpt lat="39.829972" lon="2.813543"/>
    <trkpt lat="39.829977" lon="2.813568"/>
    <trkpt lat="39.829973" lon="2.813599"/>
    <trkpt lat="39.829964" lon="2.813634"/>
    <trkpt lat="39.829907" lon="2.813761"/>
    <trkpt lat="39.829816" lon="2.813996"/>
    <trkpt lat="39.829784" lon="2.814077"/>
    <trkpt lat="39.829637" lon="2.814433"/>
    <trkpt lat="39.829627" lon="2.814479"/>
    <trkpt lat="39.829624" lon="2.814521"/>
    <trkpt lat="39.829629" lon="2.814562"/>
    <trkpt lat="39.829642" lon="2.814599"/>
    <trkpt lat="39.829661" lon="2.814629"/>
    <trkpt lat="39.829680" lon="2.814648"/>
    <trkpt lat="39.829704" lon="2.814661"/>
    <trkpt lat="39.829736" lon="2.814668"/>
    <trkpt lat="39.829767" lon="2.814665"/>
    <trkpt lat="39.829799" lon="2.814654"/>
    <trkpt lat="39.829824" lon="2.814637"/>
    <trkpt lat="39.829845" lon="2.814611"/>
    <trkpt lat="39.829863" lon="2.814572"/>
    <trkpt lat="39.829879" lon="2.814515"/>
    <trkpt lat="39.829916" lon="2.814319"/>
    <trkpt lat="39.829941" lon="2.814195"/>
    <trkpt lat="39.829968" lon="2.814104"/>
    <trkpt lat="39.830006" lon="2.814005"/>
    <trkpt lat="39.830050" lon="2.813913"/>
    <trkpt lat="39.830102" lon="2.813825"/>
    <trkpt lat="39.830157" lon="2.813751"/>
    <trkpt lat="39.830240" lon="2.813654"/>
    <trkpt lat="39.830285" lon="2.813613"/>
    <trkpt lat="39.830328" lon="2.813589"/>
    <trkpt lat="39.830350" lon="2.813582"/>
    <trkpt lat="39.830374" lon="2.813583"/>
    <trkpt lat="39.830395" lon="2.813591"/>
    <trkpt lat="39.830410" lon="2.813605"/>
    <trkpt lat="39.830420" lon="2.813623"/>
    <trkpt lat="39.830425" lon="2.813646"/>
    <trkpt lat="39.830425" lon="2.813673"/>
    <trkpt lat="39.830421" lon="2.813696"/>
    <trkpt lat="39.830412" lon="2.813721"/>
    <trkpt lat="39.830393" lon="2.813745"/>
    <trkpt lat="39.830353" lon="2.813787"/>
    <trkpt lat="39.830218" lon="2.813951"/>
    <trkpt lat="39.830202" lon="2.813981"/>
    <trkpt lat="39.830192" lon="2.814013"/>
    <trkpt lat="39.830187" lon="2.814056"/>
    <trkpt lat="39.830190" lon="2.814100"/>
    <trkpt lat="39.830198" lon="2.814134"/>
    <trkpt lat="39.830210" lon="2.814165"/>
    <trkpt lat="39.830229" lon="2.814196"/>
    <trkpt lat="39.830250" lon="2.814214"/>
    <trkpt lat="39.830273" lon="2.814224"/>
    <trkpt lat="39.830299" lon="2.814228"/>
    <trkpt lat="39.830330" lon="2.814223"/>
    <trkpt lat="39.830359" lon="2.814211"/>
    <trkpt lat="39.830492" lon="2.814114"/>
    <trkpt lat="39.830527" lon="2.814095"/>
    <trkpt lat="39.830559" lon="2.814086"/>
    <trkpt lat="39.830594" lon="2.814083"/>
    <trkpt lat="39.830631" lon="2.814092"/>
    <trkpt lat="39.830687" lon="2.814106"/>
    <trkpt lat="39.830742" lon="2.814128"/>
    <trkpt lat="39.830803" lon="2.814160"/>
    <trkpt lat="39.830852" lon="2.814197"/>
    <trkpt lat="39.830972" lon="2.814287"/>
    <trkpt lat="39.831047" lon="2.814353"/>
    <trkpt lat="39.831105" lon="2.814421"/>
    <trkpt lat="39.831149" lon="2.814486"/>
    <trkpt lat="39.831366" lon="2.814816"/>
    <trkpt lat="39.831398" lon="2.814852"/>
    <trkpt lat="39.831431" lon="2.814877"/>
    <trkpt lat="39.831476" lon="2.814892"/>
    <trkpt lat="39.831518" lon="2.814891"/>
    <trkpt lat="39.831555" lon="2.814881"/>
    <trkpt lat="39.831593" lon="2.814861"/>
    <trkpt lat="39.831949" lon="2.814628"/>
    <trkpt lat="39.832071" lon="2.814561"/>
    <trkpt lat="39.832164" lon="2.814522"/>
    <trkpt lat="39.832346" lon="2.814466"/>
    <trkpt lat="39.832473" lon="2.814404"/>
    <trkpt lat="39.832597" lon="2.814328"/>
    <trkpt lat="39.832700" lon="2.814241"/>
    <trkpt lat="39.832794" lon="2.814124"/>
    <trkpt lat="39.832890" lon="2.813977"/>
    <trkpt lat="39.832990" lon="2.813791"/>
    <trkpt lat="39.833046" lon="2.813665"/>
    <trkpt lat="39.833108" lon="2.813472"/>
    <trkpt lat="39.833366" lon="2.812613"/>
    <trkpt lat="39.833525" lon="2.812084"/>
    <trkpt lat="39.833537" lon="2.812035"/>
    <trkpt lat="39.833542" lon="2.811991"/>
    <trkpt lat="39.833540" lon="2.811945"/>
    <trkpt lat="39.833527" lon="2.811911"/>
    <trkpt lat="39.833511" lon="2.811890"/>
    <trkpt lat="39.833492" lon="2.811876"/>
    <trkpt lat="39.833465" lon="2.811868"/>
    <trkpt lat="39.833440" lon="2.811873"/>
    <trkpt lat="39.833417" lon="2.811885"/>
    <trkpt lat="39.833394" lon="2.811905"/>
    <trkpt lat="39.833378" lon="2.811930"/>
    <trkpt lat="39.833363" lon="2.811963"/>
    <trkpt lat="39.833331" lon="2.812052"/>
    <trkpt lat="39.833229" lon="2.812362"/>
    <trkpt lat="39.832953" lon="2.813184"/>
    <trkpt lat="39.832908" lon="2.813286"/>
    <trkpt lat="39.832858" lon="2.813364"/>
    <trkpt lat="39.832799" lon="2.813438"/>
    <trkpt lat="39.832750" lon="2.813493"/>
    <trkpt lat="39.832676" lon="2.813557"/>
    <trkpt lat="39.832604" lon="2.813613"/>
    <trkpt lat="39.832526" lon="2.813660"/>
    <trkpt lat="39.832432" lon="2.813710"/>
    <trkpt lat="39.832323" lon="2.813752"/>
    <trkpt lat="39.832126" lon="2.813821"/>
    <trkpt lat="39.832017" lon="2.813849"/>
    <trkpt lat="39.831907" lon="2.813875"/>
    <trkpt lat="39.831859" lon="2.813879"/>
    <trkpt lat="39.831814" lon="2.813876"/>
    <trkpt lat="39.831772" lon="2.813867"/>
    <trkpt lat="39.831734" lon="2.813848"/>
    <trkpt lat="39.831702" lon="2.813824"/>
    <trkpt lat="39.831677" lon="2.813799"/>
    <trkpt lat="39.831659" lon="2.813767"/>
    <trkpt lat="39.831648" lon="2.813730"/>
    <trkpt lat="39.831646" lon="2.813686"/>
    <trkpt lat="39.831654" lon="2.813640"/>
    <trkpt lat="39.831670" lon="2.813603"/>
    <trkpt lat="39.831697" lon="2.813561"/>
    <trkpt lat="39.831789" lon="2.813429"/>
    <trkpt lat="39.831818" lon="2.813371"/>
    <trkpt lat="39.831848" lon="2.813294"/>
    <trkpt lat="39.831875" lon="2.813198"/>
    <trkpt lat="39.831900" lon="2.813087"/>
    <trkpt lat="39.831920" lon="2.812969"/>
    <trkpt lat="39.831934" lon="2.812853"/>
    <trkpt lat="39.831959" lon="2.812469"/>
    <trkpt lat="39.831970" lon="2.812426"/>
    <trkpt lat="39.831986" lon="2.812399"/>
    <trkpt lat="39.832009" lon="2.812377"/>
    <trkpt lat="39.832032" lon="2.812370"/>
    <trkpt lat="39.832055" lon="2.812366"/>
    <trkpt lat="39.832081" lon="2.812373"/>
    <trkpt lat="39.832104" lon="2.812385"/>
    <trkpt lat="39.832130" lon="2.812410"/>
    <trkpt lat="39.832146" lon="2.812440"/>
    <trkpt lat="39.832158" lon="2.812480"/>
    <trkpt lat="39.832162" lon="2.812527"/>
    <trkpt lat="39.832157" lon="2.812572"/>
    <trkpt lat="39.832130" lon="2.812710"/>
    <trkpt lat="39.832123" lon="2.812775"/>
    <trkpt lat="39.832125" lon="2.812829"/>
    <trkpt lat="39.832136" lon="2.812876"/>
    <trkpt lat="39.832151" lon="2.812915"/>
    <trkpt lat="39.832173" lon="2.812946"/>
    <trkpt lat="39.832208" lon="2.812976"/>
    <trkpt lat="39.832245" lon="2.812997"/>
    <trkpt lat="39.832277" lon="2.813009"/>
    <trkpt lat="39.832318" lon="2.813013"/>
    <trkpt lat="39.832378" lon="2.813006"/>
    <trkpt lat="39.832434" lon="2.812992"/>
    <trkpt lat="39.832488" lon="2.812971"/>
    <trkpt lat="39.832535" lon="2.812945"/>
    <trkpt lat="39.832582" lon="2.812908"/>
    <trkpt lat="39.832627" lon="2.812851"/>
    <trkpt lat="39.832663" lon="2.812790"/>
    <trkpt lat="39.832681" lon="2.812740"/>
    <trkpt lat="39.832691" lon="2.812700"/>
    <trkpt lat="39.832692" lon="2.812652"/>
    <trkpt lat="39.832685" lon="2.812608"/>
    <trkpt lat="39.832670" lon="2.812558"/>
    <trkpt lat="39.832639" lon="2.812504"/>
    <trkpt lat="39.832595" lon="2.812449"/>
    <trkpt lat="39.832367" lon="2.812179"/>
    <trkpt lat="39.832324" lon="2.812109"/>
    <trkpt lat="39.832294" lon="2.812041"/>
    <trkpt lat="39.832274" lon="2.811966"/>
    <trkpt lat="39.832224" lon="2.811736"/>
    <trkpt lat="39.832193" lon="2.811563"/>
    <trkpt lat="39.832176" lon="2.811430"/>
    <trkpt lat="39.832140" lon="2.811072"/>
    <trkpt lat="39.832130" lon="2.811007"/>
    <trkpt lat="39.832120" lon="2.810966"/>
    <trkpt lat="39.832105" lon="2.810927"/>
    <trkpt lat="39.832080" lon="2.810891"/>
    <trkpt lat="39.832050" lon="2.810860"/>
    <trkpt lat="39.831963" lon="2.810804"/>
    <trkpt lat="39.831883" lon="2.810767"/>
    <trkpt lat="39.831727" lon="2.810708"/>
    <trkpt lat="39.831393" lon="2.810576"/>
    <trkpt lat="39.831344" lon="2.810555"/>
    <trkpt lat="39.831279" lon="2.810517"/>
    <trkpt lat="39.831225" lon="2.810476"/>
    <trkpt lat="39.831124" lon="2.810386"/>
    <trkpt lat="39.831065" lon="2.810327"/>
    <trkpt lat="39.830994" lon="2.810238"/>
    <trkpt lat="39.830961" lon="2.810196"/>
    <trkpt lat="39.830932" lon="2.810140"/>
    <trkpt lat="39.830913" lon="2.810095"/>
    <trkpt lat="39.830899" lon="2.810042"/>
    <trkpt lat="39.830891" lon="2.809998"/>
    <trkpt lat="39.830889" lon="2.809937"/>
    <trkpt lat="39.830889" lon="2.809879"/>
    <trkpt lat="39.830895" lon="2.809816"/>
    <trkpt lat="39.830914" lon="2.809652"/>
    <trkpt lat="39.830916" lon="2.809564"/>
    <trkpt lat="39.830905" lon="2.809476"/>
    <trkpt lat="39.830754" lon="2.808537"/>
    <trkpt lat="39.830725" lon="2.808406"/>
    <trkpt lat="39.830692" lon="2.808286"/>
    <trkpt lat="39.830665" lon="2.808206"/>
    <trkpt lat="39.830536" lon="2.807901"/>
    <trkpt lat="39.830506" lon="2.807811"/>
    <trkpt lat="39.830486" lon="2.807718"/>
    <trkpt lat="39.830430" lon="2.807370"/>
    <trkpt lat="39.830430" lon="2.807329"/>
    <trkpt lat="39.830437" lon="2.807293"/>
    <trkpt lat="39.830451" lon="2.807267"/>
    <trkpt lat="39.830472" lon="2.807253"/>
    <trkpt lat="39.830492" lon="2.807247"/>
    <trkpt lat="39.830515" lon="2.807254"/>
    <trkpt lat="39.830532" lon="2.807267"/>
    <trkpt lat="39.830546" lon="2.807289"/>
    <trkpt lat="39.830556" lon="2.807322"/>
    <trkpt lat="39.830567" lon="2.807375"/>
    <trkpt lat="39.830649" lon="2.807821"/>
    <trkpt lat="39.830709" lon="2.808022"/>
    <trkpt lat="39.830808" lon="2.808295"/>
    <trkpt lat="39.830823" lon="2.808320"/>
    <trkpt lat="39.830845" lon="2.808343"/>
    <trkpt lat="39.830866" lon="2.808352"/>
    <trkpt lat="39.830886" lon="2.808350"/>
    <trkpt lat="39.830903" lon="2.808342"/>
    <trkpt lat="39.830918" lon="2.808321"/>
    <trkpt lat="39.830926" lon="2.808294"/>
    <trkpt lat="39.830925" lon="2.808258"/>
    <trkpt lat="39.830916" lon="2.808213"/>
    <trkpt lat="39.830901" lon="2.808176"/>
    <trkpt lat="39.830880" lon="2.808134"/>
    <trkpt lat="39.830834" lon="2.808018"/>
    <trkpt lat="39.830807" lon="2.807907"/>
    <trkpt lat="39.830786" lon="2.807781"/>
    <trkpt lat="39.830767" lon="2.807613"/>
    <trkpt lat="39.830753" lon="2.807448"/>
    <trkpt lat="39.830744" lon="2.807212"/>
    <trkpt lat="39.830733" lon="2.807110"/>
    <trkpt lat="39.830715" lon="2.807018"/>
    <trkpt lat="39.830635" lon="2.806716"/>
    <trkpt lat="39.830590" lon="2.806542"/>
    <trkpt lat="39.830559" lon="2.806458"/>
    <trkpt lat="39.830514" lon="2.806368"/>
    <trkpt lat="39.830493" lon="2.806328"/>
    <trkpt lat="39.830485" lon="2.806295"/>
    <trkpt lat="39.830483" lon="2.806258"/>
    <trkpt lat="39.830489" lon="2.806229"/>
    <trkpt lat="39.830501" lon="2.806208"/>
    <trkpt lat="39.830520" lon="2.806193"/>
    <trkpt lat="39.830540" lon="2.806189"/>
    <trkpt lat="39.830565" lon="2.806196"/>
    <trkpt lat="39.830588" lon="2.806213"/>
    <trkpt lat="39.830608" lon="2.806236"/>
    <trkpt lat="39.830625" lon="2.806267"/>
    <trkpt lat="39.830676" lon="2.806393"/>
    <trkpt lat="39.830776" lon="2.806676"/>
    <trkpt lat="39.830794" lon="2.806722"/>
    <trkpt lat="39.830814" lon="2.806766"/>
    <trkpt lat="39.830836" lon="2.806801"/>
    <trkpt lat="39.830855" lon="2.806819"/>
    <trkpt lat="39.830875" lon="2.806831"/>
    <trkpt lat="39.830898" lon="2.806838"/>
    <trkpt lat="39.830919" lon="2.806837"/>
    <trkpt lat="39.830944" lon="2.806831"/>
    <trkpt lat="39.830968" lon="2.806814"/>
    <trkpt lat="39.830987" lon="2.806790"/>
    <trkpt lat="39.830999" lon="2.806763"/>
    <trkpt lat="39.831006" lon="2.806729"/>
    <trkpt lat="39.831008" lon="2.806693"/>
    <trkpt lat="39.831006" lon="2.806652"/>
    <trkpt lat="39.830995" lon="2.806592"/>
    <trkpt lat="39.830915" lon="2.806271"/>
    <trkpt lat="39.830899" lon="2.806225"/>
    <trkpt lat="39.830882" lon="2.806186"/>
    <trkpt lat="39.830858" lon="2.806147"/>
    <trkpt lat="39.830830" lon="2.806120"/>
    <trkpt lat="39.830794" lon="2.806093"/>
    <trkpt lat="39.830758" lon="2.806072"/>
    <trkpt lat="39.830575" lon="2.805979"/>
    <trkpt lat="39.830534" lon="2.805956"/>
    <trkpt lat="39.830498" lon="2.805926"/>
    <trkpt lat="39.830452" lon="2.805881"/>
    <trkpt lat="39.830409" lon="2.805827"/>
    <trkpt lat="39.830027" lon="2.805301"/>
    <trkpt lat="39.829987" lon="2.805240"/>
    <trkpt lat="39.829947" lon="2.805168"/>
    <trkpt lat="39.829904" lon="2.805072"/>
    <trkpt lat="39.829866" lon="2.804961"/>
    <trkpt lat="39.829815" lon="2.804791"/>
    <trkpt lat="39.829752" lon="2.804607"/>
    <trkpt lat="39.829387" lon="2.803599"/>
    <trkpt lat="39.829362" lon="2.803521"/>
    <trkpt lat="39.829297" lon="2.803322"/>
    <trkpt lat="39.829218" lon="2.803111"/>
    <trkpt lat="39.829214" lon="2.803081"/>
    <trkpt lat="39.829214" lon="2.803052"/>
    <trkpt lat="39.829218" lon="2.803022"/>
    <trkpt lat="39.829229" lon="2.802999"/>
    <trkpt lat="39.829245" lon="2.802984"/>
    <trkpt lat="39.829264" lon="2.802974"/>
    <trkpt lat="39.829287" lon="2.802972"/>
    <trkpt lat="39.829310" lon="2.802977"/>
    <trkpt lat="39.829326" lon="2.802989"/>
    <trkpt lat="39.829340" lon="2.803007"/>
    <trkpt lat="39.829349" lon="2.803026"/>
    <trkpt lat="39.829357" lon="2.803062"/>
    <trkpt lat="39.829378" lon="2.803170"/>
    <trkpt lat="39.829396" lon="2.803242"/>
    <trkpt lat="39.829417" lon="2.803302"/>
    <trkpt lat="39.829488" lon="2.803478"/>
    <trkpt lat="39.829909" lon="2.804468"/>
    <trkpt lat="39.829944" lon="2.804541"/>
    <trkpt lat="39.829985" lon="2.804607"/>
    <trkpt lat="39.830031" lon="2.804665"/>
    <trkpt lat="39.830111" lon="2.804739"/>
    <trkpt lat="39.830556" lon="2.805109"/>
    <trkpt lat="39.830626" lon="2.805167"/>
    <trkpt lat="39.830685" lon="2.805206"/>
    <trkpt lat="39.830725" lon="2.805218"/>
    <trkpt lat="39.830763" lon="2.805223"/>
    <trkpt lat="39.830809" lon="2.805220"/>
    <trkpt lat="39.830846" lon="2.805210"/>
    <trkpt lat="39.830882" lon="2.805192"/>
    <trkpt lat="39.830914" lon="2.805166"/>
    <trkpt lat="39.830943" lon="2.805137"/>
    <trkpt lat="39.830967" lon="2.805101"/>
    <trkpt lat="39.830989" lon="2.805055"/>
    <trkpt lat="39.831013" lon="2.804982"/>
    <trkpt lat="39.831038" lon="2.804867"/>
    <trkpt lat="39.831053" lon="2.804749"/>
    <trkpt lat="39.831059" lon="2.804546"/>
    <trkpt lat="39.831064" lon="2.804495"/>
    <trkpt lat="39.831076" lon="2.804447"/>
    <trkpt lat="39.831090" lon="2.804412"/>
    <trkpt lat="39.831109" lon="2.804381"/>
    <trkpt lat="39.831127" lon="2.804361"/>
    <trkpt lat="39.831158" lon="2.804338"/>
    <trkpt lat="39.831512" lon="2.804158"/>
    <trkpt lat="39.831694" lon="2.804089"/>
    <trkpt lat="39.832769" lon="2.803828"/>
    <trkpt lat="39.832839" lon="2.803812"/>
    <trkpt lat="39.832912" lon="2.803805"/>
    <trkpt lat="39.833026" lon="2.803823"/>
    <trkpt lat="39.833110" lon="2.803843"/>
    <trkpt lat="39.833169" lon="2.803864"/>
    <trkpt lat="39.833212" lon="2.803890"/>
    <trkpt lat="39.833558" lon="2.804161"/>
    <trkpt lat="39.833608" lon="2.804190"/>
    <trkpt lat="39.833658" lon="2.804211"/>
    <trkpt lat="39.833713" lon="2.804212"/>
    <trkpt lat="39.833760" lon="2.804205"/>
    <trkpt lat="39.833824" lon="2.804187"/>
    <trkpt lat="39.834014" lon="2.804095"/>
    <trkpt lat="39.834059" lon="2.804057"/>
    <trkpt lat="39.834103" lon="2.804006"/>
    <trkpt lat="39.834145" lon="2.803939"/>
    <trkpt lat="39.834178" lon="2.803864"/>
    <trkpt lat="39.834214" lon="2.803757"/>
    <trkpt lat="39.834247" lon="2.803633"/>
    <trkpt lat="39.834348" lon="2.803009"/>
    <trkpt lat="39.834365" lon="2.802935"/>
    <trkpt lat="39.834391" lon="2.802879"/>
    <trkpt lat="39.834424" lon="2.802840"/>
    <trkpt lat="39.834462" lon="2.802810"/>
    <trkpt lat="39.835034" lon="2.802565"/>
    <trkpt lat="39.835091" lon="2.802546"/>
    <trkpt lat="39.835159" lon="2.802541"/>
    <trkpt lat="39.835412" lon="2.802556"/>
    <trkpt lat="39.835453" lon="2.802564"/>
    <trkpt lat="39.835504" lon="2.802586"/>
    <trkpt lat="39.835544" lon="2.802615"/>
    <trkpt lat="39.835591" lon="2.802663"/>
    <trkpt lat="39.835631" lon="2.802720"/>
    <trkpt lat="39.835665" lon="2.802789"/>
    <trkpt lat="39.835687" lon="2.802854"/>
    <trkpt lat="39.835755" lon="2.803277"/>
    <trkpt lat="39.835757" lon="2.803335"/>
    <trkpt lat="39.835749" lon="2.803400"/>
    <trkpt lat="39.835728" lon="2.803466"/>
    <trkpt lat="39.835694" lon="2.803513"/>
    <trkpt lat="39.835232" lon="2.804002"/>
    <trkpt lat="39.835159" lon="2.804068"/>
    <trkpt lat="39.835090" lon="2.804120"/>
    <trkpt lat="39.834672" lon="2.804375"/>
    <trkpt lat="39.834615" lon="2.804440"/>
    <trkpt lat="39.834557" lon="2.804546"/>
    <trkpt lat="39.833888" lon="2.806122"/>
    <trkpt lat="39.833870" lon="2.806192"/>
    <trkpt lat="39.833867" lon="2.806278"/>
    <trkpt lat="39.833886" lon="2.806357"/>
    <trkpt lat="39.833913" lon="2.806421"/>
    <trkpt lat="39.833963" lon="2.806476"/>
    <trkpt lat="39.834010" lon="2.806520"/>
    <trkpt lat="39.834265" lon="2.806658"/>
    <trkpt lat="39.834522" lon="2.806775"/>
    <trkpt lat="39.834611" lon="2.806802"/>
    <trkpt lat="39.834694" lon="2.806818"/>
    <trkpt lat="39.834767" lon="2.806817"/>
    <trkpt lat="39.836312" lon="2.806572"/>
    <trkpt lat="39.836398" lon="2.806560"/>
    <trkpt lat="39.836485" lon="2.806559"/>
    <trkpt lat="39.836557" lon="2.806570"/>
    <trkpt lat="39.837020" lon="2.806657"/>
    <trkpt lat="39.837106" lon="2.806673"/>
    <trkpt lat="39.837168" lon="2.806673"/>
    <trkpt lat="39.837224" lon="2.806665"/>
    <trkpt lat="39.837280" lon="2.806647"/>
    <trkpt lat="39.837344" lon="2.806614"/>
    <trkpt lat="39.837435" lon="2.806551"/>
    <trkpt lat="39.837604" lon="2.806415"/>
    <trkpt lat="39.837663" lon="2.806372"/>
    <trkpt lat="39.837728" lon="2.806335"/>
    <trkpt lat="39.838467" lon="2.806025"/>
    <trkpt lat="39.838601" lon="2.805963"/>
    <trkpt lat="39.838881" lon="2.805782"/>
    <trkpt lat="39.838970" lon="2.805711"/>
    <trkpt lat="39.839052" lon="2.805657"/>
    <trkpt lat="39.839136" lon="2.805619"/>
    <trkpt lat="39.839224" lon="2.805590"/>
    <trkpt lat="39.840251" lon="2.805352"/>
    <trkpt lat="39.840346" lon="2.805337"/>
    <trkpt lat="39.840419" lon="2.805336"/>
    <trkpt lat="39.840504" lon="2.805345"/>
    <trkpt lat="39.840667" lon="2.805388"/>
    <trkpt lat="39.840742" lon="2.805410"/>
    <trkpt lat="39.840831" lon="2.805425"/>
    <trkpt lat="39.840916" lon="2.805429"/>
    <trkpt lat="39.841067" lon="2.805417"/>
    <trkpt lat="39.841167" lon="2.805398"/>
    <trkpt lat="39.841270" lon="2.805361"/>
    <trkpt lat="39.841902" lon="2.805038"/>
    <trkpt lat="39.842000" lon="2.804974"/>
    <trkpt lat="39.842080" lon="2.804908"/>
    <trkpt lat="39.842158" lon="2.804834"/>
    <trkpt lat="39.842225" lon="2.804764"/>
    <trkpt lat="39.842301" lon="2.804679"/>
    <trkpt lat="39.842501" lon="2.804425"/>
    <trkpt lat="39.842771" lon="2.804055"/>
    <trkpt lat="39.842834" lon="2.803975"/>
    <trkpt lat="39.842907" lon="2.803918"/>
    <trkpt lat="39.843364" lon="2.803674"/>
    <trkpt lat="39.843418" lon="2.803653"/>
    <trkpt lat="39.843469" lon="2.803648"/>
    <trkpt lat="39.843518" lon="2.803663"/>
    <trkpt lat="39.843552" lon="2.803691"/>
    <trkpt lat="39.843579" lon="2.803728"/>
    <trkpt lat="39.843600" lon="2.803788"/>
    <trkpt lat="39.843609" lon="2.803838"/>
    <trkpt lat="39.843630" lon="2.804054"/>
    <trkpt lat="39.843649" lon="2.804151"/>
    <trkpt lat="39.843671" lon="2.804210"/>
    <trkpt lat="39.843703" lon="2.804255"/>
    <trkpt lat="39.843760" lon="2.804316"/>
    <trkpt lat="39.843822" lon="2.804350"/>
    <trkpt lat="39.843911" lon="2.804380"/>
    <trkpt lat="39.844057" lon="2.804410"/>
    <trkpt lat="39.844236" lon="2.804436"/>
    <trkpt lat="39.844898" lon="2.804501"/>
    <trkpt lat="39.844988" lon="2.804494"/>
    <trkpt lat="39.845073" lon="2.804472"/>
    <trkpt lat="39.845161" lon="2.804416"/>
    <trkpt lat="39.845225" lon="2.804351"/>
    <trkpt lat="39.845267" lon="2.804291"/>
    <trkpt lat="39.845313" lon="2.804201"/>
    <trkpt lat="39.845342" lon="2.804114"/>
    <trkpt lat="39.845351" lon="2.804009"/>
    <trkpt lat="39.845308" lon="2.803072"/>
    <trkpt lat="39.845306" lon="2.802985"/>
    <trkpt lat="39.845316" lon="2.802901"/>
    <trkpt lat="39.845333" lon="2.802821"/>
    <trkpt lat="39.845360" lon="2.802732"/>
    <trkpt lat="39.845406" lon="2.802653"/>
    <trkpt lat="39.845564" lon="2.802429"/>
    <trkpt lat="39.845597" lon="2.802369"/>
    <trkpt lat="39.845630" lon="2.802300"/>
    <trkpt lat="39.845652" lon="2.802220"/>
    <trkpt lat="39.845659" lon="2.802122"/>
    <trkpt lat="39.845662" lon="2.801973"/>
    <trkpt lat="39.845650" lon="2.801834"/>
    <trkpt lat="39.845628" lon="2.801708"/>
    <trkpt lat="39.845604" lon="2.801605"/>
    <trkpt lat="39.845567" lon="2.801489"/>
    <trkpt lat="39.845526" lon="2.801389"/>
    <trkpt lat="39.845523" lon="2.801381"/>
    <trkpt lat="39.845481" lon="2.801277"/>
    <trkpt lat="39.845172" lon="2.800512"/>
    <trkpt lat="39.845145" lon="2.800453"/>
    <trkpt lat="39.845107" lon="2.800401"/>
    <trkpt lat="39.844993" lon="2.800280"/>
    <trkpt lat="39.844971" lon="2.800251"/>
    <trkpt lat="39.844959" lon="2.800213"/>
    <trkpt lat="39.844956" lon="2.800166"/>
    <trkpt lat="39.844965" lon="2.800121"/>
    <trkpt lat="39.844986" lon="2.800081"/>
    <trkpt lat="39.845010" lon="2.800049"/>
    <trkpt lat="39.845049" lon="2.800026"/>
    <trkpt lat="39.845086" lon="2.800023"/>
    <trkpt lat="39.845133" lon="2.800034"/>
    <trkpt lat="39.845181" lon="2.800058"/>
    <trkpt lat="39.845266" lon="2.800133"/>
    <trkpt lat="39.845302" lon="2.800154"/>
    <trkpt lat="39.845344" lon="2.800165"/>
    <trkpt lat="39.845378" lon="2.800155"/>
    <trkpt lat="39.845416" lon="2.800132"/>
    <trkpt lat="39.845440" lon="2.800087"/>
    <trkpt lat="39.845451" lon="2.800043"/>
    <trkpt lat="39.845449" lon="2.799991"/>
    <trkpt lat="39.845438" lon="2.799948"/>
    <trkpt lat="39.845411" lon="2.799899"/>
    <trkpt lat="39.845295" lon="2.799740"/>
    <trkpt lat="39.845196" lon="2.799646"/>
    <trkpt lat="39.845123" lon="2.799593"/>
    <trkpt lat="39.845048" lon="2.799551"/>
    <trkpt lat="39.844962" lon="2.799494"/>
    <trkpt lat="39.844731" lon="2.799442"/>
    <trkpt lat="39.844515" lon="2.799396"/>
    <trkpt lat="39.844227" lon="2.799294"/>
    <trkpt lat="39.844188" lon="2.799272"/>
    <trkpt lat="39.844134" lon="2.799240"/>
    <trkpt lat="39.844093" lon="2.799190"/>
    <trkpt lat="39.844026" lon="2.799140"/>
    <trkpt lat="39.843950" lon="2.799087"/>
    <trkpt lat="39.843891" lon="2.799025"/>
    <trkpt lat="39.843829" lon="2.798966"/>
    <trkpt lat="39.843758" lon="2.798917"/>
    <trkpt lat="39.843684" lon="2.798883"/>
    <trkpt lat="39.843507" lon="2.798824"/>
    <trkpt lat="39.843420" lon="2.798800"/>
    <trkpt lat="39.843317" lon="2.798786"/>
    <trkpt lat="39.843211" lon="2.798778"/>
    <trkpt lat="39.842963" lon="2.798812"/>
    <trkpt lat="39.842809" lon="2.798838"/>
    <trkpt lat="39.842753" lon="2.798840"/>
    <trkpt lat="39.842696" lon="2.798838"/>
    <trkpt lat="39.842635" lon="2.798831"/>
    <trkpt lat="39.842378" lon="2.798773"/>
    <trkpt lat="39.842330" lon="2.798764"/>
    <trkpt lat="39.842280" lon="2.798761"/>
    <trkpt lat="39.842229" lon="2.798760"/>
    <trkpt lat="39.842171" lon="2.798771"/>
    <trkpt lat="39.842012" lon="2.798820"/>
    <trkpt lat="39.841942" lon="2.798832"/>
    <trkpt lat="39.841863" lon="2.798833"/>
    <trkpt lat="39.841236" lon="2.798797"/>
    <trkpt lat="39.841160" lon="2.798802"/>
    <trkpt lat="39.841099" lon="2.798811"/>
    <trkpt lat="39.841036" lon="2.798829"/>
    <trkpt lat="39.840895" lon="2.798901"/>
    <trkpt lat="39.840841" lon="2.798926"/>
    <trkpt lat="39.840782" lon="2.798945"/>
    <trkpt lat="39.840725" lon="2.798959"/>
    <trkpt lat="39.840429" lon="2.798980"/>
    <trkpt lat="39.840178" lon="2.799020"/>
    <trkpt lat="39.839804" lon="2.799080"/>
    <trkpt lat="39.839535" lon="2.799114"/>
    <trkpt lat="39.839110" lon="2.799153"/>
    <trkpt lat="39.838975" lon="2.799159"/>
    <trkpt lat="39.838898" lon="2.799156"/>
    <trkpt lat="39.838818" lon="2.799143"/>
    <trkpt lat="39.838257" lon="2.799010"/>
    <trkpt lat="39.838114" lon="2.798941"/>
    <trkpt lat="39.838086" lon="2.798920"/>
    <trkpt lat="39.838062" lon="2.798890"/>
    <trkpt lat="39.838041" lon="2.798855"/>
    <trkpt lat="39.838025" lon="2.798807"/>
    <trkpt lat="39.838011" lon="2.798739"/>
    <trkpt lat="39.837989" lon="2.798631"/>
    <trkpt lat="39.837977" lon="2.798540"/>
    <trkpt lat="39.837975" lon="2.798448"/>
    <trkpt lat="39.837979" lon="2.798361"/>
    <trkpt lat="39.837989" lon="2.798294"/>
    <trkpt lat="39.838005" lon="2.798221"/>
    <trkpt lat="39.838033" lon="2.798151"/>
    <trkpt lat="39.838063" lon="2.798097"/>
    <trkpt lat="39.838107" lon="2.798037"/>
    <trkpt lat="39.838194" lon="2.797946"/>
    <trkpt lat="39.838232" lon="2.797904"/>
    <trkpt lat="39.838258" lon="2.797865"/>
    <trkpt lat="39.838289" lon="2.797796"/>
    <trkpt lat="39.838325" lon="2.797660"/>
    <trkpt lat="39.838352" lon="2.797580"/>
    <trkpt lat="39.838382" lon="2.797502"/>
    <trkpt lat="39.838435" lon="2.797398"/>
    <trkpt lat="39.838476" lon="2.797331"/>
    <trkpt lat="39.838530" lon="2.797262"/>
    <trkpt lat="39.838648" lon="2.797134"/>
    <trkpt lat="39.838878" lon="2.796909"/>
    <trkpt lat="39.839182" lon="2.796683"/>
    <trkpt lat="39.839395" lon="2.796507"/>
    <trkpt lat="39.839617" lon="2.796318"/>
    <trkpt lat="39.839676" lon="2.796255"/>
    <trkpt lat="39.839727" lon="2.796177"/>
    <trkpt lat="39.839770" lon="2.796096"/>
    <trkpt lat="39.839879" lon="2.795877"/>
    <trkpt lat="39.839920" lon="2.795803"/>
    <trkpt lat="39.839973" lon="2.795736"/>
    <trkpt lat="39.840028" lon="2.795687"/>
    <trkpt lat="39.840209" lon="2.795548"/>
    <trkpt lat="39.840281" lon="2.795496"/>
    <trkpt lat="39.840359" lon="2.795456"/>
    <trkpt lat="39.840423" lon="2.795435"/>
    <trkpt lat="39.840479" lon="2.795427"/>
    <trkpt lat="39.840725" lon="2.795438"/>
    <trkpt lat="39.840853" lon="2.795435"/>
    <trkpt lat="39.840945" lon="2.795421"/>
    <trkpt lat="39.841227" lon="2.795352"/>
    <trkpt lat="39.841406" lon="2.795292"/>
    <trkpt lat="39.841531" lon="2.795270"/>
    <trkpt lat="39.841692" lon="2.795276"/>
    <trkpt lat="39.841863" lon="2.795313"/>
    <trkpt lat="39.841995" lon="2.795330"/>
    <trkpt lat="39.842168" lon="2.795330"/>
    <trkpt lat="39.842267" lon="2.795346"/>
    <trkpt lat="39.842336" lon="2.795373"/>
    <trkpt lat="39.842390" lon="2.795415"/>
    <trkpt lat="39.842444" lon="2.795484"/>
    <trkpt lat="39.842529" lon="2.795644"/>
    <trkpt lat="39.842572" lon="2.795716"/>
    <trkpt lat="39.842615" lon="2.795768"/>
    <trkpt lat="39.842667" lon="2.795809"/>
    <trkpt lat="39.842726" lon="2.795840"/>
    <trkpt lat="39.842784" lon="2.795856"/>
    <trkpt lat="39.842824" lon="2.795850"/>
    <trkpt lat="39.842858" lon="2.795831"/>
    <trkpt lat="39.842884" lon="2.795793"/>
    <trkpt lat="39.842903" lon="2.795745"/>
    <trkpt lat="39.842964" lon="2.795484"/>
    <trkpt lat="39.842986" lon="2.795417"/>
    <trkpt lat="39.843016" lon="2.795371"/>
    <trkpt lat="39.843057" lon="2.795334"/>
    <trkpt lat="39.843101" lon="2.795307"/>
    <trkpt lat="39.843156" lon="2.795286"/>
    <trkpt lat="39.843229" lon="2.795269"/>
    <trkpt lat="39.843327" lon="2.795265"/>
    <trkpt lat="39.843489" lon="2.795278"/>
    <trkpt lat="39.843728" lon="2.795307"/>
    <trkpt lat="39.843895" lon="2.795329"/>
    <trkpt lat="39.843956" lon="2.795323"/>
    <trkpt lat="39.844018" lon="2.795300"/>
    <trkpt lat="39.844072" lon="2.795265"/>
    <trkpt lat="39.844125" lon="2.795216"/>
    <trkpt lat="39.844179" lon="2.795140"/>
    <trkpt lat="39.844234" lon="2.795041"/>
    <trkpt lat="39.844272" lon="2.794947"/>
    <trkpt lat="39.844331" lon="2.794684"/>
    <trkpt lat="39.844415" lon="2.794298"/>
    <trkpt lat="39.844441" lon="2.794214"/>
    <trkpt lat="39.844477" lon="2.794141"/>
    <trkpt lat="39.844523" lon="2.794073"/>
    <trkpt lat="39.844544" lon="2.794055"/>
    <trkpt lat="39.844571" lon="2.794043"/>
    <trkpt lat="39.844600" lon="2.794041"/>
    <trkpt lat="39.844634" lon="2.794052"/>
    <trkpt lat="39.844659" lon="2.794069"/>
    <trkpt lat="39.844683" lon="2.794091"/>
    <trkpt lat="39.844705" lon="2.794121"/>
    <trkpt lat="39.844726" lon="2.794164"/>
    <trkpt lat="39.844774" lon="2.794359"/>
    <trkpt lat="39.844800" lon="2.794469"/>
    <trkpt lat="39.844868" lon="2.794697"/>
    <trkpt lat="39.845027" lon="2.795145"/>
    <trkpt lat="39.845093" lon="2.795365"/>
    <trkpt lat="39.845126" lon="2.795515"/>
    <trkpt lat="39.845150" lon="2.795671"/>
    <trkpt lat="39.845184" lon="2.796006"/>
    <trkpt lat="39.845202" lon="2.796182"/>
    <trkpt lat="39.845223" lon="2.796304"/>
    <trkpt lat="39.845241" lon="2.796380"/>
    <trkpt lat="39.845262" lon="2.796439"/>
    <trkpt lat="39.845294" lon="2.796509"/>
    <trkpt lat="39.845359" lon="2.796605"/>
    <trkpt lat="39.845413" lon="2.796673"/>
    <trkpt lat="39.845464" lon="2.796729"/>
    <trkpt lat="39.845521" lon="2.796781"/>
    <trkpt lat="39.845584" lon="2.796827"/>
    <trkpt lat="39.845702" lon="2.796902"/>
    <trkpt lat="39.845790" lon="2.796950"/>
    <trkpt lat="39.845937" lon="2.797002"/>
    <trkpt lat="39.846348" lon="2.797052"/>
    <trkpt lat="39.846565" lon="2.797098"/>
    <trkpt lat="39.846750" lon="2.797159"/>
    <trkpt lat="39.846806" lon="2.797189"/>
    <trkpt lat="39.846913" lon="2.797244"/>
    <trkpt lat="39.847085" lon="2.797402"/>
    <trkpt lat="39.847188" lon="2.797527"/>
    <trkpt lat="39.847383" lon="2.797741"/>
    <trkpt lat="39.847613" lon="2.797949"/>
    <trkpt lat="39.847625" lon="2.797972"/>
    <trkpt lat="39.847793" lon="2.798234"/>
    <trkpt lat="39.847934" lon="2.798458"/>
    <trkpt lat="39.847964" lon="2.798503"/>
    <trkpt lat="39.848066" lon="2.798679"/>
    <trkpt lat="39.848142" lon="2.798740"/>
    <trkpt lat="39.848338" lon="2.798883"/>
    <trkpt lat="39.848468" lon="2.798977"/>
    <trkpt lat="39.848906" lon="2.799301"/>
    <trkpt lat="39.848976" lon="2.799355"/>
    <trkpt lat="39.849074" lon="2.799403"/>
    <trkpt lat="39.849178" lon="2.799439"/>
    <trkpt lat="39.849330" lon="2.799462"/>
    <trkpt lat="39.849442" lon="2.799494"/>
    <trkpt lat="39.849553" lon="2.799551"/>
    <trkpt lat="39.849676" lon="2.799628"/>
    <trkpt lat="39.849720" lon="2.799656"/>
    <trkpt lat="39.850054" lon="2.799863"/>
    <trkpt lat="39.850146" lon="2.799906"/>
    <trkpt lat="39.850239" lon="2.799928"/>
    <trkpt lat="39.850326" lon="2.799942"/>
    <trkpt lat="39.850348" lon="2.799938"/>
    <trkpt lat="39.850349" lon="2.799938"/>
    <trkpt lat="39.850361" lon="2.799928"/>
    <trkpt lat="39.850369" lon="2.799914"/>
    <trkpt lat="39.850372" lon="2.799893"/>
    <trkpt lat="39.850375" lon="2.799795"/>
    <trkpt lat="39.850380" lon="2.799746"/>
    <trkpt lat="39.850394" lon="2.799680"/>
    <trkpt lat="39.850419" lon="2.799615"/>
    <trkpt lat="39.850440" lon="2.799580"/>
    <trkpt lat="39.850488" lon="2.799530"/>
    <trkpt lat="39.850693" lon="2.799394"/>
    <trkpt lat="39.850846" lon="2.799298"/>
    <trkpt lat="39.850966" lon="2.799231"/>
    <trkpt lat="39.851019" lon="2.799171"/>
    <trkpt lat="39.851027" lon="2.799124"/>
    <trkpt lat="39.851006" lon="2.799083"/>
    <trkpt lat="39.850979" lon="2.799070"/>
    <trkpt lat="39.850937" lon="2.799076"/>
    <trkpt lat="39.850810" lon="2.799153"/>
    <trkpt lat="39.850664" lon="2.799204"/>
    <trkpt lat="39.850442" lon="2.799229"/>
    <trkpt lat="39.850207" lon="2.799212"/>
    <trkpt lat="39.850002" lon="2.799172"/>
    <trkpt lat="39.849778" lon="2.799122"/>
    <trkpt lat="39.849462" lon="2.799034"/>
    <trkpt lat="39.849314" lon="2.798995"/>
    <trkpt lat="39.849201" lon="2.798952"/>
    <trkpt lat="39.849138" lon="2.798913"/>
    <trkpt lat="39.848973" lon="2.798734"/>
    <trkpt lat="39.848908" lon="2.798696"/>
    <trkpt lat="39.848828" lon="2.798662"/>
    <trkpt lat="39.848724" lon="2.798637"/>
    <trkpt lat="39.848655" lon="2.798620"/>
    <trkpt lat="39.848582" lon="2.798587"/>
    <trkpt lat="39.848337" lon="2.798417"/>
    <trkpt lat="39.848164" lon="2.798271"/>
    <trkpt lat="39.848009" lon="2.798131"/>
    <trkpt lat="39.847866" lon="2.798031"/>
    <trkpt lat="39.847788" lon="2.797975"/>
    <trkpt lat="39.847746" lon="2.797961"/>
    <trkpt lat="39.847642" lon="2.797955"/>
    <trkpt lat="39.847613" lon="2.797949"/>
    <trkpt lat="39.847383" lon="2.797741"/>
    <trkpt lat="39.847188" lon="2.797527"/>
    <trkpt lat="39.847085" lon="2.797402"/>
    <trkpt lat="39.846913" lon="2.797244"/>
    <trkpt lat="39.846806" lon="2.797189"/>
    <trkpt lat="39.846750" lon="2.797159"/>
    <trkpt lat="39.846565" lon="2.797098"/>
    <trkpt lat="39.846348" lon="2.797052"/>
    <trkpt lat="39.845937" lon="2.797002"/>
    <trkpt lat="39.845790" lon="2.796950"/>
    <trkpt lat="39.845702" lon="2.796902"/>
    <trkpt lat="39.845584" lon="2.796827"/>
    <trkpt lat="39.845521" lon="2.796781"/>
    <trkpt lat="39.845464" lon="2.796729"/>
    <trkpt lat="39.845413" lon="2.796673"/>
    <trkpt lat="39.845359" lon="2.796605"/>
    <trkpt lat="39.845294" lon="2.796509"/>
    <trkpt lat="39.845262" lon="2.796439"/>
    <trkpt lat="39.845241" lon="2.796380"/>
    <trkpt lat="39.845223" lon="2.796304"/>
    <trkpt lat="39.845202" lon="2.796182"/>
    <trkpt lat="39.845184" lon="2.796006"/>
    <trkpt lat="39.845150" lon="2.795671"/>
    <trkpt lat="39.845126" lon="2.795515"/>
    <trkpt lat="39.845093" lon="2.795365"/>
    <trkpt lat="39.845027" lon="2.795145"/>
    <trkpt lat="39.844868" lon="2.794697"/>
    <trkpt lat="39.844800" lon="2.794469"/>
    <trkpt lat="39.844774" lon="2.794359"/>
    <trkpt lat="39.844726" lon="2.794164"/>
    <trkpt lat="39.844705" lon="2.794121"/>
    <trkpt lat="39.844683" lon="2.794091"/>
    <trkpt lat="39.844659" lon="2.794069"/>
    <trkpt lat="39.844634" lon="2.794052"/>
    <trkpt lat="39.844600" lon="2.794041"/>
    <trkpt lat="39.844571" lon="2.794043"/>
    <trkpt lat="39.844544" lon="2.794055"/>
    <trkpt lat="39.844523" lon="2.794073"/>
    <trkpt lat="39.844477" lon="2.794141"/>
    <trkpt lat="39.844441" lon="2.794214"/>
    <trkpt lat="39.844415" lon="2.794298"/>
    <trkpt lat="39.844331" lon="2.794684"/>
    <trkpt lat="39.844272" lon="2.794947"/>
    <trkpt lat="39.844234" lon="2.795041"/>
    <trkpt lat="39.844179" lon="2.795140"/>
    <trkpt lat="39.844125" lon="2.795216"/>
    <trkpt lat="39.844072" lon="2.795265"/>
    <trkpt lat="39.844018" lon="2.795300"/>
    <trkpt lat="39.843956" lon="2.795323"/>
    <trkpt lat="39.843895" lon="2.795329"/>
    <trkpt lat="39.843728" lon="2.795307"/>
    <trkpt lat="39.843489" lon="2.795278"/>
    <trkpt lat="39.843327" lon="2.795265"/>
    <trkpt lat="39.843229" lon="2.795269"/>
    <trkpt lat="39.843156" lon="2.795286"/>
    <trkpt lat="39.843101" lon="2.795307"/>
    <trkpt lat="39.843057" lon="2.795334"/>
    <trkpt lat="39.843016" lon="2.795371"/>
    <trkpt lat="39.842986" lon="2.795417"/>
    <trkpt lat="39.842964" lon="2.795484"/>
    <trkpt lat="39.842903" lon="2.795745"/>
    <trkpt lat="39.842884" lon="2.795793"/>
    <trkpt lat="39.842858" lon="2.795831"/>
    <trkpt lat="39.842824" lon="2.795850"/>
    <trkpt lat="39.842784" lon="2.795856"/>
    <trkpt lat="39.842726" lon="2.795840"/>
    <trkpt lat="39.842667" lon="2.795809"/>
    <trkpt lat="39.842615" lon="2.795768"/>
    <trkpt lat="39.842572" lon="2.795716"/>
    <trkpt lat="39.842529" lon="2.795644"/>
    <trkpt lat="39.842444" lon="2.795484"/>
    <trkpt lat="39.842390" lon="2.795415"/>
    <trkpt lat="39.842336" lon="2.795373"/>
    <trkpt lat="39.842267" lon="2.795346"/>
    <trkpt lat="39.842168" lon="2.795330"/>
    <trkpt lat="39.841995" lon="2.795330"/>
    <trkpt lat="39.841863" lon="2.795313"/>
    <trkpt lat="39.841692" lon="2.795276"/>
    <trkpt lat="39.841531" lon="2.795270"/>
    <trkpt lat="39.841406" lon="2.795292"/>
    <trkpt lat="39.841227" lon="2.795352"/>
    <trkpt lat="39.840945" lon="2.795421"/>
    <trkpt lat="39.840853" lon="2.795435"/>
    <trkpt lat="39.840725" lon="2.795438"/>
    <trkpt lat="39.840479" lon="2.795427"/>
    <trkpt lat="39.840423" lon="2.795435"/>
    <trkpt lat="39.840359" lon="2.795456"/>
    <trkpt lat="39.840281" lon="2.795496"/>
    <trkpt lat="39.840209" lon="2.795548"/>
    <trkpt lat="39.840028" lon="2.795687"/>
    <trkpt lat="39.839973" lon="2.795736"/>
    <trkpt lat="39.839920" lon="2.795803"/>
    <trkpt lat="39.839879" lon="2.795877"/>
    <trkpt lat="39.839770" lon="2.796096"/>
    <trkpt lat="39.839727" lon="2.796177"/>
    <trkpt lat="39.839676" lon="2.796255"/>
    <trkpt lat="39.839617" lon="2.796318"/>
    <trkpt lat="39.839395" lon="2.796507"/>
    <trkpt lat="39.839182" lon="2.796683"/>
    <trkpt lat="39.838878" lon="2.796909"/>
    <trkpt lat="39.838648" lon="2.797134"/>
    <trkpt lat="39.838530" lon="2.797262"/>
    <trkpt lat="39.838476" lon="2.797331"/>
    <trkpt lat="39.838435" lon="2.797398"/>
    <trkpt lat="39.838382" lon="2.797502"/>
    <trkpt lat="39.838352" lon="2.797580"/>
    <trkpt lat="39.838325" lon="2.797660"/>
    <trkpt lat="39.838289" lon="2.797796"/>
    <trkpt lat="39.838258" lon="2.797865"/>
    <trkpt lat="39.838232" lon="2.797904"/>
    <trkpt lat="39.838194" lon="2.797946"/>
    <trkpt lat="39.838107" lon="2.798037"/>
    <trkpt lat="39.838063" lon="2.798097"/>
    <trkpt lat="39.838033" lon="2.798151"/>
    <trkpt lat="39.838005" lon="2.798221"/>
    <trkpt lat="39.837989" lon="2.798294"/>
    <trkpt lat="39.837979" lon="2.798361"/>
    <trkpt lat="39.837975" lon="2.798448"/>
    <trkpt lat="39.837977" lon="2.798540"/>
    <trkpt lat="39.837989" lon="2.798631"/>
    <trkpt lat="39.838011" lon="2.798739"/>
    <trkpt lat="39.838025" lon="2.798807"/>
    <trkpt lat="39.838041" lon="2.798855"/>
    <trkpt lat="39.838062" lon="2.798890"/>
    <trkpt lat="39.838086" lon="2.798920"/>
    <trkpt lat="39.838114" lon="2.798941"/>
    <trkpt lat="39.838257" lon="2.799010"/>
    <trkpt lat="39.838818" lon="2.799143"/>
    <trkpt lat="39.838898" lon="2.799156"/>
    <trkpt lat="39.838975" lon="2.799159"/>
    <trkpt lat="39.839110" lon="2.799153"/>
    <trkpt lat="39.839535" lon="2.799114"/>
    <trkpt lat="39.839804" lon="2.799080"/>
    <trkpt lat="39.840178" lon="2.799020"/>
    <trkpt lat="39.840429" lon="2.798980"/>
    <trkpt lat="39.840725" lon="2.798959"/>
    <trkpt lat="39.840782" lon="2.798945"/>
    <trkpt lat="39.840841" lon="2.798926"/>
    <trkpt lat="39.840895" lon="2.798901"/>
    <trkpt lat="39.841036" lon="2.798829"/>
    <trkpt lat="39.841099" lon="2.798811"/>
    <trkpt lat="39.841160" lon="2.798802"/>
    <trkpt lat="39.841236" lon="2.798797"/>
    <trkpt lat="39.841863" lon="2.798833"/>
    <trkpt lat="39.841942" lon="2.798832"/>
    <trkpt lat="39.842012" lon="2.798820"/>
    <trkpt lat="39.842171" lon="2.798771"/>
    <trkpt lat="39.842229" lon="2.798760"/>
    <trkpt lat="39.842280" lon="2.798761"/>
    <trkpt lat="39.842330" lon="2.798764"/>
    <trkpt lat="39.842378" lon="2.798773"/>
    <trkpt lat="39.842635" lon="2.798831"/>
    <trkpt lat="39.842696" lon="2.798838"/>
    <trkpt lat="39.842753" lon="2.798840"/>
    <trkpt lat="39.842809" lon="2.798838"/>
    <trkpt lat="39.842963" lon="2.798812"/>
    <trkpt lat="39.843211" lon="2.798778"/>
    <trkpt lat="39.843317" lon="2.798786"/>
    <trkpt lat="39.843420" lon="2.798800"/>
    <trkpt lat="39.843507" lon="2.798824"/>
    <trkpt lat="39.843684" lon="2.798883"/>
    <trkpt lat="39.843758" lon="2.798917"/>
    <trkpt lat="39.843829" lon="2.798966"/>
    <trkpt lat="39.843891" lon="2.799025"/>
    <trkpt lat="39.843950" lon="2.799087"/>
    <trkpt lat="39.844026" lon="2.799140"/>
    <trkpt lat="39.844093" lon="2.799190"/>
    <trkpt lat="39.844134" lon="2.799240"/>
    <trkpt lat="39.844188" lon="2.799272"/>
    <trkpt lat="39.844227" lon="2.799294"/>
    <trkpt lat="39.844515" lon="2.799396"/>
    <trkpt lat="39.844731" lon="2.799442"/>
    <trkpt lat="39.844962" lon="2.799494"/>
    <trkpt lat="39.845048" lon="2.799551"/>
    <trkpt lat="39.845123" lon="2.799593"/>
    <trkpt lat="39.845196" lon="2.799646"/>
    <trkpt lat="39.845295" lon="2.799740"/>
    <trkpt lat="39.845411" lon="2.799899"/>
    <trkpt lat="39.845438" lon="2.799948"/>
    <trkpt lat="39.845449" lon="2.799991"/>
    <trkpt lat="39.845451" lon="2.800043"/>
    <trkpt lat="39.845440" lon="2.800087"/>
    <trkpt lat="39.845416" lon="2.800132"/>
    <trkpt lat="39.845378" lon="2.800155"/>
    <trkpt lat="39.845344" lon="2.800165"/>
    <trkpt lat="39.845302" lon="2.800154"/>
    <trkpt lat="39.845266" lon="2.800133"/>
    <trkpt lat="39.845181" lon="2.800058"/>
    <trkpt lat="39.845133" lon="2.800034"/>
    <trkpt lat="39.845086" lon="2.800023"/>
    <trkpt lat="39.845049" lon="2.800026"/>
    <trkpt lat="39.845010" lon="2.800049"/>
    <trkpt lat="39.844986" lon="2.800081"/>
    <trkpt lat="39.844965" lon="2.800121"/>
    <trkpt lat="39.844956" lon="2.800166"/>
    <trkpt lat="39.844959" lon="2.800213"/>
    <trkpt lat="39.844971" lon="2.800251"/>
    <trkpt lat="39.844993" lon="2.800280"/>
    <trkpt lat="39.845107" lon="2.800401"/>
    <trkpt lat="39.845145" lon="2.800453"/>
    <trkpt lat="39.845172" lon="2.800512"/>
    <trkpt lat="39.845481" lon="2.801277"/>
    <trkpt lat="39.845523" lon="2.801381"/>
    <trkpt lat="39.845526" lon="2.801389"/>
    <trkpt lat="39.845567" lon="2.801489"/>
    <trkpt lat="39.845604" lon="2.801605"/>
    <trkpt lat="39.845628" lon="2.801708"/>
    <trkpt lat="39.845650" lon="2.801834"/>
    <trkpt lat="39.845662" lon="2.801973"/>
    <trkpt lat="39.845659" lon="2.802122"/>
    <trkpt lat="39.845652" lon="2.802220"/>
    <trkpt lat="39.845630" lon="2.802300"/>
    <trkpt lat="39.845597" lon="2.802369"/>
    <trkpt lat="39.845564" lon="2.802429"/>
    <trkpt lat="39.845406" lon="2.802653"/>
    <trkpt lat="39.845360" lon="2.802732"/>
    <trkpt lat="39.845333" lon="2.802821"/>
    <trkpt lat="39.845316" lon="2.802901"/>
    <trkpt lat="39.845306" lon="2.802985"/>
    <trkpt lat="39.845308" lon="2.803072"/>
    <trkpt lat="39.845351" lon="2.804009"/>
    <trkpt lat="39.845342" lon="2.804114"/>
    <trkpt lat="39.845313" lon="2.804201"/>
    <trkpt lat="39.845267" lon="2.804291"/>
    <trkpt lat="39.845225" lon="2.804351"/>
    <trkpt lat="39.845161" lon="2.804416"/>
    <trkpt lat="39.845073" lon="2.804472"/>
    <trkpt lat="39.844988" lon="2.804494"/>
    <trkpt lat="39.844898" lon="2.804501"/>
    <trkpt lat="39.844236" lon="2.804436"/>
    <trkpt lat="39.844057" lon="2.804410"/>
    <trkpt lat="39.843911" lon="2.804380"/>
    <trkpt lat="39.843822" lon="2.804350"/>
    <trkpt lat="39.843760" lon="2.804316"/>
    <trkpt lat="39.843703" lon="2.804255"/>
    <trkpt lat="39.843671" lon="2.804210"/>
    <trkpt lat="39.843649" lon="2.804151"/>
    <trkpt lat="39.843630" lon="2.804054"/>
    <trkpt lat="39.843609" lon="2.803838"/>
    <trkpt lat="39.843600" lon="2.803788"/>
    <trkpt lat="39.843579" lon="2.803728"/>
    <trkpt lat="39.843552" lon="2.803691"/>
    <trkpt lat="39.843518" lon="2.803663"/>
    <trkpt lat="39.843469" lon="2.803648"/>
    <trkpt lat="39.843418" lon="2.803653"/>
    <trkpt lat="39.843364" lon="2.803674"/>
    <trkpt lat="39.842907" lon="2.803918"/>
    <trkpt lat="39.842834" lon="2.803975"/>
    <trkpt lat="39.842771" lon="2.804055"/>
    <trkpt lat="39.842501" lon="2.804425"/>
    <trkpt lat="39.842301" lon="2.804679"/>
    <trkpt lat="39.842225" lon="2.804764"/>
    <trkpt lat="39.842158" lon="2.804834"/>
    <trkpt lat="39.842080" lon="2.804908"/>
    <trkpt lat="39.842000" lon="2.804974"/>
    <trkpt lat="39.841902" lon="2.805038"/>
    <trkpt lat="39.841270" lon="2.805361"/>
    <trkpt lat="39.841167" lon="2.805398"/>
    <trkpt lat="39.841067" lon="2.805417"/>
    <trkpt lat="39.840916" lon="2.805429"/>
    <trkpt lat="39.840831" lon="2.805425"/>
    <trkpt lat="39.840742" lon="2.805410"/>
    <trkpt lat="39.840667" lon="2.805388"/>
    <trkpt lat="39.840504" lon="2.805345"/>
    <trkpt lat="39.840419" lon="2.805336"/>
    <trkpt lat="39.840346" lon="2.805337"/>
    <trkpt lat="39.840251" lon="2.805352"/>
    <trkpt lat="39.839224" lon="2.805590"/>
    <trkpt lat="39.839136" lon="2.805619"/>
    <trkpt lat="39.839052" lon="2.805657"/>
    <trkpt lat="39.838970" lon="2.805711"/>
    <trkpt lat="39.838881" lon="2.805782"/>
    <trkpt lat="39.838601" lon="2.805963"/>
    <trkpt lat="39.838467" lon="2.806025"/>
    <trkpt lat="39.837728" lon="2.806335"/>
    <trkpt lat="39.837663" lon="2.806372"/>
    <trkpt lat="39.837604" lon="2.806415"/>
    <trkpt lat="39.837435" lon="2.806551"/>
    <trkpt lat="39.837344" lon="2.806614"/>
    <trkpt lat="39.837280" lon="2.806647"/>
    <trkpt lat="39.837224" lon="2.806665"/>
    <trkpt lat="39.837168" lon="2.806673"/>
    <trkpt lat="39.837106" lon="2.806673"/>
    <trkpt lat="39.837020" lon="2.806657"/>
    <trkpt lat="39.836557" lon="2.806570"/>
    <trkpt lat="39.836485" lon="2.806559"/>
    <trkpt lat="39.836398" lon="2.806560"/>
    <trkpt lat="39.836312" lon="2.806572"/>
    <trkpt lat="39.834767" lon="2.806817"/>
    <trkpt lat="39.834694" lon="2.806818"/>
    <trkpt lat="39.834611" lon="2.806802"/>
    <trkpt lat="39.834522" lon="2.806775"/>
    <trkpt lat="39.834265" lon="2.806658"/>
    <trkpt lat="39.834010" lon="2.806520"/>
    <trkpt lat="39.833963" lon="2.806476"/>
    <trkpt lat="39.833913" lon="2.806421"/>
    <trkpt lat="39.833886" lon="2.806357"/>
    <trkpt lat="39.833867" lon="2.806278"/>
    <trkpt lat="39.833870" lon="2.806192"/>
    <trkpt lat="39.833888" lon="2.806122"/>
    <trkpt lat="39.834557" lon="2.804546"/>
    <trkpt lat="39.834615" lon="2.804440"/>
    <trkpt lat="39.834672" lon="2.804375"/>
    <trkpt lat="39.835090" lon="2.804120"/>
    <trkpt lat="39.835159" lon="2.804068"/>
    <trkpt lat="39.835232" lon="2.804002"/>
    <trkpt lat="39.835694" lon="2.803513"/>
    <trkpt lat="39.835728" lon="2.803466"/>
    <trkpt lat="39.835749" lon="2.803400"/>
    <trkpt lat="39.835757" lon="2.803335"/>
    <trkpt lat="39.835755" lon="2.803277"/>
    <trkpt lat="39.835687" lon="2.802854"/>
    <trkpt lat="39.835665" lon="2.802789"/>
    <trkpt lat="39.835631" lon="2.802720"/>
    <trkpt lat="39.835591" lon="2.802663"/>
    <trkpt lat="39.835544" lon="2.802615"/>
    <trkpt lat="39.835504" lon="2.802586"/>
    <trkpt lat="39.835453" lon="2.802564"/>
    <trkpt lat="39.835412" lon="2.802556"/>
    <trkpt lat="39.835159" lon="2.802541"/>
    <trkpt lat="39.835091" lon="2.802546"/>
    <trkpt lat="39.835034" lon="2.802565"/>
    <trkpt lat="39.834462" lon="2.802810"/>
    <trkpt lat="39.834424" lon="2.802840"/>
    <trkpt lat="39.834391" lon="2.802879"/>
    <trkpt lat="39.834365" lon="2.802935"/>
    <trkpt lat="39.834348" lon="2.803009"/>
    <trkpt lat="39.834247" lon="2.803633"/>
    <trkpt lat="39.834214" lon="2.803757"/>
    <trkpt lat="39.834178" lon="2.803864"/>
    <trkpt lat="39.834145" lon="2.803939"/>
    <trkpt lat="39.834103" lon="2.804006"/>
    <trkpt lat="39.834059" lon="2.804057"/>
    <trkpt lat="39.834014" lon="2.804095"/>
    <trkpt lat="39.833824" lon="2.804187"/>
    <trkpt lat="39.833760" lon="2.804205"/>
    <trkpt lat="39.833713" lon="2.804212"/>
    <trkpt lat="39.833658" lon="2.804211"/>
    <trkpt lat="39.833608" lon="2.804190"/>
    <trkpt lat="39.833558" lon="2.804161"/>
    <trkpt lat="39.833212" lon="2.803890"/>
    <trkpt lat="39.833169" lon="2.803864"/>
    <trkpt lat="39.833110" lon="2.803843"/>
    <trkpt lat="39.833026" lon="2.803823"/>
    <trkpt lat="39.832912" lon="2.803805"/>
    <trkpt lat="39.832839" lon="2.803812"/>
    <trkpt lat="39.832769" lon="2.803828"/>
    <trkpt lat="39.831694" lon="2.804089"/>
    <trkpt lat="39.831512" lon="2.804158"/>
    <trkpt lat="39.831158" lon="2.804338"/>
    <trkpt lat="39.831127" lon="2.804361"/>
    <trkpt lat="39.831109" lon="2.804381"/>
    <trkpt lat="39.831090" lon="2.804412"/>
    <trkpt lat="39.831076" lon="2.804447"/>
    <trkpt lat="39.831064" lon="2.804495"/>
    <trkpt lat="39.831059" lon="2.804546"/>
    <trkpt lat="39.831053" lon="2.804749"/>
    <trkpt lat="39.831038" lon="2.804867"/>
    <trkpt lat="39.831013" lon="2.804982"/>
    <trkpt lat="39.830989" lon="2.805055"/>
    <trkpt lat="39.830967" lon="2.805101"/>
    <trkpt lat="39.830943" lon="2.805137"/>
    <trkpt lat="39.830914" lon="2.805166"/>
    <trkpt lat="39.830882" lon="2.805192"/>
    <trkpt lat="39.830846" lon="2.805210"/>
    <trkpt lat="39.830809" lon="2.805220"/>
    <trkpt lat="39.830763" lon="2.805223"/>
    <trkpt lat="39.830725" lon="2.805218"/>
    <trkpt lat="39.830685" lon="2.805206"/>
    <trkpt lat="39.830626" lon="2.805167"/>
    <trkpt lat="39.830556" lon="2.805109"/>
    <trkpt lat="39.830111" lon="2.804739"/>
    <trkpt lat="39.830031" lon="2.804665"/>
    <trkpt lat="39.829985" lon="2.804607"/>
    <trkpt lat="39.829944" lon="2.804541"/>
    <trkpt lat="39.829909" lon="2.804468"/>
    <trkpt lat="39.829488" lon="2.803478"/>
    <trkpt lat="39.829417" lon="2.803302"/>
    <trkpt lat="39.829396" lon="2.803242"/>
    <trkpt lat="39.829378" lon="2.803170"/>
    <trkpt lat="39.829357" lon="2.803062"/>
    <trkpt lat="39.829349" lon="2.803026"/>
    <trkpt lat="39.829340" lon="2.803007"/>
    <trkpt lat="39.829326" lon="2.802989"/>
    <trkpt lat="39.829310" lon="2.802977"/>
    <trkpt lat="39.829287" lon="2.802972"/>
    <trkpt lat="39.829264" lon="2.802974"/>
    <trkpt lat="39.829245" lon="2.802984"/>
    <trkpt lat="39.829229" lon="2.802999"/>
    <trkpt lat="39.829218" lon="2.803022"/>
    <trkpt lat="39.829214" lon="2.803052"/>
    <trkpt lat="39.829214" lon="2.803081"/>
    <trkpt lat="39.829218" lon="2.803111"/>
    <trkpt lat="39.829297" lon="2.803322"/>
    <trkpt lat="39.829362" lon="2.803521"/>
    <trkpt lat="39.829387" lon="2.803599"/>
    <trkpt lat="39.829752" lon="2.804607"/>
    <trkpt lat="39.829815" lon="2.804791"/>
    <trkpt lat="39.829866" lon="2.804961"/>
    <trkpt lat="39.829904" lon="2.805072"/>
    <trkpt lat="39.829947" lon="2.805168"/>
    <trkpt lat="39.829987" lon="2.805240"/>
    <trkpt lat="39.830027" lon="2.805301"/>
    <trkpt lat="39.830409" lon="2.805827"/>
    <trkpt lat="39.830452" lon="2.805881"/>
    <trkpt lat="39.830498" lon="2.805926"/>
    <trkpt lat="39.830534" lon="2.805956"/>
    <trkpt lat="39.830575" lon="2.805979"/>
    <trkpt lat="39.830758" lon="2.806072"/>
    <trkpt lat="39.830794" lon="2.806093"/>
    <trkpt lat="39.830830" lon="2.806120"/>
    <trkpt lat="39.830858" lon="2.806147"/>
    <trkpt lat="39.830882" lon="2.806186"/>
    <trkpt lat="39.830899" lon="2.806225"/>
    <trkpt lat="39.830915" lon="2.806271"/>
    <trkpt lat="39.830995" lon="2.806592"/>
    <trkpt lat="39.831006" lon="2.806652"/>
    <trkpt lat="39.831008" lon="2.806693"/>
    <trkpt lat="39.831006" lon="2.806729"/>
    <trkpt lat="39.830999" lon="2.806763"/>
    <trkpt lat="39.830987" lon="2.806790"/>
    <trkpt lat="39.830968" lon="2.806814"/>
    <trkpt lat="39.830944" lon="2.806831"/>
    <trkpt lat="39.830919" lon="2.806837"/>
    <trkpt lat="39.830898" lon="2.806838"/>
    <trkpt lat="39.830875" lon="2.806831"/>
    <trkpt lat="39.830855" lon="2.806819"/>
    <trkpt lat="39.830836" lon="2.806801"/>
    <trkpt lat="39.830814" lon="2.806766"/>
    <trkpt lat="39.830794" lon="2.806722"/>
    <trkpt lat="39.830776" lon="2.806676"/>
    <trkpt lat="39.830676" lon="2.806393"/>
    <trkpt lat="39.830625" lon="2.806267"/>
    <trkpt lat="39.830608" lon="2.806236"/>
    <trkpt lat="39.830588" lon="2.806213"/>
    <trkpt lat="39.830565" lon="2.806196"/>
    <trkpt lat="39.830540" lon="2.806189"/>
    <trkpt lat="39.830520" lon="2.806193"/>
    <trkpt lat="39.830501" lon="2.806208"/>
    <trkpt lat="39.830489" lon="2.806229"/>
    <trkpt lat="39.830483" lon="2.806258"/>
    <trkpt lat="39.830485" lon="2.806295"/>
    <trkpt lat="39.830493" lon="2.806328"/>
    <trkpt lat="39.830514" lon="2.806368"/>
    <trkpt lat="39.830559" lon="2.806458"/>
    <trkpt lat="39.830590" lon="2.806542"/>
    <trkpt lat="39.830635" lon="2.806716"/>
    <trkpt lat="39.830715" lon="2.807018"/>
    <trkpt lat="39.830733" lon="2.807110"/>
    <trkpt lat="39.830744" lon="2.807212"/>
    <trkpt lat="39.830753" lon="2.807448"/>
    <trkpt lat="39.830767" lon="2.807613"/>
    <trkpt lat="39.830786" lon="2.807781"/>
    <trkpt lat="39.830807" lon="2.807907"/>
    <trkpt lat="39.830834" lon="2.808018"/>
    <trkpt lat="39.830880" lon="2.808134"/>
    <trkpt lat="39.830901" lon="2.808176"/>
    <trkpt lat="39.830916" lon="2.808213"/>
    <trkpt lat="39.830925" lon="2.808258"/>
    <trkpt lat="39.830926" lon="2.808294"/>
    <trkpt lat="39.830918" lon="2.808321"/>
    <trkpt lat="39.830903" lon="2.808342"/>
    <trkpt lat="39.830886" lon="2.808350"/>
    <trkpt lat="39.830866" lon="2.808352"/>
    <trkpt lat="39.830845" lon="2.808343"/>
    <trkpt lat="39.830823" lon="2.808320"/>
    <trkpt lat="39.830808" lon="2.808295"/>
    <trkpt lat="39.830709" lon="2.808022"/>
    <trkpt lat="39.830649" lon="2.807821"/>
    <trkpt lat="39.830567" lon="2.807375"/>
    <trkpt lat="39.830556" lon="2.807322"/>
    <trkpt lat="39.830546" lon="2.807289"/>
    <trkpt lat="39.830532" lon="2.807267"/>
    <trkpt lat="39.830515" lon="2.807254"/>
    <trkpt lat="39.830492" lon="2.807247"/>
    <trkpt lat="39.830472" lon="2.807253"/>
    <trkpt lat="39.830451" lon="2.807267"/>
    <trkpt lat="39.830437" lon="2.807293"/>
    <trkpt lat="39.830430" lon="2.807329"/>
    <trkpt lat="39.830430" lon="2.807370"/>
    <trkpt lat="39.830486" lon="2.807718"/>
    <trkpt lat="39.830506" lon="2.807811"/>
    <trkpt lat="39.830536" lon="2.807901"/>
    <trkpt lat="39.830665" lon="2.808206"/>
    <trkpt lat="39.830692" lon="2.808286"/>
    <trkpt lat="39.830725" lon="2.808406"/>
    <trkpt lat="39.830754" lon="2.808537"/>
    <trkpt lat="39.830905" lon="2.809476"/>
    <trkpt lat="39.830916" lon="2.809564"/>
    <trkpt lat="39.830914" lon="2.809652"/>
    <trkpt lat="39.830895" lon="2.809816"/>
    <trkpt lat="39.830889" lon="2.809879"/>
    <trkpt lat="39.830889" lon="2.809937"/>
    <trkpt lat="39.830891" lon="2.809998"/>
    <trkpt lat="39.830899" lon="2.810042"/>
    <trkpt lat="39.830913" lon="2.810095"/>
    <trkpt lat="39.830932" lon="2.810140"/>
    <trkpt lat="39.830961" lon="2.810196"/>
    <trkpt lat="39.830994" lon="2.810238"/>
    <trkpt lat="39.831065" lon="2.810327"/>
    <trkpt lat="39.831124" lon="2.810386"/>
    <trkpt lat="39.831225" lon="2.810476"/>
    <trkpt lat="39.831279" lon="2.810517"/>
    <trkpt lat="39.831344" lon="2.810555"/>
    <trkpt lat="39.831393" lon="2.810576"/>
    <trkpt lat="39.831727" lon="2.810708"/>
    <trkpt lat="39.831883" lon="2.810767"/>
    <trkpt lat="39.831963" lon="2.810804"/>
    <trkpt lat="39.832050" lon="2.810860"/>
    <trkpt lat="39.832080" lon="2.810891"/>
    <trkpt lat="39.832105" lon="2.810927"/>
    <trkpt lat="39.832120" lon="2.810966"/>
    <trkpt lat="39.832130" lon="2.811007"/>
    <trkpt lat="39.832140" lon="2.811072"/>
    <trkpt lat="39.832176" lon="2.811430"/>
    <trkpt lat="39.832193" lon="2.811563"/>
    <trkpt lat="39.832224" lon="2.811736"/>
    <trkpt lat="39.832274" lon="2.811966"/>
    <trkpt lat="39.832294" lon="2.812041"/>
    <trkpt lat="39.832324" lon="2.812109"/>
    <trkpt lat="39.832367" lon="2.812179"/>
    <trkpt lat="39.832595" lon="2.812449"/>
    <trkpt lat="39.832639" lon="2.812504"/>
    <trkpt lat="39.832670" lon="2.812558"/>
    <trkpt lat="39.832685" lon="2.812608"/>
    <trkpt lat="39.832692" lon="2.812652"/>
    <trkpt lat="39.832691" lon="2.812700"/>
    <trkpt lat="39.832681" lon="2.812740"/>
    <trkpt lat="39.832663" lon="2.812790"/>
    <trkpt lat="39.832627" lon="2.812851"/>
    <trkpt lat="39.832582" lon="2.812908"/>
    <trkpt lat="39.832535" lon="2.812945"/>
    <trkpt lat="39.832488" lon="2.812971"/>
    <trkpt lat="39.832434" lon="2.812992"/>
    <trkpt lat="39.832378" lon="2.813006"/>
    <trkpt lat="39.832318" lon="2.813013"/>
    <trkpt lat="39.832277" lon="2.813009"/>
    <trkpt lat="39.832245" lon="2.812997"/>
    <trkpt lat="39.832208" lon="2.812976"/>
    <trkpt lat="39.832173" lon="2.812946"/>
    <trkpt lat="39.832151" lon="2.812915"/>
    <trkpt lat="39.832136" lon="2.812876"/>
    <trkpt lat="39.832125" lon="2.812829"/>
    <trkpt lat="39.832123" lon="2.812775"/>
    <trkpt lat="39.832130" lon="2.812710"/>
    <trkpt lat="39.832157" lon="2.812572"/>
    <trkpt lat="39.832162" lon="2.812527"/>
    <trkpt lat="39.832158" lon="2.812480"/>
    <trkpt lat="39.832146" lon="2.812440"/>
    <trkpt lat="39.832130" lon="2.812410"/>
    <trkpt lat="39.832104" lon="2.812385"/>
    <trkpt lat="39.832081" lon="2.812373"/>
    <trkpt lat="39.832055" lon="2.812366"/>
    <trkpt lat="39.832032" lon="2.812370"/>
    <trkpt lat="39.832009" lon="2.812377"/>
    <trkpt lat="39.831986" lon="2.812399"/>
    <trkpt lat="39.831970" lon="2.812426"/>
    <trkpt lat="39.831959" lon="2.812469"/>
    <trkpt lat="39.831934" lon="2.812853"/>
    <trkpt lat="39.831920" lon="2.812969"/>
    <trkpt lat="39.831900" lon="2.813087"/>
    <trkpt lat="39.831875" lon="2.813198"/>
    <trkpt lat="39.831848" lon="2.813294"/>
    <trkpt lat="39.831818" lon="2.813371"/>
    <trkpt lat="39.831789" lon="2.813429"/>
    <trkpt lat="39.831697" lon="2.813561"/>
    <trkpt lat="39.831670" lon="2.813603"/>
    <trkpt lat="39.831654" lon="2.813640"/>
    <trkpt lat="39.831646" lon="2.813686"/>
    <trkpt lat="39.831648" lon="2.813730"/>
    <trkpt lat="39.831659" lon="2.813767"/>
    <trkpt lat="39.831677" lon="2.813799"/>
    <trkpt lat="39.831702" lon="2.813824"/>
    <trkpt lat="39.831734" lon="2.813848"/>
    <trkpt lat="39.831772" lon="2.813867"/>
    <trkpt lat="39.831814" lon="2.813876"/>
    <trkpt lat="39.831859" lon="2.813879"/>
    <trkpt lat="39.831907" lon="2.813875"/>
    <trkpt lat="39.832017" lon="2.813849"/>
    <trkpt lat="39.832126" lon="2.813821"/>
    <trkpt lat="39.832323" lon="2.813752"/>
    <trkpt lat="39.832432" lon="2.813710"/>
    <trkpt lat="39.832526" lon="2.813660"/>
    <trkpt lat="39.832604" lon="2.813613"/>
    <trkpt lat="39.832676" lon="2.813557"/>
    <trkpt lat="39.832750" lon="2.813493"/>
    <trkpt lat="39.832799" lon="2.813438"/>
    <trkpt lat="39.832858" lon="2.813364"/>
    <trkpt lat="39.832908" lon="2.813286"/>
    <trkpt lat="39.832953" lon="2.813184"/>
    <trkpt lat="39.833229" lon="2.812362"/>
    <trkpt lat="39.833331" lon="2.812052"/>
    <trkpt lat="39.833363" lon="2.811963"/>
    <trkpt lat="39.833378" lon="2.811930"/>
    <trkpt lat="39.833394" lon="2.811905"/>
    <trkpt lat="39.833417" lon="2.811885"/>
    <trkpt lat="39.833440" lon="2.811873"/>
    <trkpt lat="39.833465" lon="2.811868"/>
    <trkpt lat="39.833492" lon="2.811876"/>
    <trkpt lat="39.833511" lon="2.811890"/>
    <trkpt lat="39.833527" lon="2.811911"/>
    <trkpt lat="39.833540" lon="2.811945"/>
    <trkpt lat="39.833542" lon="2.811991"/>
    <trkpt lat="39.833537" lon="2.812035"/>
    <trkpt lat="39.833525" lon="2.812084"/>
    <trkpt lat="39.833366" lon="2.812613"/>
    <trkpt lat="39.833108" lon="2.813472"/>
    <trkpt lat="39.833046" lon="2.813665"/>
    <trkpt lat="39.832990" lon="2.813791"/>
    <trkpt lat="39.832890" lon="2.813977"/>
    <trkpt lat="39.832794" lon="2.814124"/>
    <trkpt lat="39.832700" lon="2.814241"/>
    <trkpt lat="39.832597" lon="2.814328"/>
    <trkpt lat="39.832473" lon="2.814404"/>
    <trkpt lat="39.832346" lon="2.814466"/>
    <trkpt lat="39.832164" lon="2.814522"/>
    <trkpt lat="39.832071" lon="2.814561"/>
    <trkpt lat="39.831949" lon="2.814628"/>
    <trkpt lat="39.831593" lon="2.814861"/>
    <trkpt lat="39.831555" lon="2.814881"/>
    <trkpt lat="39.831518" lon="2.814891"/>
    <trkpt lat="39.831476" lon="2.814892"/>
    <trkpt lat="39.831431" lon="2.814877"/>
    <trkpt lat="39.831398" lon="2.814852"/>
    <trkpt lat="39.831366" lon="2.814816"/>
    <trkpt lat="39.831149" lon="2.814486"/>
    <trkpt lat="39.831105" lon="2.814421"/>
    <trkpt lat="39.831047" lon="2.814353"/>
    <trkpt lat="39.830972" lon="2.814287"/>
    <trkpt lat="39.830852" lon="2.814197"/>
    <trkpt lat="39.830803" lon="2.814160"/>
    <trkpt lat="39.830742" lon="2.814128"/>
    <trkpt lat="39.830687" lon="2.814106"/>
    <trkpt lat="39.830631" lon="2.814092"/>
    <trkpt lat="39.830594" lon="2.814083"/>
    <trkpt lat="39.830559" lon="2.814086"/>
    <trkpt lat="39.830527" lon="2.814095"/>
    <trkpt lat="39.830492" lon="2.814114"/>
    <trkpt lat="39.830359" lon="2.814211"/>
    <trkpt lat="39.830330" lon="2.814223"/>
    <trkpt lat="39.830299" lon="2.814228"/>
    <trkpt lat="39.830273" lon="2.814224"/>
    <trkpt lat="39.830250" lon="2.814214"/>
    <trkpt lat="39.830229" lon="2.814196"/>
    <trkpt lat="39.830210" lon="2.814165"/>
    <trkpt lat="39.830198" lon="2.814134"/>
    <trkpt lat="39.830190" lon="2.814100"/>
    <trkpt lat="39.830187" lon="2.814056"/>
    <trkpt lat="39.830192" lon="2.814013"/>
    <trkpt lat="39.830202" lon="2.813981"/>
    <trkpt lat="39.830218" lon="2.813951"/>
    <trkpt lat="39.830353" lon="2.813787"/>
    <trkpt lat="39.830393" lon="2.813745"/>
    <trkpt lat="39.830412" lon="2.813721"/>
    <trkpt lat="39.830421" lon="2.813696"/>
    <trkpt lat="39.830425" lon="2.813673"/>
    <trkpt lat="39.830425" lon="2.813646"/>
    <trkpt lat="39.830420" lon="2.813623"/>
    <trkpt lat="39.830410" lon="2.813605"/>
    <trkpt lat="39.830395" lon="2.813591"/>
    <trkpt lat="39.830374" lon="2.813583"/>
    <trkpt lat="39.830350" lon="2.813582"/>
    <trkpt lat="39.830328" lon="2.813589"/>
    <trkpt lat="39.830285" lon="2.813613"/>
    <trkpt lat="39.830240" lon="2.813654"/>
    <trkpt lat="39.830157" lon="2.813751"/>
    <trkpt lat="39.830102" lon="2.813825"/>
    <trkpt lat="39.830050" lon="2.813913"/>
    <trkpt lat="39.830006" lon="2.814005"/>
    <trkpt lat="39.829968" lon="2.814104"/>
    <trkpt lat="39.829941" lon="2.814195"/>
    <trkpt lat="39.829916" lon="2.814319"/>
    <trkpt lat="39.829879" lon="2.814515"/>
    <trkpt lat="39.829863" lon="2.814572"/>
    <trkpt lat="39.829845" lon="2.814611"/>
    <trkpt lat="39.829824" lon="2.814637"/>
    <trkpt lat="39.829799" lon="2.814654"/>
    <trkpt lat="39.829767" lon="2.814665"/>
    <trkpt lat="39.829736" lon="2.814668"/>
    <trkpt lat="39.829704" lon="2.814661"/>
    <trkpt lat="39.829680" lon="2.814648"/>
    <trkpt lat="39.829661" lon="2.814629"/>
    <trkpt lat="39.829642" lon="2.814599"/>
    <trkpt lat="39.829629" lon="2.814562"/>
    <trkpt lat="39.829624" lon="2.814521"/>
    <trkpt lat="39.829627" lon="2.814479"/>
    <trkpt lat="39.829637" lon="2.814433"/>
    <trkpt lat="39.829784" lon="2.814077"/>
    <trkpt lat="39.829816" lon="2.813996"/>
    <trkpt lat="39.829907" lon="2.813761"/>
    <trkpt lat="39.829964" lon="2.813634"/>
    <trkpt lat="39.829973" lon="2.813599"/>
    <trkpt lat="39.829977" lon="2.813568"/>
    <trkpt lat="39.829972" lon="2.813543"/>
    <trkpt lat="39.829960" lon="2.813521"/>
    <trkpt lat="39.829944" lon="2.813507"/>
    <trkpt lat="39.829920" lon="2.813498"/>
    <trkpt lat="39.829899" lon="2.813500"/>
    <trkpt lat="39.829877" lon="2.813506"/>
    <trkpt lat="39.829856" lon="2.813524"/>
    <trkpt lat="39.829826" lon="2.813567"/>
    <trkpt lat="39.829664" lon="2.813873"/>
    <trkpt lat="39.829580" lon="2.814033"/>
    <trkpt lat="39.829532" lon="2.814110"/>
    <trkpt lat="39.829481" lon="2.814179"/>
    <trkpt lat="39.829424" lon="2.814239"/>
    <trkpt lat="39.829297" lon="2.814324"/>
    <trkpt lat="39.829246" lon="2.814359"/>
    <trkpt lat="39.829224" lon="2.814385"/>
    <trkpt lat="39.829210" lon="2.814425"/>
    <trkpt lat="39.829202" lon="2.814471"/>
    <trkpt lat="39.829200" lon="2.814519"/>
    <trkpt lat="39.829207" lon="2.814563"/>
    <trkpt lat="39.829221" lon="2.814606"/>
    <trkpt lat="39.829253" lon="2.814663"/>
    <trkpt lat="39.829281" lon="2.814715"/>
    <trkpt lat="39.829317" lon="2.814795"/>
    <trkpt lat="39.829347" lon="2.814895"/>
    <trkpt lat="39.829399" lon="2.815083"/>
    <trkpt lat="39.829423" lon="2.815151"/>
    <trkpt lat="39.829444" lon="2.815189"/>
    <trkpt lat="39.829468" lon="2.815219"/>
    <trkpt lat="39.829490" lon="2.815237"/>
    <trkpt lat="39.829515" lon="2.815245"/>
    <trkpt lat="39.829546" lon="2.815251"/>
    <trkpt lat="39.829581" lon="2.815250"/>
    <trkpt lat="39.829640" lon="2.815241"/>
    <trkpt lat="39.830243" lon="2.815098"/>
    <trkpt lat="39.830277" lon="2.815095"/>
    <trkpt lat="39.830309" lon="2.815098"/>
    <trkpt lat="39.830341" lon="2.815106"/>
    <trkpt lat="39.830369" lon="2.815127"/>
    <trkpt lat="39.830395" lon="2.815159"/>
    <trkpt lat="39.830410" lon="2.815199"/>
    <trkpt lat="39.830428" lon="2.815340"/>
    <trkpt lat="39.830425" lon="2.815387"/>
    <trkpt lat="39.830419" lon="2.815443"/>
    <trkpt lat="39.830407" lon="2.815488"/>
    <trkpt lat="39.830390" lon="2.815538"/>
    <trkpt lat="39.830295" lon="2.815753"/>
    <trkpt lat="39.830287" lon="2.815784"/>
    <trkpt lat="39.830283" lon="2.815818"/>
    <trkpt lat="39.830283" lon="2.815851"/>
    <trkpt lat="39.830286" lon="2.815879"/>
    <trkpt lat="39.830294" lon="2.815905"/>
    <trkpt lat="39.830307" lon="2.815927"/>
    <trkpt lat="39.830324" lon="2.815945"/>
    <trkpt lat="39.830346" lon="2.815959"/>
    <trkpt lat="39.830434" lon="2.815999"/>
    <trkpt lat="39.830529" lon="2.816038"/>
    <trkpt lat="39.830589" lon="2.816052"/>
    <trkpt lat="39.830659" lon="2.816058"/>
    <trkpt lat="39.830725" lon="2.816061"/>
    <trkpt lat="39.830778" lon="2.816058"/>
    <trkpt lat="39.830829" lon="2.816048"/>
    <trkpt lat="39.830879" lon="2.816034"/>
    <trkpt lat="39.831493" lon="2.815801"/>
    <trkpt lat="39.831565" lon="2.815778"/>
    <trkpt lat="39.831624" lon="2.815763"/>
    <trkpt lat="39.831667" lon="2.815758"/>
    <trkpt lat="39.831710" lon="2.815757"/>
    <trkpt lat="39.831754" lon="2.815762"/>
    <trkpt lat="39.831793" lon="2.815773"/>
    <trkpt lat="39.831832" lon="2.815789"/>
    <trkpt lat="39.831886" lon="2.815823"/>
    <trkpt lat="39.831927" lon="2.815855"/>
    <trkpt lat="39.831962" lon="2.815887"/>
    <trkpt lat="39.831999" lon="2.815932"/>
    <trkpt lat="39.832055" lon="2.815998"/>
    <trkpt lat="39.832103" lon="2.816046"/>
    <trkpt lat="39.832151" lon="2.816091"/>
    <trkpt lat="39.832189" lon="2.816116"/>
    <trkpt lat="39.832249" lon="2.816141"/>
    <trkpt lat="39.832294" lon="2.816154"/>
    <trkpt lat="39.832329" lon="2.816159"/>
    <trkpt lat="39.832361" lon="2.816159"/>
    <trkpt lat="39.832393" lon="2.816153"/>
    <trkpt lat="39.832422" lon="2.816141"/>
    <trkpt lat="39.832449" lon="2.816123"/>
    <trkpt lat="39.832473" lon="2.816098"/>
    <trkpt lat="39.832493" lon="2.816067"/>
    <trkpt lat="39.832507" lon="2.816029"/>
    <trkpt lat="39.832514" lon="2.815990"/>
    <trkpt lat="39.832516" lon="2.815950"/>
    <trkpt lat="39.832513" lon="2.815914"/>
    <trkpt lat="39.832507" lon="2.815884"/>
    <trkpt lat="39.832496" lon="2.815852"/>
    <trkpt lat="39.832476" lon="2.815821"/>
    <trkpt lat="39.832456" lon="2.815792"/>
    <trkpt lat="39.832432" lon="2.815766"/>
    <trkpt lat="39.832399" lon="2.815743"/>
    <trkpt lat="39.832369" lon="2.815731"/>
    <trkpt lat="39.832336" lon="2.815721"/>
    <trkpt lat="39.832304" lon="2.815720"/>
    <trkpt lat="39.832268" lon="2.815723"/>
    <trkpt lat="39.832233" lon="2.815737"/>
    <trkpt lat="39.832199" lon="2.815756"/>
    <trkpt lat="39.832159" lon="2.815787"/>
    <trkpt lat="39.832128" lon="2.815818"/>
    <trkpt lat="39.832063" lon="2.815899"/>
    <trkpt lat="39.831987" lon="2.816007"/>
    <trkpt lat="39.831893" lon="2.816138"/>
    <trkpt lat="39.831831" lon="2.816224"/>
    <trkpt lat="39.831800" lon="2.816261"/>
    <trkpt lat="39.831764" lon="2.816296"/>
    <trkpt lat="39.831729" lon="2.816325"/>
    <trkpt lat="39.831691" lon="2.816347"/>
    <trkpt lat="39.831655" lon="2.816363"/>
    <trkpt lat="39.831375" lon="2.816448"/>
    <trkpt lat="39.830995" lon="2.816552"/>
    <trkpt lat="39.830628" lon="2.816666"/>
    <trkpt lat="39.830435" lon="2.816717"/>
    <trkpt lat="39.830336" lon="2.816749"/>
    <trkpt lat="39.830227" lon="2.816791"/>
    <trkpt lat="39.829484" lon="2.817126"/>
    <trkpt lat="39.829373" lon="2.817165"/>
    <trkpt lat="39.829284" lon="2.817185"/>
    <trkpt lat="39.829203" lon="2.817204"/>
    <trkpt lat="39.829126" lon="2.817212"/>
    <trkpt lat="39.829037" lon="2.817213"/>
    <trkpt lat="39.828924" lon="2.817210"/>
    <trkpt lat="39.828813" lon="2.817197"/>
    <trkpt lat="39.828747" lon="2.817195"/>
    <trkpt lat="39.828689" lon="2.817202"/>
    <trkpt lat="39.828645" lon="2.817216"/>
    <trkpt lat="39.828597" lon="2.817236"/>
    <trkpt lat="39.828534" lon="2.817272"/>
    <trkpt lat="39.828447" lon="2.817336"/>
    <trkpt lat="39.828053" lon="2.817664"/>
    <trkpt lat="39.827993" lon="2.817709"/>
    <trkpt lat="39.827870" lon="2.817794"/>
    <trkpt lat="39.827714" lon="2.817887"/>
    <trkpt lat="39.827539" lon="2.817986"/>
    <trkpt lat="39.827498" lon="2.818002"/>
    <trkpt lat="39.827457" lon="2.818014"/>
    <trkpt lat="39.827413" lon="2.818021"/>
    <trkpt lat="39.827366" lon="2.818021"/>
    <trkpt lat="39.827324" lon="2.818016"/>
    <trkpt lat="39.827279" lon="2.818007"/>
    <trkpt lat="39.827229" lon="2.817992"/>
    <trkpt lat="39.827169" lon="2.817968"/>
    <trkpt lat="39.827109" lon="2.817936"/>
    <trkpt lat="39.827055" lon="2.817894"/>
    <trkpt lat="39.827007" lon="2.817854"/>
    <trkpt lat="39.826968" lon="2.817809"/>
    <trkpt lat="39.826929" lon="2.817755"/>
    <trkpt lat="39.826840" lon="2.817611"/>
    <trkpt lat="39.826807" lon="2.817561"/>
    <trkpt lat="39.826766" lon="2.817512"/>
    <trkpt lat="39.826725" lon="2.817474"/>
    <trkpt lat="39.826680" lon="2.817441"/>
    <trkpt lat="39.826628" lon="2.817412"/>
    <trkpt lat="39.826580" lon="2.817386"/>
    <trkpt lat="39.826527" lon="2.817368"/>
    <trkpt lat="39.826471" lon="2.817357"/>
    <trkpt lat="39.826286" lon="2.817356"/>
    <trkpt lat="39.826222" lon="2.817353"/>
    <trkpt lat="39.826167" lon="2.817342"/>
    <trkpt lat="39.826112" lon="2.817328"/>
    <trkpt lat="39.826065" lon="2.817310"/>
    <trkpt lat="39.826019" lon="2.817286"/>
    <trkpt lat="39.825876" lon="2.817193"/>
    <trkpt lat="39.825792" lon="2.817130"/>
    <trkpt lat="39.825718" lon="2.817073"/>
    <trkpt lat="39.825631" lon="2.816995"/>
    <trkpt lat="39.825551" lon="2.816908"/>
    <trkpt lat="39.825334" lon="2.816626"/>
    <trkpt lat="39.825268" lon="2.816527"/>
    <trkpt lat="39.825242" lon="2.816479"/>
    <trkpt lat="39.825225" lon="2.816437"/>
    <trkpt lat="39.825211" lon="2.816390"/>
    <trkpt lat="39.825207" lon="2.816341"/>
    <trkpt lat="39.825210" lon="2.816288"/>
    <trkpt lat="39.825220" lon="2.816149"/>
    <trkpt lat="39.825222" lon="2.816081"/>
    <trkpt lat="39.825218" lon="2.816008"/>
    <trkpt lat="39.825210" lon="2.815941"/>
    <trkpt lat="39.825199" lon="2.815887"/>
    <trkpt lat="39.825184" lon="2.815830"/>
    <trkpt lat="39.825165" lon="2.815781"/>
    <trkpt lat="39.825136" lon="2.815733"/>
    <trkpt lat="39.825089" lon="2.815665"/>
    <trkpt lat="39.825018" lon="2.815578"/>
    <trkpt lat="39.824996" lon="2.815537"/>
    <trkpt lat="39.824978" lon="2.815489"/>
    <trkpt lat="39.824967" lon="2.815443"/>
    <trkpt lat="39.824961" lon="2.815390"/>
    <trkpt lat="39.824961" lon="2.815326"/>
    <trkpt lat="39.824971" lon="2.815257"/>
    <trkpt lat="39.825010" lon="2.815022"/>
    <trkpt lat="39.825020" lon="2.814943"/>
    <trkpt lat="39.825025" lon="2.814883"/>
    <trkpt lat="39.825023" lon="2.814828"/>
    <trkpt lat="39.825012" lon="2.814781"/>
    <trkpt lat="39.824996" lon="2.814747"/>
    <trkpt lat="39.824970" lon="2.814718"/>
    <trkpt lat="39.824944" lon="2.814702"/>
    <trkpt lat="39.824914" lon="2.814689"/>
    <trkpt lat="39.824886" lon="2.814682"/>
    <trkpt lat="39.824852" lon="2.814683"/>
    <trkpt lat="39.824820" lon="2.814694"/>
    <trkpt lat="39.824782" lon="2.814716"/>
    <trkpt lat="39.824647" lon="2.814837"/>
    <trkpt lat="39.824376" lon="2.815067"/>
    <trkpt lat="39.824185" lon="2.815247"/>
    <trkpt lat="39.824119" lon="2.815336"/>
    <trkpt lat="39.824057" lon="2.815433"/>
    <trkpt lat="39.823999" lon="2.815508"/>
    <trkpt lat="39.823931" lon="2.815575"/>
    <trkpt lat="39.823877" lon="2.815621"/>
    <trkpt lat="39.823812" lon="2.815668"/>
    <trkpt lat="39.823749" lon="2.815710"/>
    <trkpt lat="39.823662" lon="2.815757"/>
    <trkpt lat="39.823581" lon="2.815790"/>
    <trkpt lat="39.823485" lon="2.815821"/>
    <trkpt lat="39.823397" lon="2.815842"/>
    <trkpt lat="39.823278" lon="2.815856"/>
    <trkpt lat="39.823230" lon="2.815854"/>
    <trkpt lat="39.823176" lon="2.815844"/>
    <trkpt lat="39.823127" lon="2.815822"/>
    <trkpt lat="39.823087" lon="2.815795"/>
    <trkpt lat="39.822736" lon="2.815480"/>
    <trkpt lat="39.822488" lon="2.815201"/>
    <trkpt lat="39.822408" lon="2.815097"/>
    <trkpt lat="39.822383" lon="2.815042"/>
    <trkpt lat="39.822363" lon="2.814974"/>
    <trkpt lat="39.822351" lon="2.814910"/>
    <trkpt lat="39.822333" lon="2.814791"/>
    <trkpt lat="39.822320" lon="2.814731"/>
    <trkpt lat="39.822299" lon="2.814664"/>
    <trkpt lat="39.822280" lon="2.814617"/>
    <trkpt lat="39.822254" lon="2.814580"/>
    <trkpt lat="39.822219" lon="2.814548"/>
    <trkpt lat="39.822174" lon="2.814529"/>
    <trkpt lat="39.822127" lon="2.814525"/>
    <trkpt lat="39.822075" lon="2.814530"/>
    <trkpt lat="39.821927" lon="2.814564"/>
    <trkpt lat="39.821874" lon="2.814571"/>
    <trkpt lat="39.821826" lon="2.814570"/>
    <trkpt lat="39.821776" lon="2.814561"/>
    <trkpt lat="39.821730" lon="2.814543"/>
    <trkpt lat="39.821650" lon="2.814507"/>
    <trkpt lat="39.821591" lon="2.814475"/>
    <trkpt lat="39.821539" lon="2.814447"/>
    <trkpt lat="39.821490" lon="2.814428"/>
    <trkpt lat="39.821433" lon="2.814414"/>
    <trkpt lat="39.821277" lon="2.814402"/>
    <trkpt lat="39.821082" lon="2.814375"/>
    <trkpt lat="39.820992" lon="2.814357"/>
    <trkpt lat="39.820883" lon="2.814326"/>
    <trkpt lat="39.820733" lon="2.814276"/>
    <trkpt lat="39.820686" lon="2.814268"/>
    <trkpt lat="39.820644" lon="2.814269"/>
    <trkpt lat="39.820607" lon="2.814278"/>
    <trkpt lat="39.820579" lon="2.814298"/>
    <trkpt lat="39.820555" lon="2.814330"/>
    <trkpt lat="39.820535" lon="2.814376"/>
    <trkpt lat="39.820531" lon="2.814425"/>
    <trkpt lat="39.820535" lon="2.814469"/>
    <trkpt lat="39.820547" lon="2.814513"/>
    <trkpt lat="39.820571" lon="2.814550"/>
    <trkpt lat="39.820599" lon="2.814578"/>
    <trkpt lat="39.820636" lon="2.814595"/>
    <trkpt lat="39.820679" lon="2.814608"/>
    <trkpt lat="39.820725" lon="2.814608"/>
    <trkpt lat="39.820848" lon="2.814585"/>
    <trkpt lat="39.820909" lon="2.814578"/>
    <trkpt lat="39.820986" lon="2.814584"/>
    <trkpt lat="39.821068" lon="2.814605"/>
    <trkpt lat="39.821149" lon="2.814636"/>
    <trkpt lat="39.821222" lon="2.814680"/>
    <trkpt lat="39.821290" lon="2.814730"/>
    <trkpt lat="39.821376" lon="2.814809"/>
    <trkpt lat="39.821512" lon="2.814944"/>
    <trkpt lat="39.821576" lon="2.814992"/>
    <trkpt lat="39.821635" lon="2.815014"/>
    <trkpt lat="39.821780" lon="2.815054"/>
    <trkpt lat="39.821820" lon="2.815073"/>
    <trkpt lat="39.821842" lon="2.815101"/>
    <trkpt lat="39.821860" lon="2.815138"/>
    <trkpt lat="39.821868" lon="2.815180"/>
    <trkpt lat="39.821861" lon="2.815219"/>
    <trkpt lat="39.821844" lon="2.815257"/>
    <trkpt lat="39.821818" lon="2.815280"/>
    <trkpt lat="39.821781" lon="2.815287"/>
    <trkpt lat="39.821739" lon="2.815280"/>
    <trkpt lat="39.821353" lon="2.815143"/>
    <trkpt lat="39.821277" lon="2.815123"/>
    <trkpt lat="39.821206" lon="2.815116"/>
    <trkpt lat="39.821136" lon="2.815119"/>
    <trkpt lat="39.821067" lon="2.815128"/>
    <trkpt lat="39.821013" lon="2.815141"/>
    <trkpt lat="39.820955" lon="2.815166"/>
    <trkpt lat="39.820899" lon="2.815206"/>
    <trkpt lat="39.820850" lon="2.815254"/>
    <trkpt lat="39.820288" lon="2.815970"/>
    <trkpt lat="39.820234" lon="2.816033"/>
    <trkpt lat="39.820193" lon="2.816072"/>
    <trkpt lat="39.820164" lon="2.816089"/>
    <trkpt lat="39.820127" lon="2.816101"/>
    <trkpt lat="39.820089" lon="2.816102"/>
    <trkpt lat="39.820044" lon="2.816096"/>
    <trkpt lat="39.820003" lon="2.816077"/>
    <trkpt lat="39.819970" lon="2.816050"/>
    <trkpt lat="39.819939" lon="2.816012"/>
    <trkpt lat="39.819908" lon="2.815961"/>
    <trkpt lat="39.819745" lon="2.815648"/>
    <trkpt lat="39.819677" lon="2.815543"/>
    <trkpt lat="39.819612" lon="2.815458"/>
    <trkpt lat="39.819546" lon="2.815381"/>
    <trkpt lat="39.819488" lon="2.815328"/>
    <trkpt lat="39.819420" lon="2.815275"/>
    <trkpt lat="39.819344" lon="2.815235"/>
    <trkpt lat="39.819260" lon="2.815209"/>
    <trkpt lat="39.819083" lon="2.815165"/>
    <trkpt lat="39.818996" lon="2.815150"/>
    <trkpt lat="39.818934" lon="2.815146"/>
    <trkpt lat="39.818881" lon="2.815149"/>
    <trkpt lat="39.818838" lon="2.815160"/>
    <trkpt lat="39.818807" lon="2.815179"/>
    <trkpt lat="39.818781" lon="2.815210"/>
    <trkpt lat="39.818752" lon="2.815258"/>
    <trkpt lat="39.818733" lon="2.815317"/>
    <trkpt lat="39.818725" lon="2.815406"/>
    <trkpt lat="39.818689" lon="2.815952"/>
    <trkpt lat="39.818673" lon="2.816105"/>
    <trkpt lat="39.818641" lon="2.816303"/>
    <trkpt lat="39.818452" lon="2.817129"/>
    <trkpt lat="39.818358" lon="2.817533"/>
    <trkpt lat="39.818273" lon="2.817797"/>
    <trkpt lat="39.817687" lon="2.819305"/>
    <trkpt lat="39.817641" lon="2.819441"/>
    <trkpt lat="39.817609" lon="2.819591"/>
    <trkpt lat="39.817520" lon="2.820275"/>
    <trkpt lat="39.817489" lon="2.820502"/>
    <trkpt lat="39.817462" lon="2.820639"/>
    <trkpt lat="39.817432" lon="2.820745"/>
    <trkpt lat="39.817395" lon="2.820838"/>
    <trkpt lat="39.817351" lon="2.820923"/>
    <trkpt lat="39.817304" lon="2.820991"/>
    <trkpt lat="39.817236" lon="2.821070"/>
    <trkpt lat="39.816718" lon="2.821667"/>
    <trkpt lat="39.816638" lon="2.821746"/>
    <trkpt lat="39.816228" lon="2.822073"/>
    <trkpt lat="39.816172" lon="2.822106"/>
    <trkpt lat="39.816122" lon="2.822124"/>
    <trkpt lat="39.816074" lon="2.822135"/>
    <trkpt lat="39.816024" lon="2.822130"/>
    <trkpt lat="39.815984" lon="2.822117"/>
    <trkpt lat="39.815935" lon="2.822086"/>
    <trkpt lat="39.815799" lon="2.821995"/>
    <trkpt lat="39.815743" lon="2.821967"/>
    <trkpt lat="39.815695" lon="2.821956"/>
    <trkpt lat="39.815645" lon="2.821957"/>
    <trkpt lat="39.815594" lon="2.821964"/>
    <trkpt lat="39.815544" lon="2.821985"/>
    <trkpt lat="39.815496" lon="2.822008"/>
    <trkpt lat="39.815452" lon="2.822039"/>
    <trkpt lat="39.815280" lon="2.822262"/>
    <trkpt lat="39.815250" lon="2.822307"/>
    <trkpt lat="39.815158" lon="2.822442"/>
    <trkpt lat="39.815145" lon="2.822473"/>
    <trkpt lat="39.815138" lon="2.822514"/>
    <trkpt lat="39.815140" lon="2.822554"/>
    <trkpt lat="39.815154" lon="2.822597"/>
    <trkpt lat="39.815222" lon="2.822700"/>
    <trkpt lat="39.815336" lon="2.822844"/>
    <trkpt lat="39.815704" lon="2.823249"/>
    <trkpt lat="39.815896" lon="2.823459"/>
    <trkpt lat="39.815976" lon="2.823558"/>
    <trkpt lat="39.816007" lon="2.823599"/>
    <trkpt lat="39.816131" lon="2.823853"/>
    <trkpt lat="39.816141" lon="2.823894"/>
    <trkpt lat="39.816140" lon="2.823927"/>
    <trkpt lat="39.816137" lon="2.823954"/>
    <trkpt lat="39.816126" lon="2.823979"/>
    <trkpt lat="39.816113" lon="2.824000"/>
    <trkpt lat="39.816091" lon="2.824018"/>
    <trkpt lat="39.816049" lon="2.824050"/>
    <trkpt lat="39.816093" lon="2.824169"/>
    <trkpt lat="39.816111" lon="2.824382"/>
    <trkpt lat="39.816109" lon="2.824431"/>
    <trkpt lat="39.816103" lon="2.824477"/>
    <trkpt lat="39.816090" lon="2.824533"/>
    <trkpt lat="39.816072" lon="2.824583"/>
    <trkpt lat="39.816050" lon="2.824628"/>
    <trkpt lat="39.815961" lon="2.824770"/>
    <trkpt lat="39.815874" lon="2.824862"/>
    <trkpt lat="39.815772" lon="2.824960"/>
    <trkpt lat="39.815590" lon="2.825143"/>
    <trkpt lat="39.815472" lon="2.825244"/>
    <trkpt lat="39.815100" lon="2.825473"/>
    <trkpt lat="39.815034" lon="2.825530"/>
    <trkpt lat="39.814971" lon="2.825599"/>
    <trkpt lat="39.814902" lon="2.825735"/>
    <trkpt lat="39.814871" lon="2.825847"/>
    <trkpt lat="39.814872" lon="2.825958"/>
    <trkpt lat="39.814893" lon="2.826075"/>
    <trkpt lat="39.814956" lon="2.826252"/>
    <trkpt lat="39.815092" lon="2.826520"/>
    <trkpt lat="39.815215" lon="2.826746"/>
    <trkpt lat="39.815370" lon="2.826985"/>
    <trkpt lat="39.815483" lon="2.827119"/>
    <trkpt lat="39.815766" lon="2.827401"/>
    <trkpt lat="39.815852" lon="2.827520"/>
    <trkpt lat="39.815908" lon="2.827619"/>
    <trkpt lat="39.815945" lon="2.827749"/>
    <trkpt lat="39.815985" lon="2.827971"/>
    <trkpt lat="39.816023" lon="2.828282"/>
    <trkpt lat="39.816192" lon="2.829488"/>
    <trkpt lat="39.816215" lon="2.829656"/>
    <trkpt lat="39.816230" lon="2.829742"/>
    <trkpt lat="39.816279" lon="2.829800"/>
    <trkpt lat="39.816357" lon="2.829832"/>
    <trkpt lat="39.816440" lon="2.829858"/>
    <trkpt lat="39.816525" lon="2.829861"/>
    <trkpt lat="39.816621" lon="2.829832"/>
    <trkpt lat="39.816751" lon="2.829735"/>
    <trkpt lat="39.816937" lon="2.829545"/>
    <trkpt lat="39.817555" lon="2.828918"/>
    <trkpt lat="39.817724" lon="2.828762"/>
    <trkpt lat="39.817813" lon="2.828728"/>
    <trkpt lat="39.817910" lon="2.828733"/>
    <trkpt lat="39.817975" lon="2.828755"/>
    <trkpt lat="39.818054" lon="2.828806"/>
    <trkpt lat="39.818196" lon="2.828944"/>
    <trkpt lat="39.818261" lon="2.829040"/>
    <trkpt lat="39.818288" lon="2.829128"/>
    <trkpt lat="39.818368" lon="2.829574"/>
    <trkpt lat="39.818415" lon="2.829747"/>
    <trkpt lat="39.818451" lon="2.829837"/>
    <trkpt lat="39.818521" lon="2.829881"/>
    <trkpt lat="39.818594" lon="2.829887"/>
    <trkpt lat="39.818660" lon="2.829857"/>
    <trkpt lat="39.818757" lon="2.829806"/>
    <trkpt lat="39.818878" lon="2.829673"/>
    <trkpt lat="39.818957" lon="2.829578"/>
    <trkpt lat="39.819030" lon="2.829514"/>
    <trkpt lat="39.819107" lon="2.829505"/>
    <trkpt lat="39.819168" lon="2.829534"/>
    <trkpt lat="39.819306" lon="2.829650"/>
    <trkpt lat="39.819500" lon="2.829871"/>
    <trkpt lat="39.819650" lon="2.830009"/>
    <trkpt lat="39.819795" lon="2.830063"/>
    <trkpt lat="39.820004" lon="2.830078"/>
    <trkpt lat="39.820174" lon="2.830050"/>
    <trkpt lat="39.820316" lon="2.830014"/>
    <trkpt lat="39.820488" lon="2.829948"/>
    <trkpt lat="39.820625" lon="2.829848"/>
    <trkpt lat="39.820693" lon="2.829755"/>
    <trkpt lat="39.820770" lon="2.829612"/>
    <trkpt lat="39.820819" lon="2.829460"/>
    <trkpt lat="39.820905" lon="2.829118"/>
    <trkpt lat="39.820962" lon="2.828946"/>
    <trkpt lat="39.821029" lon="2.828842"/>
    <trkpt lat="39.821088" lon="2.828775"/>
    <trkpt lat="39.821235" lon="2.828673"/>
    <trkpt lat="39.821579" lon="2.828372"/>
    <trkpt lat="39.821664" lon="2.828253"/>
    <trkpt lat="39.821689" lon="2.828139"/>
    <trkpt lat="39.821690" lon="2.828033"/>
    <trkpt lat="39.821672" lon="2.827894"/>
    <trkpt lat="39.821664" lon="2.827796"/>
    <trkpt lat="39.821674" lon="2.827730"/>
    <trkpt lat="39.821716" lon="2.827675"/>
    <trkpt lat="39.821779" lon="2.827652"/>
    <trkpt lat="39.821877" lon="2.827632"/>
    <trkpt lat="39.822073" lon="2.827594"/>
    <trkpt lat="39.822251" lon="2.827508"/>
    <trkpt lat="39.822435" lon="2.827396"/>
    <trkpt lat="39.822560" lon="2.827338"/>
    <trkpt lat="39.822652" lon="2.827311"/>
    <trkpt lat="39.822770" lon="2.827308"/>
    <trkpt lat="39.822887" lon="2.827337"/>
    <trkpt lat="39.823007" lon="2.827384"/>
    <trkpt lat="39.823121" lon="2.827446"/>
    <trkpt lat="39.823262" lon="2.827528"/>
    <trkpt lat="39.823499" lon="2.827732"/>
    <trkpt lat="39.823652" lon="2.827911"/>
    <trkpt lat="39.823680" lon="2.827943"/>
    <trkpt lat="39.824108" lon="2.828442"/>
    <trkpt lat="39.824597" lon="2.828931"/>
    <trkpt lat="39.824749" lon="2.829089"/>
    <trkpt lat="39.824880" lon="2.829193"/>
    <trkpt lat="39.825007" lon="2.829252"/>
    <trkpt lat="39.825140" lon="2.829304"/>
    <trkpt lat="39.825240" lon="2.829370"/>
    <trkpt lat="39.825490" lon="2.829497"/>
    <trkpt lat="39.825723" lon="2.829562"/>
    <trkpt lat="39.825902" lon="2.829599"/>
    <trkpt lat="39.826084" lon="2.829652"/>
    <trkpt lat="39.826214" lon="2.829713"/>
    <trkpt lat="39.826351" lon="2.829805"/>
    <trkpt lat="39.826533" lon="2.829925"/>
    <trkpt lat="39.826607" lon="2.829997"/>
    <trkpt lat="39.826835" lon="2.830276"/>
    <trkpt lat="39.827107" lon="2.830596"/>
    <trkpt lat="39.827209" lon="2.830740"/>
    <trkpt lat="39.827599" lon="2.831291"/>
    <trkpt lat="39.827681" lon="2.831421"/>
    <trkpt lat="39.827749" lon="2.831529"/>
    <trkpt lat="39.827793" lon="2.831667"/>
    <trkpt lat="39.827812" lon="2.831764"/>
    <trkpt lat="39.827859" lon="2.832169"/>
    <trkpt lat="39.827890" lon="2.832413"/>
    <trkpt lat="39.827992" lon="2.832793"/>
    <trkpt lat="39.828014" lon="2.832867"/>
    <trkpt lat="39.828101" lon="2.833164"/>
    <trkpt lat="39.828185" lon="2.833371"/>
    <trkpt lat="39.828282" lon="2.833556"/>
    <trkpt lat="39.828348" lon="2.833686"/>
    <trkpt lat="39.828401" lon="2.833916"/>
    <trkpt lat="39.828435" lon="2.834142"/>
    <trkpt lat="39.828442" lon="2.834228"/>
    <trkpt lat="39.828428" lon="2.834365"/>
    <trkpt lat="39.828317" lon="2.834816"/>
    <trkpt lat="39.828211" lon="2.835249"/>
    <trkpt lat="39.828164" lon="2.835559"/>
    <trkpt lat="39.828158" lon="2.835900"/>
    <trkpt lat="39.828184" lon="2.836156"/>
    <trkpt lat="39.828272" lon="2.836409"/>
    <trkpt lat="39.828332" lon="2.836535"/>
    <trkpt lat="39.828482" lon="2.836789"/>
    <trkpt lat="39.828578" lon="2.836922"/>
    <trkpt lat="39.828616" lon="2.837027"/>
    <trkpt lat="39.828636" lon="2.837135"/>
    <trkpt lat="39.828640" lon="2.837167"/>
    <trkpt lat="39.828646" lon="2.837220"/>
    <trkpt lat="39.828644" lon="2.837308"/>
    <trkpt lat="39.828632" lon="2.837421"/>
    <trkpt lat="39.828568" lon="2.837654"/>
    <trkpt lat="39.828475" lon="2.837929"/>
    <trkpt lat="39.828445" lon="2.838020"/>
    <trkpt lat="39.828402" lon="2.838092"/>
    <trkpt lat="39.828314" lon="2.838157"/>
    <trkpt lat="39.828239" lon="2.838194"/>
    <trkpt lat="39.828052" lon="2.838284"/>
    <trkpt lat="39.827857" lon="2.838383"/>
    <trkpt lat="39.827500" lon="2.838615"/>
    <trkpt lat="39.827315" lon="2.838747"/>
    <trkpt lat="39.827204" lon="2.838823"/>
    <trkpt lat="39.827134" lon="2.838856"/>
    <trkpt lat="39.827061" lon="2.838881"/>
    <trkpt lat="39.826924" lon="2.838917"/>
    <trkpt lat="39.826690" lon="2.838978"/>
    <trkpt lat="39.826308" lon="2.839078"/>
    <trkpt lat="39.826124" lon="2.839135"/>
    <trkpt lat="39.826056" lon="2.839168"/>
    <trkpt lat="39.825990" lon="2.839224"/>
    <trkpt lat="39.825949" lon="2.839273"/>
    <trkpt lat="39.825887" lon="2.839360"/>
    <trkpt lat="39.825854" lon="2.839446"/>
    <trkpt lat="39.825835" lon="2.839520"/>
    <trkpt lat="39.825821" lon="2.839635"/>
    <trkpt lat="39.825809" lon="2.839776"/>
    <trkpt lat="39.825785" lon="2.840431"/>
    <trkpt lat="39.825776" lon="2.840857"/>
    <trkpt lat="39.825799" lon="2.841095"/>
    <trkpt lat="39.825830" lon="2.841306"/>
    <trkpt lat="39.825858" lon="2.841489"/>
    <trkpt lat="39.825896" lon="2.841522"/>
    <trkpt lat="39.825939" lon="2.841531"/>
    <trkpt lat="39.826001" lon="2.841505"/>
    <trkpt lat="39.826093" lon="2.841423"/>
    <trkpt lat="39.826221" lon="2.841345"/>
    <trkpt lat="39.826276" lon="2.841329"/>
    <trkpt lat="39.826331" lon="2.841342"/>
    <trkpt lat="39.826375" lon="2.841385"/>
    <trkpt lat="39.826432" lon="2.841497"/>
    <trkpt lat="39.826523" lon="2.841736"/>
    <trkpt lat="39.826562" lon="2.841858"/>
    <trkpt lat="39.826575" lon="2.841962"/>
    <trkpt lat="39.826572" lon="2.842122"/>
    <trkpt lat="39.826542" lon="2.842541"/>
    <trkpt lat="39.826512" lon="2.843115"/>
    <trkpt lat="39.826484" lon="2.843518"/>
    <trkpt lat="39.826467" lon="2.843841"/>
    <trkpt lat="39.826454" lon="2.844004"/>
    <trkpt lat="39.826330" lon="2.844830"/>
    <trkpt lat="39.826242" lon="2.845283"/>
    <trkpt lat="39.826129" lon="2.845840"/>
    <trkpt lat="39.826090" lon="2.846052"/>
    <trkpt lat="39.826079" lon="2.846189"/>
    <trkpt lat="39.826100" lon="2.846461"/>
    <trkpt lat="39.826152" lon="2.846940"/>
    <trkpt lat="39.826158" lon="2.846996"/>
    <trkpt lat="39.826170" lon="2.847103"/>
    <trkpt lat="39.826176" lon="2.847209"/>
    <trkpt lat="39.826164" lon="2.847306"/>
    <trkpt lat="39.826153" lon="2.847354"/>
    <trkpt lat="39.826139" lon="2.847417"/>
    <trkpt lat="39.826112" lon="2.847492"/>
    <trkpt lat="39.826086" lon="2.847563"/>
    <trkpt lat="39.826039" lon="2.847645"/>
    <trkpt lat="39.825977" lon="2.847716"/>
    <trkpt lat="39.825884" lon="2.847797"/>
    <trkpt lat="39.825827" lon="2.847834"/>
    <trkpt lat="39.825778" lon="2.847866"/>
    <trkpt lat="39.825701" lon="2.847916"/>
    <trkpt lat="39.825618" lon="2.847978"/>
    <trkpt lat="39.825571" lon="2.848057"/>
    <trkpt lat="39.825484" lon="2.848284"/>
    <trkpt lat="39.825272" lon="2.848857"/>
    <trkpt lat="39.825134" lon="2.849233"/>
    <trkpt lat="39.824921" lon="2.850090"/>
    <trkpt lat="39.824865" lon="2.850231"/>
    <trkpt lat="39.824824" lon="2.850307"/>
    <trkpt lat="39.824737" lon="2.850422"/>
    <trkpt lat="39.824365" lon="2.850948"/>
    <trkpt lat="39.824138" lon="2.851227"/>
    <trkpt lat="39.823918" lon="2.851484"/>
    <trkpt lat="39.823872" lon="2.851535"/>
    <trkpt lat="39.823590" lon="2.851711"/>
    <trkpt lat="39.823518" lon="2.851775"/>
    <trkpt lat="39.823439" lon="2.851871"/>
    <trkpt lat="39.823326" lon="2.852032"/>
    <trkpt lat="39.823276" lon="2.852139"/>
    <trkpt lat="39.823252" lon="2.852240"/>
    <trkpt lat="39.823234" lon="2.852386"/>
    <trkpt lat="39.823221" lon="2.852570"/>
    <trkpt lat="39.823192" lon="2.852688"/>
    <trkpt lat="39.823154" lon="2.852793"/>
    <trkpt lat="39.823048" lon="2.853019"/>
    <trkpt lat="39.822889" lon="2.853315"/>
    <trkpt lat="39.822653" lon="2.853693"/>
    <trkpt lat="39.822585" lon="2.853796"/>
    <trkpt lat="39.822520" lon="2.853889"/>
    <trkpt lat="39.822485" lon="2.853975"/>
    <trkpt lat="39.822478" lon="2.854069"/>
    <trkpt lat="39.822486" lon="2.854162"/>
    <trkpt lat="39.822504" lon="2.854256"/>
    <trkpt lat="39.822538" lon="2.854382"/>
    <trkpt lat="39.822540" lon="2.854423"/>
    <trkpt lat="39.822542" lon="2.854466"/>
    <trkpt lat="39.822538" lon="2.854562"/>
    <trkpt lat="39.822516" lon="2.854728"/>
    <trkpt lat="39.822469" lon="2.854981"/>
    <trkpt lat="39.822433" lon="2.855163"/>
    <trkpt lat="39.822392" lon="2.855350"/>
    <trkpt lat="39.822372" lon="2.855471"/>
    <trkpt lat="39.822375" lon="2.855605"/>
    <trkpt lat="39.822392" lon="2.855712"/>
    <trkpt lat="39.822433" lon="2.855826"/>
    <trkpt lat="39.822489" lon="2.855908"/>
    <trkpt lat="39.822602" lon="2.855995"/>
    <trkpt lat="39.822727" lon="2.856051"/>
    <trkpt lat="39.822850" lon="2.856096"/>
    <trkpt lat="39.823034" lon="2.856161"/>
    <trkpt lat="39.823255" lon="2.856260"/>
    <trkpt lat="39.823480" lon="2.856354"/>
    <trkpt lat="39.823594" lon="2.856413"/>
    <trkpt lat="39.823662" lon="2.856465"/>
    <trkpt lat="39.823738" lon="2.856556"/>
    <trkpt lat="39.823818" lon="2.856686"/>
    <trkpt lat="39.823966" lon="2.857005"/>
    <trkpt lat="39.824115" lon="2.857413"/>
    <trkpt lat="39.824137" lon="2.857507"/>
    <trkpt lat="39.824146" lon="2.857622"/>
    <trkpt lat="39.824150" lon="2.857734"/>
    <trkpt lat="39.824164" lon="2.857821"/>
    <trkpt lat="39.824198" lon="2.857919"/>
    <trkpt lat="39.824275" lon="2.858060"/>
    <trkpt lat="39.824389" lon="2.858237"/>
    <trkpt lat="39.824646" lon="2.858650"/>
    <trkpt lat="39.824721" lon="2.858792"/>
    <trkpt lat="39.824774" lon="2.858913"/>
    <trkpt lat="39.824801" lon="2.859037"/>
    <trkpt lat="39.824793" lon="2.859140"/>
    <trkpt lat="39.824767" lon="2.859218"/>
    <trkpt lat="39.824382" lon="2.860047"/>
    <trkpt lat="39.824006" lon="2.860822"/>
    <trkpt lat="39.823927" lon="2.860981"/>
    <trkpt lat="39.823867" lon="2.861045"/>
    <trkpt lat="39.823815" lon="2.861071"/>
    <trkpt lat="39.823720" lon="2.861088"/>
    <trkpt lat="39.823567" lon="2.861041"/>
    <trkpt lat="39.823451" lon="2.860999"/>
    <trkpt lat="39.823371" lon="2.860986"/>
    <trkpt lat="39.823309" lon="2.861018"/>
    <trkpt lat="39.823268" lon="2.861088"/>
    <trkpt lat="39.823241" lon="2.861195"/>
    <trkpt lat="39.823246" lon="2.861357"/>
    <trkpt lat="39.823271" lon="2.861517"/>
    <trkpt lat="39.823327" lon="2.861743"/>
    <trkpt lat="39.823344" lon="2.861834"/>
    <trkpt lat="39.823349" lon="2.861909"/>
    <trkpt lat="39.823339" lon="2.861948"/>
    <trkpt lat="39.823315" lon="2.861989"/>
    <trkpt lat="39.823271" lon="2.862043"/>
    <trkpt lat="39.823201" lon="2.862121"/>
    <trkpt lat="39.823148" lon="2.862202"/>
    <trkpt lat="39.823108" lon="2.862286"/>
    <trkpt lat="39.823087" lon="2.862392"/>
    <trkpt lat="39.823083" lon="2.862534"/>
    <trkpt lat="39.823088" lon="2.862776"/>
    <trkpt lat="39.823075" lon="2.862898"/>
    <trkpt lat="39.823057" lon="2.862970"/>
    <trkpt lat="39.823023" lon="2.863057"/>
    <trkpt lat="39.822866" lon="2.863316"/>
    <trkpt lat="39.822711" lon="2.863580"/>
    <trkpt lat="39.822476" lon="2.863980"/>
    <trkpt lat="39.822149" lon="2.864494"/>
    <trkpt lat="39.822052" lon="2.864674"/>
    <trkpt lat="39.822022" lon="2.864803"/>
    <trkpt lat="39.822008" lon="2.864894"/>
    <trkpt lat="39.822009" lon="2.865009"/>
    <trkpt lat="39.822052" lon="2.865181"/>
    <trkpt lat="39.822148" lon="2.865352"/>
    <trkpt lat="39.822197" lon="2.865448"/>
    <trkpt lat="39.822218" lon="2.865543"/>
    <trkpt lat="39.822217" lon="2.865637"/>
    <trkpt lat="39.822204" lon="2.865701"/>
    <trkpt lat="39.822152" lon="2.865801"/>
    <trkpt lat="39.822075" lon="2.865911"/>
    <trkpt lat="39.821718" lon="2.866397"/>
    <trkpt lat="39.821644" lon="2.866512"/>
    <trkpt lat="39.821581" lon="2.866646"/>
    <trkpt lat="39.821540" lon="2.866774"/>
    <trkpt lat="39.821520" lon="2.866935"/>
    <trkpt lat="39.821528" lon="2.867134"/>
    <trkpt lat="39.821544" lon="2.867262"/>
    <trkpt lat="39.821581" lon="2.867427"/>
    <trkpt lat="39.821688" lon="2.867727"/>
    <trkpt lat="39.821729" lon="2.867908"/>
    <trkpt lat="39.821781" lon="2.868217"/>
    <trkpt lat="39.821859" lon="2.868694"/>
    <trkpt lat="39.821865" lon="2.868784"/>
    <trkpt lat="39.821859" lon="2.868946"/>
    <trkpt lat="39.821830" lon="2.869250"/>
    <trkpt lat="39.821798" lon="2.869433"/>
    <trkpt lat="39.821718" lon="2.869781"/>
    <trkpt lat="39.821683" lon="2.869893"/>
    <trkpt lat="39.821612" lon="2.870046"/>
    <trkpt lat="39.821502" lon="2.870249"/>
    <trkpt lat="39.821434" lon="2.870390"/>
    <trkpt lat="39.821106" lon="2.871176"/>
    <trkpt lat="39.820868" lon="2.871771"/>
    <trkpt lat="39.820745" lon="2.872072"/>
    <trkpt lat="39.820636" lon="2.872302"/>
    <trkpt lat="39.820590" lon="2.872403"/>
    <trkpt lat="39.820498" lon="2.872582"/>
    <trkpt lat="39.820437" lon="2.872720"/>
    <trkpt lat="39.820397" lon="2.872885"/>
    <trkpt lat="39.820389" lon="2.873091"/>
    <trkpt lat="39.820399" lon="2.873246"/>
    <trkpt lat="39.820462" lon="2.873587"/>
    <trkpt lat="39.820505" lon="2.873820"/>
    <trkpt lat="39.820560" lon="2.874011"/>
    <trkpt lat="39.820617" lon="2.874197"/>
    <trkpt lat="39.820642" lon="2.874284"/>
    <trkpt lat="39.820646" lon="2.874356"/>
    <trkpt lat="39.820637" lon="2.874396"/>
    <trkpt lat="39.820614" lon="2.874456"/>
    <trkpt lat="39.820495" lon="2.874608"/>
    <trkpt lat="39.820399" lon="2.874711"/>
    <trkpt lat="39.820275" lon="2.874861"/>
    <trkpt lat="39.820231" lon="2.874921"/>
    <trkpt lat="39.820206" lon="2.875012"/>
    <trkpt lat="39.820175" lon="2.875217"/>
    <trkpt lat="39.820148" lon="2.875451"/>
    <trkpt lat="39.820116" lon="2.875633"/>
    <trkpt lat="39.820082" lon="2.875751"/>
    <trkpt lat="39.819971" lon="2.876001"/>
    <trkpt lat="39.819894" lon="2.876130"/>
    <trkpt lat="39.819841" lon="2.876218"/>
    <trkpt lat="39.819766" lon="2.876291"/>
    <trkpt lat="39.819653" lon="2.876342"/>
    <trkpt lat="39.819505" lon="2.876396"/>
    <trkpt lat="39.819321" lon="2.876444"/>
    <trkpt lat="39.819052" lon="2.876485"/>
    <trkpt lat="39.818812" lon="2.876508"/>
    <trkpt lat="39.818716" lon="2.876529"/>
    <trkpt lat="39.818614" lon="2.876568"/>
    <trkpt lat="39.818501" lon="2.876649"/>
    <trkpt lat="39.818439" lon="2.876719"/>
    <trkpt lat="39.818339" lon="2.876841"/>
    <trkpt lat="39.818269" lon="2.876975"/>
    <trkpt lat="39.818235" lon="2.877069"/>
    <trkpt lat="39.818187" lon="2.877157"/>
    <trkpt lat="39.818137" lon="2.877203"/>
    <trkpt lat="39.818087" lon="2.877227"/>
    <trkpt lat="39.817958" lon="2.877256"/>
    <trkpt lat="39.817711" lon="2.877305"/>
    <trkpt lat="39.817645" lon="2.877312"/>
    <trkpt lat="39.817597" lon="2.877298"/>
    <trkpt lat="39.817515" lon="2.877255"/>
    <trkpt lat="39.817450" lon="2.877207"/>
    <trkpt lat="39.817360" lon="2.877166"/>
    <trkpt lat="39.817287" lon="2.877151"/>
    <trkpt lat="39.817178" lon="2.877159"/>
    <trkpt lat="39.817096" lon="2.877181"/>
    <trkpt lat="39.817036" lon="2.877216"/>
    <trkpt lat="39.816989" lon="2.877275"/>
    <trkpt lat="39.816962" lon="2.877372"/>
    <trkpt lat="39.816947" lon="2.877494"/>
    <trkpt lat="39.816939" lon="2.877662"/>
    <trkpt lat="39.816964" lon="2.877846"/>
    <trkpt lat="39.817027" lon="2.878029"/>
    <trkpt lat="39.817065" lon="2.878152"/>
    <trkpt lat="39.817067" lon="2.878203"/>
    <trkpt lat="39.817056" lon="2.878260"/>
    <trkpt lat="39.817025" lon="2.878288"/>
    <trkpt lat="39.816997" lon="2.878312"/>
    <trkpt lat="39.816957" lon="2.878317"/>
    <trkpt lat="39.816922" lon="2.878306"/>
    <trkpt lat="39.816725" lon="2.878210"/>
    <trkpt lat="39.816651" lon="2.878174"/>
    <trkpt lat="39.816533" lon="2.878171"/>
    <trkpt lat="39.816450" lon="2.878189"/>
    <trkpt lat="39.816327" lon="2.878238"/>
    <trkpt lat="39.816192" lon="2.878326"/>
    <trkpt lat="39.816069" lon="2.878442"/>
    <trkpt lat="39.816012" lon="2.878512"/>
    <trkpt lat="39.815959" lon="2.878623"/>
    <trkpt lat="39.815880" lon="2.878842"/>
    <trkpt lat="39.815813" lon="2.878985"/>
    <trkpt lat="39.815739" lon="2.879143"/>
    <trkpt lat="39.815700" lon="2.879256"/>
    <trkpt lat="39.815685" lon="2.879364"/>
    <trkpt lat="39.815679" lon="2.879448"/>
    <trkpt lat="39.815715" lon="2.879703"/>
    <trkpt lat="39.815745" lon="2.879846"/>
    <trkpt lat="39.815776" lon="2.880134"/>
    <trkpt lat="39.815797" lon="2.880393"/>
    <trkpt lat="39.815803" lon="2.880528"/>
    <trkpt lat="39.815790" lon="2.880647"/>
    <trkpt lat="39.815761" lon="2.880736"/>
    <trkpt lat="39.815717" lon="2.880813"/>
    <trkpt lat="39.815662" lon="2.880884"/>
    <trkpt lat="39.815540" lon="2.881053"/>
    <trkpt lat="39.815460" lon="2.881200"/>
    <trkpt lat="39.815406" lon="2.881313"/>
    <trkpt lat="39.815368" lon="2.881486"/>
    <trkpt lat="39.815354" lon="2.881624"/>
    <trkpt lat="39.815362" lon="2.881757"/>
    <trkpt lat="39.815395" lon="2.881909"/>
    <trkpt lat="39.815453" lon="2.882131"/>
    <trkpt lat="39.815497" lon="2.882326"/>
    <trkpt lat="39.815508" lon="2.882409"/>
    <trkpt lat="39.815507" lon="2.882521"/>
    <trkpt lat="39.815498" lon="2.882701"/>
    <trkpt lat="39.815498" lon="2.882943"/>
    <trkpt lat="39.815452" lon="2.883390"/>
    <trkpt lat="39.815421" lon="2.883656"/>
    <trkpt lat="39.815417" lon="2.884307"/>
    <trkpt lat="39.815381" lon="2.884466"/>
    <trkpt lat="39.815345" lon="2.884649"/>
    <trkpt lat="39.815336" lon="2.884705"/>
    <trkpt lat="39.815325" lon="2.884780"/>
    <trkpt lat="39.815323" lon="2.884879"/>
    <trkpt lat="39.815343" lon="2.884977"/>
    <trkpt lat="39.815370" lon="2.885045"/>
    <trkpt lat="39.815485" lon="2.885244"/>
    <trkpt lat="39.815597" lon="2.885448"/>
    <trkpt lat="39.815638" lon="2.885528"/>
    <trkpt lat="39.815670" lon="2.885625"/>
    <trkpt lat="39.815692" lon="2.885757"/>
    <trkpt lat="39.815730" lon="2.885931"/>
    <trkpt lat="39.815776" lon="2.886061"/>
    <trkpt lat="39.815890" lon="2.886278"/>
    <trkpt lat="39.815955" lon="2.886405"/>
    <trkpt lat="39.815978" lon="2.886475"/>
    <trkpt lat="39.815989" lon="2.886531"/>
    <trkpt lat="39.815981" lon="2.886602"/>
    <trkpt lat="39.815954" lon="2.886692"/>
    <trkpt lat="39.815887" lon="2.886810"/>
    <trkpt lat="39.815786" lon="2.886973"/>
    <trkpt lat="39.815601" lon="2.887328"/>
    <trkpt lat="39.815504" lon="2.887586"/>
    <trkpt lat="39.815430" lon="2.887808"/>
    <trkpt lat="39.815376" lon="2.887943"/>
    <trkpt lat="39.815312" lon="2.888032"/>
    <trkpt lat="39.815174" lon="2.888186"/>
    <trkpt lat="39.814970" lon="2.888336"/>
    <trkpt lat="39.814753" lon="2.888508"/>
    <trkpt lat="39.814304" lon="2.888849"/>
    <trkpt lat="39.813930" lon="2.889122"/>
    <trkpt lat="39.813660" lon="2.889281"/>
    <trkpt lat="39.813511" lon="2.889369"/>
    <trkpt lat="39.813337" lon="2.889467"/>
    <trkpt lat="39.813395" lon="2.889578"/>
    <trkpt lat="39.813468" lon="2.889713"/>
    <trkpt lat="39.813778" lon="2.890171"/>
    <trkpt lat="39.813883" lon="2.890319"/>
    <trkpt lat="39.814159" lon="2.890549"/>
    <trkpt lat="39.814412" lon="2.890761"/>
    <trkpt lat="39.814468" lon="2.890873"/>
    <trkpt lat="39.814522" lon="2.891028"/>
    <trkpt lat="39.814622" lon="2.891630"/>
    <trkpt lat="39.814667" lon="2.891798"/>
    <trkpt lat="39.814733" lon="2.891941"/>
    <trkpt lat="39.814867" lon="2.892226"/>
    <trkpt lat="39.815029" lon="2.892561"/>
    <trkpt lat="39.815153" lon="2.892872"/>
    <trkpt lat="39.815224" lon="2.893260"/>
    <trkpt lat="39.815295" lon="2.893771"/>
    <trkpt lat="39.815385" lon="2.894346"/>
    <trkpt lat="39.815453" lon="2.894761"/>
    <trkpt lat="39.815536" lon="2.895397"/>
    <trkpt lat="39.815580" lon="2.895659"/>
    <trkpt lat="39.815650" lon="2.896028"/>
    <trkpt lat="39.815724" lon="2.896211"/>
    <trkpt lat="39.815784" lon="2.896282"/>
    <trkpt lat="39.815808" lon="2.896310"/>
    <trkpt lat="39.815879" lon="2.896349"/>
    <trkpt lat="39.815977" lon="2.896380"/>
    <trkpt lat="39.816072" lon="2.896367"/>
    <trkpt lat="39.816170" lon="2.896300"/>
    <trkpt lat="39.816238" lon="2.896216"/>
    <trkpt lat="39.816304" lon="2.896067"/>
    <trkpt lat="39.816383" lon="2.895805"/>
    <trkpt lat="39.816460" lon="2.895382"/>
    <trkpt lat="39.816502" lon="2.895195"/>
    <trkpt lat="39.816687" lon="2.894260"/>
    <trkpt lat="39.816740" lon="2.894107"/>
    <trkpt lat="39.816806" lon="2.893987"/>
    <trkpt lat="39.816876" lon="2.893917"/>
    <trkpt lat="39.816912" lon="2.893892"/>
    <trkpt lat="39.817106" lon="2.893803"/>
    <trkpt lat="39.817195" lon="2.893787"/>
    <trkpt lat="39.817264" lon="2.893760"/>
    <trkpt lat="39.817296" lon="2.893729"/>
    <trkpt lat="39.817319" lon="2.893707"/>
    <trkpt lat="39.817368" lon="2.893573"/>
    <trkpt lat="39.817549" lon="2.892839"/>
    <trkpt lat="39.817581" lon="2.892704"/>
    <trkpt lat="39.817626" lon="2.892585"/>
    <trkpt lat="39.817702" lon="2.892493"/>
    <trkpt lat="39.817777" lon="2.892477"/>
    <trkpt lat="39.817865" lon="2.892489"/>
    <trkpt lat="39.818070" lon="2.892547"/>
    <trkpt lat="39.818239" lon="2.892580"/>
    <trkpt lat="39.818637" lon="2.892669"/>
    <trkpt lat="39.818858" lon="2.892674"/>
    <trkpt lat="39.819268" lon="2.892695"/>
    <trkpt lat="39.819537" lon="2.892708"/>
    <trkpt lat="39.819640" lon="2.892708"/>
    <trkpt lat="39.819715" lon="2.892694"/>
    <trkpt lat="39.819778" lon="2.892648"/>
    <trkpt lat="39.819849" lon="2.892563"/>
    <trkpt lat="39.819992" lon="2.892378"/>
    <trkpt lat="39.820051" lon="2.892329"/>
    <trkpt lat="39.820129" lon="2.892284"/>
    <trkpt lat="39.820260" lon="2.892287"/>
    <trkpt lat="39.820368" lon="2.892308"/>
    <trkpt lat="39.820565" lon="2.892354"/>
    <trkpt lat="39.820739" lon="2.892400"/>
    <trkpt lat="39.820792" lon="2.892456"/>
    <trkpt lat="39.820822" lon="2.892418"/>
    <trkpt lat="39.820847" lon="2.892379"/>
    <trkpt lat="39.820869" lon="2.892316"/>
    <trkpt lat="39.821195" lon="2.891194"/>
    <trkpt lat="39.821272" lon="2.890931"/>
    <trkpt lat="39.821362" lon="2.890621"/>
    <trkpt lat="39.821528" lon="2.890075"/>
    <trkpt lat="39.821740" lon="2.889325"/>
    <trkpt lat="39.821790" lon="2.889059"/>
    <trkpt lat="39.821916" lon="2.888198"/>
    <trkpt lat="39.821972" lon="2.887730"/>
    <trkpt lat="39.821980" lon="2.887576"/>
    <trkpt lat="39.821973" lon="2.887477"/>
    <trkpt lat="39.821814" lon="2.887071"/>
    <trkpt lat="39.821359" lon="2.886198"/>
    <trkpt lat="39.820998" lon="2.885401"/>
    <trkpt lat="39.820949" lon="2.885236"/>
    <trkpt lat="39.820967" lon="2.884980"/>
    <trkpt lat="39.821028" lon="2.884839"/>
    <trkpt lat="39.821094" lon="2.884743"/>
    <trkpt lat="39.821285" lon="2.884678"/>
    <trkpt lat="39.821297" lon="2.884707"/>
    <trkpt lat="39.821321" lon="2.884736"/>
    <trkpt lat="39.821350" lon="2.884750"/>
    <trkpt lat="39.821369" lon="2.884751"/>
    <trkpt lat="39.821392" lon="2.884745"/>
    <trkpt lat="39.821417" lon="2.884726"/>
    <trkpt lat="39.821429" lon="2.884710"/>
    <trkpt lat="39.821436" lon="2.884694"/>
    <trkpt lat="39.821446" lon="2.884648"/>
    <trkpt lat="39.821446" lon="2.884648"/>
    <trkpt lat="39.821436" lon="2.884694"/>
    <trkpt lat="39.821429" lon="2.884710"/>
    <trkpt lat="39.821417" lon="2.884726"/>
    <trkpt lat="39.821392" lon="2.884745"/>
    <trkpt lat="39.821369" lon="2.884751"/>
    <trkpt lat="39.821350" lon="2.884750"/>
    <trkpt lat="39.821321" lon="2.884736"/>
    <trkpt lat="39.821297" lon="2.884707"/>
    <trkpt lat="39.821285" lon="2.884678"/>
    <trkpt lat="39.821094" lon="2.884743"/>
    <trkpt lat="39.821028" lon="2.884839"/>
    <trkpt lat="39.820967" lon="2.884980"/>
    <trkpt lat="39.820949" lon="2.885236"/>
    <trkpt lat="39.820998" lon="2.885401"/>
    <trkpt lat="39.821359" lon="2.886198"/>
    <trkpt lat="39.821814" lon="2.887071"/>
    <trkpt lat="39.821973" lon="2.887477"/>
    <trkpt lat="39.821980" lon="2.887576"/>
    <trkpt lat="39.821972" lon="2.887730"/>
    <trkpt lat="39.821916" lon="2.888198"/>
    <trkpt lat="39.821790" lon="2.889059"/>
    <trkpt lat="39.821740" lon="2.889325"/>
    <trkpt lat="39.821528" lon="2.890075"/>
    <trkpt lat="39.821362" lon="2.890621"/>
    <trkpt lat="39.821272" lon="2.890931"/>
    <trkpt lat="39.821195" lon="2.891194"/>
    <trkpt lat="39.820869" lon="2.892316"/>
    <trkpt lat="39.820847" lon="2.892379"/>
    <trkpt lat="39.820822" lon="2.892418"/>
    <trkpt lat="39.820792" lon="2.892456"/>
    <trkpt lat="39.820803" lon="2.892537"/>
    <trkpt lat="39.820749" lon="2.892729"/>
    <trkpt lat="39.820606" lon="2.893149"/>
    <trkpt lat="39.820508" lon="2.893616"/>
    <trkpt lat="39.820504" lon="2.893774"/>
    <trkpt lat="39.820516" lon="2.893911"/>
    <trkpt lat="39.820560" lon="2.894121"/>
    <trkpt lat="39.820611" lon="2.894239"/>
    <trkpt lat="39.820687" lon="2.894418"/>
    <trkpt lat="39.820734" lon="2.894507"/>
    <trkpt lat="39.821235" lon="2.895191"/>
    <trkpt lat="39.822087" lon="2.896342"/>
    <trkpt lat="39.822994" lon="2.897593"/>
    <trkpt lat="39.823490" lon="2.898234"/>
    <trkpt lat="39.823744" lon="2.898520"/>
    <trkpt lat="39.824007" lon="2.898783"/>
    <trkpt lat="39.824477" lon="2.899176"/>
    <trkpt lat="39.825086" lon="2.899631"/>
    <trkpt lat="39.825311" lon="2.899777"/>
    <trkpt lat="39.825514" lon="2.899904"/>
    <trkpt lat="39.825755" lon="2.899958"/>
    <trkpt lat="39.825815" lon="2.899956"/>
    <trkpt lat="39.825901" lon="2.899953"/>
    <trkpt lat="39.826124" lon="2.899945"/>
    <trkpt lat="39.826601" lon="2.899884"/>
    <trkpt lat="39.826868" lon="2.899829"/>
    <trkpt lat="39.827023" lon="2.899706"/>
    <trkpt lat="39.827122" lon="2.899577"/>
    <trkpt lat="39.827299" lon="2.899123"/>
    <trkpt lat="39.827584" lon="2.898421"/>
    <trkpt lat="39.827644" lon="2.898278"/>
    <trkpt lat="39.827678" lon="2.898204"/>
    <trkpt lat="39.827707" lon="2.898155"/>
    <trkpt lat="39.827731" lon="2.898121"/>
    <trkpt lat="39.827760" lon="2.898090"/>
    <trkpt lat="39.827797" lon="2.898058"/>
    <trkpt lat="39.827841" lon="2.898026"/>
    <trkpt lat="39.827882" lon="2.898003"/>
    <trkpt lat="39.827924" lon="2.897985"/>
    <trkpt lat="39.827963" lon="2.897972"/>
    <trkpt lat="39.827992" lon="2.897967"/>
    <trkpt lat="39.828028" lon="2.897965"/>
    <trkpt lat="39.828083" lon="2.897972"/>
    <trkpt lat="39.828122" lon="2.897981"/>
    <trkpt lat="39.828735" lon="2.898140"/>
    <trkpt lat="39.828791" lon="2.898145"/>
    <trkpt lat="39.828830" lon="2.898146"/>
    <trkpt lat="39.828861" lon="2.898142"/>
    <trkpt lat="39.828902" lon="2.898133"/>
    <trkpt lat="39.828944" lon="2.898118"/>
    <trkpt lat="39.828980" lon="2.898097"/>
    <trkpt lat="39.829021" lon="2.898068"/>
    <trkpt lat="39.829052" lon="2.898043"/>
    <trkpt lat="39.829085" lon="2.898009"/>
    <trkpt lat="39.829115" lon="2.897971"/>
    <trkpt lat="39.829152" lon="2.897919"/>
    <trkpt lat="39.829211" lon="2.897822"/>
    <trkpt lat="39.829308" lon="2.897650"/>
    <trkpt lat="39.829359" lon="2.897559"/>
    <trkpt lat="39.829672" lon="2.897017"/>
    <trkpt lat="39.829965" lon="2.896498"/>
    <trkpt lat="39.830127" lon="2.896210"/>
    <trkpt lat="39.830235" lon="2.896032"/>
    <trkpt lat="39.830323" lon="2.895926"/>
    <trkpt lat="39.830394" lon="2.895860"/>
    <trkpt lat="39.830531" lon="2.895778"/>
    <trkpt lat="39.830673" lon="2.895732"/>
    <trkpt lat="39.830720" lon="2.895717"/>
    <trkpt lat="39.831086" lon="2.895652"/>
    <trkpt lat="39.831486" lon="2.895601"/>
    <trkpt lat="39.831650" lon="2.895613"/>
    <trkpt lat="39.831847" lon="2.895644"/>
    <trkpt lat="39.832222" lon="2.895727"/>
    <trkpt lat="39.833054" lon="2.895893"/>
    <trkpt lat="39.833352" lon="2.895933"/>
    <trkpt lat="39.833436" lon="2.895926"/>
    <trkpt lat="39.833726" lon="2.895903"/>
    <trkpt lat="39.833887" lon="2.895891"/>
    <trkpt lat="39.834413" lon="2.895843"/>
    <trkpt lat="39.834560" lon="2.895859"/>
    <trkpt lat="39.834690" lon="2.895904"/>
    <trkpt lat="39.835435" lon="2.896690"/>
    <trkpt lat="39.835611" lon="2.896795"/>
    <trkpt lat="39.836407" lon="2.897058"/>
    <trkpt lat="39.836470" lon="2.897078"/>
    <trkpt lat="39.836553" lon="2.897111"/>
    <trkpt lat="39.837124" lon="2.897324"/>
    <trkpt lat="39.837404" lon="2.897356"/>
    <trkpt lat="39.837756" lon="2.897287"/>
    <trkpt lat="39.838851" lon="2.896955"/>
    <trkpt lat="39.839076" lon="2.896884"/>
    <trkpt lat="39.839296" lon="2.896815"/>
    <trkpt lat="39.840468" lon="2.896446"/>
    <trkpt lat="39.841381" lon="2.896171"/>
    <trkpt lat="39.841425" lon="2.896158"/>
    <trkpt lat="39.843794" lon="2.895443"/>
    <trkpt lat="39.843854" lon="2.895425"/>
    <trkpt lat="39.843893" lon="2.895413"/>
    <trkpt lat="39.845650" lon="2.894899"/>
    <trkpt lat="39.845804" lon="2.894851"/>
    <trkpt lat="39.845946" lon="2.894856"/>
    <trkpt lat="39.846146" lon="2.894910"/>
    <trkpt lat="39.846331" lon="2.895001"/>
    <trkpt lat="39.846589" lon="2.895152"/>
    <trkpt lat="39.847099" lon="2.895468"/>
    <trkpt lat="39.848025" lon="2.896176"/>
    <trkpt lat="39.848137" lon="2.896258"/>
    <trkpt lat="39.848264" lon="2.896342"/>
    <trkpt lat="39.848560" lon="2.896401"/>
    <trkpt lat="39.848804" lon="2.896432"/>
    <trkpt lat="39.848849" lon="2.896437"/>
    <trkpt lat="39.849835" lon="2.896546"/>
    <trkpt lat="39.850765" lon="2.896670"/>
    <trkpt lat="39.851599" lon="2.896896"/>
    <trkpt lat="39.852558" lon="2.897220"/>
    <trkpt lat="39.852721" lon="2.897280"/>
    <trkpt lat="39.853272" lon="2.897576"/>
    <trkpt lat="39.853646" lon="2.897787"/>
    <trkpt lat="39.853782" lon="2.897912"/>
    <trkpt lat="39.853912" lon="2.898090"/>
    <trkpt lat="39.854884" lon="2.899814"/>
    <trkpt lat="39.855021" lon="2.900057"/>
    <trkpt lat="39.855587" lon="2.901060"/>
    <trkpt lat="39.855742" lon="2.901333"/>
    <trkpt lat="39.855934" lon="2.901659"/>
    <trkpt lat="39.856076" lon="2.901956"/>
    <trkpt lat="39.856101" lon="2.902014"/>
    <trkpt lat="39.856129" lon="2.902200"/>
    <trkpt lat="39.856147" lon="2.902476"/>
    <trkpt lat="39.856164" lon="2.902948"/>
    <trkpt lat="39.856153" lon="2.903151"/>
    <trkpt lat="39.856116" lon="2.903399"/>
    <trkpt lat="39.856033" lon="2.903687"/>
    <trkpt lat="39.855952" lon="2.903875"/>
    <trkpt lat="39.855876" lon="2.903977"/>
    <trkpt lat="39.855759" lon="2.904090"/>
    <trkpt lat="39.855624" lon="2.904149"/>
    <trkpt lat="39.855301" lon="2.904200"/>
    <trkpt lat="39.855114" lon="2.904230"/>
    <trkpt lat="39.855022" lon="2.904289"/>
    <trkpt lat="39.854941" lon="2.904386"/>
    <trkpt lat="39.854819" lon="2.904579"/>
    <trkpt lat="39.854551" lon="2.904955"/>
    <trkpt lat="39.854507" lon="2.905087"/>
    <trkpt lat="39.854478" lon="2.905271"/>
    <trkpt lat="39.854452" lon="2.905656"/>
    <trkpt lat="39.854412" lon="2.905850"/>
    <trkpt lat="39.854361" lon="2.905981"/>
    <trkpt lat="39.854224" lon="2.906204"/>
    <trkpt lat="39.854136" lon="2.906356"/>
    <trkpt lat="39.854048" lon="2.906574"/>
    <trkpt lat="39.854020" lon="2.906712"/>
    <trkpt lat="39.854018" lon="2.906854"/>
    <trkpt lat="39.854060" lon="2.907042"/>
    <trkpt lat="39.854117" lon="2.907224"/>
    <trkpt lat="39.854215" lon="2.907514"/>
    <trkpt lat="39.854334" lon="2.907759"/>
    <trkpt lat="39.854415" lon="2.907869"/>
    <trkpt lat="39.854514" lon="2.907954"/>
    <trkpt lat="39.855172" lon="2.908551"/>
    <trkpt lat="39.855724" lon="2.909092"/>
    <trkpt lat="39.856475" lon="2.909925"/>
    <trkpt lat="39.856734" lon="2.910195"/>
    <trkpt lat="39.856816" lon="2.910257"/>
    <trkpt lat="39.856901" lon="2.910322"/>
    <trkpt lat="39.857012" lon="2.910361"/>
    <trkpt lat="39.857200" lon="2.910402"/>
    <trkpt lat="39.857551" lon="2.910480"/>
    <trkpt lat="39.857899" lon="2.910492"/>
    <trkpt lat="39.858248" lon="2.910477"/>
    <trkpt lat="39.858327" lon="2.910493"/>
    <trkpt lat="39.858382" lon="2.910545"/>
    <trkpt lat="39.858452" lon="2.910636"/>
    <trkpt lat="39.858478" lon="2.910738"/>
    <trkpt lat="39.858459" lon="2.910879"/>
    <trkpt lat="39.858408" lon="2.910978"/>
    <trkpt lat="39.857957" lon="2.911441"/>
    <trkpt lat="39.857464" lon="2.911936"/>
    <trkpt lat="39.856982" lon="2.912431"/>
    <trkpt lat="39.856888" lon="2.912578"/>
    <trkpt lat="39.856775" lon="2.912779"/>
    <trkpt lat="39.856706" lon="2.912961"/>
    <trkpt lat="39.856655" lon="2.913141"/>
    <trkpt lat="39.856651" lon="2.913240"/>
    <trkpt lat="39.856684" lon="2.913372"/>
    <trkpt lat="39.856764" lon="2.913563"/>
    <trkpt lat="39.856871" lon="2.913742"/>
    <trkpt lat="39.856912" lon="2.913811"/>
    <trkpt lat="39.857031" lon="2.913983"/>
    <trkpt lat="39.857118" lon="2.914070"/>
    <trkpt lat="39.857194" lon="2.914093"/>
    <trkpt lat="39.857653" lon="2.914054"/>
    <trkpt lat="39.857934" lon="2.914029"/>
    <trkpt lat="39.858041" lon="2.914030"/>
    <trkpt lat="39.858136" lon="2.914057"/>
    <trkpt lat="39.858553" lon="2.914274"/>
    <trkpt lat="39.858851" lon="2.914458"/>
    <trkpt lat="39.858973" lon="2.914561"/>
    <trkpt lat="39.859084" lon="2.914697"/>
    <trkpt lat="39.859268" lon="2.915011"/>
    <trkpt lat="39.859468" lon="2.915437"/>
    <trkpt lat="39.859515" lon="2.915491"/>
    <trkpt lat="39.859570" lon="2.915518"/>
    <trkpt lat="39.859635" lon="2.915526"/>
    <trkpt lat="39.859716" lon="2.915516"/>
    <trkpt lat="39.859801" lon="2.915496"/>
    <trkpt lat="39.859917" lon="2.915453"/>
    <trkpt lat="39.860031" lon="2.915424"/>
    <trkpt lat="39.860119" lon="2.915435"/>
    <trkpt lat="39.860409" lon="2.915596"/>
    <trkpt lat="39.860628" lon="2.915761"/>
    <trkpt lat="39.860825" lon="2.915895"/>
    <trkpt lat="39.860913" lon="2.916004"/>
    <trkpt lat="39.860975" lon="2.916135"/>
    <trkpt lat="39.861040" lon="2.916314"/>
    <trkpt lat="39.861106" lon="2.916443"/>
    <trkpt lat="39.861206" lon="2.916544"/>
    <trkpt lat="39.861303" lon="2.916590"/>
    <trkpt lat="39.861430" lon="2.916592"/>
    <trkpt lat="39.861962" lon="2.916467"/>
    <trkpt lat="39.862415" lon="2.916351"/>
    <trkpt lat="39.862564" lon="2.916350"/>
    <trkpt lat="39.862693" lon="2.916393"/>
    <trkpt lat="39.862806" lon="2.916476"/>
    <trkpt lat="39.862923" lon="2.916574"/>
    <trkpt lat="39.862984" lon="2.916662"/>
    <trkpt lat="39.863028" lon="2.916744"/>
    <trkpt lat="39.863090" lon="2.916899"/>
    <trkpt lat="39.863144" lon="2.917044"/>
    <trkpt lat="39.863205" lon="2.917134"/>
    <trkpt lat="39.863346" lon="2.917241"/>
    <trkpt lat="39.863679" lon="2.917373"/>
    <trkpt lat="39.863955" lon="2.917496"/>
    <trkpt lat="39.864063" lon="2.917565"/>
    <trkpt lat="39.864121" lon="2.917614"/>
    <trkpt lat="39.864170" lon="2.917683"/>
    <trkpt lat="39.864220" lon="2.917809"/>
    <trkpt lat="39.864339" lon="2.918228"/>
    <trkpt lat="39.864440" lon="2.918538"/>
    <trkpt lat="39.864490" lon="2.918674"/>
    <trkpt lat="39.864559" lon="2.918825"/>
    <trkpt lat="39.864655" lon="2.918956"/>
    <trkpt lat="39.864841" lon="2.919191"/>
    <trkpt lat="39.865213" lon="2.919821"/>
    <trkpt lat="39.865586" lon="2.920385"/>
    <trkpt lat="39.865921" lon="2.920804"/>
    <trkpt lat="39.866002" lon="2.920948"/>
    <trkpt lat="39.866034" lon="2.921062"/>
    <trkpt lat="39.866032" lon="2.921203"/>
    <trkpt lat="39.866018" lon="2.921431"/>
    <trkpt lat="39.865973" lon="2.922070"/>
    <trkpt lat="39.865978" lon="2.922334"/>
    <trkpt lat="39.866022" lon="2.922631"/>
    <trkpt lat="39.866241" lon="2.923691"/>
    <trkpt lat="39.866351" lon="2.924202"/>
    <trkpt lat="39.866387" lon="2.924269"/>
    <trkpt lat="39.866422" lon="2.924310"/>
    <trkpt lat="39.866489" lon="2.924354"/>
    <trkpt lat="39.866579" lon="2.924372"/>
    <trkpt lat="39.866998" lon="2.924366"/>
    <trkpt lat="39.867090" lon="2.924384"/>
    <trkpt lat="39.867222" lon="2.924410"/>
    <trkpt lat="39.868047" lon="2.924663"/>
    <trkpt lat="39.868915" lon="2.924913"/>
    <trkpt lat="39.869081" lon="2.925004"/>
    <trkpt lat="39.869227" lon="2.925137"/>
    <trkpt lat="39.869312" lon="2.925232"/>
    <trkpt lat="39.869382" lon="2.925361"/>
    <trkpt lat="39.869419" lon="2.925541"/>
    <trkpt lat="39.869402" lon="2.925694"/>
    <trkpt lat="39.869355" lon="2.925873"/>
    <trkpt lat="39.869282" lon="2.926054"/>
    <trkpt lat="39.869164" lon="2.926262"/>
    <trkpt lat="39.869043" lon="2.926419"/>
    <trkpt lat="39.868949" lon="2.926544"/>
    <trkpt lat="39.868856" lon="2.926674"/>
    <trkpt lat="39.868787" lon="2.926811"/>
    <trkpt lat="39.868726" lon="2.926980"/>
    <trkpt lat="39.868656" lon="2.927290"/>
    <trkpt lat="39.868573" lon="2.927650"/>
    <trkpt lat="39.868454" lon="2.928186"/>
    <trkpt lat="39.868370" lon="2.928535"/>
    <trkpt lat="39.868293" lon="2.928653"/>
    <trkpt lat="39.868194" lon="2.928719"/>
    <trkpt lat="39.868094" lon="2.928726"/>
    <trkpt lat="39.868015" lon="2.928703"/>
    <trkpt lat="39.867924" lon="2.928602"/>
    <trkpt lat="39.867870" lon="2.928487"/>
    <trkpt lat="39.867762" lon="2.928117"/>
    <trkpt lat="39.867645" lon="2.927794"/>
    <trkpt lat="39.867558" lon="2.927678"/>
    <trkpt lat="39.867462" lon="2.927615"/>
    <trkpt lat="39.867386" lon="2.927592"/>
    <trkpt lat="39.867324" lon="2.927599"/>
    <trkpt lat="39.867235" lon="2.927682"/>
    <trkpt lat="39.867163" lon="2.927792"/>
    <trkpt lat="39.867000" lon="2.928206"/>
    <trkpt lat="39.866597" lon="2.929197"/>
    <trkpt lat="39.866529" lon="2.929339"/>
    <trkpt lat="39.866454" lon="2.929437"/>
    <trkpt lat="39.866322" lon="2.929568"/>
    <trkpt lat="39.866233" lon="2.929681"/>
    <trkpt lat="39.866155" lon="2.929867"/>
    <trkpt lat="39.866000" lon="2.930560"/>
    <trkpt lat="39.865961" lon="2.930721"/>
    <trkpt lat="39.865969" lon="2.930842"/>
    <trkpt lat="39.866014" lon="2.930955"/>
    <trkpt lat="39.866079" lon="2.931019"/>
    <trkpt lat="39.866243" lon="2.931102"/>
    <trkpt lat="39.866681" lon="2.931247"/>
    <trkpt lat="39.866803" lon="2.931301"/>
    <trkpt lat="39.866889" lon="2.931367"/>
    <trkpt lat="39.866954" lon="2.931501"/>
    <trkpt lat="39.867265" lon="2.932410"/>
    <trkpt lat="39.867321" lon="2.932619"/>
    <trkpt lat="39.867315" lon="2.932752"/>
    <trkpt lat="39.867277" lon="2.932880"/>
    <trkpt lat="39.866888" lon="2.933363"/>
    <trkpt lat="39.866817" lon="2.933497"/>
    <trkpt lat="39.866751" lon="2.933646"/>
    <trkpt lat="39.866712" lon="2.933892"/>
    <trkpt lat="39.866670" lon="2.934530"/>
    <trkpt lat="39.866615" lon="2.935243"/>
    <trkpt lat="39.866599" lon="2.935549"/>
    <trkpt lat="39.866664" lon="2.935913"/>
    <trkpt lat="39.866721" lon="2.936330"/>
    <trkpt lat="39.866789" lon="2.936680"/>
    <trkpt lat="39.866904" lon="2.937307"/>
    <trkpt lat="39.867005" lon="2.937683"/>
    <trkpt lat="39.867139" lon="2.938080"/>
    <trkpt lat="39.867216" lon="2.938369"/>
    <trkpt lat="39.867267" lon="2.938557"/>
    <trkpt lat="39.867287" lon="2.939014"/>
    <trkpt lat="39.867311" lon="2.939333"/>
    <trkpt lat="39.867398" lon="2.939524"/>
    <trkpt lat="39.867591" lon="2.939782"/>
    <trkpt lat="39.867862" lon="2.940081"/>
    <trkpt lat="39.868189" lon="2.940442"/>
    <trkpt lat="39.868499" lon="2.940693"/>
    <trkpt lat="39.868654" lon="2.940801"/>
    <trkpt lat="39.868810" lon="2.940878"/>
    <trkpt lat="39.869187" lon="2.940969"/>
    <trkpt lat="39.869283" lon="2.941054"/>
    <trkpt lat="39.869325" lon="2.941145"/>
    <trkpt lat="39.869357" lon="2.941284"/>
    <trkpt lat="39.869362" lon="2.941463"/>
    <trkpt lat="39.869382" lon="2.941707"/>
    <trkpt lat="39.869751" lon="2.942946"/>
    <trkpt lat="39.869789" lon="2.943117"/>
    <trkpt lat="39.869775" lon="2.943252"/>
    <trkpt lat="39.869726" lon="2.943350"/>
    <trkpt lat="39.869636" lon="2.943447"/>
    <trkpt lat="39.869536" lon="2.943514"/>
    <trkpt lat="39.869444" lon="2.943517"/>
    <trkpt lat="39.869353" lon="2.943498"/>
    <trkpt lat="39.869252" lon="2.943413"/>
    <trkpt lat="39.869187" lon="2.943275"/>
    <trkpt lat="39.869170" lon="2.943197"/>
    <trkpt lat="39.868942" lon="2.942261"/>
    <trkpt lat="39.868922" lon="2.942103"/>
    <trkpt lat="39.868924" lon="2.941913"/>
    <trkpt lat="39.868943" lon="2.941738"/>
    <trkpt lat="39.868935" lon="2.941645"/>
    <trkpt lat="39.868916" lon="2.941577"/>
    <trkpt lat="39.868886" lon="2.941530"/>
    <trkpt lat="39.868851" lon="2.941490"/>
    <trkpt lat="39.868810" lon="2.941464"/>
    <trkpt lat="39.868751" lon="2.941443"/>
    <trkpt lat="39.868437" lon="2.941428"/>
    <trkpt lat="39.868333" lon="2.941408"/>
    <trkpt lat="39.868135" lon="2.941344"/>
    <trkpt lat="39.867764" lon="2.941195"/>
    <trkpt lat="39.867143" lon="2.940923"/>
    <trkpt lat="39.867082" lon="2.940875"/>
    <trkpt lat="39.867027" lon="2.940819"/>
    <trkpt lat="39.866759" lon="2.940378"/>
    <trkpt lat="39.866598" lon="2.940120"/>
    <trkpt lat="39.866511" lon="2.939981"/>
    <trkpt lat="39.866342" lon="2.939704"/>
    <trkpt lat="39.866310" lon="2.939645"/>
    <trkpt lat="39.866276" lon="2.939557"/>
    <trkpt lat="39.866252" lon="2.939451"/>
    <trkpt lat="39.866219" lon="2.938835"/>
    <trkpt lat="39.866197" lon="2.938746"/>
    <trkpt lat="39.866162" lon="2.938686"/>
    <trkpt lat="39.866129" lon="2.938646"/>
    <trkpt lat="39.866064" lon="2.938602"/>
    <trkpt lat="39.866009" lon="2.938593"/>
    <trkpt lat="39.865952" lon="2.938598"/>
    <trkpt lat="39.865901" lon="2.938624"/>
    <trkpt lat="39.865853" lon="2.938674"/>
    <trkpt lat="39.865820" lon="2.938732"/>
    <trkpt lat="39.865796" lon="2.938814"/>
    <trkpt lat="39.865790" lon="2.938915"/>
    <trkpt lat="39.865811" lon="2.939033"/>
    <trkpt lat="39.866142" lon="2.940312"/>
    <trkpt lat="39.866188" lon="2.940462"/>
    <trkpt lat="39.866254" lon="2.940621"/>
    <trkpt lat="39.866430" lon="2.941010"/>
    <trkpt lat="39.866468" lon="2.941112"/>
    <trkpt lat="39.866494" lon="2.941231"/>
    <trkpt lat="39.866515" lon="2.941391"/>
    <trkpt lat="39.866522" lon="2.941568"/>
    <trkpt lat="39.866536" lon="2.941755"/>
    <trkpt lat="39.866561" lon="2.941882"/>
    <trkpt lat="39.866598" lon="2.941986"/>
    <trkpt lat="39.866653" lon="2.942101"/>
    <trkpt lat="39.867032" lon="2.942737"/>
    <trkpt lat="39.867118" lon="2.942877"/>
    <trkpt lat="39.867188" lon="2.942963"/>
    <trkpt lat="39.867251" lon="2.943025"/>
    <trkpt lat="39.867767" lon="2.943442"/>
    <trkpt lat="39.867820" lon="2.943493"/>
    <trkpt lat="39.867858" lon="2.943559"/>
    <trkpt lat="39.867884" lon="2.943627"/>
    <trkpt lat="39.867905" lon="2.943718"/>
    <trkpt lat="39.867943" lon="2.944017"/>
    <trkpt lat="39.867963" lon="2.944126"/>
    <trkpt lat="39.867993" lon="2.944249"/>
    <trkpt lat="39.868037" lon="2.944375"/>
    <trkpt lat="39.868249" lon="2.944930"/>
    <trkpt lat="39.868309" lon="2.945078"/>
    <trkpt lat="39.868368" lon="2.945185"/>
    <trkpt lat="39.868424" lon="2.945257"/>
    <trkpt lat="39.868509" lon="2.945328"/>
    <trkpt lat="39.869249" lon="2.945838"/>
    <trkpt lat="39.869297" lon="2.945892"/>
    <trkpt lat="39.869337" lon="2.945951"/>
    <trkpt lat="39.869377" lon="2.946033"/>
    <trkpt lat="39.869395" lon="2.946102"/>
    <trkpt lat="39.869404" lon="2.946197"/>
    <trkpt lat="39.869400" lon="2.946278"/>
    <trkpt lat="39.869375" lon="2.946372"/>
    <trkpt lat="39.869332" lon="2.946463"/>
    <trkpt lat="39.869239" lon="2.946631"/>
    <trkpt lat="39.869195" lon="2.946729"/>
    <trkpt lat="39.869171" lon="2.946814"/>
    <trkpt lat="39.869156" lon="2.946917"/>
    <trkpt lat="39.869147" lon="2.947060"/>
    <trkpt lat="39.869144" lon="2.947197"/>
    <trkpt lat="39.869193" lon="2.948441"/>
    <trkpt lat="39.869199" lon="2.948644"/>
    <trkpt lat="39.869192" lon="2.948770"/>
    <trkpt lat="39.869173" lon="2.948902"/>
    <trkpt lat="39.869148" lon="2.949029"/>
    <trkpt lat="39.868917" lon="2.950067"/>
    <trkpt lat="39.868851" lon="2.950361"/>
    <trkpt lat="39.868798" lon="2.950522"/>
    <trkpt lat="39.868740" lon="2.950642"/>
    <trkpt lat="39.868585" lon="2.950978"/>
    <trkpt lat="39.868534" lon="2.951116"/>
    <trkpt lat="39.868501" lon="2.951242"/>
    <trkpt lat="39.868483" lon="2.951365"/>
    <trkpt lat="39.868446" lon="2.951816"/>
    <trkpt lat="39.868402" lon="2.952374"/>
    <trkpt lat="39.868380" lon="2.952656"/>
    <trkpt lat="39.868343" lon="2.953063"/>
    <trkpt lat="39.868333" lon="2.953296"/>
    <trkpt lat="39.868343" lon="2.953443"/>
    <trkpt lat="39.868378" lon="2.953628"/>
    <trkpt lat="39.868838" lon="2.955131"/>
    <trkpt lat="39.868888" lon="2.955309"/>
    <trkpt lat="39.868920" lon="2.955409"/>
    <trkpt lat="39.869263" lon="2.956519"/>
    <trkpt lat="39.869331" lon="2.956748"/>
    <trkpt lat="39.869357" lon="2.956852"/>
    <trkpt lat="39.869386" lon="2.957015"/>
    <trkpt lat="39.869409" lon="2.957220"/>
    <trkpt lat="39.869463" lon="2.957859"/>
    <trkpt lat="39.869577" lon="2.959147"/>
    <trkpt lat="39.869689" lon="2.960419"/>
    <trkpt lat="39.869831" lon="2.962016"/>
    <trkpt lat="39.869834" lon="2.962173"/>
    <trkpt lat="39.869833" lon="2.962286"/>
    <trkpt lat="39.869821" lon="2.962385"/>
    <trkpt lat="39.869796" lon="2.962511"/>
    <trkpt lat="39.869487" lon="2.963839"/>
    <trkpt lat="39.868819" lon="2.966674"/>
    <trkpt lat="39.868815" lon="2.966691"/>
    <trkpt lat="39.868791" lon="2.966794"/>
    <trkpt lat="39.868550" lon="2.967811"/>
    <trkpt lat="39.868130" lon="2.969571"/>
    <trkpt lat="39.867710" lon="2.971339"/>
    <trkpt lat="39.867684" lon="2.971447"/>
    <trkpt lat="39.867636" lon="2.971641"/>
    <trkpt lat="39.867610" lon="2.971804"/>
    <trkpt lat="39.867599" lon="2.971950"/>
    <trkpt lat="39.867602" lon="2.972093"/>
    <trkpt lat="39.867616" lon="2.972210"/>
    <trkpt lat="39.867652" lon="2.972377"/>
    <trkpt lat="39.867947" lon="2.973650"/>
    <trkpt lat="39.868670" lon="2.976731"/>
    <trkpt lat="39.868912" lon="2.977773"/>
    <trkpt lat="39.869293" lon="2.979404"/>
    <trkpt lat="39.869331" lon="2.979532"/>
    <trkpt lat="39.869374" lon="2.979643"/>
    <trkpt lat="39.869863" lon="2.980798"/>
    <trkpt lat="39.870144" lon="2.981446"/>
    <trkpt lat="39.870300" lon="2.981823"/>
    <trkpt lat="39.870360" lon="2.981955"/>
    <trkpt lat="39.870411" lon="2.982060"/>
    <trkpt lat="39.870449" lon="2.982115"/>
    <trkpt lat="39.870507" lon="2.982196"/>
    <trkpt lat="39.871058" lon="2.982820"/>
    <trkpt lat="39.871474" lon="2.983334"/>
    <trkpt lat="39.871567" lon="2.983456"/>
    <trkpt lat="39.871660" lon="2.983594"/>
    <trkpt lat="39.871747" lon="2.983768"/>
    <trkpt lat="39.872021" lon="2.984479"/>
    <trkpt lat="39.872039" lon="2.984526"/>
    <trkpt lat="39.872403" lon="2.985472"/>
    <trkpt lat="39.872477" lon="2.985674"/>
    <trkpt lat="39.872873" lon="2.986708"/>
    <trkpt lat="39.873006" lon="2.987062"/>
    <trkpt lat="39.873358" lon="2.987983"/>
    <trkpt lat="39.874069" lon="2.989854"/>
    <trkpt lat="39.874125" lon="2.990026"/>
    <trkpt lat="39.874179" lon="2.990227"/>
    <trkpt lat="39.874269" lon="2.990578"/>
    <trkpt lat="39.874449" lon="2.991411"/>
    <trkpt lat="39.874514" lon="2.991703"/>
    <trkpt lat="39.874749" lon="2.992780"/>
    <trkpt lat="39.874801" lon="2.993001"/>
    <trkpt lat="39.874852" lon="2.993178"/>
    <trkpt lat="39.874889" lon="2.993288"/>
    <trkpt lat="39.874951" lon="2.993433"/>
    <trkpt lat="39.875358" lon="2.994197"/>
    <trkpt lat="39.875561" lon="2.994582"/>
    <trkpt lat="39.876140" lon="2.995668"/>
    <trkpt lat="39.876505" lon="2.996356"/>
    <trkpt lat="39.877020" lon="2.997323"/>
    <trkpt lat="39.878339" lon="2.999802"/>
    <trkpt lat="39.878600" lon="3.000292"/>
    <trkpt lat="39.878895" lon="3.000838"/>
    <trkpt lat="39.879581" lon="3.002136"/>
    <trkpt lat="39.879764" lon="3.002486"/>
    <trkpt lat="39.880189" lon="3.003286"/>
    <trkpt lat="39.880973" lon="3.004764"/>
    <trkpt lat="39.881000" lon="3.004817"/>
    <trkpt lat="39.881012" lon="3.004844"/>
    <trkpt lat="39.881636" lon="3.006009"/>
    <trkpt lat="39.882541" lon="3.007722"/>
    <trkpt lat="39.882844" lon="3.008294"/>
    <trkpt lat="39.882884" lon="3.008384"/>
    <trkpt lat="39.882931" lon="3.008517"/>
    <trkpt lat="39.882960" lon="3.008629"/>
    <trkpt lat="39.882980" lon="3.008732"/>
    <trkpt lat="39.882988" lon="3.008852"/>
    <trkpt lat="39.883005" lon="3.009530"/>
    <trkpt lat="39.883011" lon="3.010043"/>
    <trkpt lat="39.883024" lon="3.010857"/>
    <trkpt lat="39.883040" lon="3.011805"/>
    <trkpt lat="39.883043" lon="3.011980"/>
    <trkpt lat="39.883053" lon="3.012765"/>
    <trkpt lat="39.883069" lon="3.013835"/>
    <trkpt lat="39.882729" lon="3.013916"/>
    <trkpt lat="39.882577" lon="3.013955"/>
    <trkpt lat="39.882392" lon="3.014071"/>
    <trkpt lat="39.882283" lon="3.014158"/>
    <trkpt lat="39.881914" lon="3.014451"/>
    <trkpt lat="39.881795" lon="3.014535"/>
    <trkpt lat="39.881682" lon="3.014630"/>
    <trkpt lat="39.881448" lon="3.014911"/>
    <trkpt lat="39.881070" lon="3.015128"/>
    <trkpt lat="39.880637" lon="3.015389"/>
    <trkpt lat="39.880566" lon="3.015435"/>
    <trkpt lat="39.880472" lon="3.015501"/>
    <trkpt lat="39.879963" lon="3.015850"/>
    <trkpt lat="39.879780" lon="3.016033"/>
    <trkpt lat="39.879599" lon="3.016104"/>
    <trkpt lat="39.879908" lon="3.016668"/>
    <trkpt lat="39.879978" lon="3.016790"/>
    <trkpt lat="39.880090" lon="3.017051"/>
    <trkpt lat="39.879673" lon="3.017470"/>
    <trkpt lat="39.879447" lon="3.017710"/>
    <trkpt lat="39.879320" lon="3.017849"/>
    <trkpt lat="39.879195" lon="3.017978"/>
    <trkpt lat="39.879173" lon="3.018075"/>
    <trkpt lat="39.879036" lon="3.018349"/>
    <trkpt lat="39.878975" lon="3.018396"/>
    <trkpt lat="39.878735" lon="3.018536"/>
    <trkpt lat="39.878369" lon="3.018812"/>
    <trkpt lat="39.878040" lon="3.018109"/>
    <trkpt lat="39.877856" lon="3.017744"/>
    <trkpt lat="39.877758" lon="3.017210"/>
    <trkpt lat="39.877685" lon="3.017003"/>
    <trkpt lat="39.877592" lon="3.016811"/>
    <trkpt lat="39.877380" lon="3.016390"/>
    <trkpt lat="39.877592" lon="3.016811"/>
    <trkpt lat="39.877685" lon="3.017003"/>
    <trkpt lat="39.877758" lon="3.017210"/>
    <trkpt lat="39.877395" lon="3.017415"/>
    <trkpt lat="39.877110" lon="3.017593"/>
    <trkpt lat="39.876711" lon="3.017887"/>
    <trkpt lat="39.876367" lon="3.018144"/>
    <trkpt lat="39.875955" lon="3.018436"/>
    <trkpt lat="39.875867" lon="3.018584"/>
    <trkpt lat="39.875742" lon="3.019006"/>
    <trkpt lat="39.875635" lon="3.019293"/>
    <trkpt lat="39.875982" lon="3.019879"/>
    <trkpt lat="39.876325" lon="3.020458"/>
    <trkpt lat="39.876902" lon="3.021424"/>
    <trkpt lat="39.877006" lon="3.021587"/>
    <trkpt lat="39.877123" lon="3.021770"/>
    <trkpt lat="39.877183" lon="3.022035"/>
    <trkpt lat="39.877168" lon="3.022089"/>
    <trkpt lat="39.877148" lon="3.022160"/>
    <trkpt lat="39.877034" lon="3.022209"/>
    <trkpt lat="39.877152" lon="3.022279"/>
    <trkpt lat="39.877230" lon="3.022327"/>
    <trkpt lat="39.877731" lon="3.022624"/>
    <trkpt lat="39.878179" lon="3.022897"/>
    <trkpt lat="39.879040" lon="3.023385"/>
    <trkpt lat="39.879056" lon="3.023395"/>
    <trkpt lat="39.879144" lon="3.023448"/>
    <trkpt lat="39.880015" lon="3.023966"/>
    <trkpt lat="39.880242" lon="3.024081"/>
    <trkpt lat="39.880474" lon="3.024149"/>
    <trkpt lat="39.880633" lon="3.024180"/>
    <trkpt lat="39.880801" lon="3.024207"/>
    <trkpt lat="39.881076" lon="3.024206"/>
    <trkpt lat="39.881258" lon="3.024168"/>
    <trkpt lat="39.881433" lon="3.024127"/>
    <trkpt lat="39.881730" lon="3.024008"/>
    <trkpt lat="39.881988" lon="3.023834"/>
    <trkpt lat="39.882205" lon="3.023674"/>
    <trkpt lat="39.882688" lon="3.023319"/>
    <trkpt lat="39.882998" lon="3.023086"/>
    <trkpt lat="39.883043" lon="3.023052"/>
    <trkpt lat="39.883186" lon="3.022945"/>
    <trkpt lat="39.883382" lon="3.022819"/>
    <trkpt lat="39.883735" lon="3.022659"/>
    <trkpt lat="39.883808" lon="3.022629"/>
    <trkpt lat="39.883948" lon="3.022570"/>
    <trkpt lat="39.884118" lon="3.022511"/>
    <trkpt lat="39.884247" lon="3.022534"/>
    <trkpt lat="39.884401" lon="3.022592"/>
    <trkpt lat="39.884430" lon="3.022622"/>
    <trkpt lat="39.884463" lon="3.022645"/>
    <trkpt lat="39.884560" lon="3.022738"/>
    <trkpt lat="39.884638" lon="3.022825"/>
    <trkpt lat="39.884680" lon="3.022878"/>
    <trkpt lat="39.884721" lon="3.022944"/>
    <trkpt lat="39.884777" lon="3.023058"/>
    <trkpt lat="39.884912" lon="3.023377"/>
    <trkpt lat="39.885041" lon="3.023641"/>
    <trkpt lat="39.885068" lon="3.023705"/>
    <trkpt lat="39.885260" lon="3.024187"/>
    <trkpt lat="39.886035" lon="3.026125"/>
    <trkpt lat="39.886544" lon="3.027400"/>
    <trkpt lat="39.886656" lon="3.027696"/>
    <trkpt lat="39.886831" lon="3.028077"/>
    <trkpt lat="39.887455" lon="3.029167"/>
    <trkpt lat="39.887944" lon="3.029805"/>
    <trkpt lat="39.888410" lon="3.030400"/>
    <trkpt lat="39.888510" lon="3.030512"/>
    <trkpt lat="39.888812" lon="3.030863"/>
    <trkpt lat="39.888994" lon="3.031073"/>
    <trkpt lat="39.889087" lon="3.031181"/>
    <trkpt lat="39.889335" lon="3.031482"/>
    <trkpt lat="39.889441" lon="3.031605"/>
    <trkpt lat="39.889549" lon="3.031731"/>
    <trkpt lat="39.889601" lon="3.031793"/>
    <trkpt lat="39.890245" lon="3.032571"/>
    <trkpt lat="39.890629" lon="3.033034"/>
    <trkpt lat="39.890849" lon="3.033315"/>
    <trkpt lat="39.891105" lon="3.033642"/>
    <trkpt lat="39.891205" lon="3.033800"/>
    <trkpt lat="39.891245" lon="3.033863"/>
    <trkpt lat="39.891413" lon="3.034131"/>
    <trkpt lat="39.891578" lon="3.034393"/>
    <trkpt lat="39.891804" lon="3.034855"/>
    <trkpt lat="39.891887" lon="3.035026"/>
    <trkpt lat="39.892031" lon="3.035383"/>
    <trkpt lat="39.892200" lon="3.035803"/>
    <trkpt lat="39.892222" lon="3.035874"/>
    <trkpt lat="39.892311" lon="3.036158"/>
    <trkpt lat="39.892503" lon="3.036772"/>
    <trkpt lat="39.892607" lon="3.037098"/>
    <trkpt lat="39.892741" lon="3.037543"/>
    <trkpt lat="39.892875" lon="3.037968"/>
    <trkpt lat="39.893202" lon="3.039020"/>
    <trkpt lat="39.893448" lon="3.039731"/>
    <trkpt lat="39.893501" lon="3.039876"/>
    <trkpt lat="39.893579" lon="3.040103"/>
    <trkpt lat="39.893655" lon="3.040320"/>
    <trkpt lat="39.894137" lon="3.041719"/>
    <trkpt lat="39.894298" lon="3.042151"/>
    <trkpt lat="39.894394" lon="3.042419"/>
    <trkpt lat="39.894632" lon="3.043104"/>
    <trkpt lat="39.894999" lon="3.044095"/>
    <trkpt lat="39.895163" lon="3.044616"/>
    <trkpt lat="39.895469" lon="3.045486"/>
    <trkpt lat="39.895510" lon="3.045604"/>
    <trkpt lat="39.895582" lon="3.045829"/>
    <trkpt lat="39.895901" lon="3.046757"/>
    <trkpt lat="39.895913" lon="3.046796"/>
    <trkpt lat="39.895927" lon="3.046844"/>
    <trkpt lat="39.896098" lon="3.047386"/>
    <trkpt lat="39.896295" lon="3.048011"/>
    <trkpt lat="39.896314" lon="3.048091"/>
    <trkpt lat="39.896415" lon="3.048419"/>
    <trkpt lat="39.896713" lon="3.049406"/>
    <trkpt lat="39.896751" lon="3.049533"/>
    <trkpt lat="39.897352" lon="3.051530"/>
    <trkpt lat="39.897388" lon="3.051665"/>
    <trkpt lat="39.897569" lon="3.052267"/>
    <trkpt lat="39.897865" lon="3.053258"/>
    <trkpt lat="39.898185" lon="3.054313"/>
    <trkpt lat="39.899004" lon="3.057097"/>
    <trkpt lat="39.899012" lon="3.057120"/>
    <trkpt lat="39.899160" lon="3.057618"/>
    <trkpt lat="39.899249" lon="3.057915"/>
    <trkpt lat="39.899562" lon="3.058952"/>
    <trkpt lat="39.899587" lon="3.059036"/>
    <trkpt lat="39.899833" lon="3.059829"/>
    <trkpt lat="39.900008" lon="3.060413"/>
    <trkpt lat="39.900185" lon="3.061005"/>
    <trkpt lat="39.900242" lon="3.061195"/>
    <trkpt lat="39.900485" lon="3.062008"/>
    <trkpt lat="39.900529" lon="3.062159"/>
    <trkpt lat="39.900552" lon="3.062235"/>
    <trkpt lat="39.900910" lon="3.063443"/>
    <trkpt lat="39.901052" lon="3.063921"/>
    <trkpt lat="39.901103" lon="3.064093"/>
    <trkpt lat="39.901127" lon="3.064174"/>
    <trkpt lat="39.901501" lon="3.065416"/>
    <trkpt lat="39.901605" lon="3.065765"/>
    <trkpt lat="39.901958" lon="3.066937"/>
    <trkpt lat="39.901970" lon="3.066976"/>
    <trkpt lat="39.902137" lon="3.067534"/>
    <trkpt lat="39.902480" lon="3.068659"/>
    <trkpt lat="39.902586" lon="3.069036"/>
    <trkpt lat="39.902609" lon="3.069115"/>
    <trkpt lat="39.902579" lon="3.069144"/>
    <trkpt lat="39.902557" lon="3.069183"/>
    <trkpt lat="39.902544" lon="3.069229"/>
    <trkpt lat="39.902542" lon="3.069277"/>
    <trkpt lat="39.902557" lon="3.069341"/>
    <trkpt lat="39.902590" lon="3.069392"/>
    <trkpt lat="39.902619" lon="3.069415"/>
    <trkpt lat="39.902652" lon="3.069426"/>
    <trkpt lat="39.902767" lon="3.069681"/>
    <trkpt lat="39.902890" lon="3.070029"/>
    <trkpt lat="39.902950" lon="3.070226"/>
    <trkpt lat="39.903017" lon="3.070448"/>
    <trkpt lat="39.903197" lon="3.071045"/>
    <trkpt lat="39.903325" lon="3.071471"/>
    <trkpt lat="39.903636" lon="3.072502"/>
    <trkpt lat="39.903754" lon="3.072892"/>
    <trkpt lat="39.903905" lon="3.073394"/>
    <trkpt lat="39.904015" lon="3.073759"/>
    <trkpt lat="39.904101" lon="3.074042"/>
    <trkpt lat="39.904254" lon="3.074549"/>
    <trkpt lat="39.904263" lon="3.074578"/>
    <trkpt lat="39.904288" lon="3.074823"/>
    <trkpt lat="39.904290" lon="3.074874"/>
    <trkpt lat="39.904292" lon="3.074911"/>
    <trkpt lat="39.904289" lon="3.074999"/>
    <trkpt lat="39.904277" lon="3.075062"/>
    <trkpt lat="39.904268" lon="3.075088"/>
    <trkpt lat="39.904264" lon="3.075097"/>
    <trkpt lat="39.904247" lon="3.075141"/>
    <trkpt lat="39.904235" lon="3.075187"/>
    <trkpt lat="39.904228" lon="3.075235"/>
    <trkpt lat="39.904226" lon="3.075285"/>
    <trkpt lat="39.904229" lon="3.075334"/>
    <trkpt lat="39.904237" lon="3.075382"/>
    <trkpt lat="39.904250" lon="3.075428"/>
    <trkpt lat="39.904271" lon="3.075478"/>
    <trkpt lat="39.904299" lon="3.075523"/>
    <trkpt lat="39.904331" lon="3.075562"/>
    <trkpt lat="39.904368" lon="3.075594"/>
    <trkpt lat="39.904407" lon="3.075618"/>
    <trkpt lat="39.904450" lon="3.075633"/>
    <trkpt lat="39.904490" lon="3.075639"/>
    <trkpt lat="39.904530" lon="3.075638"/>
    <trkpt lat="39.904569" lon="3.075629"/>
    <trkpt lat="39.904607" lon="3.075612"/>
    <trkpt lat="39.904643" lon="3.075589"/>
    <trkpt lat="39.904657" lon="3.075577"/>
    <trkpt lat="39.904666" lon="3.075569"/>
    <trkpt lat="39.904716" lon="3.075543"/>
    <trkpt lat="39.904746" lon="3.075533"/>
    <trkpt lat="39.904788" lon="3.075533"/>
    <trkpt lat="39.904819" lon="3.075538"/>
    <trkpt lat="39.904920" lon="3.075584"/>
    <trkpt lat="39.905465" lon="3.075973"/>
    <trkpt lat="39.905875" lon="3.076269"/>
    <trkpt lat="39.906406" lon="3.076648"/>
    <trkpt lat="39.906660" lon="3.076829"/>
    <trkpt lat="39.907072" lon="3.077152"/>
    <trkpt lat="39.907505" lon="3.077490"/>
    <trkpt lat="39.908547" lon="3.078459"/>
    <trkpt lat="39.908674" lon="3.078610"/>
    <trkpt lat="39.908832" lon="3.078781"/>
    <trkpt lat="39.908846" lon="3.078794"/>
    <trkpt lat="39.908875" lon="3.078824"/>
    <trkpt lat="39.908887" lon="3.078883"/>
    <trkpt lat="39.908905" lon="3.078929"/>
    <trkpt lat="39.908928" lon="3.078971"/>
    <trkpt lat="39.908956" lon="3.079006"/>
    <trkpt lat="39.908988" lon="3.079035"/>
    <trkpt lat="39.909024" lon="3.079055"/>
    <trkpt lat="39.909062" lon="3.079068"/>
    <trkpt lat="39.909101" lon="3.079071"/>
    <trkpt lat="39.909175" lon="3.079122"/>
    <trkpt lat="39.909254" lon="3.079172"/>
    <trkpt lat="39.909300" lon="3.079209"/>
    <trkpt lat="39.909418" lon="3.079289"/>
    <trkpt lat="39.909657" lon="3.079585"/>
    <trkpt lat="39.910266" lon="3.080342"/>
    <trkpt lat="39.910529" lon="3.080707"/>
    <trkpt lat="39.910723" lon="3.080967"/>
    <trkpt lat="39.911091" lon="3.081516"/>
    <trkpt lat="39.911602" lon="3.082338"/>
    <trkpt lat="39.911946" lon="3.082954"/>
    <trkpt lat="39.912313" lon="3.083645"/>
    <trkpt lat="39.912372" lon="3.083819"/>
    <trkpt lat="39.912381" lon="3.083865"/>
    <trkpt lat="39.912381" lon="3.083897"/>
    <trkpt lat="39.912381" lon="3.083918"/>
    <trkpt lat="39.912377" lon="3.083956"/>
    <trkpt lat="39.912370" lon="3.084012"/>
    <trkpt lat="39.912355" lon="3.084059"/>
    <trkpt lat="39.912342" lon="3.084121"/>
    <trkpt lat="39.912337" lon="3.084181"/>
    <trkpt lat="39.912340" lon="3.084235"/>
    <trkpt lat="39.912348" lon="3.084293"/>
    <trkpt lat="39.912367" lon="3.084362"/>
    <trkpt lat="39.912392" lon="3.084415"/>
    <trkpt lat="39.912426" lon="3.084471"/>
    <trkpt lat="39.912472" lon="3.084517"/>
    <trkpt lat="39.912519" lon="3.084543"/>
    <trkpt lat="39.912563" lon="3.084559"/>
    <trkpt lat="39.912605" lon="3.084566"/>
    <trkpt lat="39.912630" lon="3.084566"/>
    <trkpt lat="39.912668" lon="3.084601"/>
    <trkpt lat="39.912813" lon="3.084814"/>
    <trkpt lat="39.912935" lon="3.085134"/>
    <trkpt lat="39.912989" lon="3.085272"/>
    <trkpt lat="39.913159" lon="3.085806"/>
    <trkpt lat="39.913280" lon="3.086262"/>
    <trkpt lat="39.913367" lon="3.086709"/>
    <trkpt lat="39.913433" lon="3.087104"/>
    <trkpt lat="39.913469" lon="3.087527"/>
    <trkpt lat="39.913506" lon="3.088165"/>
    <trkpt lat="39.913544" lon="3.088931"/>
    <trkpt lat="39.913580" lon="3.089724"/>
    <trkpt lat="39.913622" lon="3.090606"/>
    <trkpt lat="39.913683" lon="3.091674"/>
    <trkpt lat="39.913753" lon="3.093068"/>
    <trkpt lat="39.913780" lon="3.093620"/>
    <trkpt lat="39.913801" lon="3.094094"/>
    <trkpt lat="39.913808" lon="3.094342"/>
    <trkpt lat="39.913809" lon="3.094525"/>
    <trkpt lat="39.913804" lon="3.094764"/>
    <trkpt lat="39.913793" lon="3.094969"/>
    <trkpt lat="39.913780" lon="3.095159"/>
    <trkpt lat="39.913764" lon="3.095331"/>
    <trkpt lat="39.913738" lon="3.095546"/>
    <trkpt lat="39.913709" lon="3.095746"/>
    <trkpt lat="39.913672" lon="3.095979"/>
    <trkpt lat="39.913616" lon="3.096260"/>
    <trkpt lat="39.913538" lon="3.096601"/>
    <trkpt lat="39.913330" lon="3.097480"/>
    <trkpt lat="39.913220" lon="3.097968"/>
    <trkpt lat="39.913194" lon="3.098081"/>
    <trkpt lat="39.913118" lon="3.098414"/>
    <trkpt lat="39.912954" lon="3.099127"/>
    <trkpt lat="39.912889" lon="3.099290"/>
    <trkpt lat="39.912879" lon="3.099314"/>
    <trkpt lat="39.912867" lon="3.099335"/>
    <trkpt lat="39.912847" lon="3.099355"/>
    <trkpt lat="39.912826" lon="3.099368"/>
    <trkpt lat="39.912803" lon="3.099370"/>
    <trkpt lat="39.912777" lon="3.099376"/>
    <trkpt lat="39.912754" lon="3.099388"/>
    <trkpt lat="39.912733" lon="3.099405"/>
    <trkpt lat="39.912714" lon="3.099427"/>
    <trkpt lat="39.912698" lon="3.099450"/>
    <trkpt lat="39.912685" lon="3.099478"/>
    <trkpt lat="39.912676" lon="3.099508"/>
    <trkpt lat="39.912672" lon="3.099538"/>
    <trkpt lat="39.912670" lon="3.099572"/>
    <trkpt lat="39.912672" lon="3.099600"/>
    <trkpt lat="39.912679" lon="3.099635"/>
    <trkpt lat="39.912691" lon="3.099665"/>
    <trkpt lat="39.912705" lon="3.099692"/>
    <trkpt lat="39.912710" lon="3.099724"/>
    <trkpt lat="39.912711" lon="3.099756"/>
    <trkpt lat="39.912702" lon="3.099835"/>
    <trkpt lat="39.912654" lon="3.100084"/>
    <trkpt lat="39.912576" lon="3.100427"/>
    <trkpt lat="39.912323" lon="3.101521"/>
    <trkpt lat="39.912277" lon="3.101743"/>
    <trkpt lat="39.912256" lon="3.101932"/>
    <trkpt lat="39.912261" lon="3.102116"/>
    <trkpt lat="39.912306" lon="3.102309"/>
    <trkpt lat="39.912375" lon="3.102467"/>
    <trkpt lat="39.912487" lon="3.102604"/>
    <trkpt lat="39.912576" lon="3.102683"/>
    <trkpt lat="39.913087" lon="3.103047"/>
    <trkpt lat="39.913956" lon="3.103653"/>
    <trkpt lat="39.914829" lon="3.104263"/>
    <trkpt lat="39.914880" lon="3.104333"/>
    <trkpt lat="39.914901" lon="3.104397"/>
    <trkpt lat="39.914904" lon="3.104479"/>
    <trkpt lat="39.914895" lon="3.104512"/>
    <trkpt lat="39.914884" lon="3.104554"/>
    <trkpt lat="39.914847" lon="3.104617"/>
    <trkpt lat="39.914789" lon="3.104659"/>
    <trkpt lat="39.914712" lon="3.104666"/>
    <trkpt lat="39.913624" lon="3.104373"/>
    <trkpt lat="39.912505" lon="3.104091"/>
    <trkpt lat="39.912241" lon="3.104063"/>
    <trkpt lat="39.911609" lon="3.104097"/>
    <trkpt lat="39.911550" lon="3.104129"/>
    <trkpt lat="39.911518" lon="3.104200"/>
    <trkpt lat="39.911519" lon="3.104232"/>
    <trkpt lat="39.911521" lon="3.104270"/>
    <trkpt lat="39.911554" lon="3.104329"/>
    <trkpt lat="39.911611" lon="3.104355"/>
    <trkpt lat="39.912016" lon="3.104368"/>
    <trkpt lat="39.912276" lon="3.104391"/>
    <trkpt lat="39.912502" lon="3.104455"/>
    <trkpt lat="39.912700" lon="3.104567"/>
    <trkpt lat="39.913024" lon="3.104838"/>
    <trkpt lat="39.913153" lon="3.104893"/>
    <trkpt lat="39.913364" lon="3.104938"/>
    <trkpt lat="39.913581" lon="3.105007"/>
    <trkpt lat="39.913762" lon="3.105127"/>
    <trkpt lat="39.914227" lon="3.105526"/>
    <trkpt lat="39.914536" lon="3.105803"/>
    <trkpt lat="39.914610" lon="3.105893"/>
    <trkpt lat="39.914955" lon="3.106380"/>
    <trkpt lat="39.915404" lon="3.106885"/>
    <trkpt lat="39.915859" lon="3.107388"/>
    <trkpt lat="39.916214" lon="3.107865"/>
    <trkpt lat="39.916285" lon="3.107924"/>
    <trkpt lat="39.916344" lon="3.107946"/>
    <trkpt lat="39.916409" lon="3.107944"/>
    <trkpt lat="39.916477" lon="3.107922"/>
    <trkpt lat="39.916552" lon="3.107864"/>
    <trkpt lat="39.916926" lon="3.107378"/>
    <trkpt lat="39.917198" lon="3.107025"/>
    <trkpt lat="39.917236" lon="3.106945"/>
    <trkpt lat="39.917250" lon="3.106852"/>
    <trkpt lat="39.917246" lon="3.106748"/>
    <trkpt lat="39.917151" lon="3.106319"/>
    <trkpt lat="39.917105" lon="3.106020"/>
    <trkpt lat="39.917101" lon="3.105913"/>
    <trkpt lat="39.917121" lon="3.105804"/>
    <trkpt lat="39.917163" lon="3.105720"/>
    <trkpt lat="39.917227" lon="3.105660"/>
    <trkpt lat="39.917310" lon="3.105625"/>
    <trkpt lat="39.917382" lon="3.105630"/>
    <trkpt lat="39.917491" lon="3.105657"/>
    <trkpt lat="39.917848" lon="3.105827"/>
    <trkpt lat="39.918493" lon="3.106300"/>
    <trkpt lat="39.918812" lon="3.106472"/>
    <trkpt lat="39.919452" lon="3.106887"/>
    <trkpt lat="39.919628" lon="3.106968"/>
    <trkpt lat="39.919774" lon="3.106995"/>
    <trkpt lat="39.920990" lon="3.107024"/>
    <trkpt lat="39.921151" lon="3.107052"/>
    <trkpt lat="39.921578" lon="3.107214"/>
    <trkpt lat="39.921760" lon="3.107266"/>
    <trkpt lat="39.922210" lon="3.107348"/>
    <trkpt lat="39.922328" lon="3.107391"/>
    <trkpt lat="39.922853" lon="3.107652"/>
    <trkpt lat="39.922990" lon="3.107701"/>
    <trkpt lat="39.923474" lon="3.107812"/>
    <trkpt lat="39.923584" lon="3.107811"/>
    <trkpt lat="39.923716" lon="3.107772"/>
    <trkpt lat="39.924274" lon="3.107488"/>
    <trkpt lat="39.924357" lon="3.107479"/>
    <trkpt lat="39.924440" lon="3.107510"/>
    <trkpt lat="39.924499" lon="3.107567"/>
    <trkpt lat="39.924560" lon="3.107655"/>
    <trkpt lat="39.924842" lon="3.108339"/>
    <trkpt lat="39.924899" lon="3.108414"/>
    <trkpt lat="39.924966" lon="3.108463"/>
    <trkpt lat="39.925043" lon="3.108488"/>
    <trkpt lat="39.925243" lon="3.108480"/>
    <trkpt lat="39.925339" lon="3.108491"/>
    <trkpt lat="39.925405" lon="3.108516"/>
    <trkpt lat="39.925462" lon="3.108564"/>
    <trkpt lat="39.925546" lon="3.108679"/>
    <trkpt lat="39.925636" lon="3.108848"/>
    <trkpt lat="39.925804" lon="3.109224"/>
    <trkpt lat="39.925859" lon="3.109293"/>
    <trkpt lat="39.925922" lon="3.109341"/>
    <trkpt lat="39.925999" lon="3.109359"/>
    <trkpt lat="39.926171" lon="3.109343"/>
    <trkpt lat="39.926330" lon="3.109344"/>
    <trkpt lat="39.926434" lon="3.109366"/>
    <trkpt lat="39.926504" lon="3.109406"/>
    <trkpt lat="39.926581" lon="3.109476"/>
    <trkpt lat="39.926767" lon="3.109703"/>
    <trkpt lat="39.926817" lon="3.109743"/>
    <trkpt lat="39.926869" lon="3.109756"/>
    <trkpt lat="39.926933" lon="3.109738"/>
    <trkpt lat="39.927086" lon="3.109645"/>
    <trkpt lat="39.927174" lon="3.109626"/>
    <trkpt lat="39.927287" lon="3.109658"/>
    <trkpt lat="39.927712" lon="3.109857"/>
    <trkpt lat="39.928044" lon="3.109996"/>
    <trkpt lat="39.928100" lon="3.110010"/>
    <trkpt lat="39.928432" lon="3.110021"/>
    <trkpt lat="39.928510" lon="3.110047"/>
    <trkpt lat="39.928577" lon="3.110102"/>
    <trkpt lat="39.928646" lon="3.110232"/>
    <trkpt lat="39.928704" lon="3.110332"/>
    <trkpt lat="39.928780" lon="3.110484"/>
    <trkpt lat="39.928818" lon="3.110557"/>
    <trkpt lat="39.928877" lon="3.110688"/>
    <trkpt lat="39.928888" lon="3.110770"/>
    <trkpt lat="39.928874" lon="3.110855"/>
    <trkpt lat="39.928833" lon="3.110940"/>
    <trkpt lat="39.928782" lon="3.111030"/>
    <trkpt lat="39.928726" lon="3.111131"/>
    <trkpt lat="39.928703" lon="3.111198"/>
    <trkpt lat="39.928693" lon="3.111283"/>
    <trkpt lat="39.928700" lon="3.111390"/>
    <trkpt lat="39.928793" lon="3.111829"/>
    <trkpt lat="39.928935" lon="3.112257"/>
    <trkpt lat="39.928989" lon="3.112489"/>
    <trkpt lat="39.929099" lon="3.112969"/>
    <trkpt lat="39.929109" lon="3.112987"/>
    <trkpt lat="39.929126" lon="3.113003"/>
    <trkpt lat="39.929142" lon="3.113011"/>
    <trkpt lat="39.929161" lon="3.113016"/>
    <trkpt lat="39.929182" lon="3.113013"/>
    <trkpt lat="39.929198" lon="3.113002"/>
    <trkpt lat="39.929212" lon="3.112981"/>
    <trkpt lat="39.929220" lon="3.112954"/>
    <trkpt lat="39.929224" lon="3.112920"/>
    <trkpt lat="39.929221" lon="3.112882"/>
    <trkpt lat="39.929137" lon="3.112472"/>
    <trkpt lat="39.929122" lon="3.112338"/>
    <trkpt lat="39.929094" lon="3.111950"/>
    <trkpt lat="39.929099" lon="3.111907"/>
    <trkpt lat="39.929109" lon="3.111865"/>
    <trkpt lat="39.929122" lon="3.111834"/>
    <trkpt lat="39.929139" lon="3.111804"/>
    <trkpt lat="39.929158" lon="3.111782"/>
    <trkpt lat="39.929179" lon="3.111768"/>
    <trkpt lat="39.929198" lon="3.111760"/>
    <trkpt lat="39.929215" lon="3.111760"/>
    <trkpt lat="39.929235" lon="3.111763"/>
    <trkpt lat="39.929253" lon="3.111772"/>
    <trkpt lat="39.929272" lon="3.111787"/>
    <trkpt lat="39.929289" lon="3.111808"/>
    <trkpt lat="39.929302" lon="3.111836"/>
    <trkpt lat="39.929308" lon="3.111860"/>
    <trkpt lat="39.929312" lon="3.111883"/>
    <trkpt lat="39.929340" lon="3.112251"/>
    <trkpt lat="39.929372" lon="3.112757"/>
    <trkpt lat="39.929373" lon="3.112779"/>
    <trkpt lat="39.929402" lon="3.113173"/>
    <trkpt lat="39.929405" lon="3.113274"/>
    <trkpt lat="39.929400" lon="3.113372"/>
    <trkpt lat="39.929378" lon="3.113541"/>
    <trkpt lat="39.929373" lon="3.113603"/>
    <trkpt lat="39.929372" lon="3.113658"/>
    <trkpt lat="39.929380" lon="3.113728"/>
    <trkpt lat="39.929399" lon="3.113787"/>
    <trkpt lat="39.929484" lon="3.114037"/>
    <trkpt lat="39.929504" lon="3.114097"/>
    <trkpt lat="39.929521" lon="3.114154"/>
    <trkpt lat="39.929527" lon="3.114190"/>
    <trkpt lat="39.929527" lon="3.114228"/>
    <trkpt lat="39.929521" lon="3.114273"/>
    <trkpt lat="39.929512" lon="3.114371"/>
    <trkpt lat="39.929511" lon="3.114407"/>
    <trkpt lat="39.929513" lon="3.114439"/>
    <trkpt lat="39.929521" lon="3.114466"/>
    <trkpt lat="39.929530" lon="3.114493"/>
    <trkpt lat="39.929544" lon="3.114523"/>
    <trkpt lat="39.929559" lon="3.114546"/>
    <trkpt lat="39.929595" lon="3.114591"/>
    <trkpt lat="39.929629" lon="3.114619"/>
    <trkpt lat="39.929799" lon="3.114735"/>
    <trkpt lat="39.929880" lon="3.114799"/>
    <trkpt lat="39.930110" lon="3.115028"/>
    <trkpt lat="39.930181" lon="3.115109"/>
    <trkpt lat="39.930282" lon="3.115271"/>
    <trkpt lat="39.930396" lon="3.115464"/>
    <trkpt lat="39.930417" lon="3.115513"/>
    <trkpt lat="39.930431" lon="3.115567"/>
    <trkpt lat="39.930437" lon="3.115622"/>
    <trkpt lat="39.930435" lon="3.115685"/>
    <trkpt lat="39.930418" lon="3.115894"/>
    <trkpt lat="39.930418" lon="3.115984"/>
    <trkpt lat="39.930422" lon="3.116063"/>
    <trkpt lat="39.930432" lon="3.116130"/>
    <trkpt lat="39.930451" lon="3.116209"/>
    <trkpt lat="39.930629" lon="3.116741"/>
    <trkpt lat="39.930644" lon="3.116813"/>
    <trkpt lat="39.930653" lon="3.116894"/>
    <trkpt lat="39.930654" lon="3.116974"/>
    <trkpt lat="39.930650" lon="3.117053"/>
    <trkpt lat="39.930551" lon="3.117638"/>
    <trkpt lat="39.930523" lon="3.117761"/>
    <trkpt lat="39.930487" lon="3.117887"/>
    <trkpt lat="39.930409" lon="3.118085"/>
    <trkpt lat="39.930370" lon="3.118183"/>
    <trkpt lat="39.930347" lon="3.118264"/>
    <trkpt lat="39.930332" lon="3.118341"/>
    <trkpt lat="39.930326" lon="3.118431"/>
    <trkpt lat="39.930328" lon="3.118529"/>
    <trkpt lat="39.930355" lon="3.119000"/>
    <trkpt lat="39.930363" lon="3.119220"/>
    <trkpt lat="39.930365" lon="3.119364"/>
    <trkpt lat="39.930360" lon="3.119540"/>
    <trkpt lat="39.930360" lon="3.119604"/>
    <trkpt lat="39.930368" lon="3.119670"/>
    <trkpt lat="39.930387" lon="3.119733"/>
    <trkpt lat="39.930454" lon="3.119913"/>
    <trkpt lat="39.930475" lon="3.119978"/>
    <trkpt lat="39.930489" lon="3.120055"/>
    <trkpt lat="39.930494" lon="3.120136"/>
    <trkpt lat="39.930501" lon="3.120218"/>
    <trkpt lat="39.930515" lon="3.120300"/>
    <trkpt lat="39.930540" lon="3.120375"/>
    <trkpt lat="39.930570" lon="3.120454"/>
    <trkpt lat="39.930622" lon="3.120595"/>
    <trkpt lat="39.930645" lon="3.120668"/>
    <trkpt lat="39.930659" lon="3.120744"/>
    <trkpt lat="39.930667" lon="3.120834"/>
    <trkpt lat="39.930670" lon="3.120939"/>
    <trkpt lat="39.930667" lon="3.120989"/>
    <trkpt lat="39.930659" lon="3.121033"/>
    <trkpt lat="39.930643" lon="3.121079"/>
    <trkpt lat="39.930586" lon="3.121178"/>
    <trkpt lat="39.930571" lon="3.121214"/>
    <trkpt lat="39.930563" lon="3.121257"/>
    <trkpt lat="39.930562" lon="3.121307"/>
    <trkpt lat="39.930567" lon="3.121355"/>
    <trkpt lat="39.930592" lon="3.121516"/>
    <trkpt lat="39.930606" lon="3.121559"/>
    <trkpt lat="39.930625" lon="3.121588"/>
    <trkpt lat="39.930648" lon="3.121614"/>
    <trkpt lat="39.930692" lon="3.121657"/>
    <trkpt lat="39.930728" lon="3.121681"/>
    <trkpt lat="39.930761" lon="3.121699"/>
    <trkpt lat="39.930857" lon="3.121733"/>
    <trkpt lat="39.930905" lon="3.121758"/>
    <trkpt lat="39.931060" lon="3.121889"/>
    <trkpt lat="39.931083" lon="3.121913"/>
    <trkpt lat="39.931098" lon="3.121952"/>
    <trkpt lat="39.931106" lon="3.121992"/>
    <trkpt lat="39.931105" lon="3.122031"/>
    <trkpt lat="39.931100" lon="3.122075"/>
    <trkpt lat="39.931089" lon="3.122111"/>
    <trkpt lat="39.931073" lon="3.122140"/>
    <trkpt lat="39.931052" lon="3.122168"/>
    <trkpt lat="39.931022" lon="3.122189"/>
    <trkpt lat="39.930848" lon="3.122269"/>
    <trkpt lat="39.930774" lon="3.122311"/>
    <trkpt lat="39.930710" lon="3.122368"/>
    <trkpt lat="39.930354" lon="3.122768"/>
    <trkpt lat="39.930318" lon="3.122825"/>
    <trkpt lat="39.930296" lon="3.122881"/>
    <trkpt lat="39.930280" lon="3.122945"/>
    <trkpt lat="39.930271" lon="3.123012"/>
    <trkpt lat="39.930268" lon="3.123087"/>
    <trkpt lat="39.930293" lon="3.123545"/>
    <trkpt lat="39.930296" lon="3.123662"/>
    <trkpt lat="39.930296" lon="3.123796"/>
    <trkpt lat="39.930291" lon="3.123898"/>
    <trkpt lat="39.930284" lon="3.123993"/>
    <trkpt lat="39.930253" lon="3.124260"/>
    <trkpt lat="39.930233" lon="3.124453"/>
    <trkpt lat="39.930229" lon="3.124516"/>
    <trkpt lat="39.930229" lon="3.124585"/>
    <trkpt lat="39.930234" lon="3.124633"/>
    <trkpt lat="39.930246" lon="3.124680"/>
    <trkpt lat="39.930264" lon="3.124715"/>
    <trkpt lat="39.930282" lon="3.124736"/>
    <trkpt lat="39.930301" lon="3.124750"/>
    <trkpt lat="39.930322" lon="3.124753"/>
    <trkpt lat="39.930341" lon="3.124749"/>
    <trkpt lat="39.930359" lon="3.124733"/>
    <trkpt lat="39.930376" lon="3.124706"/>
    <trkpt lat="39.930388" lon="3.124667"/>
    <trkpt lat="39.930394" lon="3.124622"/>
    <trkpt lat="39.930394" lon="3.124577"/>
    <trkpt lat="39.930376" lon="3.124320"/>
    <trkpt lat="39.930377" lon="3.124249"/>
    <trkpt lat="39.930385" lon="3.124171"/>
    <trkpt lat="39.930405" lon="3.124069"/>
    <trkpt lat="39.930535" lon="3.123551"/>
    <trkpt lat="39.930622" lon="3.123249"/>
    <trkpt lat="39.930638" lon="3.123207"/>
    <trkpt lat="39.930666" lon="3.123161"/>
    <trkpt lat="39.930695" lon="3.123126"/>
    <trkpt lat="39.930720" lon="3.123103"/>
    <trkpt lat="39.930745" lon="3.123088"/>
    <trkpt lat="39.930778" lon="3.123076"/>
    <trkpt lat="39.930809" lon="3.123075"/>
    <trkpt lat="39.930845" lon="3.123083"/>
    <trkpt lat="39.931002" lon="3.123139"/>
    <trkpt lat="39.931045" lon="3.123150"/>
    <trkpt lat="39.931085" lon="3.123154"/>
    <trkpt lat="39.931122" lon="3.123150"/>
    <trkpt lat="39.931422" lon="3.123052"/>
    <trkpt lat="39.931462" lon="3.123047"/>
    <trkpt lat="39.931501" lon="3.123052"/>
    <trkpt lat="39.931537" lon="3.123060"/>
    <trkpt lat="39.931575" lon="3.123074"/>
    <trkpt lat="39.931609" lon="3.123093"/>
    <trkpt lat="39.931640" lon="3.123119"/>
    <trkpt lat="39.931677" lon="3.123157"/>
    <trkpt lat="39.931706" lon="3.123194"/>
    <trkpt lat="39.931731" lon="3.123237"/>
    <trkpt lat="39.931752" lon="3.123283"/>
    <trkpt lat="39.931765" lon="3.123328"/>
    <trkpt lat="39.931977" lon="3.124455"/>
    <trkpt lat="39.932001" lon="3.124558"/>
    <trkpt lat="39.932046" lon="3.124711"/>
    <trkpt lat="39.932076" lon="3.124800"/>
    <trkpt lat="39.932112" lon="3.124878"/>
    <trkpt lat="39.932145" lon="3.124943"/>
    <trkpt lat="39.932178" lon="3.124995"/>
    <trkpt lat="39.932217" lon="3.125042"/>
    <trkpt lat="39.932270" lon="3.125086"/>
    <trkpt lat="39.932316" lon="3.125114"/>
    <trkpt lat="39.932403" lon="3.125161"/>
    <trkpt lat="39.932470" lon="3.125188"/>
    <trkpt lat="39.932588" lon="3.125214"/>
    <trkpt lat="39.932697" lon="3.125229"/>
    <trkpt lat="39.933300" lon="3.125248"/>
    <trkpt lat="39.933387" lon="3.125261"/>
    <trkpt lat="39.933438" lon="3.125276"/>
    <trkpt lat="39.933480" lon="3.125295"/>
    <trkpt lat="39.933515" lon="3.125318"/>
    <trkpt lat="39.933543" lon="3.125342"/>
    <trkpt lat="39.933568" lon="3.125368"/>
    <trkpt lat="39.933586" lon="3.125396"/>
    <trkpt lat="39.933603" lon="3.125427"/>
    <trkpt lat="39.933617" lon="3.125465"/>
    <trkpt lat="39.933628" lon="3.125501"/>
    <trkpt lat="39.933634" lon="3.125544"/>
    <trkpt lat="39.933635" lon="3.125585"/>
    <trkpt lat="39.933632" lon="3.125630"/>
    <trkpt lat="39.933623" lon="3.125678"/>
    <trkpt lat="39.933609" lon="3.125728"/>
    <trkpt lat="39.933576" lon="3.125818"/>
    <trkpt lat="39.933541" lon="3.125902"/>
    <trkpt lat="39.933505" lon="3.125979"/>
    <trkpt lat="39.933140" lon="3.126648"/>
    <trkpt lat="39.933093" lon="3.126726"/>
    <trkpt lat="39.933042" lon="3.126805"/>
    <trkpt lat="39.932986" lon="3.126876"/>
    <trkpt lat="39.932737" lon="3.127156"/>
    <trkpt lat="39.932656" lon="3.127249"/>
    <trkpt lat="39.932601" lon="3.127325"/>
    <trkpt lat="39.932518" lon="3.127456"/>
    <trkpt lat="39.932467" lon="3.127543"/>
    <trkpt lat="39.932393" lon="3.127664"/>
    <trkpt lat="39.932346" lon="3.127748"/>
    <trkpt lat="39.932319" lon="3.127805"/>
    <trkpt lat="39.932301" lon="3.127857"/>
    <trkpt lat="39.932285" lon="3.127932"/>
    <trkpt lat="39.932268" lon="3.128022"/>
    <trkpt lat="39.932148" lon="3.128726"/>
    <trkpt lat="39.932143" lon="3.128778"/>
    <trkpt lat="39.932145" lon="3.128825"/>
    <trkpt lat="39.932150" lon="3.128864"/>
    <trkpt lat="39.932160" lon="3.128906"/>
    <trkpt lat="39.932176" lon="3.128946"/>
    <trkpt lat="39.932448" lon="3.129423"/>
    <trkpt lat="39.932497" lon="3.129517"/>
    <trkpt lat="39.932540" lon="3.129619"/>
    <trkpt lat="39.932770" lon="3.130180"/>
    <trkpt lat="39.932819" lon="3.130285"/>
    <trkpt lat="39.932852" lon="3.130358"/>
    <trkpt lat="39.932886" lon="3.130413"/>
    <trkpt lat="39.932921" lon="3.130464"/>
    <trkpt lat="39.932970" lon="3.130519"/>
    <trkpt lat="39.933062" lon="3.130593"/>
    <trkpt lat="39.933092" lon="3.130619"/>
    <trkpt lat="39.933109" lon="3.130640"/>
    <trkpt lat="39.933122" lon="3.130670"/>
    <trkpt lat="39.933124" lon="3.130702"/>
    <trkpt lat="39.933119" lon="3.130730"/>
    <trkpt lat="39.933107" lon="3.130758"/>
    <trkpt lat="39.933092" lon="3.130781"/>
    <trkpt lat="39.933075" lon="3.130797"/>
    <trkpt lat="39.933054" lon="3.130808"/>
    <trkpt lat="39.933032" lon="3.130809"/>
    <trkpt lat="39.933010" lon="3.130804"/>
    <trkpt lat="39.932979" lon="3.130788"/>
    <trkpt lat="39.932951" lon="3.130765"/>
    <trkpt lat="39.932866" lon="3.130673"/>
    <trkpt lat="39.932769" lon="3.130536"/>
    <trkpt lat="39.932562" lon="3.130240"/>
    <trkpt lat="39.932479" lon="3.130123"/>
    <trkpt lat="39.932269" lon="3.129895"/>
    <trkpt lat="39.932019" lon="3.129638"/>
    <trkpt lat="39.931954" lon="3.129576"/>
    <trkpt lat="39.931896" lon="3.129528"/>
    <trkpt lat="39.931541" lon="3.129312"/>
    <trkpt lat="39.931481" lon="3.129281"/>
    <trkpt lat="39.931437" lon="3.129265"/>
    <trkpt lat="39.931399" lon="3.129256"/>
    <trkpt lat="39.931354" lon="3.129255"/>
    <trkpt lat="39.931315" lon="3.129263"/>
    <trkpt lat="39.931283" lon="3.129281"/>
    <trkpt lat="39.931037" lon="3.129457"/>
    <trkpt lat="39.930422" lon="3.129935"/>
    <trkpt lat="39.930242" lon="3.130077"/>
    <trkpt lat="39.930107" lon="3.130179"/>
    <trkpt lat="39.930047" lon="3.130226"/>
    <trkpt lat="39.930001" lon="3.130266"/>
    <trkpt lat="39.929951" lon="3.130315"/>
    <trkpt lat="39.929921" lon="3.130355"/>
    <trkpt lat="39.929890" lon="3.130407"/>
    <trkpt lat="39.929867" lon="3.130463"/>
    <trkpt lat="39.929846" lon="3.130532"/>
    <trkpt lat="39.929373" lon="3.132551"/>
    <trkpt lat="39.929288" lon="3.132890"/>
    <trkpt lat="39.929188" lon="3.133266"/>
    <trkpt lat="39.929136" lon="3.133455"/>
    <trkpt lat="39.929131" lon="3.133492"/>
    <trkpt lat="39.929128" lon="3.133528"/>
    <trkpt lat="39.929131" lon="3.133568"/>
    <trkpt lat="39.929137" lon="3.133608"/>
    <trkpt lat="39.929145" lon="3.133644"/>
    <trkpt lat="39.929175" lon="3.133711"/>
    <trkpt lat="39.929197" lon="3.133742"/>
    <trkpt lat="39.929224" lon="3.133773"/>
    <trkpt lat="39.929250" lon="3.133801"/>
    <trkpt lat="39.929282" lon="3.133822"/>
    <trkpt lat="39.929313" lon="3.133840"/>
    <trkpt lat="39.929355" lon="3.133855"/>
    <trkpt lat="39.929444" lon="3.133875"/>
    <trkpt lat="39.929522" lon="3.133892"/>
    <trkpt lat="39.929699" lon="3.133921"/>
    <trkpt lat="39.930020" lon="3.134011"/>
    <trkpt lat="39.930290" lon="3.134077"/>
    <trkpt lat="39.930371" lon="3.134103"/>
    <trkpt lat="39.930454" lon="3.134139"/>
    <trkpt lat="39.930618" lon="3.134235"/>
    <trkpt lat="39.930864" lon="3.134395"/>
    <trkpt lat="39.931270" lon="3.134663"/>
    <trkpt lat="39.931600" lon="3.134864"/>
    <trkpt lat="39.932146" lon="3.135122"/>
    <trkpt lat="39.932848" lon="3.135481"/>
    <trkpt lat="39.932983" lon="3.135551"/>
    <trkpt lat="39.933058" lon="3.135595"/>
    <trkpt lat="39.933119" lon="3.135636"/>
    <trkpt lat="39.933180" lon="3.135687"/>
    <trkpt lat="39.933236" lon="3.135741"/>
    <trkpt lat="39.933290" lon="3.135802"/>
    <trkpt lat="39.933325" lon="3.135859"/>
    <trkpt lat="39.933358" lon="3.135920"/>
    <trkpt lat="39.933387" lon="3.135988"/>
    <trkpt lat="39.933405" lon="3.136060"/>
    <trkpt lat="39.933418" lon="3.136139"/>
    <trkpt lat="39.933426" lon="3.136227"/>
    <trkpt lat="39.933437" lon="3.136600"/>
    <trkpt lat="39.933452" lon="3.137184"/>
    <trkpt lat="39.933456" lon="3.137265"/>
    <trkpt lat="39.933464" lon="3.137325"/>
    <trkpt lat="39.933476" lon="3.137395"/>
    <trkpt lat="39.933493" lon="3.137450"/>
    <trkpt lat="39.933512" lon="3.137504"/>
    <trkpt lat="39.933574" lon="3.137626"/>
    <trkpt lat="39.933626" lon="3.137715"/>
    <trkpt lat="39.933870" lon="3.138114"/>
    <trkpt lat="39.934117" lon="3.138537"/>
    <trkpt lat="39.934376" lon="3.138980"/>
    <trkpt lat="39.934530" lon="3.139243"/>
    <trkpt lat="39.934691" lon="3.139505"/>
    <trkpt lat="39.934759" lon="3.139623"/>
    <trkpt lat="39.934806" lon="3.139718"/>
    <trkpt lat="39.934859" lon="3.139836"/>
    <trkpt lat="39.934911" lon="3.139967"/>
    <trkpt lat="39.934994" lon="3.140230"/>
    <trkpt lat="39.935131" lon="3.140615"/>
    <trkpt lat="39.935162" lon="3.140686"/>
    <trkpt lat="39.935196" lon="3.140755"/>
    <trkpt lat="39.935243" lon="3.140826"/>
    <trkpt lat="39.935293" lon="3.140885"/>
    <trkpt lat="39.935338" lon="3.140933"/>
    <trkpt lat="39.935536" lon="3.141117"/>
    <trkpt lat="39.937470" lon="3.143055"/>
    <trkpt lat="39.937885" lon="3.143470"/>
    <trkpt lat="39.938312" lon="3.143901"/>
    <trkpt lat="39.938414" lon="3.144018"/>
    <trkpt lat="39.938583" lon="3.144254"/>
    <trkpt lat="39.938932" lon="3.144852"/>
    <trkpt lat="39.939835" lon="3.146443"/>
    <trkpt lat="39.941463" lon="3.149321"/>
    <trkpt lat="39.941752" lon="3.149835"/>
    <trkpt lat="39.942693" lon="3.151509"/>
    <trkpt lat="39.943579" lon="3.153075"/>
    <trkpt lat="39.945052" lon="3.155677"/>
    <trkpt lat="39.946298" lon="3.157895"/>
    <trkpt lat="39.947549" lon="3.160125"/>
    <trkpt lat="39.947610" lon="3.160249"/>
    <trkpt lat="39.947647" lon="3.160352"/>
    <trkpt lat="39.947677" lon="3.160463"/>
    <trkpt lat="39.947688" lon="3.160580"/>
    <trkpt lat="39.947688" lon="3.160722"/>
    <trkpt lat="39.947671" lon="3.160973"/>
    <trkpt lat="39.947604" lon="3.161424"/>
    <trkpt lat="39.947583" lon="3.161566"/>
    <trkpt lat="39.947542" lon="3.161815"/>
    <trkpt lat="39.947523" lon="3.161975"/>
    <trkpt lat="39.947520" lon="3.162074"/>
    <trkpt lat="39.947523" lon="3.162142"/>
    <trkpt lat="39.947533" lon="3.162197"/>
    <trkpt lat="39.947545" lon="3.162239"/>
    <trkpt lat="39.947591" lon="3.162323"/>
    <trkpt lat="39.947656" lon="3.162410"/>
    <trkpt lat="39.948275" lon="3.163093"/>
    <trkpt lat="39.948308" lon="3.163133"/>
    <trkpt lat="39.948336" lon="3.163177"/>
    <trkpt lat="39.948356" lon="3.163224"/>
    <trkpt lat="39.948368" lon="3.163274"/>
    <trkpt lat="39.948472" lon="3.163867"/>
    <trkpt lat="39.948645" lon="3.164738"/>
    <trkpt lat="39.948906" lon="3.165894"/>
    <trkpt lat="39.948932" lon="3.166016"/>
    <trkpt lat="39.948952" lon="3.166169"/>
    <trkpt lat="39.949025" lon="3.166778"/>
    <trkpt lat="39.949068" lon="3.167210"/>
    <trkpt lat="39.949091" lon="3.167396"/>
    <trkpt lat="39.949232" lon="3.168178"/>
    <trkpt lat="39.949261" lon="3.168349"/>
    <trkpt lat="39.949299" lon="3.168641"/>
    <trkpt lat="39.949305" lon="3.168728"/>
    <trkpt lat="39.949307" lon="3.168826"/>
    <trkpt lat="39.949304" lon="3.168924"/>
    <trkpt lat="39.949293" lon="3.169013"/>
    <trkpt lat="39.949238" lon="3.169324"/>
    <trkpt lat="39.949158" lon="3.169777"/>
    <trkpt lat="39.949148" lon="3.169892"/>
    <trkpt lat="39.949153" lon="3.170004"/>
    <trkpt lat="39.949171" lon="3.170180"/>
    <trkpt lat="39.949195" lon="3.170349"/>
    <trkpt lat="39.949219" lon="3.170502"/>
    <trkpt lat="39.949231" lon="3.170595"/>
    <trkpt lat="39.949231" lon="3.170670"/>
    <trkpt lat="39.949224" lon="3.170749"/>
    <trkpt lat="39.949212" lon="3.170833"/>
    <trkpt lat="39.949187" lon="3.170929"/>
    <trkpt lat="39.949116" lon="3.171151"/>
    <trkpt lat="39.949092" lon="3.171195"/>
    <trkpt lat="39.949066" lon="3.171234"/>
    <trkpt lat="39.949032" lon="3.171271"/>
    <trkpt lat="39.948993" lon="3.171301"/>
    <trkpt lat="39.948952" lon="3.171313"/>
    <trkpt lat="39.948753" lon="3.171325"/>
    <trkpt lat="39.948438" lon="3.171328"/>
    <trkpt lat="39.948385" lon="3.171335"/>
    <trkpt lat="39.948341" lon="3.171350"/>
    <trkpt lat="39.948301" lon="3.171374"/>
    <trkpt lat="39.948260" lon="3.171412"/>
    <trkpt lat="39.948226" lon="3.171460"/>
    <trkpt lat="39.948199" lon="3.171511"/>
    <trkpt lat="39.948182" lon="3.171564"/>
    <trkpt lat="39.948168" lon="3.171630"/>
    <trkpt lat="39.948164" lon="3.171700"/>
    <trkpt lat="39.948170" lon="3.171762"/>
    <trkpt lat="39.948186" lon="3.171824"/>
    <trkpt lat="39.948206" lon="3.171880"/>
    <trkpt lat="39.948241" lon="3.171928"/>
    <trkpt lat="39.948270" lon="3.171959"/>
    <trkpt lat="39.948309" lon="3.171986"/>
    <trkpt lat="39.948739" lon="3.172190"/>
    <trkpt lat="39.948837" lon="3.172240"/>
    <trkpt lat="39.948872" lon="3.172271"/>
    <trkpt lat="39.948897" lon="3.172297"/>
    <trkpt lat="39.948918" lon="3.172329"/>
    <trkpt lat="39.948939" lon="3.172381"/>
    <trkpt lat="39.948946" lon="3.172422"/>
    <trkpt lat="39.948950" lon="3.172467"/>
    <trkpt lat="39.948951" lon="3.172512"/>
    <trkpt lat="39.948947" lon="3.172561"/>
    <trkpt lat="39.948857" lon="3.173086"/>
    <trkpt lat="39.948842" lon="3.173183"/>
    <trkpt lat="39.948835" lon="3.173258"/>
    <trkpt lat="39.948831" lon="3.173340"/>
    <trkpt lat="39.948835" lon="3.173433"/>
    <trkpt lat="39.948842" lon="3.173512"/>
    <trkpt lat="39.948861" lon="3.173609"/>
    <trkpt lat="39.948886" lon="3.173701"/>
    <trkpt lat="39.949101" lon="3.174367"/>
    <trkpt lat="39.949175" lon="3.174544"/>
    <trkpt lat="39.949312" lon="3.174814"/>
    <trkpt lat="39.949367" lon="3.174931"/>
    <trkpt lat="39.949405" lon="3.175050"/>
    <trkpt lat="39.949669" lon="3.176190"/>
    <trkpt lat="39.949681" lon="3.176259"/>
    <trkpt lat="39.949688" lon="3.176322"/>
    <trkpt lat="39.949689" lon="3.176393"/>
    <trkpt lat="39.949681" lon="3.176457"/>
    <trkpt lat="39.949665" lon="3.176514"/>
    <trkpt lat="39.949613" lon="3.176684"/>
    <trkpt lat="39.949499" lon="3.177059"/>
    <trkpt lat="39.949445" lon="3.177290"/>
    <trkpt lat="39.949384" lon="3.177559"/>
    <trkpt lat="39.949355" lon="3.177706"/>
    <trkpt lat="39.949353" lon="3.177791"/>
    <trkpt lat="39.949357" lon="3.177859"/>
    <trkpt lat="39.949374" lon="3.177932"/>
    <trkpt lat="39.949468" lon="3.178310"/>
    <trkpt lat="39.949982" lon="3.180084"/>
    <trkpt lat="39.950099" lon="3.180461"/>
    <trkpt lat="39.950168" lon="3.180710"/>
    <trkpt lat="39.950187" lon="3.180796"/>
    <trkpt lat="39.950246" lon="3.181106"/>
    <trkpt lat="39.950298" lon="3.181336"/>
    <trkpt lat="39.950363" lon="3.181615"/>
    <trkpt lat="39.950563" lon="3.182361"/>
    <trkpt lat="39.950688" lon="3.182857"/>
    <trkpt lat="39.950736" lon="3.183032"/>
    <trkpt lat="39.950768" lon="3.183125"/>
    <trkpt lat="39.950814" lon="3.183220"/>
    <trkpt lat="39.951231" lon="3.184035"/>
    <trkpt lat="39.951300" lon="3.184154"/>
    <trkpt lat="39.951375" lon="3.184268"/>
    <trkpt lat="39.951609" lon="3.184582"/>
    <trkpt lat="39.951766" lon="3.184787"/>
    <trkpt lat="39.951794" lon="3.184829"/>
    <trkpt lat="39.951817" lon="3.184871"/>
    <trkpt lat="39.951833" lon="3.184916"/>
    <trkpt lat="39.951844" lon="3.184958"/>
    <trkpt lat="39.951898" lon="3.185420"/>
    <trkpt lat="39.951908" lon="3.185468"/>
    <trkpt lat="39.951921" lon="3.185513"/>
    <trkpt lat="39.951937" lon="3.185555"/>
    <trkpt lat="39.951959" lon="3.185599"/>
    <trkpt lat="39.951986" lon="3.185646"/>
    <trkpt lat="39.952019" lon="3.185693"/>
    <trkpt lat="39.952165" lon="3.185875"/>
    <trkpt lat="39.952226" lon="3.185945"/>
    <trkpt lat="39.952287" lon="3.186003"/>
    <trkpt lat="39.952380" lon="3.186086"/>
    <trkpt lat="39.952477" lon="3.186152"/>
    <trkpt lat="39.952658" lon="3.186261"/>
    <trkpt lat="39.952703" lon="3.186291"/>
    <trkpt lat="39.952729" lon="3.186317"/>
    <trkpt lat="39.952749" lon="3.186345"/>
    <trkpt lat="39.952761" lon="3.186373"/>
    <trkpt lat="39.952769" lon="3.186411"/>
    <trkpt lat="39.952804" lon="3.186780"/>
    <trkpt lat="39.952845" lon="3.187090"/>
    <trkpt lat="39.952863" lon="3.187195"/>
    <trkpt lat="39.952879" lon="3.187276"/>
    <trkpt lat="39.952897" lon="3.187339"/>
    <trkpt lat="39.952918" lon="3.187395"/>
    <trkpt lat="39.952947" lon="3.187452"/>
    <trkpt lat="39.953094" lon="3.187701"/>
    <trkpt lat="39.953112" lon="3.187737"/>
    <trkpt lat="39.953128" lon="3.187783"/>
    <trkpt lat="39.953136" lon="3.187830"/>
    <trkpt lat="39.953138" lon="3.187870"/>
    <trkpt lat="39.953135" lon="3.187910"/>
    <trkpt lat="39.953029" lon="3.188416"/>
    <trkpt lat="39.953019" lon="3.188490"/>
    <trkpt lat="39.953010" lon="3.188560"/>
    <trkpt lat="39.953009" lon="3.188626"/>
    <trkpt lat="39.953013" lon="3.188665"/>
    <trkpt lat="39.953020" lon="3.188709"/>
    <trkpt lat="39.953038" lon="3.188756"/>
    <trkpt lat="39.953059" lon="3.188795"/>
    <trkpt lat="39.953083" lon="3.188833"/>
    <trkpt lat="39.953119" lon="3.188872"/>
    <trkpt lat="39.953155" lon="3.188899"/>
    <trkpt lat="39.953203" lon="3.188926"/>
    <trkpt lat="39.953272" lon="3.188950"/>
    <trkpt lat="39.953777" lon="3.189085"/>
    <trkpt lat="39.953886" lon="3.189116"/>
    <trkpt lat="39.953937" lon="3.189132"/>
    <trkpt lat="39.953979" lon="3.189157"/>
    <trkpt lat="39.954024" lon="3.189196"/>
    <trkpt lat="39.954056" lon="3.189244"/>
    <trkpt lat="39.954077" lon="3.189285"/>
    <trkpt lat="39.954095" lon="3.189332"/>
    <trkpt lat="39.954108" lon="3.189402"/>
    <trkpt lat="39.954114" lon="3.189457"/>
    <trkpt lat="39.954112" lon="3.189509"/>
    <trkpt lat="39.954105" lon="3.189556"/>
    <trkpt lat="39.954092" lon="3.189605"/>
    <trkpt lat="39.954072" lon="3.189648"/>
    <trkpt lat="39.954045" lon="3.189691"/>
    <trkpt lat="39.954016" lon="3.189730"/>
    <trkpt lat="39.953977" lon="3.189771"/>
    <trkpt lat="39.953488" lon="3.190219"/>
    <trkpt lat="39.953351" lon="3.190406"/>
    <trkpt lat="39.953195" lon="3.190636"/>
    <trkpt lat="39.952781" lon="3.191394"/>
    <trkpt lat="39.952745" lon="3.191461"/>
    <trkpt lat="39.952727" lon="3.191502"/>
    <trkpt lat="39.952715" lon="3.191539"/>
    <trkpt lat="39.952711" lon="3.191577"/>
    <trkpt lat="39.952709" lon="3.191621"/>
    <trkpt lat="39.952711" lon="3.191659"/>
    <trkpt lat="39.952716" lon="3.191703"/>
    <trkpt lat="39.952727" lon="3.191759"/>
    <trkpt lat="39.952742" lon="3.191803"/>
    <trkpt lat="39.952769" lon="3.191872"/>
    <trkpt lat="39.952874" lon="3.192087"/>
    <trkpt lat="39.952892" lon="3.192136"/>
    <trkpt lat="39.952901" lon="3.192174"/>
    <trkpt lat="39.952903" lon="3.192214"/>
    <trkpt lat="39.952900" lon="3.192252"/>
    <trkpt lat="39.952891" lon="3.192289"/>
    <trkpt lat="39.952879" lon="3.192328"/>
    <trkpt lat="39.952862" lon="3.192366"/>
    <trkpt lat="39.952843" lon="3.192393"/>
    <trkpt lat="39.952819" lon="3.192419"/>
    <trkpt lat="39.952791" lon="3.192445"/>
    <trkpt lat="39.952621" lon="3.192546"/>
    <trkpt lat="39.952555" lon="3.192577"/>
    <trkpt lat="39.952491" lon="3.192595"/>
    <trkpt lat="39.952034" lon="3.192691"/>
    <trkpt lat="39.951948" lon="3.192709"/>
    <trkpt lat="39.951896" lon="3.192725"/>
    <trkpt lat="39.951860" lon="3.192739"/>
    <trkpt lat="39.951821" lon="3.192757"/>
    <trkpt lat="39.951793" lon="3.192781"/>
    <trkpt lat="39.951760" lon="3.192819"/>
    <trkpt lat="39.951734" lon="3.192851"/>
    <trkpt lat="39.951629" lon="3.193029"/>
    <trkpt lat="39.951593" lon="3.193093"/>
    <trkpt lat="39.951549" lon="3.193155"/>
    <trkpt lat="39.951511" lon="3.193201"/>
    <trkpt lat="39.951481" lon="3.193235"/>
    <trkpt lat="39.951456" lon="3.193257"/>
    <trkpt lat="39.951248" lon="3.193399"/>
    <trkpt lat="39.951190" lon="3.193445"/>
    <trkpt lat="39.951151" lon="3.193486"/>
    <trkpt lat="39.951112" lon="3.193535"/>
    <trkpt lat="39.951091" lon="3.193576"/>
    <trkpt lat="39.951076" lon="3.193612"/>
    <trkpt lat="39.951067" lon="3.193647"/>
    <trkpt lat="39.951062" lon="3.193682"/>
    <trkpt lat="39.951061" lon="3.193721"/>
    <trkpt lat="39.951063" lon="3.193757"/>
    <trkpt lat="39.951071" lon="3.193797"/>
    <trkpt lat="39.951094" lon="3.193850"/>
    <trkpt lat="39.951113" lon="3.193888"/>
    <trkpt lat="39.951139" lon="3.193927"/>
    <trkpt lat="39.951348" lon="3.194238"/>
    <trkpt lat="39.951378" lon="3.194288"/>
    <trkpt lat="39.951408" lon="3.194350"/>
    <trkpt lat="39.951421" lon="3.194390"/>
    <trkpt lat="39.951430" lon="3.194430"/>
    <trkpt lat="39.951434" lon="3.194473"/>
    <trkpt lat="39.951433" lon="3.194519"/>
    <trkpt lat="39.951430" lon="3.194559"/>
    <trkpt lat="39.951418" lon="3.194600"/>
    <trkpt lat="39.951404" lon="3.194635"/>
    <trkpt lat="39.951383" lon="3.194671"/>
    <trkpt lat="39.951356" lon="3.194707"/>
    <trkpt lat="39.951324" lon="3.194737"/>
    <trkpt lat="39.951267" lon="3.194774"/>
    <trkpt lat="39.951120" lon="3.194847"/>
    <trkpt lat="39.950894" lon="3.194964"/>
    <trkpt lat="39.950862" lon="3.194993"/>
    <trkpt lat="39.950838" lon="3.195023"/>
    <trkpt lat="39.950816" lon="3.195062"/>
    <trkpt lat="39.950789" lon="3.195123"/>
    <trkpt lat="39.950773" lon="3.195168"/>
    <trkpt lat="39.950759" lon="3.195217"/>
    <trkpt lat="39.950750" lon="3.195272"/>
    <trkpt lat="39.950744" lon="3.195337"/>
    <trkpt lat="39.950744" lon="3.195402"/>
    <trkpt lat="39.950749" lon="3.195472"/>
    <trkpt lat="39.950793" lon="3.195799"/>
    <trkpt lat="39.950843" lon="3.196172"/>
    <trkpt lat="39.950866" lon="3.196296"/>
    <trkpt lat="39.950896" lon="3.196421"/>
    <trkpt lat="39.950926" lon="3.196531"/>
    <trkpt lat="39.951009" lon="3.196766"/>
    <trkpt lat="39.951055" lon="3.196872"/>
    <trkpt lat="39.951109" lon="3.196976"/>
    <trkpt lat="39.951286" lon="3.197317"/>
    <trkpt lat="39.951335" lon="3.197441"/>
    <trkpt lat="39.951368" lon="3.197545"/>
    <trkpt lat="39.951400" lon="3.197665"/>
    <trkpt lat="39.951428" lon="3.197810"/>
    <trkpt lat="39.951459" lon="3.198000"/>
    <trkpt lat="39.951472" lon="3.198055"/>
    <trkpt lat="39.951488" lon="3.198099"/>
    <trkpt lat="39.951510" lon="3.198139"/>
    <trkpt lat="39.951538" lon="3.198171"/>
    <trkpt lat="39.951579" lon="3.198205"/>
    <trkpt lat="39.951643" lon="3.198241"/>
    <trkpt lat="39.951696" lon="3.198264"/>
    <trkpt lat="39.951820" lon="3.198292"/>
    <trkpt lat="39.951975" lon="3.198309"/>
    <trkpt lat="39.952506" lon="3.198364"/>
    <trkpt lat="39.952724" lon="3.198377"/>
    <trkpt lat="39.952766" lon="3.198388"/>
    <trkpt lat="39.952800" lon="3.198408"/>
    <trkpt lat="39.952838" lon="3.198437"/>
    <trkpt lat="39.952868" lon="3.198468"/>
    <trkpt lat="39.952902" lon="3.198506"/>
    <trkpt lat="39.952940" lon="3.198560"/>
    <trkpt lat="39.952977" lon="3.198619"/>
    <trkpt lat="39.952997" lon="3.198663"/>
    <trkpt lat="39.953012" lon="3.198708"/>
    <trkpt lat="39.953025" lon="3.198755"/>
    <trkpt lat="39.953031" lon="3.198817"/>
    <trkpt lat="39.953031" lon="3.198891"/>
    <trkpt lat="39.953022" lon="3.198970"/>
    <trkpt lat="39.953010" lon="3.199034"/>
    <trkpt lat="39.952991" lon="3.199091"/>
    <trkpt lat="39.952951" lon="3.199170"/>
    <trkpt lat="39.952808" lon="3.199437"/>
    <trkpt lat="39.952789" lon="3.199485"/>
    <trkpt lat="39.952774" lon="3.199544"/>
    <trkpt lat="39.952762" lon="3.199616"/>
    <trkpt lat="39.952752" lon="3.199687"/>
    <trkpt lat="39.952747" lon="3.199771"/>
    <trkpt lat="39.952744" lon="3.199830"/>
    <trkpt lat="39.952744" lon="3.199923"/>
    <trkpt lat="39.952752" lon="3.199996"/>
    <trkpt lat="39.952761" lon="3.200052"/>
    <trkpt lat="39.952773" lon="3.200115"/>
    <trkpt lat="39.953003" lon="3.200839"/>
    <trkpt lat="39.953016" lon="3.200879"/>
    <trkpt lat="39.953054" lon="3.200983"/>
    <trkpt lat="39.953088" lon="3.201058"/>
    <trkpt lat="39.953324" lon="3.201400"/>
    <trkpt lat="39.953348" lon="3.201439"/>
    <trkpt lat="39.953364" lon="3.201474"/>
    <trkpt lat="39.953382" lon="3.201526"/>
    <trkpt lat="39.953392" lon="3.201587"/>
    <trkpt lat="39.953400" lon="3.201667"/>
    <trkpt lat="39.953406" lon="3.201781"/>
    <trkpt lat="39.953407" lon="3.201921"/>
    <trkpt lat="39.953411" lon="3.202561"/>
    <trkpt lat="39.953418" lon="3.202618"/>
    <trkpt lat="39.953430" lon="3.202663"/>
    <trkpt lat="39.953446" lon="3.202703"/>
    <trkpt lat="39.953465" lon="3.202739"/>
    <trkpt lat="39.953485" lon="3.202766"/>
    <trkpt lat="39.953512" lon="3.202794"/>
    <trkpt lat="39.953536" lon="3.202811"/>
    <trkpt lat="39.953566" lon="3.202827"/>
    <trkpt lat="39.953595" lon="3.202833"/>
    <trkpt lat="39.953625" lon="3.202833"/>
    <trkpt lat="39.953654" lon="3.202827"/>
    <trkpt lat="39.953679" lon="3.202820"/>
    <trkpt lat="39.953711" lon="3.202806"/>
    <trkpt lat="39.953738" lon="3.202788"/>
    <trkpt lat="39.953759" lon="3.202766"/>
    <trkpt lat="39.953783" lon="3.202735"/>
    <trkpt lat="39.953800" lon="3.202703"/>
    <trkpt lat="39.953816" lon="3.202665"/>
    <trkpt lat="39.953829" lon="3.202626"/>
    <trkpt lat="39.953834" lon="3.202591"/>
    <trkpt lat="39.953836" lon="3.202553"/>
    <trkpt lat="39.953830" lon="3.202511"/>
    <trkpt lat="39.953792" lon="3.202280"/>
    <trkpt lat="39.953786" lon="3.202223"/>
    <trkpt lat="39.953786" lon="3.202170"/>
    <trkpt lat="39.953789" lon="3.202116"/>
    <trkpt lat="39.953798" lon="3.202069"/>
    <trkpt lat="39.953809" lon="3.202026"/>
    <trkpt lat="39.953826" lon="3.201988"/>
    <trkpt lat="39.953847" lon="3.201962"/>
    <trkpt lat="39.953872" lon="3.201938"/>
    <trkpt lat="39.953903" lon="3.201918"/>
    <trkpt lat="39.953933" lon="3.201906"/>
    <trkpt lat="39.953963" lon="3.201905"/>
    <trkpt lat="39.954005" lon="3.201909"/>
    <trkpt lat="39.954038" lon="3.201920"/>
    <trkpt lat="39.954077" lon="3.201938"/>
    <trkpt lat="39.954182" lon="3.201985"/>
    <trkpt lat="39.954220" lon="3.202000"/>
    <trkpt lat="39.954244" lon="3.202003"/>
    <trkpt lat="39.954265" lon="3.202000"/>
    <trkpt lat="39.954287" lon="3.201994"/>
    <trkpt lat="39.954309" lon="3.201983"/>
    <trkpt lat="39.954332" lon="3.201965"/>
    <trkpt lat="39.954354" lon="3.201945"/>
    <trkpt lat="39.954375" lon="3.201921"/>
    <trkpt lat="39.954399" lon="3.201886"/>
    <trkpt lat="39.954419" lon="3.201849"/>
    <trkpt lat="39.954440" lon="3.201793"/>
    <trkpt lat="39.954530" lon="3.201499"/>
    <trkpt lat="39.954551" lon="3.201437"/>
    <trkpt lat="39.954572" lon="3.201393"/>
    <trkpt lat="39.954597" lon="3.201359"/>
    <trkpt lat="39.954618" lon="3.201331"/>
    <trkpt lat="39.954646" lon="3.201298"/>
    <trkpt lat="39.954744" lon="3.201214"/>
    <trkpt lat="39.955076" lon="3.200927"/>
    <trkpt lat="39.955121" lon="3.200896"/>
    <trkpt lat="39.955164" lon="3.200878"/>
    <trkpt lat="39.955201" lon="3.200870"/>
    <trkpt lat="39.955239" lon="3.200868"/>
    <trkpt lat="39.955282" lon="3.200876"/>
    <trkpt lat="39.955322" lon="3.200893"/>
    <trkpt lat="39.955358" lon="3.200917"/>
    <trkpt lat="39.955386" lon="3.200948"/>
    <trkpt lat="39.955410" lon="3.200984"/>
    <trkpt lat="39.955430" lon="3.201030"/>
    <trkpt lat="39.955443" lon="3.201081"/>
    <trkpt lat="39.955447" lon="3.201109"/>
    <trkpt lat="39.955451" lon="3.201132"/>
    <trkpt lat="39.955453" lon="3.201184"/>
    <trkpt lat="39.955450" lon="3.201241"/>
    <trkpt lat="39.955445" lon="3.201285"/>
    <trkpt lat="39.955432" lon="3.201347"/>
    <trkpt lat="39.955415" lon="3.201437"/>
    <trkpt lat="39.955387" lon="3.201589"/>
    <trkpt lat="39.955381" lon="3.201673"/>
    <trkpt lat="39.955386" lon="3.201765"/>
    <trkpt lat="39.955482" lon="3.202419"/>
    <trkpt lat="39.955488" lon="3.202498"/>
    <trkpt lat="39.955486" lon="3.202564"/>
    <trkpt lat="39.955477" lon="3.202622"/>
    <trkpt lat="39.955461" lon="3.202675"/>
    <trkpt lat="39.955440" lon="3.202719"/>
    <trkpt lat="39.955404" lon="3.202775"/>
    <trkpt lat="39.955359" lon="3.202831"/>
    <trkpt lat="39.954851" lon="3.203273"/>
    <trkpt lat="39.954770" lon="3.203352"/>
    <trkpt lat="39.954692" lon="3.203444"/>
    <trkpt lat="39.954628" lon="3.203544"/>
    <trkpt lat="39.954076" lon="3.204599"/>
    <trkpt lat="39.954027" lon="3.204724"/>
    <trkpt lat="39.953990" lon="3.204854"/>
    <trkpt lat="39.953839" lon="3.205469"/>
    <trkpt lat="39.953815" lon="3.205546"/>
    <trkpt lat="39.953791" lon="3.205617"/>
    <trkpt lat="39.953647" lon="3.205923"/>
    <trkpt lat="39.953626" lon="3.205984"/>
    <trkpt lat="39.953604" lon="3.206070"/>
    <trkpt lat="39.953594" lon="3.206130"/>
    <trkpt lat="39.953592" lon="3.206191"/>
    <trkpt lat="39.953597" lon="3.206259"/>
    <trkpt lat="39.953661" lon="3.206653"/>
    <trkpt lat="39.953741" lon="3.207187"/>
    <trkpt lat="39.953758" lon="3.207249"/>
    <trkpt lat="39.953780" lon="3.207305"/>
    <trkpt lat="39.953814" lon="3.207362"/>
    <trkpt lat="39.953848" lon="3.207406"/>
    <trkpt lat="39.954044" lon="3.207647"/>
    <trkpt lat="39.954099" lon="3.207690"/>
    <trkpt lat="39.954149" lon="3.207725"/>
    <trkpt lat="39.955046" lon="3.208204"/>
    <trkpt lat="39.955101" lon="3.208229"/>
    <trkpt lat="39.955158" lon="3.208246"/>
    <trkpt lat="39.955219" lon="3.208255"/>
    <trkpt lat="39.955279" lon="3.208258"/>
    <trkpt lat="39.955352" lon="3.208254"/>
    <trkpt lat="39.955418" lon="3.208246"/>
    <trkpt lat="39.955487" lon="3.208230"/>
    <trkpt lat="39.955560" lon="3.208203"/>
    <trkpt lat="39.956044" lon="3.208024"/>
    <trkpt lat="39.956090" lon="3.208017"/>
    <trkpt lat="39.956134" lon="3.208015"/>
    <trkpt lat="39.956195" lon="3.208027"/>
    <trkpt lat="39.956236" lon="3.208042"/>
    <trkpt lat="39.956292" lon="3.208065"/>
    <trkpt lat="39.956413" lon="3.208117"/>
    <trkpt lat="39.956738" lon="3.208259"/>
    <trkpt lat="39.956840" lon="3.208305"/>
    <trkpt lat="39.956878" lon="3.208314"/>
    <trkpt lat="39.956919" lon="3.208317"/>
    <trkpt lat="39.956965" lon="3.208316"/>
    <trkpt lat="39.957002" lon="3.208308"/>
    <trkpt lat="39.957035" lon="3.208290"/>
    <trkpt lat="39.957069" lon="3.208265"/>
    <trkpt lat="39.957103" lon="3.208237"/>
    <trkpt lat="39.957130" lon="3.208210"/>
    <trkpt lat="39.957153" lon="3.208178"/>
    <trkpt lat="39.957171" lon="3.208141"/>
    <trkpt lat="39.957187" lon="3.208100"/>
    <trkpt lat="39.957198" lon="3.208057"/>
    <trkpt lat="39.957205" lon="3.208007"/>
    <trkpt lat="39.957207" lon="3.207937"/>
    <trkpt lat="39.957197" lon="3.207640"/>
    <trkpt lat="39.957198" lon="3.207593"/>
    <trkpt lat="39.957205" lon="3.207547"/>
    <trkpt lat="39.957218" lon="3.207501"/>
    <trkpt lat="39.957235" lon="3.207453"/>
    <trkpt lat="39.957257" lon="3.207409"/>
    <trkpt lat="39.957285" lon="3.207372"/>
    <trkpt lat="39.957314" lon="3.207343"/>
    <trkpt lat="39.957343" lon="3.207324"/>
    <trkpt lat="39.957373" lon="3.207311"/>
    <trkpt lat="39.957407" lon="3.207305"/>
    <trkpt lat="39.957444" lon="3.207303"/>
    <trkpt lat="39.957478" lon="3.207308"/>
    <trkpt lat="39.957514" lon="3.207319"/>
    <trkpt lat="39.957541" lon="3.207334"/>
    <trkpt lat="39.957574" lon="3.207359"/>
    <trkpt lat="39.957602" lon="3.207388"/>
    <trkpt lat="39.957630" lon="3.207429"/>
    <trkpt lat="39.957655" lon="3.207473"/>
    <trkpt lat="39.957694" lon="3.207574"/>
    <trkpt lat="39.957830" lon="3.207942"/>
    <trkpt lat="39.957859" lon="3.208033"/>
    <trkpt lat="39.957875" lon="3.208118"/>
    <trkpt lat="39.957882" lon="3.208205"/>
    <trkpt lat="39.957881" lon="3.208294"/>
    <trkpt lat="39.957876" lon="3.208378"/>
    <trkpt lat="39.957862" lon="3.208467"/>
    <trkpt lat="39.957839" lon="3.208559"/>
    <trkpt lat="39.957804" lon="3.208658"/>
    <trkpt lat="39.957756" lon="3.208754"/>
    <trkpt lat="39.957689" lon="3.208864"/>
    <trkpt lat="39.957573" lon="3.209044"/>
    <trkpt lat="39.957524" lon="3.209110"/>
    <trkpt lat="39.957476" lon="3.209163"/>
    <trkpt lat="39.957418" lon="3.209213"/>
    <trkpt lat="39.957266" lon="3.209346"/>
    <trkpt lat="39.957191" lon="3.209426"/>
    <trkpt lat="39.957133" lon="3.209508"/>
    <trkpt lat="39.956756" lon="3.210092"/>
    <trkpt lat="39.956444" lon="3.210581"/>
    <trkpt lat="39.956362" lon="3.210701"/>
    <trkpt lat="39.956239" lon="3.210846"/>
    <trkpt lat="39.956127" lon="3.210956"/>
    <trkpt lat="39.956005" lon="3.211075"/>
    <trkpt lat="39.955823" lon="3.211240"/>
    <trkpt lat="39.955722" lon="3.211329"/>
    <trkpt lat="39.955674" lon="3.211366"/>
    <trkpt lat="39.955622" lon="3.211406"/>
    <trkpt lat="39.955492" lon="3.211487"/>
    <trkpt lat="39.955422" lon="3.211525"/>
    <trkpt lat="39.955360" lon="3.211564"/>
    <trkpt lat="39.955324" lon="3.211599"/>
    <trkpt lat="39.955306" lon="3.211635"/>
    <trkpt lat="39.955295" lon="3.211678"/>
    <trkpt lat="39.955292" lon="3.211718"/>
    <trkpt lat="39.955297" lon="3.211771"/>
    <trkpt lat="39.955311" lon="3.211816"/>
    <trkpt lat="39.955331" lon="3.211851"/>
    <trkpt lat="39.955353" lon="3.211881"/>
    <trkpt lat="39.955383" lon="3.211906"/>
    <trkpt lat="39.955412" lon="3.211924"/>
    <trkpt lat="39.955447" lon="3.211939"/>
    <trkpt lat="39.955477" lon="3.211944"/>
    <trkpt lat="39.955507" lon="3.211948"/>
    <trkpt lat="39.955542" lon="3.211943"/>
    <trkpt lat="39.955577" lon="3.211933"/>
    <trkpt lat="39.955623" lon="3.211909"/>
    <trkpt lat="39.955668" lon="3.211885"/>
    <trkpt lat="39.956150" lon="3.211593"/>
    <trkpt lat="39.956199" lon="3.211570"/>
    <trkpt lat="39.956243" lon="3.211553"/>
    <trkpt lat="39.956285" lon="3.211543"/>
    <trkpt lat="39.956318" lon="3.211538"/>
    <trkpt lat="39.956364" lon="3.211539"/>
    <trkpt lat="39.956414" lon="3.211547"/>
    <trkpt lat="39.956579" lon="3.211584"/>
    <trkpt lat="39.956829" lon="3.211639"/>
    <trkpt lat="39.957246" lon="3.211737"/>
    <trkpt lat="39.957293" lon="3.211742"/>
    <trkpt lat="39.957336" lon="3.211743"/>
    <trkpt lat="39.957378" lon="3.211740"/>
    <trkpt lat="39.957424" lon="3.211727"/>
    <trkpt lat="39.957467" lon="3.211710"/>
    <trkpt lat="39.957511" lon="3.211688"/>
    <trkpt lat="39.957697" lon="3.211565"/>
    <trkpt lat="39.958009" lon="3.211368"/>
    <trkpt lat="39.958072" lon="3.211331"/>
    <trkpt lat="39.958136" lon="3.211298"/>
    <trkpt lat="39.958189" lon="3.211280"/>
    <trkpt lat="39.958249" lon="3.211264"/>
    <trkpt lat="39.958324" lon="3.211250"/>
    <trkpt lat="39.958572" lon="3.211221"/>
    <trkpt lat="39.958674" lon="3.211204"/>
    <trkpt lat="39.958786" lon="3.211178"/>
    <trkpt lat="39.958833" lon="3.211161"/>
    <trkpt lat="39.958864" lon="3.211142"/>
    <trkpt lat="39.958900" lon="3.211111"/>
    <trkpt lat="39.958931" lon="3.211073"/>
    <trkpt lat="39.958962" lon="3.211026"/>
    <trkpt lat="39.959124" lon="3.210743"/>
    <trkpt lat="39.959359" lon="3.210343"/>
    <trkpt lat="39.959391" lon="3.210295"/>
    <trkpt lat="39.959425" lon="3.210253"/>
    <trkpt lat="39.959464" lon="3.210221"/>
    <trkpt lat="39.959530" lon="3.210179"/>
    <trkpt lat="39.959951" lon="3.209910"/>
    <trkpt lat="39.959997" lon="3.209900"/>
    <trkpt lat="39.960026" lon="3.209898"/>
    <trkpt lat="39.960061" lon="3.209904"/>
    <trkpt lat="39.960091" lon="3.209913"/>
    <trkpt lat="39.960124" lon="3.209929"/>
    <trkpt lat="39.960155" lon="3.209949"/>
    <trkpt lat="39.960182" lon="3.209980"/>
    <trkpt lat="39.960313" lon="3.210167"/>
    <trkpt lat="39.960331" lon="3.210207"/>
    <trkpt lat="39.960343" lon="3.210245"/>
    <trkpt lat="39.960351" lon="3.210289"/>
    <trkpt lat="39.960354" lon="3.210336"/>
    <trkpt lat="39.960352" lon="3.210393"/>
    <trkpt lat="39.960337" lon="3.210529"/>
    <trkpt lat="39.960333" lon="3.210581"/>
    <trkpt lat="39.960338" lon="3.210622"/>
    <trkpt lat="39.960351" lon="3.210669"/>
    <trkpt lat="39.960367" lon="3.210711"/>
    <trkpt lat="39.960392" lon="3.210760"/>
    <trkpt lat="39.960429" lon="3.210820"/>
    <trkpt lat="39.960576" lon="3.211035"/>
    <trkpt lat="39.960606" lon="3.211090"/>
    <trkpt lat="39.960622" lon="3.211137"/>
    <trkpt lat="39.960632" lon="3.211183"/>
    <trkpt lat="39.960637" lon="3.211226"/>
    <trkpt lat="39.960636" lon="3.211283"/>
    <trkpt lat="39.960625" lon="3.211341"/>
    <trkpt lat="39.960602" lon="3.211399"/>
    <trkpt lat="39.960538" lon="3.211547"/>
    <trkpt lat="39.960406" lon="3.211852"/>
    <trkpt lat="39.960367" lon="3.211933"/>
    <trkpt lat="39.960350" lon="3.211987"/>
    <trkpt lat="39.960344" lon="3.212030"/>
    <trkpt lat="39.960348" lon="3.212060"/>
    <trkpt lat="39.960358" lon="3.212093"/>
    <trkpt lat="39.960373" lon="3.212116"/>
    <trkpt lat="39.960388" lon="3.212130"/>
    <trkpt lat="39.960409" lon="3.212139"/>
    <trkpt lat="39.960430" lon="3.212143"/>
    <trkpt lat="39.960450" lon="3.212141"/>
    <trkpt lat="39.960470" lon="3.212133"/>
    <trkpt lat="39.960494" lon="3.212106"/>
    <trkpt lat="39.960516" lon="3.212074"/>
    <trkpt lat="39.960542" lon="3.212019"/>
    <trkpt lat="39.960667" lon="3.211728"/>
    <trkpt lat="39.960726" lon="3.211587"/>
    <trkpt lat="39.960832" lon="3.211335"/>
    <trkpt lat="39.960852" lon="3.211297"/>
    <trkpt lat="39.960871" lon="3.211273"/>
    <trkpt lat="39.960892" lon="3.211249"/>
    <trkpt lat="39.960910" lon="3.211239"/>
    <trkpt lat="39.960930" lon="3.211230"/>
    <trkpt lat="39.960953" lon="3.211226"/>
    <trkpt lat="39.960982" lon="3.211228"/>
    <trkpt lat="39.961004" lon="3.211234"/>
    <trkpt lat="39.961023" lon="3.211246"/>
    <trkpt lat="39.961042" lon="3.211263"/>
    <trkpt lat="39.961059" lon="3.211287"/>
    <trkpt lat="39.961076" lon="3.211317"/>
    <trkpt lat="39.961088" lon="3.211358"/>
    <trkpt lat="39.961093" lon="3.211393"/>
    <trkpt lat="39.961091" lon="3.211421"/>
    <trkpt lat="39.961082" lon="3.211460"/>
    <trkpt lat="39.961061" lon="3.211499"/>
    <trkpt lat="39.961000" lon="3.211573"/>
    <trkpt lat="39.960913" lon="3.211681"/>
    <trkpt lat="39.960857" lon="3.211746"/>
    <trkpt lat="39.960763" lon="3.211857"/>
    <trkpt lat="39.960718" lon="3.211924"/>
    <trkpt lat="39.960699" lon="3.211960"/>
    <trkpt lat="39.960685" lon="3.212001"/>
    <trkpt lat="39.960674" lon="3.212042"/>
    <trkpt lat="39.960670" lon="3.212088"/>
    <trkpt lat="39.960670" lon="3.212133"/>
    <trkpt lat="39.960677" lon="3.212176"/>
    <trkpt lat="39.960685" lon="3.212214"/>
    <trkpt lat="39.960699" lon="3.212253"/>
    <trkpt lat="39.960717" lon="3.212298"/>
    <trkpt lat="39.960739" lon="3.212334"/>
    <trkpt lat="39.960781" lon="3.212394"/>
    <trkpt lat="39.960914" lon="3.212570"/>
    <trkpt lat="39.960957" lon="3.212633"/>
    <trkpt lat="39.960981" lon="3.212675"/>
    <trkpt lat="39.961011" lon="3.212717"/>
    <trkpt lat="39.961037" lon="3.212749"/>
    <trkpt lat="39.961061" lon="3.212771"/>
    <trkpt lat="39.961079" lon="3.212786"/>
    <trkpt lat="39.961100" lon="3.212795"/>
    <trkpt lat="39.961121" lon="3.212800"/>
    <trkpt lat="39.961142" lon="3.212802"/>
    <trkpt lat="39.961164" lon="3.212800"/>
    <trkpt lat="39.961184" lon="3.212793"/>
    <trkpt lat="39.961202" lon="3.212783"/>
    <trkpt lat="39.961218" lon="3.212767"/>
    <trkpt lat="39.961230" lon="3.212747"/>
    <trkpt lat="39.961244" lon="3.212718"/>
    <trkpt lat="39.961254" lon="3.212684"/>
    <trkpt lat="39.961260" lon="3.212652"/>
    <trkpt lat="39.961261" lon="3.212631"/>
    <trkpt lat="39.961257" lon="3.212598"/>
    <trkpt lat="39.961261" lon="3.212631"/>
    <trkpt lat="39.961260" lon="3.212652"/>
    <trkpt lat="39.961254" lon="3.212684"/>
    <trkpt lat="39.961244" lon="3.212718"/>
    <trkpt lat="39.961230" lon="3.212747"/>
    <trkpt lat="39.961218" lon="3.212767"/>
    <trkpt lat="39.961202" lon="3.212783"/>
    <trkpt lat="39.961184" lon="3.212793"/>
    <trkpt lat="39.961164" lon="3.212800"/>
    <trkpt lat="39.961142" lon="3.212802"/>
    <trkpt lat="39.961121" lon="3.212800"/>
    <trkpt lat="39.961100" lon="3.212795"/>
    <trkpt lat="39.961079" lon="3.212786"/>
    <trkpt lat="39.961061" lon="3.212771"/>
    <trkpt lat="39.961037" lon="3.212749"/>
    <trkpt lat="39.961011" lon="3.212717"/>
    <trkpt lat="39.960981" lon="3.212675"/>
    <trkpt lat="39.960957" lon="3.212633"/>
    <trkpt lat="39.960914" lon="3.212570"/>
    <trkpt lat="39.960781" lon="3.212394"/>
    <trkpt lat="39.960739" lon="3.212334"/>
    <trkpt lat="39.960717" lon="3.212298"/>
    <trkpt lat="39.960699" lon="3.212253"/>
    <trkpt lat="39.960685" lon="3.212214"/>
    <trkpt lat="39.960677" lon="3.212176"/>
    <trkpt lat="39.960670" lon="3.212133"/>
    <trkpt lat="39.960670" lon="3.212088"/>
    <trkpt lat="39.960674" lon="3.212042"/>
    <trkpt lat="39.960685" lon="3.212001"/>
    <trkpt lat="39.960699" lon="3.211960"/>
    <trkpt lat="39.960718" lon="3.211924"/>
    <trkpt lat="39.960763" lon="3.211857"/>
    <trkpt lat="39.960857" lon="3.211746"/>
    <trkpt lat="39.960913" lon="3.211681"/>
    <trkpt lat="39.961000" lon="3.211573"/>
    <trkpt lat="39.961061" lon="3.211499"/>
    <trkpt lat="39.961082" lon="3.211460"/>
    <trkpt lat="39.961091" lon="3.211421"/>
    <trkpt lat="39.961093" lon="3.211393"/>
    <trkpt lat="39.961088" lon="3.211358"/>
    <trkpt lat="39.961076" lon="3.211317"/>
    <trkpt lat="39.961059" lon="3.211287"/>
    <trkpt lat="39.961042" lon="3.211263"/>
    <trkpt lat="39.961023" lon="3.211246"/>
    <trkpt lat="39.961004" lon="3.211234"/>
    <trkpt lat="39.960982" lon="3.211228"/>
    <trkpt lat="39.960953" lon="3.211226"/>
    <trkpt lat="39.960930" lon="3.211230"/>
    <trkpt lat="39.960910" lon="3.211239"/>
    <trkpt lat="39.960892" lon="3.211249"/>
    <trkpt lat="39.960871" lon="3.211273"/>
    <trkpt lat="39.960852" lon="3.211297"/>
    <trkpt lat="39.960832" lon="3.211335"/>
    <trkpt lat="39.960726" lon="3.211587"/>
    <trkpt lat="39.960667" lon="3.211728"/>
    <trkpt lat="39.960542" lon="3.212019"/>
    <trkpt lat="39.960516" lon="3.212074"/>
    <trkpt lat="39.960494" lon="3.212106"/>
    <trkpt lat="39.960470" lon="3.212133"/>
    <trkpt lat="39.960450" lon="3.212141"/>
    <trkpt lat="39.960430" lon="3.212143"/>
    <trkpt lat="39.960409" lon="3.212139"/>
    <trkpt lat="39.960388" lon="3.212130"/>
    <trkpt lat="39.960373" lon="3.212116"/>
    <trkpt lat="39.960358" lon="3.212093"/>
    <trkpt lat="39.960348" lon="3.212060"/>
    <trkpt lat="39.960344" lon="3.212030"/>
    <trkpt lat="39.960350" lon="3.211987"/>
    <trkpt lat="39.960367" lon="3.211933"/>
    <trkpt lat="39.960406" lon="3.211852"/>
    <trkpt lat="39.960538" lon="3.211547"/>
    <trkpt lat="39.960602" lon="3.211399"/>
    <trkpt lat="39.960625" lon="3.211341"/>
    <trkpt lat="39.960636" lon="3.211283"/>
    <trkpt lat="39.960637" lon="3.211226"/>
    <trkpt lat="39.960632" lon="3.211183"/>
    <trkpt lat="39.960622" lon="3.211137"/>
    <trkpt lat="39.960606" lon="3.211090"/>
    <trkpt lat="39.960576" lon="3.211035"/>
    <trkpt lat="39.960429" lon="3.210820"/>
    <trkpt lat="39.960392" lon="3.210760"/>
    <trkpt lat="39.960367" lon="3.210711"/>
    <trkpt lat="39.960351" lon="3.210669"/>
    <trkpt lat="39.960338" lon="3.210622"/>
    <trkpt lat="39.960333" lon="3.210581"/>
    <trkpt lat="39.960337" lon="3.210529"/>
    <trkpt lat="39.960352" lon="3.210393"/>
    <trkpt lat="39.960354" lon="3.210336"/>
    <trkpt lat="39.960351" lon="3.210289"/>
    <trkpt lat="39.960343" lon="3.210245"/>
    <trkpt lat="39.960331" lon="3.210207"/>
    <trkpt lat="39.960313" lon="3.210167"/>
    <trkpt lat="39.960182" lon="3.209980"/>
    <trkpt lat="39.960155" lon="3.209949"/>
    <trkpt lat="39.960124" lon="3.209929"/>
    <trkpt lat="39.960091" lon="3.209913"/>
    <trkpt lat="39.960061" lon="3.209904"/>
    <trkpt lat="39.960026" lon="3.209898"/>
    <trkpt lat="39.959997" lon="3.209900"/>
    <trkpt lat="39.959951" lon="3.209910"/>
    <trkpt lat="39.959530" lon="3.210179"/>
    <trkpt lat="39.959464" lon="3.210221"/>
    <trkpt lat="39.959425" lon="3.210253"/>
    <trkpt lat="39.959391" lon="3.210295"/>
    <trkpt lat="39.959359" lon="3.210343"/>
    <trkpt lat="39.959124" lon="3.210743"/>
    <trkpt lat="39.958962" lon="3.211026"/>
    <trkpt lat="39.958931" lon="3.211073"/>
    <trkpt lat="39.958900" lon="3.211111"/>
    <trkpt lat="39.958864" lon="3.211142"/>
    <trkpt lat="39.958833" lon="3.211161"/>
    <trkpt lat="39.958786" lon="3.211178"/>
    <trkpt lat="39.958674" lon="3.211204"/>
    <trkpt lat="39.958572" lon="3.211221"/>
    <trkpt lat="39.958324" lon="3.211250"/>
    <trkpt lat="39.958249" lon="3.211264"/>
    <trkpt lat="39.958189" lon="3.211280"/>
    <trkpt lat="39.958136" lon="3.211298"/>
    <trkpt lat="39.958072" lon="3.211331"/>
    <trkpt lat="39.958009" lon="3.211368"/>
    <trkpt lat="39.957697" lon="3.211565"/>
    <trkpt lat="39.957511" lon="3.211688"/>
    <trkpt lat="39.957467" lon="3.211710"/>
    <trkpt lat="39.957424" lon="3.211727"/>
    <trkpt lat="39.957378" lon="3.211740"/>
    <trkpt lat="39.957336" lon="3.211743"/>
    <trkpt lat="39.957293" lon="3.211742"/>
    <trkpt lat="39.957246" lon="3.211737"/>
    <trkpt lat="39.956829" lon="3.211639"/>
    <trkpt lat="39.956579" lon="3.211584"/>
    <trkpt lat="39.956414" lon="3.211547"/>
    <trkpt lat="39.956364" lon="3.211539"/>
    <trkpt lat="39.956318" lon="3.211538"/>
    <trkpt lat="39.956285" lon="3.211543"/>
    <trkpt lat="39.956243" lon="3.211553"/>
    <trkpt lat="39.956199" lon="3.211570"/>
    <trkpt lat="39.956150" lon="3.211593"/>
    <trkpt lat="39.955668" lon="3.211885"/>
    <trkpt lat="39.955623" lon="3.211909"/>
    <trkpt lat="39.955577" lon="3.211933"/>
    <trkpt lat="39.955542" lon="3.211943"/>
    <trkpt lat="39.955507" lon="3.211948"/>
    <trkpt lat="39.955477" lon="3.211944"/>
    <trkpt lat="39.955447" lon="3.211939"/>
    <trkpt lat="39.955412" lon="3.211924"/>
    <trkpt lat="39.955383" lon="3.211906"/>
    <trkpt lat="39.955353" lon="3.211881"/>
    <trkpt lat="39.955331" lon="3.211851"/>
    <trkpt lat="39.955311" lon="3.211816"/>
    <trkpt lat="39.955297" lon="3.211771"/>
    <trkpt lat="39.955292" lon="3.211718"/>
    <trkpt lat="39.955295" lon="3.211678"/>
    <trkpt lat="39.955306" lon="3.211635"/>
    <trkpt lat="39.955324" lon="3.211599"/>
    <trkpt lat="39.955360" lon="3.211564"/>
    <trkpt lat="39.955422" lon="3.211525"/>
    <trkpt lat="39.955492" lon="3.211487"/>
    <trkpt lat="39.955622" lon="3.211406"/>
    <trkpt lat="39.955674" lon="3.211366"/>
    <trkpt lat="39.955722" lon="3.211329"/>
    <trkpt lat="39.955823" lon="3.211240"/>
    <trkpt lat="39.956005" lon="3.211075"/>
    <trkpt lat="39.956127" lon="3.210956"/>
    <trkpt lat="39.956239" lon="3.210846"/>
    <trkpt lat="39.956362" lon="3.210701"/>
    <trkpt lat="39.956444" lon="3.210581"/>
    <trkpt lat="39.956756" lon="3.210092"/>
    <trkpt lat="39.957133" lon="3.209508"/>
    <trkpt lat="39.957191" lon="3.209426"/>
    <trkpt lat="39.957266" lon="3.209346"/>
    <trkpt lat="39.957418" lon="3.209213"/>
    <trkpt lat="39.957476" lon="3.209163"/>
    <trkpt lat="39.957524" lon="3.209110"/>
    <trkpt lat="39.957573" lon="3.209044"/>
    <trkpt lat="39.957689" lon="3.208864"/>
    <trkpt lat="39.957756" lon="3.208754"/>
    <trkpt lat="39.957804" lon="3.208658"/>
    <trkpt lat="39.957839" lon="3.208559"/>
    <trkpt lat="39.957862" lon="3.208467"/>
    <trkpt lat="39.957876" lon="3.208378"/>
    <trkpt lat="39.957881" lon="3.208294"/>
    <trkpt lat="39.957882" lon="3.208205"/>
    <trkpt lat="39.957875" lon="3.208118"/>
    <trkpt lat="39.957859" lon="3.208033"/>
    <trkpt lat="39.957830" lon="3.207942"/>
    <trkpt lat="39.957694" lon="3.207574"/>
    <trkpt lat="39.957655" lon="3.207473"/>
    <trkpt lat="39.957630" lon="3.207429"/>
    <trkpt lat="39.957602" lon="3.207388"/>
    <trkpt lat="39.957574" lon="3.207359"/>
    <trkpt lat="39.957541" lon="3.207334"/>
    <trkpt lat="39.957514" lon="3.207319"/>
    <trkpt lat="39.957478" lon="3.207308"/>
    <trkpt lat="39.957444" lon="3.207303"/>
    <trkpt lat="39.957407" lon="3.207305"/>
    <trkpt lat="39.957373" lon="3.207311"/>
    <trkpt lat="39.957343" lon="3.207324"/>
    <trkpt lat="39.957314" lon="3.207343"/>
    <trkpt lat="39.957285" lon="3.207372"/>
    <trkpt lat="39.957257" lon="3.207409"/>
    <trkpt lat="39.957235" lon="3.207453"/>
    <trkpt lat="39.957218" lon="3.207501"/>
    <trkpt lat="39.957205" lon="3.207547"/>
    <trkpt lat="39.957198" lon="3.207593"/>
    <trkpt lat="39.957197" lon="3.207640"/>
    <trkpt lat="39.957207" lon="3.207937"/>
    <trkpt lat="39.957205" lon="3.208007"/>
    <trkpt lat="39.957198" lon="3.208057"/>
    <trkpt lat="39.957187" lon="3.208100"/>
    <trkpt lat="39.957171" lon="3.208141"/>
    <trkpt lat="39.957153" lon="3.208178"/>
    <trkpt lat="39.957130" lon="3.208210"/>
    <trkpt lat="39.957103" lon="3.208237"/>
    <trkpt lat="39.957069" lon="3.208265"/>
    <trkpt lat="39.957035" lon="3.208290"/>
    <trkpt lat="39.957002" lon="3.208308"/>
    <trkpt lat="39.956965" lon="3.208316"/>
    <trkpt lat="39.956919" lon="3.208317"/>
    <trkpt lat="39.956878" lon="3.208314"/>
    <trkpt lat="39.956840" lon="3.208305"/>
    <trkpt lat="39.956738" lon="3.208259"/>
    <trkpt lat="39.956413" lon="3.208117"/>
    <trkpt lat="39.956292" lon="3.208065"/>
    <trkpt lat="39.956236" lon="3.208042"/>
    <trkpt lat="39.956195" lon="3.208027"/>
    <trkpt lat="39.956134" lon="3.208015"/>
    <trkpt lat="39.956090" lon="3.208017"/>
    <trkpt lat="39.956044" lon="3.208024"/>
    <trkpt lat="39.955560" lon="3.208203"/>
    <trkpt lat="39.955487" lon="3.208230"/>
    <trkpt lat="39.955418" lon="3.208246"/>
    <trkpt lat="39.955352" lon="3.208254"/>
    <trkpt lat="39.955279" lon="3.208258"/>
    <trkpt lat="39.955219" lon="3.208255"/>
    <trkpt lat="39.955158" lon="3.208246"/>
    <trkpt lat="39.955101" lon="3.208229"/>
    <trkpt lat="39.955046" lon="3.208204"/>
    <trkpt lat="39.954149" lon="3.207725"/>
    <trkpt lat="39.954099" lon="3.207690"/>
    <trkpt lat="39.954044" lon="3.207647"/>
    <trkpt lat="39.953848" lon="3.207406"/>
    <trkpt lat="39.953814" lon="3.207362"/>
    <trkpt lat="39.953780" lon="3.207305"/>
    <trkpt lat="39.953758" lon="3.207249"/>
    <trkpt lat="39.953741" lon="3.207187"/>
    <trkpt lat="39.953661" lon="3.206653"/>
    <trkpt lat="39.953597" lon="3.206259"/>
    <trkpt lat="39.953592" lon="3.206191"/>
    <trkpt lat="39.953594" lon="3.206130"/>
    <trkpt lat="39.953604" lon="3.206070"/>
    <trkpt lat="39.953626" lon="3.205984"/>
    <trkpt lat="39.953647" lon="3.205923"/>
    <trkpt lat="39.953791" lon="3.205617"/>
    <trkpt lat="39.953815" lon="3.205546"/>
    <trkpt lat="39.953839" lon="3.205469"/>
    <trkpt lat="39.953990" lon="3.204854"/>
    <trkpt lat="39.954027" lon="3.204724"/>
    <trkpt lat="39.954076" lon="3.204599"/>
    <trkpt lat="39.954628" lon="3.203544"/>
    <trkpt lat="39.954692" lon="3.203444"/>
    <trkpt lat="39.954770" lon="3.203352"/>
    <trkpt lat="39.954851" lon="3.203273"/>
    <trkpt lat="39.955359" lon="3.202831"/>
    <trkpt lat="39.955404" lon="3.202775"/>
    <trkpt lat="39.955440" lon="3.202719"/>
    <trkpt lat="39.955461" lon="3.202675"/>
    <trkpt lat="39.955477" lon="3.202622"/>
    <trkpt lat="39.955486" lon="3.202564"/>
    <trkpt lat="39.955488" lon="3.202498"/>
    <trkpt lat="39.955482" lon="3.202419"/>
    <trkpt lat="39.955386" lon="3.201765"/>
    <trkpt lat="39.955381" lon="3.201673"/>
    <trkpt lat="39.955387" lon="3.201589"/>
    <trkpt lat="39.955415" lon="3.201437"/>
    <trkpt lat="39.955432" lon="3.201347"/>
    <trkpt lat="39.955445" lon="3.201285"/>
    <trkpt lat="39.955450" lon="3.201241"/>
    <trkpt lat="39.955453" lon="3.201184"/>
    <trkpt lat="39.955451" lon="3.201132"/>
    <trkpt lat="39.955447" lon="3.201109"/>
    <trkpt lat="39.955443" lon="3.201081"/>
    <trkpt lat="39.955430" lon="3.201030"/>
    <trkpt lat="39.955410" lon="3.200984"/>
    <trkpt lat="39.955386" lon="3.200948"/>
    <trkpt lat="39.955358" lon="3.200917"/>
    <trkpt lat="39.955322" lon="3.200893"/>
    <trkpt lat="39.955282" lon="3.200876"/>
    <trkpt lat="39.955239" lon="3.200868"/>
    <trkpt lat="39.955201" lon="3.200870"/>
    <trkpt lat="39.955164" lon="3.200878"/>
    <trkpt lat="39.955121" lon="3.200896"/>
    <trkpt lat="39.955076" lon="3.200927"/>
    <trkpt lat="39.954744" lon="3.201214"/>
    <trkpt lat="39.954646" lon="3.201298"/>
    <trkpt lat="39.954618" lon="3.201331"/>
    <trkpt lat="39.954597" lon="3.201359"/>
    <trkpt lat="39.954572" lon="3.201393"/>
    <trkpt lat="39.954551" lon="3.201437"/>
    <trkpt lat="39.954530" lon="3.201499"/>
    <trkpt lat="39.954440" lon="3.201793"/>
    <trkpt lat="39.954419" lon="3.201849"/>
    <trkpt lat="39.954399" lon="3.201886"/>
    <trkpt lat="39.954375" lon="3.201921"/>
    <trkpt lat="39.954354" lon="3.201945"/>
    <trkpt lat="39.954332" lon="3.201965"/>
    <trkpt lat="39.954309" lon="3.201983"/>
    <trkpt lat="39.954287" lon="3.201994"/>
    <trkpt lat="39.954265" lon="3.202000"/>
    <trkpt lat="39.954244" lon="3.202003"/>
    <trkpt lat="39.954220" lon="3.202000"/>
    <trkpt lat="39.954182" lon="3.201985"/>
    <trkpt lat="39.954077" lon="3.201938"/>
    <trkpt lat="39.954038" lon="3.201920"/>
    <trkpt lat="39.954005" lon="3.201909"/>
    <trkpt lat="39.953963" lon="3.201905"/>
    <trkpt lat="39.953933" lon="3.201906"/>
    <trkpt lat="39.953903" lon="3.201918"/>
    <trkpt lat="39.953872" lon="3.201938"/>
    <trkpt lat="39.953847" lon="3.201962"/>
    <trkpt lat="39.953826" lon="3.201988"/>
    <trkpt lat="39.953809" lon="3.202026"/>
    <trkpt lat="39.953798" lon="3.202069"/>
    <trkpt lat="39.953789" lon="3.202116"/>
    <trkpt lat="39.953786" lon="3.202170"/>
    <trkpt lat="39.953786" lon="3.202223"/>
    <trkpt lat="39.953792" lon="3.202280"/>
    <trkpt lat="39.953830" lon="3.202511"/>
    <trkpt lat="39.953836" lon="3.202553"/>
    <trkpt lat="39.953834" lon="3.202591"/>
    <trkpt lat="39.953829" lon="3.202626"/>
    <trkpt lat="39.953816" lon="3.202665"/>
    <trkpt lat="39.953800" lon="3.202703"/>
    <trkpt lat="39.953783" lon="3.202735"/>
    <trkpt lat="39.953759" lon="3.202766"/>
    <trkpt lat="39.953738" lon="3.202788"/>
    <trkpt lat="39.953711" lon="3.202806"/>
    <trkpt lat="39.953679" lon="3.202820"/>
    <trkpt lat="39.953654" lon="3.202827"/>
    <trkpt lat="39.953625" lon="3.202833"/>
    <trkpt lat="39.953595" lon="3.202833"/>
    <trkpt lat="39.953566" lon="3.202827"/>
    <trkpt lat="39.953536" lon="3.202811"/>
    <trkpt lat="39.953512" lon="3.202794"/>
    <trkpt lat="39.953485" lon="3.202766"/>
    <trkpt lat="39.953465" lon="3.202739"/>
    <trkpt lat="39.953446" lon="3.202703"/>
    <trkpt lat="39.953430" lon="3.202663"/>
    <trkpt lat="39.953418" lon="3.202618"/>
    <trkpt lat="39.953411" lon="3.202561"/>
    <trkpt lat="39.953407" lon="3.201921"/>
    <trkpt lat="39.953406" lon="3.201781"/>
    <trkpt lat="39.953400" lon="3.201667"/>
    <trkpt lat="39.953392" lon="3.201587"/>
    <trkpt lat="39.953382" lon="3.201526"/>
    <trkpt lat="39.953364" lon="3.201474"/>
    <trkpt lat="39.953348" lon="3.201439"/>
    <trkpt lat="39.953324" lon="3.201400"/>
    <trkpt lat="39.953088" lon="3.201058"/>
    <trkpt lat="39.953054" lon="3.200983"/>
    <trkpt lat="39.953016" lon="3.200879"/>
    <trkpt lat="39.953003" lon="3.200839"/>
    <trkpt lat="39.952773" lon="3.200115"/>
    <trkpt lat="39.952761" lon="3.200052"/>
    <trkpt lat="39.952752" lon="3.199996"/>
    <trkpt lat="39.952744" lon="3.199923"/>
    <trkpt lat="39.952744" lon="3.199830"/>
    <trkpt lat="39.952747" lon="3.199771"/>
    <trkpt lat="39.952752" lon="3.199687"/>
    <trkpt lat="39.952762" lon="3.199616"/>
    <trkpt lat="39.952774" lon="3.199544"/>
    <trkpt lat="39.952789" lon="3.199485"/>
    <trkpt lat="39.952808" lon="3.199437"/>
    <trkpt lat="39.952951" lon="3.199170"/>
    <trkpt lat="39.952991" lon="3.199091"/>
    <trkpt lat="39.953010" lon="3.199034"/>
    <trkpt lat="39.953022" lon="3.198970"/>
    <trkpt lat="39.953031" lon="3.198891"/>
    <trkpt lat="39.953031" lon="3.198817"/>
    <trkpt lat="39.953025" lon="3.198755"/>
    <trkpt lat="39.953012" lon="3.198708"/>
    <trkpt lat="39.952997" lon="3.198663"/>
    <trkpt lat="39.952977" lon="3.198619"/>
    <trkpt lat="39.952940" lon="3.198560"/>
    <trkpt lat="39.952902" lon="3.198506"/>
    <trkpt lat="39.952868" lon="3.198468"/>
    <trkpt lat="39.952838" lon="3.198437"/>
    <trkpt lat="39.952800" lon="3.198408"/>
    <trkpt lat="39.952766" lon="3.198388"/>
    <trkpt lat="39.952724" lon="3.198377"/>
    <trkpt lat="39.952506" lon="3.198364"/>
    <trkpt lat="39.951975" lon="3.198309"/>
    <trkpt lat="39.951820" lon="3.198292"/>
    <trkpt lat="39.951696" lon="3.198264"/>
    <trkpt lat="39.951643" lon="3.198241"/>
    <trkpt lat="39.951579" lon="3.198205"/>
    <trkpt lat="39.951538" lon="3.198171"/>
    <trkpt lat="39.951510" lon="3.198139"/>
    <trkpt lat="39.951488" lon="3.198099"/>
    <trkpt lat="39.951472" lon="3.198055"/>
    <trkpt lat="39.951459" lon="3.198000"/>
    <trkpt lat="39.951428" lon="3.197810"/>
    <trkpt lat="39.951400" lon="3.197665"/>
    <trkpt lat="39.951368" lon="3.197545"/>
    <trkpt lat="39.951335" lon="3.197441"/>
    <trkpt lat="39.951286" lon="3.197317"/>
    <trkpt lat="39.951109" lon="3.196976"/>
    <trkpt lat="39.951055" lon="3.196872"/>
    <trkpt lat="39.951009" lon="3.196766"/>
    <trkpt lat="39.950926" lon="3.196531"/>
    <trkpt lat="39.950896" lon="3.196421"/>
    <trkpt lat="39.950866" lon="3.196296"/>
    <trkpt lat="39.950843" lon="3.196172"/>
    <trkpt lat="39.950793" lon="3.195799"/>
    <trkpt lat="39.950749" lon="3.195472"/>
    <trkpt lat="39.950744" lon="3.195402"/>
    <trkpt lat="39.950744" lon="3.195337"/>
    <trkpt lat="39.950750" lon="3.195272"/>
    <trkpt lat="39.950759" lon="3.195217"/>
    <trkpt lat="39.950773" lon="3.195168"/>
    <trkpt lat="39.950789" lon="3.195123"/>
    <trkpt lat="39.950816" lon="3.195062"/>
    <trkpt lat="39.950838" lon="3.195023"/>
    <trkpt lat="39.950862" lon="3.194993"/>
    <trkpt lat="39.950894" lon="3.194964"/>
    <trkpt lat="39.951120" lon="3.194847"/>
    <trkpt lat="39.951267" lon="3.194774"/>
    <trkpt lat="39.951324" lon="3.194737"/>
    <trkpt lat="39.951356" lon="3.194707"/>
    <trkpt lat="39.951383" lon="3.194671"/>
    <trkpt lat="39.951404" lon="3.194635"/>
    <trkpt lat="39.951418" lon="3.194600"/>
    <trkpt lat="39.951430" lon="3.194559"/>
    <trkpt lat="39.951433" lon="3.194519"/>
    <trkpt lat="39.951434" lon="3.194473"/>
    <trkpt lat="39.951430" lon="3.194430"/>
    <trkpt lat="39.951421" lon="3.194390"/>
    <trkpt lat="39.951408" lon="3.194350"/>
    <trkpt lat="39.951378" lon="3.194288"/>
    <trkpt lat="39.951348" lon="3.194238"/>
    <trkpt lat="39.951139" lon="3.193927"/>
    <trkpt lat="39.951113" lon="3.193888"/>
    <trkpt lat="39.951094" lon="3.193850"/>
    <trkpt lat="39.951071" lon="3.193797"/>
    <trkpt lat="39.951063" lon="3.193757"/>
    <trkpt lat="39.951061" lon="3.193721"/>
    <trkpt lat="39.951062" lon="3.193682"/>
    <trkpt lat="39.951067" lon="3.193647"/>
    <trkpt lat="39.951076" lon="3.193612"/>
    <trkpt lat="39.951091" lon="3.193576"/>
    <trkpt lat="39.951112" lon="3.193535"/>
    <trkpt lat="39.951151" lon="3.193486"/>
    <trkpt lat="39.951190" lon="3.193445"/>
    <trkpt lat="39.951248" lon="3.193399"/>
    <trkpt lat="39.951456" lon="3.193257"/>
    <trkpt lat="39.951481" lon="3.193235"/>
    <trkpt lat="39.951511" lon="3.193201"/>
    <trkpt lat="39.951549" lon="3.193155"/>
    <trkpt lat="39.951593" lon="3.193093"/>
    <trkpt lat="39.951629" lon="3.193029"/>
    <trkpt lat="39.951734" lon="3.192851"/>
    <trkpt lat="39.951760" lon="3.192819"/>
    <trkpt lat="39.951793" lon="3.192781"/>
    <trkpt lat="39.951821" lon="3.192757"/>
    <trkpt lat="39.951860" lon="3.192739"/>
    <trkpt lat="39.951896" lon="3.192725"/>
    <trkpt lat="39.951948" lon="3.192709"/>
    <trkpt lat="39.952034" lon="3.192691"/>
    <trkpt lat="39.952491" lon="3.192595"/>
    <trkpt lat="39.952555" lon="3.192577"/>
    <trkpt lat="39.952621" lon="3.192546"/>
    <trkpt lat="39.952791" lon="3.192445"/>
    <trkpt lat="39.952819" lon="3.192419"/>
    <trkpt lat="39.952843" lon="3.192393"/>
    <trkpt lat="39.952862" lon="3.192366"/>
    <trkpt lat="39.952879" lon="3.192328"/>
    <trkpt lat="39.952891" lon="3.192289"/>
    <trkpt lat="39.952900" lon="3.192252"/>
    <trkpt lat="39.952903" lon="3.192214"/>
    <trkpt lat="39.952901" lon="3.192174"/>
    <trkpt lat="39.952892" lon="3.192136"/>
    <trkpt lat="39.952874" lon="3.192087"/>
    <trkpt lat="39.952769" lon="3.191872"/>
    <trkpt lat="39.952742" lon="3.191803"/>
    <trkpt lat="39.952727" lon="3.191759"/>
    <trkpt lat="39.952716" lon="3.191703"/>
    <trkpt lat="39.952711" lon="3.191659"/>
    <trkpt lat="39.952709" lon="3.191621"/>
    <trkpt lat="39.952711" lon="3.191577"/>
    <trkpt lat="39.952715" lon="3.191539"/>
    <trkpt lat="39.952727" lon="3.191502"/>
    <trkpt lat="39.952745" lon="3.191461"/>
    <trkpt lat="39.952781" lon="3.191394"/>
    <trkpt lat="39.953195" lon="3.190636"/>
    <trkpt lat="39.953351" lon="3.190406"/>
    <trkpt lat="39.953488" lon="3.190219"/>
    <trkpt lat="39.953977" lon="3.189771"/>
    <trkpt lat="39.954016" lon="3.189730"/>
    <trkpt lat="39.954045" lon="3.189691"/>
    <trkpt lat="39.954072" lon="3.189648"/>
    <trkpt lat="39.954092" lon="3.189605"/>
    <trkpt lat="39.954105" lon="3.189556"/>
    <trkpt lat="39.954112" lon="3.189509"/>
    <trkpt lat="39.954114" lon="3.189457"/>
    <trkpt lat="39.954108" lon="3.189402"/>
    <trkpt lat="39.954095" lon="3.189332"/>
    <trkpt lat="39.954077" lon="3.189285"/>
    <trkpt lat="39.954056" lon="3.189244"/>
    <trkpt lat="39.954024" lon="3.189196"/>
    <trkpt lat="39.953979" lon="3.189157"/>
    <trkpt lat="39.953937" lon="3.189132"/>
    <trkpt lat="39.953886" lon="3.189116"/>
    <trkpt lat="39.953777" lon="3.189085"/>
    <trkpt lat="39.953272" lon="3.188950"/>
    <trkpt lat="39.953203" lon="3.188926"/>
    <trkpt lat="39.953155" lon="3.188899"/>
    <trkpt lat="39.953119" lon="3.188872"/>
    <trkpt lat="39.953083" lon="3.188833"/>
    <trkpt lat="39.953059" lon="3.188795"/>
    <trkpt lat="39.953038" lon="3.188756"/>
    <trkpt lat="39.953020" lon="3.188709"/>
    <trkpt lat="39.953013" lon="3.188665"/>
    <trkpt lat="39.953009" lon="3.188626"/>
    <trkpt lat="39.953010" lon="3.188560"/>
    <trkpt lat="39.953019" lon="3.188490"/>
    <trkpt lat="39.953029" lon="3.188416"/>
    <trkpt lat="39.953135" lon="3.187910"/>
    <trkpt lat="39.953138" lon="3.187870"/>
    <trkpt lat="39.953136" lon="3.187830"/>
    <trkpt lat="39.953128" lon="3.187783"/>
    <trkpt lat="39.953112" lon="3.187737"/>
    <trkpt lat="39.953094" lon="3.187701"/>
    <trkpt lat="39.952947" lon="3.187452"/>
    <trkpt lat="39.952918" lon="3.187395"/>
    <trkpt lat="39.952897" lon="3.187339"/>
    <trkpt lat="39.952879" lon="3.187276"/>
    <trkpt lat="39.952863" lon="3.187195"/>
    <trkpt lat="39.952845" lon="3.187090"/>
    <trkpt lat="39.952804" lon="3.186780"/>
    <trkpt lat="39.952769" lon="3.186411"/>
    <trkpt lat="39.952761" lon="3.186373"/>
    <trkpt lat="39.952749" lon="3.186345"/>
    <trkpt lat="39.952729" lon="3.186317"/>
    <trkpt lat="39.952703" lon="3.186291"/>
    <trkpt lat="39.952658" lon="3.186261"/>
    <trkpt lat="39.952477" lon="3.186152"/>
    <trkpt lat="39.952380" lon="3.186086"/>
    <trkpt lat="39.952287" lon="3.186003"/>
    <trkpt lat="39.952226" lon="3.185945"/>
    <trkpt lat="39.952165" lon="3.185875"/>
    <trkpt lat="39.952019" lon="3.185693"/>
    <trkpt lat="39.951986" lon="3.185646"/>
    <trkpt lat="39.951959" lon="3.185599"/>
    <trkpt lat="39.951937" lon="3.185555"/>
    <trkpt lat="39.951921" lon="3.185513"/>
    <trkpt lat="39.951908" lon="3.185468"/>
    <trkpt lat="39.951898" lon="3.185420"/>
    <trkpt lat="39.951844" lon="3.184958"/>
    <trkpt lat="39.951833" lon="3.184916"/>
    <trkpt lat="39.951817" lon="3.184871"/>
    <trkpt lat="39.951794" lon="3.184829"/>
    <trkpt lat="39.951766" lon="3.184787"/>
    <trkpt lat="39.951609" lon="3.184582"/>
    <trkpt lat="39.951375" lon="3.184268"/>
    <trkpt lat="39.951300" lon="3.184154"/>
    <trkpt lat="39.951231" lon="3.184035"/>
    <trkpt lat="39.950814" lon="3.183220"/>
    <trkpt lat="39.950768" lon="3.183125"/>
    <trkpt lat="39.950736" lon="3.183032"/>
    <trkpt lat="39.950688" lon="3.182857"/>
    <trkpt lat="39.950563" lon="3.182361"/>
    <trkpt lat="39.950363" lon="3.181615"/>
    <trkpt lat="39.950298" lon="3.181336"/>
    <trkpt lat="39.950246" lon="3.181106"/>
    <trkpt lat="39.950187" lon="3.180796"/>
    <trkpt lat="39.950168" lon="3.180710"/>
    <trkpt lat="39.950099" lon="3.180461"/>
    <trkpt lat="39.949982" lon="3.180084"/>
    <trkpt lat="39.949468" lon="3.178310"/>
    <trkpt lat="39.949374" lon="3.177932"/>
    <trkpt lat="39.949357" lon="3.177859"/>
    <trkpt lat="39.949353" lon="3.177791"/>
    <trkpt lat="39.949355" lon="3.177706"/>
    <trkpt lat="39.949384" lon="3.177559"/>
    <trkpt lat="39.949445" lon="3.177290"/>
    <trkpt lat="39.949499" lon="3.177059"/>
    <trkpt lat="39.949613" lon="3.176684"/>
    <trkpt lat="39.949665" lon="3.176514"/>
    <trkpt lat="39.949681" lon="3.176457"/>
    <trkpt lat="39.949689" lon="3.176393"/>
    <trkpt lat="39.949688" lon="3.176322"/>
    <trkpt lat="39.949681" lon="3.176259"/>
    <trkpt lat="39.949669" lon="3.176190"/>
    <trkpt lat="39.949405" lon="3.175050"/>
    <trkpt lat="39.949367" lon="3.174931"/>
    <trkpt lat="39.949312" lon="3.174814"/>
    <trkpt lat="39.949175" lon="3.174544"/>
    <trkpt lat="39.949101" lon="3.174367"/>
    <trkpt lat="39.948886" lon="3.173701"/>
    <trkpt lat="39.948861" lon="3.173609"/>
    <trkpt lat="39.948842" lon="3.173512"/>
    <trkpt lat="39.948835" lon="3.173433"/>
    <trkpt lat="39.948831" lon="3.173340"/>
    <trkpt lat="39.948835" lon="3.173258"/>
    <trkpt lat="39.948842" lon="3.173183"/>
    <trkpt lat="39.948857" lon="3.173086"/>
    <trkpt lat="39.948947" lon="3.172561"/>
    <trkpt lat="39.948951" lon="3.172512"/>
    <trkpt lat="39.948950" lon="3.172467"/>
    <trkpt lat="39.948946" lon="3.172422"/>
    <trkpt lat="39.948939" lon="3.172381"/>
    <trkpt lat="39.948918" lon="3.172329"/>
    <trkpt lat="39.948897" lon="3.172297"/>
    <trkpt lat="39.948872" lon="3.172271"/>
    <trkpt lat="39.948837" lon="3.172240"/>
    <trkpt lat="39.948739" lon="3.172190"/>
    <trkpt lat="39.948309" lon="3.171986"/>
    <trkpt lat="39.948270" lon="3.171959"/>
    <trkpt lat="39.948241" lon="3.171928"/>
    <trkpt lat="39.948206" lon="3.171880"/>
    <trkpt lat="39.948186" lon="3.171824"/>
    <trkpt lat="39.948170" lon="3.171762"/>
    <trkpt lat="39.948164" lon="3.171700"/>
    <trkpt lat="39.948168" lon="3.171630"/>
    <trkpt lat="39.948182" lon="3.171564"/>
    <trkpt lat="39.948199" lon="3.171511"/>
    <trkpt lat="39.948226" lon="3.171460"/>
    <trkpt lat="39.948260" lon="3.171412"/>
    <trkpt lat="39.948301" lon="3.171374"/>
    <trkpt lat="39.948341" lon="3.171350"/>
    <trkpt lat="39.948385" lon="3.171335"/>
    <trkpt lat="39.948438" lon="3.171328"/>
    <trkpt lat="39.948753" lon="3.171325"/>
    <trkpt lat="39.948952" lon="3.171313"/>
    <trkpt lat="39.948993" lon="3.171301"/>
    <trkpt lat="39.949032" lon="3.171271"/>
    <trkpt lat="39.949066" lon="3.171234"/>
    <trkpt lat="39.949092" lon="3.171195"/>
    <trkpt lat="39.949116" lon="3.171151"/>
    <trkpt lat="39.949187" lon="3.170929"/>
    <trkpt lat="39.949212" lon="3.170833"/>
    <trkpt lat="39.949224" lon="3.170749"/>
    <trkpt lat="39.949231" lon="3.170670"/>
    <trkpt lat="39.949231" lon="3.170595"/>
    <trkpt lat="39.949219" lon="3.170502"/>
    <trkpt lat="39.949195" lon="3.170349"/>
    <trkpt lat="39.949171" lon="3.170180"/>
    <trkpt lat="39.949153" lon="3.170004"/>
    <trkpt lat="39.949148" lon="3.169892"/>
    <trkpt lat="39.949158" lon="3.169777"/>
    <trkpt lat="39.949238" lon="3.169324"/>
    <trkpt lat="39.949293" lon="3.169013"/>
    <trkpt lat="39.949304" lon="3.168924"/>
    <trkpt lat="39.949307" lon="3.168826"/>
    <trkpt lat="39.949305" lon="3.168728"/>
    <trkpt lat="39.949299" lon="3.168641"/>
    <trkpt lat="39.949261" lon="3.168349"/>
    <trkpt lat="39.949232" lon="3.168178"/>
    <trkpt lat="39.949091" lon="3.167396"/>
    <trkpt lat="39.949068" lon="3.167210"/>
    <trkpt lat="39.949025" lon="3.166778"/>
    <trkpt lat="39.948952" lon="3.166169"/>
    <trkpt lat="39.948932" lon="3.166016"/>
    <trkpt lat="39.948906" lon="3.165894"/>
    <trkpt lat="39.948645" lon="3.164738"/>
    <trkpt lat="39.948472" lon="3.163867"/>
    <trkpt lat="39.948368" lon="3.163274"/>
    <trkpt lat="39.948356" lon="3.163224"/>
    <trkpt lat="39.948336" lon="3.163177"/>
    <trkpt lat="39.948308" lon="3.163133"/>
    <trkpt lat="39.948275" lon="3.163093"/>
    <trkpt lat="39.947656" lon="3.162410"/>
    <trkpt lat="39.947591" lon="3.162323"/>
    <trkpt lat="39.947545" lon="3.162239"/>
    <trkpt lat="39.947533" lon="3.162197"/>
    <trkpt lat="39.947523" lon="3.162142"/>
    <trkpt lat="39.947520" lon="3.162074"/>
    <trkpt lat="39.947523" lon="3.161975"/>
    <trkpt lat="39.947542" lon="3.161815"/>
    <trkpt lat="39.947583" lon="3.161566"/>
    <trkpt lat="39.947604" lon="3.161424"/>
    <trkpt lat="39.947671" lon="3.160973"/>
    <trkpt lat="39.947688" lon="3.160722"/>
    <trkpt lat="39.947688" lon="3.160580"/>
    <trkpt lat="39.947677" lon="3.160463"/>
    <trkpt lat="39.947647" lon="3.160352"/>
    <trkpt lat="39.947610" lon="3.160249"/>
    <trkpt lat="39.947549" lon="3.160125"/>
    <trkpt lat="39.946298" lon="3.157895"/>
    <trkpt lat="39.945052" lon="3.155677"/>
    <trkpt lat="39.943579" lon="3.153075"/>
    <trkpt lat="39.942693" lon="3.151509"/>
    <trkpt lat="39.941752" lon="3.149835"/>
    <trkpt lat="39.941463" lon="3.149321"/>
    <trkpt lat="39.939835" lon="3.146443"/>
    <trkpt lat="39.938932" lon="3.144852"/>
    <trkpt lat="39.938583" lon="3.144254"/>
    <trkpt lat="39.938414" lon="3.144018"/>
    <trkpt lat="39.938312" lon="3.143901"/>
    <trkpt lat="39.937885" lon="3.143470"/>
    <trkpt lat="39.937470" lon="3.143055"/>
    <trkpt lat="39.935536" lon="3.141117"/>
    <trkpt lat="39.935338" lon="3.140933"/>
    <trkpt lat="39.935293" lon="3.140885"/>
    <trkpt lat="39.935243" lon="3.140826"/>
    <trkpt lat="39.935196" lon="3.140755"/>
    <trkpt lat="39.935162" lon="3.140686"/>
    <trkpt lat="39.935131" lon="3.140615"/>
    <trkpt lat="39.934994" lon="3.140230"/>
    <trkpt lat="39.934911" lon="3.139967"/>
    <trkpt lat="39.934859" lon="3.139836"/>
    <trkpt lat="39.934806" lon="3.139718"/>
    <trkpt lat="39.934759" lon="3.139623"/>
    <trkpt lat="39.934691" lon="3.139505"/>
    <trkpt lat="39.934530" lon="3.139243"/>
    <trkpt lat="39.934376" lon="3.138980"/>
    <trkpt lat="39.934117" lon="3.138537"/>
    <trkpt lat="39.933870" lon="3.138114"/>
    <trkpt lat="39.933626" lon="3.137715"/>
    <trkpt lat="39.933574" lon="3.137626"/>
    <trkpt lat="39.933512" lon="3.137504"/>
    <trkpt lat="39.933493" lon="3.137450"/>
    <trkpt lat="39.933476" lon="3.137395"/>
    <trkpt lat="39.933464" lon="3.137325"/>
    <trkpt lat="39.933456" lon="3.137265"/>
    <trkpt lat="39.933452" lon="3.137184"/>
    <trkpt lat="39.933437" lon="3.136600"/>
    <trkpt lat="39.933426" lon="3.136227"/>
    <trkpt lat="39.933418" lon="3.136139"/>
    <trkpt lat="39.933405" lon="3.136060"/>
    <trkpt lat="39.933387" lon="3.135988"/>
    <trkpt lat="39.933358" lon="3.135920"/>
    <trkpt lat="39.933325" lon="3.135859"/>
    <trkpt lat="39.933290" lon="3.135802"/>
    <trkpt lat="39.933236" lon="3.135741"/>
    <trkpt lat="39.933180" lon="3.135687"/>
    <trkpt lat="39.933119" lon="3.135636"/>
    <trkpt lat="39.933058" lon="3.135595"/>
    <trkpt lat="39.932983" lon="3.135551"/>
    <trkpt lat="39.932848" lon="3.135481"/>
    <trkpt lat="39.932146" lon="3.135122"/>
    <trkpt lat="39.931600" lon="3.134864"/>
    <trkpt lat="39.931270" lon="3.134663"/>
    <trkpt lat="39.930864" lon="3.134395"/>
    <trkpt lat="39.930618" lon="3.134235"/>
    <trkpt lat="39.930454" lon="3.134139"/>
    <trkpt lat="39.930371" lon="3.134103"/>
    <trkpt lat="39.930290" lon="3.134077"/>
    <trkpt lat="39.930020" lon="3.134011"/>
    <trkpt lat="39.929699" lon="3.133921"/>
    <trkpt lat="39.929522" lon="3.133892"/>
    <trkpt lat="39.929444" lon="3.133875"/>
    <trkpt lat="39.929355" lon="3.133855"/>
    <trkpt lat="39.929313" lon="3.133840"/>
    <trkpt lat="39.929282" lon="3.133822"/>
    <trkpt lat="39.929250" lon="3.133801"/>
    <trkpt lat="39.929224" lon="3.133773"/>
    <trkpt lat="39.929197" lon="3.133742"/>
    <trkpt lat="39.929175" lon="3.133711"/>
    <trkpt lat="39.929145" lon="3.133644"/>
    <trkpt lat="39.929137" lon="3.133608"/>
    <trkpt lat="39.929131" lon="3.133568"/>
    <trkpt lat="39.929128" lon="3.133528"/>
    <trkpt lat="39.929131" lon="3.133492"/>
    <trkpt lat="39.929136" lon="3.133455"/>
    <trkpt lat="39.929188" lon="3.133266"/>
    <trkpt lat="39.929288" lon="3.132890"/>
    <trkpt lat="39.929373" lon="3.132551"/>
    <trkpt lat="39.929846" lon="3.130532"/>
    <trkpt lat="39.929867" lon="3.130463"/>
    <trkpt lat="39.929890" lon="3.130407"/>
    <trkpt lat="39.929921" lon="3.130355"/>
    <trkpt lat="39.929951" lon="3.130315"/>
    <trkpt lat="39.930001" lon="3.130266"/>
    <trkpt lat="39.930047" lon="3.130226"/>
    <trkpt lat="39.930107" lon="3.130179"/>
    <trkpt lat="39.930242" lon="3.130077"/>
    <trkpt lat="39.930422" lon="3.129935"/>
    <trkpt lat="39.931037" lon="3.129457"/>
    <trkpt lat="39.931283" lon="3.129281"/>
    <trkpt lat="39.931315" lon="3.129263"/>
    <trkpt lat="39.931354" lon="3.129255"/>
    <trkpt lat="39.931399" lon="3.129256"/>
    <trkpt lat="39.931437" lon="3.129265"/>
    <trkpt lat="39.931481" lon="3.129281"/>
    <trkpt lat="39.931541" lon="3.129312"/>
    <trkpt lat="39.931896" lon="3.129528"/>
    <trkpt lat="39.931954" lon="3.129576"/>
    <trkpt lat="39.932019" lon="3.129638"/>
    <trkpt lat="39.932269" lon="3.129895"/>
    <trkpt lat="39.932479" lon="3.130123"/>
    <trkpt lat="39.932562" lon="3.130240"/>
    <trkpt lat="39.932769" lon="3.130536"/>
    <trkpt lat="39.932866" lon="3.130673"/>
    <trkpt lat="39.932951" lon="3.130765"/>
    <trkpt lat="39.932979" lon="3.130788"/>
    <trkpt lat="39.933010" lon="3.130804"/>
    <trkpt lat="39.933032" lon="3.130809"/>
    <trkpt lat="39.933054" lon="3.130808"/>
    <trkpt lat="39.933075" lon="3.130797"/>
    <trkpt lat="39.933092" lon="3.130781"/>
    <trkpt lat="39.933107" lon="3.130758"/>
    <trkpt lat="39.933119" lon="3.130730"/>
    <trkpt lat="39.933124" lon="3.130702"/>
    <trkpt lat="39.933122" lon="3.130670"/>
    <trkpt lat="39.933109" lon="3.130640"/>
    <trkpt lat="39.933092" lon="3.130619"/>
    <trkpt lat="39.933062" lon="3.130593"/>
    <trkpt lat="39.932970" lon="3.130519"/>
    <trkpt lat="39.932921" lon="3.130464"/>
    <trkpt lat="39.932886" lon="3.130413"/>
    <trkpt lat="39.932852" lon="3.130358"/>
    <trkpt lat="39.932819" lon="3.130285"/>
    <trkpt lat="39.932770" lon="3.130180"/>
    <trkpt lat="39.932540" lon="3.129619"/>
    <trkpt lat="39.932497" lon="3.129517"/>
    <trkpt lat="39.932448" lon="3.129423"/>
    <trkpt lat="39.932176" lon="3.128946"/>
    <trkpt lat="39.932160" lon="3.128906"/>
    <trkpt lat="39.932150" lon="3.128864"/>
    <trkpt lat="39.932145" lon="3.128825"/>
    <trkpt lat="39.932143" lon="3.128778"/>
    <trkpt lat="39.932148" lon="3.128726"/>
    <trkpt lat="39.932268" lon="3.128022"/>
    <trkpt lat="39.932285" lon="3.127932"/>
    <trkpt lat="39.932301" lon="3.127857"/>
    <trkpt lat="39.932319" lon="3.127805"/>
    <trkpt lat="39.932346" lon="3.127748"/>
    <trkpt lat="39.932393" lon="3.127664"/>
    <trkpt lat="39.932467" lon="3.127543"/>
    <trkpt lat="39.932518" lon="3.127456"/>
    <trkpt lat="39.932601" lon="3.127325"/>
    <trkpt lat="39.932656" lon="3.127249"/>
    <trkpt lat="39.932737" lon="3.127156"/>
    <trkpt lat="39.932986" lon="3.126876"/>
    <trkpt lat="39.933042" lon="3.126805"/>
    <trkpt lat="39.933093" lon="3.126726"/>
    <trkpt lat="39.933140" lon="3.126648"/>
    <trkpt lat="39.933505" lon="3.125979"/>
    <trkpt lat="39.933541" lon="3.125902"/>
    <trkpt lat="39.933576" lon="3.125818"/>
    <trkpt lat="39.933609" lon="3.125728"/>
    <trkpt lat="39.933623" lon="3.125678"/>
    <trkpt lat="39.933632" lon="3.125630"/>
    <trkpt lat="39.933635" lon="3.125585"/>
    <trkpt lat="39.933634" lon="3.125544"/>
    <trkpt lat="39.933628" lon="3.125501"/>
    <trkpt lat="39.933617" lon="3.125465"/>
    <trkpt lat="39.933603" lon="3.125427"/>
    <trkpt lat="39.933586" lon="3.125396"/>
    <trkpt lat="39.933568" lon="3.125368"/>
    <trkpt lat="39.933543" lon="3.125342"/>
    <trkpt lat="39.933515" lon="3.125318"/>
    <trkpt lat="39.933480" lon="3.125295"/>
    <trkpt lat="39.933438" lon="3.125276"/>
    <trkpt lat="39.933387" lon="3.125261"/>
    <trkpt lat="39.933300" lon="3.125248"/>
    <trkpt lat="39.932697" lon="3.125229"/>
    <trkpt lat="39.932588" lon="3.125214"/>
    <trkpt lat="39.932470" lon="3.125188"/>
    <trkpt lat="39.932403" lon="3.125161"/>
    <trkpt lat="39.932316" lon="3.125114"/>
    <trkpt lat="39.932270" lon="3.125086"/>
    <trkpt lat="39.932217" lon="3.125042"/>
    <trkpt lat="39.932178" lon="3.124995"/>
    <trkpt lat="39.932145" lon="3.124943"/>
    <trkpt lat="39.932112" lon="3.124878"/>
    <trkpt lat="39.932076" lon="3.124800"/>
    <trkpt lat="39.932046" lon="3.124711"/>
    <trkpt lat="39.932001" lon="3.124558"/>
    <trkpt lat="39.931977" lon="3.124455"/>
    <trkpt lat="39.931765" lon="3.123328"/>
    <trkpt lat="39.931752" lon="3.123283"/>
    <trkpt lat="39.931731" lon="3.123237"/>
    <trkpt lat="39.931706" lon="3.123194"/>
    <trkpt lat="39.931677" lon="3.123157"/>
    <trkpt lat="39.931640" lon="3.123119"/>
    <trkpt lat="39.931609" lon="3.123093"/>
    <trkpt lat="39.931575" lon="3.123074"/>
    <trkpt lat="39.931537" lon="3.123060"/>
    <trkpt lat="39.931501" lon="3.123052"/>
    <trkpt lat="39.931462" lon="3.123047"/>
    <trkpt lat="39.931422" lon="3.123052"/>
    <trkpt lat="39.931122" lon="3.123150"/>
    <trkpt lat="39.931085" lon="3.123154"/>
    <trkpt lat="39.931045" lon="3.123150"/>
    <trkpt lat="39.931002" lon="3.123139"/>
    <trkpt lat="39.930845" lon="3.123083"/>
    <trkpt lat="39.930809" lon="3.123075"/>
    <trkpt lat="39.930778" lon="3.123076"/>
    <trkpt lat="39.930745" lon="3.123088"/>
    <trkpt lat="39.930720" lon="3.123103"/>
    <trkpt lat="39.930695" lon="3.123126"/>
    <trkpt lat="39.930666" lon="3.123161"/>
    <trkpt lat="39.930638" lon="3.123207"/>
    <trkpt lat="39.930622" lon="3.123249"/>
    <trkpt lat="39.930535" lon="3.123551"/>
    <trkpt lat="39.930405" lon="3.124069"/>
    <trkpt lat="39.930385" lon="3.124171"/>
    <trkpt lat="39.930377" lon="3.124249"/>
    <trkpt lat="39.930376" lon="3.124320"/>
    <trkpt lat="39.930394" lon="3.124577"/>
    <trkpt lat="39.930394" lon="3.124622"/>
    <trkpt lat="39.930388" lon="3.124667"/>
    <trkpt lat="39.930376" lon="3.124706"/>
    <trkpt lat="39.930359" lon="3.124733"/>
    <trkpt lat="39.930341" lon="3.124749"/>
    <trkpt lat="39.930322" lon="3.124753"/>
    <trkpt lat="39.930301" lon="3.124750"/>
    <trkpt lat="39.930282" lon="3.124736"/>
    <trkpt lat="39.930264" lon="3.124715"/>
    <trkpt lat="39.930246" lon="3.124680"/>
    <trkpt lat="39.930234" lon="3.124633"/>
    <trkpt lat="39.930229" lon="3.124585"/>
    <trkpt lat="39.930229" lon="3.124516"/>
    <trkpt lat="39.930233" lon="3.124453"/>
    <trkpt lat="39.930253" lon="3.124260"/>
    <trkpt lat="39.930284" lon="3.123993"/>
    <trkpt lat="39.930291" lon="3.123898"/>
    <trkpt lat="39.930296" lon="3.123796"/>
    <trkpt lat="39.930296" lon="3.123662"/>
    <trkpt lat="39.930293" lon="3.123545"/>
    <trkpt lat="39.930268" lon="3.123087"/>
    <trkpt lat="39.930271" lon="3.123012"/>
    <trkpt lat="39.930280" lon="3.122945"/>
    <trkpt lat="39.930296" lon="3.122881"/>
    <trkpt lat="39.930318" lon="3.122825"/>
    <trkpt lat="39.930354" lon="3.122768"/>
    <trkpt lat="39.930710" lon="3.122368"/>
    <trkpt lat="39.930774" lon="3.122311"/>
    <trkpt lat="39.930848" lon="3.122269"/>
    <trkpt lat="39.931022" lon="3.122189"/>
    <trkpt lat="39.931052" lon="3.122168"/>
    <trkpt lat="39.931073" lon="3.122140"/>
    <trkpt lat="39.931089" lon="3.122111"/>
    <trkpt lat="39.931100" lon="3.122075"/>
    <trkpt lat="39.931105" lon="3.122031"/>
    <trkpt lat="39.931106" lon="3.121992"/>
    <trkpt lat="39.931098" lon="3.121952"/>
    <trkpt lat="39.931083" lon="3.121913"/>
    <trkpt lat="39.931060" lon="3.121889"/>
    <trkpt lat="39.930905" lon="3.121758"/>
    <trkpt lat="39.930857" lon="3.121733"/>
    <trkpt lat="39.930761" lon="3.121699"/>
    <trkpt lat="39.930728" lon="3.121681"/>
    <trkpt lat="39.930692" lon="3.121657"/>
    <trkpt lat="39.930648" lon="3.121614"/>
    <trkpt lat="39.930625" lon="3.121588"/>
    <trkpt lat="39.930606" lon="3.121559"/>
    <trkpt lat="39.930592" lon="3.121516"/>
    <trkpt lat="39.930567" lon="3.121355"/>
    <trkpt lat="39.930562" lon="3.121307"/>
    <trkpt lat="39.930563" lon="3.121257"/>
    <trkpt lat="39.930571" lon="3.121214"/>
    <trkpt lat="39.930586" lon="3.121178"/>
    <trkpt lat="39.930643" lon="3.121079"/>
    <trkpt lat="39.930659" lon="3.121033"/>
    <trkpt lat="39.930667" lon="3.120989"/>
    <trkpt lat="39.930670" lon="3.120939"/>
    <trkpt lat="39.930667" lon="3.120834"/>
    <trkpt lat="39.930659" lon="3.120744"/>
    <trkpt lat="39.930645" lon="3.120668"/>
    <trkpt lat="39.930622" lon="3.120595"/>
    <trkpt lat="39.930570" lon="3.120454"/>
    <trkpt lat="39.930540" lon="3.120375"/>
    <trkpt lat="39.930515" lon="3.120300"/>
    <trkpt lat="39.930501" lon="3.120218"/>
    <trkpt lat="39.930494" lon="3.120136"/>
    <trkpt lat="39.930489" lon="3.120055"/>
    <trkpt lat="39.930475" lon="3.119978"/>
    <trkpt lat="39.930454" lon="3.119913"/>
    <trkpt lat="39.930387" lon="3.119733"/>
    <trkpt lat="39.930368" lon="3.119670"/>
    <trkpt lat="39.930360" lon="3.119604"/>
    <trkpt lat="39.930360" lon="3.119540"/>
    <trkpt lat="39.930365" lon="3.119364"/>
    <trkpt lat="39.930363" lon="3.119220"/>
    <trkpt lat="39.930355" lon="3.119000"/>
    <trkpt lat="39.930328" lon="3.118529"/>
    <trkpt lat="39.930326" lon="3.118431"/>
    <trkpt lat="39.930332" lon="3.118341"/>
    <trkpt lat="39.930347" lon="3.118264"/>
    <trkpt lat="39.930370" lon="3.118183"/>
    <trkpt lat="39.930409" lon="3.118085"/>
    <trkpt lat="39.930487" lon="3.117887"/>
    <trkpt lat="39.930523" lon="3.117761"/>
    <trkpt lat="39.930551" lon="3.117638"/>
    <trkpt lat="39.930650" lon="3.117053"/>
    <trkpt lat="39.930654" lon="3.116974"/>
    <trkpt lat="39.930653" lon="3.116894"/>
    <trkpt lat="39.930644" lon="3.116813"/>
    <trkpt lat="39.930629" lon="3.116741"/>
    <trkpt lat="39.930451" lon="3.116209"/>
    <trkpt lat="39.930432" lon="3.116130"/>
    <trkpt lat="39.930422" lon="3.116063"/>
    <trkpt lat="39.930418" lon="3.115984"/>
    <trkpt lat="39.930418" lon="3.115894"/>
    <trkpt lat="39.930435" lon="3.115685"/>
    <trkpt lat="39.930437" lon="3.115622"/>
    <trkpt lat="39.930431" lon="3.115567"/>
    <trkpt lat="39.930417" lon="3.115513"/>
    <trkpt lat="39.930396" lon="3.115464"/>
    <trkpt lat="39.930282" lon="3.115271"/>
    <trkpt lat="39.930181" lon="3.115109"/>
    <trkpt lat="39.930110" lon="3.115028"/>
    <trkpt lat="39.929880" lon="3.114799"/>
    <trkpt lat="39.929799" lon="3.114735"/>
    <trkpt lat="39.929629" lon="3.114619"/>
    <trkpt lat="39.929595" lon="3.114591"/>
    <trkpt lat="39.929559" lon="3.114546"/>
    <trkpt lat="39.929544" lon="3.114523"/>
    <trkpt lat="39.929530" lon="3.114493"/>
    <trkpt lat="39.929521" lon="3.114466"/>
    <trkpt lat="39.929513" lon="3.114439"/>
    <trkpt lat="39.929511" lon="3.114407"/>
    <trkpt lat="39.929512" lon="3.114371"/>
    <trkpt lat="39.929521" lon="3.114273"/>
    <trkpt lat="39.929527" lon="3.114228"/>
    <trkpt lat="39.929527" lon="3.114190"/>
    <trkpt lat="39.929521" lon="3.114154"/>
    <trkpt lat="39.929504" lon="3.114097"/>
    <trkpt lat="39.929484" lon="3.114037"/>
    <trkpt lat="39.929399" lon="3.113787"/>
    <trkpt lat="39.929380" lon="3.113728"/>
    <trkpt lat="39.929372" lon="3.113658"/>
    <trkpt lat="39.929373" lon="3.113603"/>
    <trkpt lat="39.929378" lon="3.113541"/>
    <trkpt lat="39.929400" lon="3.113372"/>
    <trkpt lat="39.929405" lon="3.113274"/>
    <trkpt lat="39.929402" lon="3.113173"/>
    <trkpt lat="39.929373" lon="3.112779"/>
    <trkpt lat="39.929372" lon="3.112757"/>
    <trkpt lat="39.929340" lon="3.112251"/>
    <trkpt lat="39.929312" lon="3.111883"/>
    <trkpt lat="39.929308" lon="3.111860"/>
    <trkpt lat="39.929302" lon="3.111836"/>
    <trkpt lat="39.929289" lon="3.111808"/>
    <trkpt lat="39.929272" lon="3.111787"/>
    <trkpt lat="39.929253" lon="3.111772"/>
    <trkpt lat="39.929235" lon="3.111763"/>
    <trkpt lat="39.929215" lon="3.111760"/>
    <trkpt lat="39.929198" lon="3.111760"/>
    <trkpt lat="39.929179" lon="3.111768"/>
    <trkpt lat="39.929158" lon="3.111782"/>
    <trkpt lat="39.929139" lon="3.111804"/>
    <trkpt lat="39.929122" lon="3.111834"/>
    <trkpt lat="39.929109" lon="3.111865"/>
    <trkpt lat="39.929099" lon="3.111907"/>
    <trkpt lat="39.929094" lon="3.111950"/>
    <trkpt lat="39.929122" lon="3.112338"/>
    <trkpt lat="39.929137" lon="3.112472"/>
    <trkpt lat="39.929221" lon="3.112882"/>
    <trkpt lat="39.929224" lon="3.112920"/>
    <trkpt lat="39.929220" lon="3.112954"/>
    <trkpt lat="39.929212" lon="3.112981"/>
    <trkpt lat="39.929198" lon="3.113002"/>
    <trkpt lat="39.929182" lon="3.113013"/>
    <trkpt lat="39.929161" lon="3.113016"/>
    <trkpt lat="39.929142" lon="3.113011"/>
    <trkpt lat="39.929126" lon="3.113003"/>
    <trkpt lat="39.929109" lon="3.112987"/>
    <trkpt lat="39.929099" lon="3.112969"/>
    <trkpt lat="39.928989" lon="3.112489"/>
    <trkpt lat="39.928935" lon="3.112257"/>
    <trkpt lat="39.928793" lon="3.111829"/>
    <trkpt lat="39.928700" lon="3.111390"/>
    <trkpt lat="39.928693" lon="3.111283"/>
    <trkpt lat="39.928703" lon="3.111198"/>
    <trkpt lat="39.928726" lon="3.111131"/>
    <trkpt lat="39.928782" lon="3.111030"/>
    <trkpt lat="39.928833" lon="3.110940"/>
    <trkpt lat="39.928874" lon="3.110855"/>
    <trkpt lat="39.928888" lon="3.110770"/>
    <trkpt lat="39.928877" lon="3.110688"/>
    <trkpt lat="39.928818" lon="3.110557"/>
    <trkpt lat="39.928780" lon="3.110484"/>
    <trkpt lat="39.928704" lon="3.110332"/>
    <trkpt lat="39.928646" lon="3.110232"/>
    <trkpt lat="39.928577" lon="3.110102"/>
    <trkpt lat="39.928510" lon="3.110047"/>
    <trkpt lat="39.928432" lon="3.110021"/>
    <trkpt lat="39.928100" lon="3.110010"/>
    <trkpt lat="39.928044" lon="3.109996"/>
    <trkpt lat="39.927712" lon="3.109857"/>
    <trkpt lat="39.927287" lon="3.109658"/>
    <trkpt lat="39.927174" lon="3.109626"/>
    <trkpt lat="39.927086" lon="3.109645"/>
    <trkpt lat="39.926933" lon="3.109738"/>
    <trkpt lat="39.926869" lon="3.109756"/>
    <trkpt lat="39.926817" lon="3.109743"/>
    <trkpt lat="39.926767" lon="3.109703"/>
    <trkpt lat="39.926581" lon="3.109476"/>
    <trkpt lat="39.926504" lon="3.109406"/>
    <trkpt lat="39.926434" lon="3.109366"/>
    <trkpt lat="39.926330" lon="3.109344"/>
    <trkpt lat="39.926171" lon="3.109343"/>
    <trkpt lat="39.925999" lon="3.109359"/>
    <trkpt lat="39.925922" lon="3.109341"/>
    <trkpt lat="39.925859" lon="3.109293"/>
    <trkpt lat="39.925804" lon="3.109224"/>
    <trkpt lat="39.925636" lon="3.108848"/>
    <trkpt lat="39.925546" lon="3.108679"/>
    <trkpt lat="39.925462" lon="3.108564"/>
    <trkpt lat="39.925405" lon="3.108516"/>
    <trkpt lat="39.925339" lon="3.108491"/>
    <trkpt lat="39.925243" lon="3.108480"/>
    <trkpt lat="39.925043" lon="3.108488"/>
    <trkpt lat="39.924966" lon="3.108463"/>
    <trkpt lat="39.924899" lon="3.108414"/>
    <trkpt lat="39.924842" lon="3.108339"/>
    <trkpt lat="39.924560" lon="3.107655"/>
    <trkpt lat="39.924499" lon="3.107567"/>
    <trkpt lat="39.924440" lon="3.107510"/>
    <trkpt lat="39.924357" lon="3.107479"/>
    <trkpt lat="39.924274" lon="3.107488"/>
    <trkpt lat="39.923716" lon="3.107772"/>
    <trkpt lat="39.923584" lon="3.107811"/>
    <trkpt lat="39.923474" lon="3.107812"/>
    <trkpt lat="39.922990" lon="3.107701"/>
    <trkpt lat="39.922853" lon="3.107652"/>
    <trkpt lat="39.922328" lon="3.107391"/>
    <trkpt lat="39.922210" lon="3.107348"/>
    <trkpt lat="39.921760" lon="3.107266"/>
    <trkpt lat="39.921578" lon="3.107214"/>
    <trkpt lat="39.921151" lon="3.107052"/>
    <trkpt lat="39.920990" lon="3.107024"/>
    <trkpt lat="39.919774" lon="3.106995"/>
    <trkpt lat="39.919628" lon="3.106968"/>
    <trkpt lat="39.919452" lon="3.106887"/>
    <trkpt lat="39.918812" lon="3.106472"/>
    <trkpt lat="39.918493" lon="3.106300"/>
    <trkpt lat="39.917848" lon="3.105827"/>
    <trkpt lat="39.917491" lon="3.105657"/>
    <trkpt lat="39.917382" lon="3.105630"/>
    <trkpt lat="39.917310" lon="3.105625"/>
    <trkpt lat="39.917227" lon="3.105660"/>
    <trkpt lat="39.917163" lon="3.105720"/>
    <trkpt lat="39.917121" lon="3.105804"/>
    <trkpt lat="39.917101" lon="3.105913"/>
    <trkpt lat="39.917105" lon="3.106020"/>
    <trkpt lat="39.917151" lon="3.106319"/>
    <trkpt lat="39.917246" lon="3.106748"/>
    <trkpt lat="39.917250" lon="3.106852"/>
    <trkpt lat="39.917236" lon="3.106945"/>
    <trkpt lat="39.917198" lon="3.107025"/>
    <trkpt lat="39.916926" lon="3.107378"/>
    <trkpt lat="39.916552" lon="3.107864"/>
    <trkpt lat="39.916477" lon="3.107922"/>
    <trkpt lat="39.916409" lon="3.107944"/>
    <trkpt lat="39.916344" lon="3.107946"/>
    <trkpt lat="39.916285" lon="3.107924"/>
    <trkpt lat="39.916214" lon="3.107865"/>
    <trkpt lat="39.915859" lon="3.107388"/>
    <trkpt lat="39.915404" lon="3.106885"/>
    <trkpt lat="39.914955" lon="3.106380"/>
    <trkpt lat="39.914610" lon="3.105893"/>
    <trkpt lat="39.914536" lon="3.105803"/>
    <trkpt lat="39.914227" lon="3.105526"/>
    <trkpt lat="39.913762" lon="3.105127"/>
    <trkpt lat="39.913581" lon="3.105007"/>
    <trkpt lat="39.913364" lon="3.104938"/>
    <trkpt lat="39.913153" lon="3.104893"/>
    <trkpt lat="39.913024" lon="3.104838"/>
    <trkpt lat="39.912700" lon="3.104567"/>
    <trkpt lat="39.912502" lon="3.104455"/>
    <trkpt lat="39.912276" lon="3.104391"/>
    <trkpt lat="39.912016" lon="3.104368"/>
    <trkpt lat="39.911611" lon="3.104355"/>
    <trkpt lat="39.911554" lon="3.104329"/>
    <trkpt lat="39.911521" lon="3.104270"/>
    <trkpt lat="39.911519" lon="3.104232"/>
    <trkpt lat="39.911518" lon="3.104200"/>
    <trkpt lat="39.911550" lon="3.104129"/>
    <trkpt lat="39.911609" lon="3.104097"/>
    <trkpt lat="39.912241" lon="3.104063"/>
    <trkpt lat="39.912505" lon="3.104091"/>
    <trkpt lat="39.913624" lon="3.104373"/>
    <trkpt lat="39.914712" lon="3.104666"/>
    <trkpt lat="39.914789" lon="3.104659"/>
    <trkpt lat="39.914847" lon="3.104617"/>
    <trkpt lat="39.914884" lon="3.104554"/>
    <trkpt lat="39.914895" lon="3.104512"/>
    <trkpt lat="39.914904" lon="3.104479"/>
    <trkpt lat="39.914901" lon="3.104397"/>
    <trkpt lat="39.914880" lon="3.104333"/>
    <trkpt lat="39.914829" lon="3.104263"/>
    <trkpt lat="39.913956" lon="3.103653"/>
    <trkpt lat="39.913087" lon="3.103047"/>
    <trkpt lat="39.912576" lon="3.102683"/>
    <trkpt lat="39.912487" lon="3.102604"/>
    <trkpt lat="39.912375" lon="3.102467"/>
    <trkpt lat="39.912306" lon="3.102309"/>
    <trkpt lat="39.912261" lon="3.102116"/>
    <trkpt lat="39.912256" lon="3.101932"/>
    <trkpt lat="39.912277" lon="3.101743"/>
    <trkpt lat="39.912323" lon="3.101521"/>
    <trkpt lat="39.912576" lon="3.100427"/>
    <trkpt lat="39.912654" lon="3.100084"/>
    <trkpt lat="39.912781" lon="3.099846"/>
    <trkpt lat="39.912816" lon="3.099801"/>
    <trkpt lat="39.912890" lon="3.099743"/>
    <trkpt lat="39.912913" lon="3.099723"/>
    <trkpt lat="39.912928" lon="3.099706"/>
    <trkpt lat="39.912948" lon="3.099677"/>
    <trkpt lat="39.912959" lon="3.099649"/>
    <trkpt lat="39.912967" lon="3.099619"/>
    <trkpt lat="39.912973" lon="3.099585"/>
    <trkpt lat="39.912973" lon="3.099552"/>
    <trkpt lat="39.912969" lon="3.099519"/>
    <trkpt lat="39.912960" lon="3.099486"/>
    <trkpt lat="39.912950" lon="3.099460"/>
    <trkpt lat="39.912941" lon="3.099421"/>
    <trkpt lat="39.912937" lon="3.099383"/>
    <trkpt lat="39.912937" lon="3.099340"/>
    <trkpt lat="39.912939" lon="3.099315"/>
    <trkpt lat="39.912954" lon="3.099127"/>
    <trkpt lat="39.913118" lon="3.098414"/>
    <trkpt lat="39.913194" lon="3.098081"/>
    <trkpt lat="39.913220" lon="3.097968"/>
    <trkpt lat="39.913330" lon="3.097480"/>
    <trkpt lat="39.913538" lon="3.096601"/>
    <trkpt lat="39.913616" lon="3.096260"/>
    <trkpt lat="39.913672" lon="3.095979"/>
    <trkpt lat="39.913709" lon="3.095746"/>
    <trkpt lat="39.913738" lon="3.095546"/>
    <trkpt lat="39.913764" lon="3.095331"/>
    <trkpt lat="39.913780" lon="3.095159"/>
    <trkpt lat="39.913793" lon="3.094969"/>
    <trkpt lat="39.913804" lon="3.094764"/>
    <trkpt lat="39.913809" lon="3.094525"/>
    <trkpt lat="39.913808" lon="3.094342"/>
    <trkpt lat="39.913801" lon="3.094094"/>
    <trkpt lat="39.913780" lon="3.093620"/>
    <trkpt lat="39.913753" lon="3.093068"/>
    <trkpt lat="39.913683" lon="3.091674"/>
    <trkpt lat="39.913622" lon="3.090606"/>
    <trkpt lat="39.913580" lon="3.089724"/>
    <trkpt lat="39.913544" lon="3.088931"/>
    <trkpt lat="39.913506" lon="3.088165"/>
    <trkpt lat="39.913469" lon="3.087527"/>
    <trkpt lat="39.913433" lon="3.087104"/>
    <trkpt lat="39.913367" lon="3.086709"/>
    <trkpt lat="39.913280" lon="3.086262"/>
    <trkpt lat="39.913159" lon="3.085806"/>
    <trkpt lat="39.912989" lon="3.085272"/>
    <trkpt lat="39.912935" lon="3.085134"/>
    <trkpt lat="39.912813" lon="3.084814"/>
    <trkpt lat="39.912752" lon="3.084589"/>
    <trkpt lat="39.912751" lon="3.084525"/>
    <trkpt lat="39.912764" lon="3.084472"/>
    <trkpt lat="39.912801" lon="3.084387"/>
    <trkpt lat="39.912813" lon="3.084306"/>
    <trkpt lat="39.912812" lon="3.084236"/>
    <trkpt lat="39.912796" lon="3.084151"/>
    <trkpt lat="39.912777" lon="3.084082"/>
    <trkpt lat="39.912751" lon="3.084033"/>
    <trkpt lat="39.912725" lon="3.083992"/>
    <trkpt lat="39.912681" lon="3.083951"/>
    <trkpt lat="39.912632" lon="3.083919"/>
    <trkpt lat="39.912576" lon="3.083898"/>
    <trkpt lat="39.912537" lon="3.083894"/>
    <trkpt lat="39.912488" lon="3.083866"/>
    <trkpt lat="39.912456" lon="3.083837"/>
    <trkpt lat="39.912431" lon="3.083811"/>
    <trkpt lat="39.912313" lon="3.083645"/>
    <trkpt lat="39.911946" lon="3.082954"/>
    <trkpt lat="39.911602" lon="3.082338"/>
    <trkpt lat="39.911091" lon="3.081516"/>
    <trkpt lat="39.910723" lon="3.080967"/>
    <trkpt lat="39.910529" lon="3.080707"/>
    <trkpt lat="39.910266" lon="3.080342"/>
    <trkpt lat="39.909657" lon="3.079585"/>
    <trkpt lat="39.909418" lon="3.079289"/>
    <trkpt lat="39.909369" lon="3.079124"/>
    <trkpt lat="39.909348" lon="3.079054"/>
    <trkpt lat="39.909331" lon="3.078981"/>
    <trkpt lat="39.909323" lon="3.078928"/>
    <trkpt lat="39.909321" lon="3.078911"/>
    <trkpt lat="39.909317" lon="3.078836"/>
    <trkpt lat="39.909321" lon="3.078790"/>
    <trkpt lat="39.909320" lon="3.078743"/>
    <trkpt lat="39.909312" lon="3.078697"/>
    <trkpt lat="39.909300" lon="3.078653"/>
    <trkpt lat="39.909281" lon="3.078612"/>
    <trkpt lat="39.909258" lon="3.078575"/>
    <trkpt lat="39.909231" lon="3.078544"/>
    <trkpt lat="39.909200" lon="3.078519"/>
    <trkpt lat="39.909167" lon="3.078500"/>
    <trkpt lat="39.909131" lon="3.078489"/>
    <trkpt lat="39.909081" lon="3.078487"/>
    <trkpt lat="39.909032" lon="3.078498"/>
    <trkpt lat="39.908986" lon="3.078524"/>
    <trkpt lat="39.908945" lon="3.078563"/>
    <trkpt lat="39.908935" lon="3.078576"/>
    <trkpt lat="39.908831" lon="3.078548"/>
    <trkpt lat="39.908739" lon="3.078532"/>
    <trkpt lat="39.908691" lon="3.078521"/>
    <trkpt lat="39.908633" lon="3.078502"/>
    <trkpt lat="39.908547" lon="3.078459"/>
    <trkpt lat="39.907505" lon="3.077490"/>
    <trkpt lat="39.907072" lon="3.077152"/>
    <trkpt lat="39.906660" lon="3.076829"/>
    <trkpt lat="39.906406" lon="3.076648"/>
    <trkpt lat="39.905875" lon="3.076269"/>
    <trkpt lat="39.905465" lon="3.075973"/>
    <trkpt lat="39.904920" lon="3.075584"/>
    <trkpt lat="39.904840" lon="3.075481"/>
    <trkpt lat="39.904805" lon="3.075412"/>
    <trkpt lat="39.904787" lon="3.075322"/>
    <trkpt lat="39.904772" lon="3.075205"/>
    <trkpt lat="39.904767" lon="3.075182"/>
    <trkpt lat="39.904752" lon="3.075128"/>
    <trkpt lat="39.904730" lon="3.075077"/>
    <trkpt lat="39.904702" lon="3.075032"/>
    <trkpt lat="39.904669" lon="3.074994"/>
    <trkpt lat="39.904632" lon="3.074962"/>
    <trkpt lat="39.904591" lon="3.074939"/>
    <trkpt lat="39.904552" lon="3.074926"/>
    <trkpt lat="39.904511" lon="3.074920"/>
    <trkpt lat="39.904470" lon="3.074922"/>
    <trkpt lat="39.904430" lon="3.074932"/>
    <trkpt lat="39.904391" lon="3.074950"/>
    <trkpt lat="39.904354" lon="3.074975"/>
    <trkpt lat="39.904321" lon="3.075007"/>
    <trkpt lat="39.904293" lon="3.075045"/>
    <trkpt lat="39.904268" lon="3.075088"/>
    <trkpt lat="39.904264" lon="3.075097"/>
    <trkpt lat="39.904247" lon="3.075141"/>
    <trkpt lat="39.904235" lon="3.075187"/>
    <trkpt lat="39.904228" lon="3.075235"/>
    <trkpt lat="39.904226" lon="3.075285"/>
    <trkpt lat="39.904229" lon="3.075334"/>
    <trkpt lat="39.904237" lon="3.075382"/>
    <trkpt lat="39.904250" lon="3.075428"/>
    <trkpt lat="39.904271" lon="3.075478"/>
    <trkpt lat="39.904299" lon="3.075523"/>
    <trkpt lat="39.904331" lon="3.075562"/>
    <trkpt lat="39.904368" lon="3.075594"/>
    <trkpt lat="39.904407" lon="3.075618"/>
    <trkpt lat="39.904450" lon="3.075633"/>
    <trkpt lat="39.904484" lon="3.075661"/>
    <trkpt lat="39.904519" lon="3.075693"/>
    <trkpt lat="39.904561" lon="3.075740"/>
    <trkpt lat="39.904602" lon="3.075805"/>
    <trkpt lat="39.904674" lon="3.075970"/>
    <trkpt lat="39.904743" lon="3.076198"/>
    <trkpt lat="39.904788" lon="3.076349"/>
    <trkpt lat="39.904953" lon="3.076896"/>
    <trkpt lat="39.904980" lon="3.076983"/>
    <trkpt lat="39.905030" lon="3.077151"/>
    <trkpt lat="39.905149" lon="3.077545"/>
    <trkpt lat="39.905235" lon="3.077831"/>
    <trkpt lat="39.905430" lon="3.078474"/>
    <trkpt lat="39.905663" lon="3.079248"/>
    <trkpt lat="39.905851" lon="3.079871"/>
    <trkpt lat="39.905937" lon="3.080157"/>
    <trkpt lat="39.906082" lon="3.080634"/>
    <trkpt lat="39.906170" lon="3.080926"/>
    <trkpt lat="39.906185" lon="3.080981"/>
    <trkpt lat="39.906197" lon="3.081035"/>
    <trkpt lat="39.906205" lon="3.081083"/>
    <trkpt lat="39.906217" lon="3.081173"/>
    <trkpt lat="39.906229" lon="3.081290"/>
    <trkpt lat="39.906273" lon="3.081745"/>
    <trkpt lat="39.906278" lon="3.081808"/>
    <trkpt lat="39.906353" lon="3.082501"/>
    <trkpt lat="39.906351" lon="3.082648"/>
    <trkpt lat="39.906350" lon="3.082689"/>
    <trkpt lat="39.906323" lon="3.082686"/>
    <trkpt lat="39.906297" lon="3.082694"/>
    <trkpt lat="39.906274" lon="3.082712"/>
    <trkpt lat="39.906255" lon="3.082738"/>
    <trkpt lat="39.906244" lon="3.082770"/>
    <trkpt lat="39.906241" lon="3.082802"/>
    <trkpt lat="39.906245" lon="3.082834"/>
    <trkpt lat="39.906255" lon="3.082863"/>
    <trkpt lat="39.906273" lon="3.082890"/>
    <trkpt lat="39.906297" lon="3.082908"/>
    <trkpt lat="39.906324" lon="3.082916"/>
    <trkpt lat="39.906351" lon="3.082913"/>
    <trkpt lat="39.906379" lon="3.082897"/>
    <trkpt lat="39.906401" lon="3.082870"/>
    <trkpt lat="39.906414" lon="3.082835"/>
    <trkpt lat="39.906418" lon="3.082796"/>
    <trkpt lat="39.906411" lon="3.082757"/>
    <trkpt lat="39.906395" lon="3.082724"/>
    <trkpt lat="39.906382" lon="3.082708"/>
    <trkpt lat="39.906436" lon="3.082682"/>
    <trkpt lat="39.906470" lon="3.082661"/>
    <trkpt lat="39.906500" lon="3.082641"/>
    <trkpt lat="39.906533" lon="3.082618"/>
    <trkpt lat="39.906903" lon="3.082329"/>
    <trkpt lat="39.907307" lon="3.082729"/>
    <trkpt lat="39.907973" lon="3.083396"/>
    <trkpt lat="39.908057" lon="3.083480"/>
    <trkpt lat="39.908468" lon="3.083892"/>
    <trkpt lat="39.909036" lon="3.082953"/>
    <trkpt lat="39.909550" lon="3.082124"/>
    <trkpt lat="39.909600" lon="3.082040"/>
    <trkpt lat="39.910011" lon="3.081346"/>
    <trkpt lat="39.909799" lon="3.081129"/>
    <trkpt lat="39.909580" lon="3.080902"/>
    <trkpt lat="39.908875" lon="3.080155"/>
    <trkpt lat="39.908529" lon="3.079789"/>
    <trkpt lat="39.908480" lon="3.079738"/>
    <trkpt lat="39.908534" lon="3.079654"/>
    <trkpt lat="39.908628" lon="3.079502"/>
    <trkpt lat="39.908744" lon="3.079319"/>
    <trkpt lat="39.908831" lon="3.079181"/>
    <trkpt lat="39.909021" lon="3.079096"/>
    <trkpt lat="39.909062" lon="3.079068"/>
    <trkpt lat="39.909101" lon="3.079071"/>
    <trkpt lat="39.909139" lon="3.079066"/>
    <trkpt lat="39.909176" lon="3.079053"/>
    <trkpt lat="39.909210" lon="3.079031"/>
    <trkpt lat="39.909241" lon="3.079003"/>
    <trkpt lat="39.909268" lon="3.078968"/>
    <trkpt lat="39.909290" lon="3.078928"/>
    <trkpt lat="39.909306" lon="3.078883"/>
    <trkpt lat="39.909317" lon="3.078836"/>
    <trkpt lat="39.909321" lon="3.078790"/>
    <trkpt lat="39.909320" lon="3.078743"/>
    <trkpt lat="39.909312" lon="3.078697"/>
    <trkpt lat="39.909300" lon="3.078653"/>
    <trkpt lat="39.909281" lon="3.078612"/>
    <trkpt lat="39.909258" lon="3.078575"/>
    <trkpt lat="39.909231" lon="3.078544"/>
    <trkpt lat="39.909200" lon="3.078519"/>
    <trkpt lat="39.909167" lon="3.078500"/>
    <trkpt lat="39.909131" lon="3.078489"/>
    <trkpt lat="39.909081" lon="3.078487"/>
    <trkpt lat="39.909032" lon="3.078498"/>
    <trkpt lat="39.908986" lon="3.078524"/>
    <trkpt lat="39.908945" lon="3.078563"/>
    <trkpt lat="39.908935" lon="3.078576"/>
    <trkpt lat="39.908831" lon="3.078548"/>
    <trkpt lat="39.908739" lon="3.078532"/>
    <trkpt lat="39.908691" lon="3.078521"/>
    <trkpt lat="39.908633" lon="3.078502"/>
    <trkpt lat="39.908547" lon="3.078459"/>
    <trkpt lat="39.907505" lon="3.077490"/>
    <trkpt lat="39.907072" lon="3.077152"/>
    <trkpt lat="39.906660" lon="3.076829"/>
    <trkpt lat="39.906406" lon="3.076648"/>
    <trkpt lat="39.905875" lon="3.076269"/>
    <trkpt lat="39.905465" lon="3.075973"/>
    <trkpt lat="39.904920" lon="3.075584"/>
    <trkpt lat="39.904840" lon="3.075481"/>
    <trkpt lat="39.904805" lon="3.075412"/>
    <trkpt lat="39.904787" lon="3.075322"/>
    <trkpt lat="39.904772" lon="3.075205"/>
    <trkpt lat="39.904767" lon="3.075182"/>
    <trkpt lat="39.904752" lon="3.075128"/>
    <trkpt lat="39.904730" lon="3.075077"/>
    <trkpt lat="39.904702" lon="3.075032"/>
    <trkpt lat="39.904669" lon="3.074994"/>
    <trkpt lat="39.904632" lon="3.074962"/>
    <trkpt lat="39.904591" lon="3.074939"/>
    <trkpt lat="39.904505" lon="3.074892"/>
    <trkpt lat="39.904463" lon="3.074862"/>
    <trkpt lat="39.904408" lon="3.074824"/>
    <trkpt lat="39.904368" lon="3.074776"/>
    <trkpt lat="39.904331" lon="3.074720"/>
    <trkpt lat="39.904263" lon="3.074578"/>
    <trkpt lat="39.904254" lon="3.074549"/>
    <trkpt lat="39.904101" lon="3.074042"/>
    <trkpt lat="39.904015" lon="3.073759"/>
    <trkpt lat="39.903905" lon="3.073394"/>
    <trkpt lat="39.903754" lon="3.072892"/>
    <trkpt lat="39.903636" lon="3.072502"/>
    <trkpt lat="39.903325" lon="3.071471"/>
    <trkpt lat="39.903197" lon="3.071045"/>
    <trkpt lat="39.903017" lon="3.070448"/>
    <trkpt lat="39.902950" lon="3.070226"/>
    <trkpt lat="39.902890" lon="3.070029"/>
    <trkpt lat="39.902767" lon="3.069681"/>
    <trkpt lat="39.902777" lon="3.069348"/>
    <trkpt lat="39.902793" lon="3.069295"/>
    <trkpt lat="39.902794" lon="3.069237"/>
    <trkpt lat="39.902782" lon="3.069187"/>
    <trkpt lat="39.902759" lon="3.069145"/>
    <trkpt lat="39.902726" lon="3.069114"/>
    <trkpt lat="39.902687" lon="3.069098"/>
    <trkpt lat="39.902647" lon="3.069098"/>
    <trkpt lat="39.902609" lon="3.069115"/>
    <trkpt lat="39.902586" lon="3.069036"/>
    <trkpt lat="39.902480" lon="3.068659"/>
    <trkpt lat="39.902137" lon="3.067534"/>
    <trkpt lat="39.901970" lon="3.066976"/>
    <trkpt lat="39.901958" lon="3.066937"/>
    <trkpt lat="39.901605" lon="3.065765"/>
    <trkpt lat="39.901501" lon="3.065416"/>
    <trkpt lat="39.901127" lon="3.064174"/>
    <trkpt lat="39.901103" lon="3.064093"/>
    <trkpt lat="39.901052" lon="3.063921"/>
    <trkpt lat="39.900910" lon="3.063443"/>
    <trkpt lat="39.900552" lon="3.062235"/>
    <trkpt lat="39.900529" lon="3.062159"/>
    <trkpt lat="39.900485" lon="3.062008"/>
    <trkpt lat="39.900242" lon="3.061195"/>
    <trkpt lat="39.900185" lon="3.061005"/>
    <trkpt lat="39.900008" lon="3.060413"/>
    <trkpt lat="39.899833" lon="3.059829"/>
    <trkpt lat="39.899587" lon="3.059036"/>
    <trkpt lat="39.899562" lon="3.058952"/>
    <trkpt lat="39.899249" lon="3.057915"/>
    <trkpt lat="39.899160" lon="3.057618"/>
    <trkpt lat="39.899012" lon="3.057120"/>
    <trkpt lat="39.899004" lon="3.057097"/>
    <trkpt lat="39.898185" lon="3.054313"/>
    <trkpt lat="39.897865" lon="3.053258"/>
    <trkpt lat="39.897569" lon="3.052267"/>
    <trkpt lat="39.897388" lon="3.051665"/>
    <trkpt lat="39.897352" lon="3.051530"/>
    <trkpt lat="39.896751" lon="3.049533"/>
    <trkpt lat="39.896713" lon="3.049406"/>
    <trkpt lat="39.896415" lon="3.048419"/>
    <trkpt lat="39.896314" lon="3.048091"/>
    <trkpt lat="39.896295" lon="3.048011"/>
    <trkpt lat="39.896098" lon="3.047386"/>
    <trkpt lat="39.895927" lon="3.046844"/>
    <trkpt lat="39.895913" lon="3.046796"/>
    <trkpt lat="39.895901" lon="3.046757"/>
    <trkpt lat="39.895582" lon="3.045829"/>
    <trkpt lat="39.895510" lon="3.045604"/>
    <trkpt lat="39.895469" lon="3.045486"/>
    <trkpt lat="39.895163" lon="3.044616"/>
    <trkpt lat="39.894999" lon="3.044095"/>
    <trkpt lat="39.894632" lon="3.043104"/>
    <trkpt lat="39.894394" lon="3.042419"/>
    <trkpt lat="39.894298" lon="3.042151"/>
    <trkpt lat="39.894137" lon="3.041719"/>
    <trkpt lat="39.893655" lon="3.040320"/>
    <trkpt lat="39.893579" lon="3.040103"/>
    <trkpt lat="39.893501" lon="3.039876"/>
    <trkpt lat="39.893448" lon="3.039731"/>
    <trkpt lat="39.893202" lon="3.039020"/>
    <trkpt lat="39.892875" lon="3.037968"/>
    <trkpt lat="39.892741" lon="3.037543"/>
    <trkpt lat="39.892607" lon="3.037098"/>
    <trkpt lat="39.892503" lon="3.036772"/>
    <trkpt lat="39.892311" lon="3.036158"/>
    <trkpt lat="39.892222" lon="3.035874"/>
    <trkpt lat="39.892200" lon="3.035803"/>
    <trkpt lat="39.892031" lon="3.035383"/>
    <trkpt lat="39.891887" lon="3.035026"/>
    <trkpt lat="39.891804" lon="3.034855"/>
    <trkpt lat="39.891578" lon="3.034393"/>
    <trkpt lat="39.891413" lon="3.034131"/>
    <trkpt lat="39.891245" lon="3.033863"/>
    <trkpt lat="39.891205" lon="3.033800"/>
    <trkpt lat="39.891105" lon="3.033642"/>
    <trkpt lat="39.890849" lon="3.033315"/>
    <trkpt lat="39.890629" lon="3.033034"/>
    <trkpt lat="39.890245" lon="3.032571"/>
    <trkpt lat="39.889601" lon="3.031793"/>
    <trkpt lat="39.889549" lon="3.031731"/>
    <trkpt lat="39.889441" lon="3.031605"/>
    <trkpt lat="39.889335" lon="3.031482"/>
    <trkpt lat="39.889087" lon="3.031181"/>
    <trkpt lat="39.888994" lon="3.031073"/>
    <trkpt lat="39.888812" lon="3.030863"/>
    <trkpt lat="39.888510" lon="3.030512"/>
    <trkpt lat="39.888410" lon="3.030400"/>
    <trkpt lat="39.887944" lon="3.029805"/>
    <trkpt lat="39.887455" lon="3.029167"/>
    <trkpt lat="39.886831" lon="3.028077"/>
    <trkpt lat="39.886656" lon="3.027696"/>
    <trkpt lat="39.886544" lon="3.027400"/>
    <trkpt lat="39.886035" lon="3.026125"/>
    <trkpt lat="39.885260" lon="3.024187"/>
    <trkpt lat="39.885068" lon="3.023705"/>
    <trkpt lat="39.885041" lon="3.023641"/>
    <trkpt lat="39.884931" lon="3.023194"/>
    <trkpt lat="39.884761" lon="3.022504"/>
    <trkpt lat="39.884714" lon="3.022372"/>
    <trkpt lat="39.884703" lon="3.022327"/>
    <trkpt lat="39.884686" lon="3.022285"/>
    <trkpt lat="39.884664" lon="3.022249"/>
    <trkpt lat="39.884636" lon="3.022219"/>
    <trkpt lat="39.884604" lon="3.022197"/>
    <trkpt lat="39.884570" lon="3.022183"/>
    <trkpt lat="39.884534" lon="3.022178"/>
    <trkpt lat="39.884499" lon="3.022182"/>
    <trkpt lat="39.884464" lon="3.022195"/>
    <trkpt lat="39.884431" lon="3.022216"/>
    <trkpt lat="39.884402" lon="3.022246"/>
    <trkpt lat="39.884379" lon="3.022283"/>
    <trkpt lat="39.884241" lon="3.022397"/>
    <trkpt lat="39.884118" lon="3.022511"/>
    <trkpt lat="39.883948" lon="3.022570"/>
    <trkpt lat="39.883808" lon="3.022629"/>
    <trkpt lat="39.883735" lon="3.022659"/>
    <trkpt lat="39.883382" lon="3.022819"/>
    <trkpt lat="39.883186" lon="3.022945"/>
    <trkpt lat="39.883043" lon="3.023052"/>
    <trkpt lat="39.882998" lon="3.023086"/>
    <trkpt lat="39.882688" lon="3.023319"/>
    <trkpt lat="39.882205" lon="3.023674"/>
    <trkpt lat="39.881988" lon="3.023834"/>
    <trkpt lat="39.881730" lon="3.024008"/>
    <trkpt lat="39.881433" lon="3.024127"/>
    <trkpt lat="39.881258" lon="3.024168"/>
    <trkpt lat="39.881076" lon="3.024206"/>
    <trkpt lat="39.880801" lon="3.024207"/>
    <trkpt lat="39.880633" lon="3.024180"/>
    <trkpt lat="39.880474" lon="3.024149"/>
    <trkpt lat="39.880242" lon="3.024081"/>
    <trkpt lat="39.880015" lon="3.023966"/>
    <trkpt lat="39.879144" lon="3.023448"/>
    <trkpt lat="39.879056" lon="3.023395"/>
    <trkpt lat="39.879040" lon="3.023385"/>
    <trkpt lat="39.878179" lon="3.022897"/>
    <trkpt lat="39.877731" lon="3.022624"/>
    <trkpt lat="39.877230" lon="3.022327"/>
    <trkpt lat="39.877152" lon="3.022279"/>
    <trkpt lat="39.877034" lon="3.022209"/>
    <trkpt lat="39.876603" lon="3.021951"/>
    <trkpt lat="39.876248" lon="3.021698"/>
    <trkpt lat="39.876137" lon="3.021572"/>
    <trkpt lat="39.875991" lon="3.021394"/>
    <trkpt lat="39.875971" lon="3.021303"/>
    <trkpt lat="39.875929" lon="3.021225"/>
    <trkpt lat="39.875870" lon="3.021170"/>
    <trkpt lat="39.875801" lon="3.021141"/>
    <trkpt lat="39.875728" lon="3.021144"/>
    <trkpt lat="39.875659" lon="3.021178"/>
    <trkpt lat="39.875630" lon="3.021204"/>
    <trkpt lat="39.875246" lon="3.021028"/>
    <trkpt lat="39.874923" lon="3.020726"/>
    <trkpt lat="39.874718" lon="3.020491"/>
    <trkpt lat="39.874518" lon="3.020242"/>
    <trkpt lat="39.874311" lon="3.019924"/>
    <trkpt lat="39.874269" lon="3.019861"/>
    <trkpt lat="39.874205" lon="3.019764"/>
    <trkpt lat="39.874091" lon="3.019577"/>
    <trkpt lat="39.873890" lon="3.019231"/>
    <trkpt lat="39.873744" lon="3.018995"/>
    <trkpt lat="39.873623" lon="3.018767"/>
    <trkpt lat="39.873363" lon="3.018329"/>
    <trkpt lat="39.872508" lon="3.016891"/>
    <trkpt lat="39.872498" lon="3.016875"/>
    <trkpt lat="39.872429" lon="3.016761"/>
    <trkpt lat="39.871824" lon="3.015718"/>
    <trkpt lat="39.871304" lon="3.014830"/>
    <trkpt lat="39.871061" lon="3.014432"/>
    <trkpt lat="39.870853" lon="3.014175"/>
    <trkpt lat="39.870602" lon="3.013929"/>
    <trkpt lat="39.870333" lon="3.013709"/>
    <trkpt lat="39.870049" lon="3.013505"/>
    <trkpt lat="39.869828" lon="3.013414"/>
    <trkpt lat="39.869572" lon="3.013333"/>
    <trkpt lat="39.869499" lon="3.013310"/>
    <trkpt lat="39.869243" lon="3.013290"/>
    <trkpt lat="39.869078" lon="3.013287"/>
    <trkpt lat="39.868990" lon="3.013285"/>
    <trkpt lat="39.868643" lon="3.013321"/>
    <trkpt lat="39.868479" lon="3.013366"/>
    <trkpt lat="39.868323" lon="3.013409"/>
    <trkpt lat="39.867798" lon="3.013618"/>
    <trkpt lat="39.867676" lon="3.013665"/>
    <trkpt lat="39.866913" lon="3.013949"/>
    <trkpt lat="39.866818" lon="3.013989"/>
    <trkpt lat="39.866423" lon="3.014154"/>
    <trkpt lat="39.866238" lon="3.014243"/>
    <trkpt lat="39.865973" lon="3.014433"/>
    <trkpt lat="39.865796" lon="3.014577"/>
    <trkpt lat="39.865632" lon="3.014707"/>
    <trkpt lat="39.865400" lon="3.014930"/>
    <trkpt lat="39.865070" lon="3.015336"/>
    <trkpt lat="39.864788" lon="3.015748"/>
    <trkpt lat="39.864397" lon="3.016349"/>
    <trkpt lat="39.864066" lon="3.016861"/>
    <trkpt lat="39.863892" lon="3.017105"/>
    <trkpt lat="39.863645" lon="3.017585"/>
    <trkpt lat="39.863501" lon="3.017929"/>
    <trkpt lat="39.863315" lon="3.018402"/>
    <trkpt lat="39.863177" lon="3.018786"/>
    <trkpt lat="39.862937" lon="3.019459"/>
    <trkpt lat="39.862911" lon="3.019534"/>
    <trkpt lat="39.862855" lon="3.019699"/>
    <trkpt lat="39.862023" lon="3.021997"/>
    <trkpt lat="39.861943" lon="3.022217"/>
    <trkpt lat="39.861775" lon="3.022696"/>
    <trkpt lat="39.861597" lon="3.023143"/>
    <trkpt lat="39.861525" lon="3.023304"/>
    <trkpt lat="39.861342" lon="3.023640"/>
    <trkpt lat="39.861132" lon="3.023960"/>
    <trkpt lat="39.861072" lon="3.024052"/>
    <trkpt lat="39.860974" lon="3.024202"/>
    <trkpt lat="39.860826" lon="3.024397"/>
    <trkpt lat="39.860607" lon="3.024699"/>
    <trkpt lat="39.860364" lon="3.025036"/>
    <trkpt lat="39.860307" lon="3.025114"/>
    <trkpt lat="39.859515" lon="3.026189"/>
    <trkpt lat="39.859010" lon="3.026872"/>
    <trkpt lat="39.858626" lon="3.027402"/>
    <trkpt lat="39.857944" lon="3.028304"/>
    <trkpt lat="39.857364" lon="3.029125"/>
    <trkpt lat="39.856992" lon="3.029722"/>
    <trkpt lat="39.856446" lon="3.030592"/>
    <trkpt lat="39.856117" lon="3.031050"/>
    <trkpt lat="39.855863" lon="3.031374"/>
    <trkpt lat="39.855500" lon="3.031768"/>
    <trkpt lat="39.855023" lon="3.032286"/>
    <trkpt lat="39.854258" lon="3.033115"/>
    <trkpt lat="39.853809" lon="3.033587"/>
    <trkpt lat="39.853548" lon="3.033886"/>
    <trkpt lat="39.853306" lon="3.034096"/>
    <trkpt lat="39.853095" lon="3.034233"/>
    <trkpt lat="39.852901" lon="3.034314"/>
    <trkpt lat="39.852669" lon="3.034374"/>
    <trkpt lat="39.852526" lon="3.034401"/>
    <trkpt lat="39.852309" lon="3.034403"/>
    <trkpt lat="39.852093" lon="3.034359"/>
    <trkpt lat="39.851836" lon="3.034288"/>
    <trkpt lat="39.851567" lon="3.034184"/>
    <trkpt lat="39.851225" lon="3.034005"/>
    <trkpt lat="39.850945" lon="3.033843"/>
    <trkpt lat="39.850622" lon="3.033674"/>
    <trkpt lat="39.850217" lon="3.033537"/>
    <trkpt lat="39.849920" lon="3.033481"/>
    <trkpt lat="39.849472" lon="3.033437"/>
    <trkpt lat="39.849189" lon="3.033420"/>
    <trkpt lat="39.848378" lon="3.033371"/>
    <trkpt lat="39.847706" lon="3.033282"/>
    <trkpt lat="39.847498" lon="3.033236"/>
    <trkpt lat="39.847187" lon="3.033147"/>
    <trkpt lat="39.846873" lon="3.033022"/>
    <trkpt lat="39.846545" lon="3.032835"/>
    <trkpt lat="39.845807" lon="3.032271"/>
    <trkpt lat="39.845355" lon="3.031861"/>
    <trkpt lat="39.844583" lon="3.031209"/>
    <trkpt lat="39.844232" lon="3.030927"/>
    <trkpt lat="39.843822" lon="3.030694"/>
    <trkpt lat="39.842952" lon="3.030315"/>
    <trkpt lat="39.841347" lon="3.029635"/>
    <trkpt lat="39.840863" lon="3.029432"/>
    <trkpt lat="39.840457" lon="3.029314"/>
    <trkpt lat="39.840187" lon="3.029281"/>
    <trkpt lat="39.839858" lon="3.029279"/>
    <trkpt lat="39.839367" lon="3.029329"/>
    <trkpt lat="39.837922" lon="3.029464"/>
    <trkpt lat="39.837618" lon="3.029462"/>
    <trkpt lat="39.837318" lon="3.029450"/>
    <trkpt lat="39.836902" lon="3.029423"/>
    <trkpt lat="39.836030" lon="3.029364"/>
    <trkpt lat="39.834857" lon="3.029289"/>
    <trkpt lat="39.833924" lon="3.029260"/>
    <trkpt lat="39.833901" lon="3.029258"/>
    <trkpt lat="39.833811" lon="3.029249"/>
    <trkpt lat="39.832992" lon="3.029196"/>
    <trkpt lat="39.832664" lon="3.029152"/>
    <trkpt lat="39.830978" lon="3.029065"/>
    <trkpt lat="39.829218" lon="3.028946"/>
    <trkpt lat="39.828316" lon="3.028891"/>
    <trkpt lat="39.827565" lon="3.028842"/>
    <trkpt lat="39.827100" lon="3.028814"/>
    <trkpt lat="39.825752" lon="3.028745"/>
    <trkpt lat="39.824266" lon="3.028560"/>
    <trkpt lat="39.823167" lon="3.028339"/>
    <trkpt lat="39.820043" lon="3.027359"/>
    <trkpt lat="39.819405" lon="3.027205"/>
    <trkpt lat="39.819089" lon="3.027154"/>
    <trkpt lat="39.818777" lon="3.027105"/>
    <trkpt lat="39.816846" lon="3.026793"/>
    <trkpt lat="39.816751" lon="3.026789"/>
    <trkpt lat="39.816140" lon="3.026760"/>
    <trkpt lat="39.813899" lon="3.026495"/>
    <trkpt lat="39.813478" lon="3.026424"/>
    <trkpt lat="39.811860" lon="3.026124"/>
    <trkpt lat="39.811218" lon="3.026004"/>
    <trkpt lat="39.810572" lon="3.025900"/>
    <trkpt lat="39.809737" lon="3.025657"/>
    <trkpt lat="39.809174" lon="3.025336"/>
    <trkpt lat="39.808893" lon="3.025158"/>
    <trkpt lat="39.807210" lon="3.024090"/>
    <trkpt lat="39.806762" lon="3.023809"/>
    <trkpt lat="39.806668" lon="3.023733"/>
    <trkpt lat="39.804698" lon="3.022421"/>
    <trkpt lat="39.804160" lon="3.022075"/>
    <trkpt lat="39.803367" lon="3.021542"/>
    <trkpt lat="39.803236" lon="3.021457"/>
    <trkpt lat="39.803040" lon="3.021331"/>
    <trkpt lat="39.802720" lon="3.021125"/>
    <trkpt lat="39.802678" lon="3.021103"/>
    <trkpt lat="39.802517" lon="3.021018"/>
    <trkpt lat="39.802326" lon="3.020896"/>
    <trkpt lat="39.802287" lon="3.020870"/>
    <trkpt lat="39.802145" lon="3.020779"/>
    <trkpt lat="39.802119" lon="3.020768"/>
    <trkpt lat="39.801824" lon="3.020617"/>
    <trkpt lat="39.801605" lon="3.020522"/>
    <trkpt lat="39.801346" lon="3.020446"/>
    <trkpt lat="39.801082" lon="3.020386"/>
    <trkpt lat="39.800676" lon="3.020356"/>
    <trkpt lat="39.800242" lon="3.020366"/>
    <trkpt lat="39.799829" lon="3.020430"/>
    <trkpt lat="39.799444" lon="3.020490"/>
    <trkpt lat="39.798649" lon="3.020629"/>
    <trkpt lat="39.798371" lon="3.020675"/>
    <trkpt lat="39.798059" lon="3.020726"/>
    <trkpt lat="39.797469" lon="3.020826"/>
    <trkpt lat="39.796995" lon="3.020910"/>
    <trkpt lat="39.796917" lon="3.020901"/>
    <trkpt lat="39.796828" lon="3.020913"/>
    <trkpt lat="39.796734" lon="3.020919"/>
    <trkpt lat="39.796643" lon="3.020915"/>
    <trkpt lat="39.796544" lon="3.020904"/>
    <trkpt lat="39.796461" lon="3.020883"/>
    <trkpt lat="39.796383" lon="3.020854"/>
    <trkpt lat="39.796334" lon="3.020828"/>
    <trkpt lat="39.796289" lon="3.020798"/>
    <trkpt lat="39.796260" lon="3.020772"/>
    <trkpt lat="39.796193" lon="3.020691"/>
    <trkpt lat="39.796180" lon="3.020674"/>
    <trkpt lat="39.796161" lon="3.020657"/>
    <trkpt lat="39.796142" lon="3.020644"/>
    <trkpt lat="39.796122" lon="3.020636"/>
    <trkpt lat="39.796101" lon="3.020632"/>
    <trkpt lat="39.796081" lon="3.020630"/>
    <trkpt lat="39.796057" lon="3.020635"/>
    <trkpt lat="39.796036" lon="3.020644"/>
    <trkpt lat="39.796015" lon="3.020658"/>
    <trkpt lat="39.795997" lon="3.020675"/>
    <trkpt lat="39.795981" lon="3.020697"/>
    <trkpt lat="39.795967" lon="3.020723"/>
    <trkpt lat="39.795958" lon="3.020749"/>
    <trkpt lat="39.795952" lon="3.020779"/>
    <trkpt lat="39.795932" lon="3.020847"/>
    <trkpt lat="39.795913" lon="3.020884"/>
    <trkpt lat="39.795889" lon="3.020911"/>
    <trkpt lat="39.795867" lon="3.020931"/>
    <trkpt lat="39.795848" lon="3.020949"/>
    <trkpt lat="39.795813" lon="3.020967"/>
    <trkpt lat="39.795791" lon="3.020974"/>
    <trkpt lat="39.795766" lon="3.020978"/>
    <trkpt lat="39.795739" lon="3.020977"/>
    <trkpt lat="39.795714" lon="3.020972"/>
    <trkpt lat="39.795678" lon="3.020962"/>
    <trkpt lat="39.795638" lon="3.020947"/>
    <trkpt lat="39.795548" lon="3.020928"/>
    <trkpt lat="39.795436" lon="3.020873"/>
    <trkpt lat="39.795345" lon="3.020828"/>
    <trkpt lat="39.795186" lon="3.020754"/>
    <trkpt lat="39.795118" lon="3.020731"/>
    <trkpt lat="39.795055" lon="3.020717"/>
    <trkpt lat="39.794994" lon="3.020706"/>
    <trkpt lat="39.794939" lon="3.020700"/>
    <trkpt lat="39.794879" lon="3.020698"/>
    <trkpt lat="39.794810" lon="3.020703"/>
    <trkpt lat="39.794752" lon="3.020711"/>
    <trkpt lat="39.794646" lon="3.020722"/>
    <trkpt lat="39.794527" lon="3.020780"/>
    <trkpt lat="39.794477" lon="3.020806"/>
    <trkpt lat="39.794444" lon="3.020822"/>
    <trkpt lat="39.794412" lon="3.020831"/>
    <trkpt lat="39.794381" lon="3.020834"/>
    <trkpt lat="39.794358" lon="3.020834"/>
    <trkpt lat="39.794328" lon="3.020830"/>
    <trkpt lat="39.794295" lon="3.020816"/>
    <trkpt lat="39.794242" lon="3.020787"/>
    <trkpt lat="39.794202" lon="3.020758"/>
    <trkpt lat="39.794159" lon="3.020735"/>
    <trkpt lat="39.794115" lon="3.020719"/>
    <trkpt lat="39.794068" lon="3.020708"/>
    <trkpt lat="39.794001" lon="3.020707"/>
    <trkpt lat="39.793939" lon="3.020716"/>
    <trkpt lat="39.793878" lon="3.020739"/>
    <trkpt lat="39.793817" lon="3.020774"/>
    <trkpt lat="39.793762" lon="3.020823"/>
    <trkpt lat="39.793715" lon="3.020878"/>
    <trkpt lat="39.793672" lon="3.020947"/>
    <trkpt lat="39.793643" lon="3.021017"/>
    <trkpt lat="39.793621" lon="3.021089"/>
    <trkpt lat="39.793607" lon="3.021179"/>
    <trkpt lat="39.793603" lon="3.021244"/>
    <trkpt lat="39.793606" lon="3.021315"/>
    <trkpt lat="39.793614" lon="3.021382"/>
    <trkpt lat="39.793632" lon="3.021447"/>
    <trkpt lat="39.793648" lon="3.021536"/>
    <trkpt lat="39.793647" lon="3.021582"/>
    <trkpt lat="39.793635" lon="3.021625"/>
    <trkpt lat="39.793618" lon="3.021657"/>
    <trkpt lat="39.793598" lon="3.021687"/>
    <trkpt lat="39.793570" lon="3.021710"/>
    <trkpt lat="39.793536" lon="3.021728"/>
    <trkpt lat="39.793499" lon="3.021739"/>
    <trkpt lat="39.793467" lon="3.021744"/>
    <trkpt lat="39.793424" lon="3.021747"/>
    <trkpt lat="39.793373" lon="3.021743"/>
    <trkpt lat="39.793316" lon="3.021729"/>
    <trkpt lat="39.793261" lon="3.021709"/>
    <trkpt lat="39.793211" lon="3.021683"/>
    <trkpt lat="39.793196" lon="3.021667"/>
    <trkpt lat="39.793184" lon="3.021648"/>
    <trkpt lat="39.793156" lon="3.021566"/>
    <trkpt lat="39.793146" lon="3.021531"/>
    <trkpt lat="39.793134" lon="3.021461"/>
    <trkpt lat="39.793134" lon="3.021420"/>
    <trkpt lat="39.793136" lon="3.021380"/>
    <trkpt lat="39.793140" lon="3.021332"/>
    <trkpt lat="39.793165" lon="3.021184"/>
    <trkpt lat="39.793168" lon="3.021135"/>
    <trkpt lat="39.793163" lon="3.021033"/>
    <trkpt lat="39.793164" lon="3.020941"/>
    <trkpt lat="39.793157" lon="3.020840"/>
    <trkpt lat="39.793149" lon="3.020761"/>
    <trkpt lat="39.793138" lon="3.020693"/>
    <trkpt lat="39.793123" lon="3.020620"/>
    <trkpt lat="39.793101" lon="3.020544"/>
    <trkpt lat="39.793075" lon="3.020466"/>
    <trkpt lat="39.793049" lon="3.020401"/>
    <trkpt lat="39.793021" lon="3.020342"/>
    <trkpt lat="39.792775" lon="3.019903"/>
    <trkpt lat="39.792336" lon="3.019112"/>
    <trkpt lat="39.792127" lon="3.018719"/>
    <trkpt lat="39.792024" lon="3.018529"/>
    <trkpt lat="39.791939" lon="3.018384"/>
    <trkpt lat="39.791792" lon="3.018147"/>
    <trkpt lat="39.791540" lon="3.017722"/>
    <trkpt lat="39.791084" lon="3.016966"/>
    <trkpt lat="39.790794" lon="3.016487"/>
    <trkpt lat="39.790677" lon="3.016296"/>
    <trkpt lat="39.790106" lon="3.015356"/>
    <trkpt lat="39.789777" lon="3.014804"/>
    <trkpt lat="39.789262" lon="3.013957"/>
    <trkpt lat="39.789071" lon="3.013639"/>
    <trkpt lat="39.788059" lon="3.011952"/>
    <trkpt lat="39.787887" lon="3.011663"/>
    <trkpt lat="39.787806" lon="3.011521"/>
    <trkpt lat="39.787723" lon="3.011355"/>
    <trkpt lat="39.787661" lon="3.011211"/>
    <trkpt lat="39.787601" lon="3.011042"/>
    <trkpt lat="39.787556" lon="3.010905"/>
    <trkpt lat="39.787438" lon="3.010538"/>
    <trkpt lat="39.787343" lon="3.010244"/>
    <trkpt lat="39.787137" lon="3.009613"/>
    <trkpt lat="39.786785" lon="3.008514"/>
    <trkpt lat="39.786211" lon="3.006729"/>
    <trkpt lat="39.785790" lon="3.005426"/>
    <trkpt lat="39.785569" lon="3.004739"/>
    <trkpt lat="39.785452" lon="3.004384"/>
    <trkpt lat="39.785329" lon="3.004056"/>
    <trkpt lat="39.785049" lon="3.003383"/>
    <trkpt lat="39.784847" lon="3.002949"/>
    <trkpt lat="39.784621" lon="3.002508"/>
    <trkpt lat="39.784451" lon="3.002207"/>
    <trkpt lat="39.784288" lon="3.001940"/>
    <trkpt lat="39.784082" lon="3.001615"/>
    <trkpt lat="39.783812" lon="3.001207"/>
    <trkpt lat="39.783536" lon="3.000810"/>
    <trkpt lat="39.783456" lon="3.000691"/>
    <trkpt lat="39.782971" lon="2.999979"/>
    <trkpt lat="39.782752" lon="2.999666"/>
    <trkpt lat="39.782596" lon="2.999432"/>
    <trkpt lat="39.782436" lon="2.999212"/>
    <trkpt lat="39.782235" lon="2.998961"/>
    <trkpt lat="39.782070" lon="2.998760"/>
    <trkpt lat="39.781687" lon="2.998298"/>
    <trkpt lat="39.781434" lon="2.997993"/>
    <trkpt lat="39.780999" lon="2.997467"/>
    <trkpt lat="39.780865" lon="2.997305"/>
    <trkpt lat="39.780797" lon="2.997229"/>
    <trkpt lat="39.780734" lon="2.997163"/>
    <trkpt lat="39.780681" lon="2.997115"/>
    <trkpt lat="39.780638" lon="2.997077"/>
    <trkpt lat="39.780602" lon="2.997049"/>
    <trkpt lat="39.780532" lon="2.996966"/>
    <trkpt lat="39.780451" lon="2.996912"/>
    <trkpt lat="39.780320" lon="2.996824"/>
    <trkpt lat="39.780162" lon="2.996728"/>
    <trkpt lat="39.780129" lon="2.996706"/>
    <trkpt lat="39.780097" lon="2.996681"/>
    <trkpt lat="39.780064" lon="2.996649"/>
    <trkpt lat="39.780037" lon="2.996609"/>
    <trkpt lat="39.780032" lon="2.996573"/>
    <trkpt lat="39.780019" lon="2.996546"/>
    <trkpt lat="39.780000" lon="2.996526"/>
    <trkpt lat="39.779978" lon="2.996514"/>
    <trkpt lat="39.779941" lon="2.996486"/>
    <trkpt lat="39.779875" lon="2.996436"/>
    <trkpt lat="39.779854" lon="2.996409"/>
    <trkpt lat="39.779836" lon="2.996380"/>
    <trkpt lat="39.779824" lon="2.996348"/>
    <trkpt lat="39.779817" lon="2.996315"/>
    <trkpt lat="39.779812" lon="2.996271"/>
    <trkpt lat="39.779811" lon="2.996055"/>
    <trkpt lat="39.779808" lon="2.996014"/>
    <trkpt lat="39.779806" lon="2.995977"/>
    <trkpt lat="39.779800" lon="2.995914"/>
    <trkpt lat="39.779789" lon="2.995852"/>
    <trkpt lat="39.779753" lon="2.995757"/>
    <trkpt lat="39.779736" lon="2.995689"/>
    <trkpt lat="39.779715" lon="2.995625"/>
    <trkpt lat="39.779691" lon="2.995561"/>
    <trkpt lat="39.779667" lon="2.995502"/>
    <trkpt lat="39.779636" lon="2.995437"/>
    <trkpt lat="39.779605" lon="2.995375"/>
    <trkpt lat="39.779553" lon="2.995280"/>
    <trkpt lat="39.779347" lon="2.994930"/>
    <trkpt lat="39.778879" lon="2.994144"/>
    <trkpt lat="39.778379" lon="2.993310"/>
    <trkpt lat="39.778203" lon="2.993016"/>
    <trkpt lat="39.778095" lon="2.992837"/>
    <trkpt lat="39.777906" lon="2.992560"/>
    <trkpt lat="39.777788" lon="2.992388"/>
    <trkpt lat="39.777641" lon="2.992173"/>
    <trkpt lat="39.777425" lon="2.991857"/>
    <trkpt lat="39.777129" lon="2.991425"/>
    <trkpt lat="39.776901" lon="2.991092"/>
    <trkpt lat="39.776763" lon="2.990890"/>
    <trkpt lat="39.776546" lon="2.990572"/>
    <trkpt lat="39.776328" lon="2.990254"/>
    <trkpt lat="39.776103" lon="2.989924"/>
    <trkpt lat="39.775940" lon="2.989688"/>
    <trkpt lat="39.775834" lon="2.989532"/>
    <trkpt lat="39.775782" lon="2.989459"/>
    <trkpt lat="39.775636" lon="2.989247"/>
    <trkpt lat="39.775578" lon="2.989177"/>
    <trkpt lat="39.775466" lon="2.989055"/>
    <trkpt lat="39.775420" lon="2.989015"/>
    <trkpt lat="39.775338" lon="2.988944"/>
    <trkpt lat="39.775251" lon="2.988880"/>
    <trkpt lat="39.775207" lon="2.988854"/>
    <trkpt lat="39.775147" lon="2.988828"/>
    <trkpt lat="39.775061" lon="2.988801"/>
    <trkpt lat="39.775006" lon="2.988791"/>
    <trkpt lat="39.774966" lon="2.988787"/>
    <trkpt lat="39.774917" lon="2.988787"/>
    <trkpt lat="39.774837" lon="2.988793"/>
    <trkpt lat="39.774776" lon="2.988804"/>
    <trkpt lat="39.774706" lon="2.988822"/>
    <trkpt lat="39.774607" lon="2.988851"/>
    <trkpt lat="39.774231" lon="2.988967"/>
    <trkpt lat="39.774173" lon="2.988983"/>
    <trkpt lat="39.774092" lon="2.988977"/>
    <trkpt lat="39.774062" lon="2.988972"/>
    <trkpt lat="39.774041" lon="2.988965"/>
    <trkpt lat="39.774021" lon="2.988957"/>
    <trkpt lat="39.774009" lon="2.988947"/>
    <trkpt lat="39.773998" lon="2.988935"/>
    <trkpt lat="39.773990" lon="2.988919"/>
    <trkpt lat="39.773984" lon="2.988897"/>
    <trkpt lat="39.773974" lon="2.988839"/>
    <trkpt lat="39.773976" lon="2.988820"/>
    <trkpt lat="39.773975" lon="2.988777"/>
    <trkpt lat="39.773965" lon="2.988735"/>
    <trkpt lat="39.773948" lon="2.988698"/>
    <trkpt lat="39.773935" lon="2.988679"/>
    <trkpt lat="39.773928" lon="2.988637"/>
    <trkpt lat="39.773924" lon="2.988612"/>
    <trkpt lat="39.773923" lon="2.988584"/>
    <trkpt lat="39.773927" lon="2.988554"/>
    <trkpt lat="39.773958" lon="2.988388"/>
    <trkpt lat="39.773969" lon="2.988313"/>
    <trkpt lat="39.774007" lon="2.988152"/>
    <trkpt lat="39.774036" lon="2.988007"/>
    <trkpt lat="39.774055" lon="2.987885"/>
    <trkpt lat="39.774070" lon="2.987763"/>
    <trkpt lat="39.774080" lon="2.987652"/>
    <trkpt lat="39.774080" lon="2.987544"/>
    <trkpt lat="39.774077" lon="2.987439"/>
    <trkpt lat="39.774070" lon="2.987346"/>
    <trkpt lat="39.774058" lon="2.987252"/>
    <trkpt lat="39.774042" lon="2.987155"/>
    <trkpt lat="39.774017" lon="2.987054"/>
    <trkpt lat="39.773989" lon="2.986954"/>
    <trkpt lat="39.773951" lon="2.986848"/>
    <trkpt lat="39.773917" lon="2.986767"/>
    <trkpt lat="39.773885" lon="2.986701"/>
    <trkpt lat="39.773844" lon="2.986626"/>
    <trkpt lat="39.773787" lon="2.986535"/>
    <trkpt lat="39.773726" lon="2.986446"/>
    <trkpt lat="39.773583" lon="2.986239"/>
    <trkpt lat="39.773163" lon="2.985612"/>
    <trkpt lat="39.773052" lon="2.985449"/>
    <trkpt lat="39.772931" lon="2.985261"/>
    <trkpt lat="39.772815" lon="2.985044"/>
    <trkpt lat="39.772677" lon="2.984793"/>
    <trkpt lat="39.772568" lon="2.984581"/>
    <trkpt lat="39.772465" lon="2.984371"/>
    <trkpt lat="39.772346" lon="2.984111"/>
    <trkpt lat="39.772262" lon="2.983909"/>
    <trkpt lat="39.772194" lon="2.983740"/>
    <trkpt lat="39.772093" lon="2.983468"/>
    <trkpt lat="39.772016" lon="2.983250"/>
    <trkpt lat="39.771946" lon="2.983034"/>
    <trkpt lat="39.771873" lon="2.982793"/>
    <trkpt lat="39.771810" lon="2.982568"/>
    <trkpt lat="39.771737" lon="2.982276"/>
    <trkpt lat="39.771678" lon="2.982019"/>
    <trkpt lat="39.771614" lon="2.981707"/>
    <trkpt lat="39.771603" lon="2.981650"/>
    <trkpt lat="39.771561" lon="2.981427"/>
    <trkpt lat="39.771519" lon="2.981190"/>
    <trkpt lat="39.771480" lon="2.980987"/>
    <trkpt lat="39.771455" lon="2.980866"/>
    <trkpt lat="39.771426" lon="2.980751"/>
    <trkpt lat="39.771387" lon="2.980623"/>
    <trkpt lat="39.771328" lon="2.980488"/>
    <trkpt lat="39.771273" lon="2.980381"/>
    <trkpt lat="39.770956" lon="2.979784"/>
    <trkpt lat="39.770641" lon="2.979200"/>
    <trkpt lat="39.770599" lon="2.979120"/>
    <trkpt lat="39.770275" lon="2.978510"/>
    <trkpt lat="39.769858" lon="2.977728"/>
    <trkpt lat="39.769687" lon="2.977408"/>
    <trkpt lat="39.769447" lon="2.976958"/>
    <trkpt lat="39.769354" lon="2.976783"/>
    <trkpt lat="39.769218" lon="2.976530"/>
    <trkpt lat="39.769107" lon="2.976317"/>
    <trkpt lat="39.769032" lon="2.976185"/>
    <trkpt lat="39.768978" lon="2.976090"/>
    <trkpt lat="39.768859" lon="2.975894"/>
    <trkpt lat="39.768777" lon="2.975773"/>
    <trkpt lat="39.768710" lon="2.975680"/>
    <trkpt lat="39.768634" lon="2.975588"/>
    <trkpt lat="39.768560" lon="2.975508"/>
    <trkpt lat="39.768526" lon="2.975471"/>
    <trkpt lat="39.768197" lon="2.975140"/>
    <trkpt lat="39.767763" lon="2.974738"/>
    <trkpt lat="39.767425" lon="2.974424"/>
    <trkpt lat="39.767033" lon="2.974058"/>
    <trkpt lat="39.766922" lon="2.973915"/>
    <trkpt lat="39.766798" lon="2.973776"/>
    <trkpt lat="39.766709" lon="2.973676"/>
    <trkpt lat="39.766682" lon="2.973637"/>
    <trkpt lat="39.766663" lon="2.973604"/>
    <trkpt lat="39.766636" lon="2.973553"/>
    <trkpt lat="39.766615" lon="2.973508"/>
    <trkpt lat="39.766600" lon="2.973465"/>
    <trkpt lat="39.766579" lon="2.973413"/>
    <trkpt lat="39.766582" lon="2.973398"/>
    <trkpt lat="39.766580" lon="2.973297"/>
    <trkpt lat="39.766568" lon="2.973234"/>
    <trkpt lat="39.766547" lon="2.973183"/>
    <trkpt lat="39.766517" lon="2.973136"/>
    <trkpt lat="39.766489" lon="2.973105"/>
    <trkpt lat="39.766460" lon="2.973083"/>
    <trkpt lat="39.766427" lon="2.973065"/>
    <trkpt lat="39.766399" lon="2.973056"/>
    <trkpt lat="39.766394" lon="2.973055"/>
    <trkpt lat="39.766386" lon="2.973054"/>
    <trkpt lat="39.766293" lon="2.973004"/>
    <trkpt lat="39.766253" lon="2.972973"/>
    <trkpt lat="39.766214" lon="2.972934"/>
    <trkpt lat="39.766184" lon="2.972900"/>
    <trkpt lat="39.766149" lon="2.972849"/>
    <trkpt lat="39.766032" lon="2.972659"/>
    <trkpt lat="39.765917" lon="2.972457"/>
    <trkpt lat="39.765815" lon="2.972272"/>
    <trkpt lat="39.765707" lon="2.972072"/>
    <trkpt lat="39.765540" lon="2.971800"/>
    <trkpt lat="39.765442" lon="2.971617"/>
    <trkpt lat="39.765152" lon="2.971079"/>
    <trkpt lat="39.765006" lon="2.970818"/>
    <trkpt lat="39.764998" lon="2.970805"/>
    <trkpt lat="39.764898" lon="2.970637"/>
    <trkpt lat="39.764818" lon="2.970510"/>
    <trkpt lat="39.764804" lon="2.970488"/>
    <trkpt lat="39.764748" lon="2.970407"/>
    <trkpt lat="39.763931" lon="2.969324"/>
    <trkpt lat="39.763648" lon="2.968947"/>
    <trkpt lat="39.763316" lon="2.968532"/>
    <trkpt lat="39.763080" lon="2.968236"/>
    <trkpt lat="39.762642" lon="2.967687"/>
    <trkpt lat="39.762602" lon="2.967632"/>
    <trkpt lat="39.762229" lon="2.967172"/>
    <trkpt lat="39.761975" lon="2.966867"/>
    <trkpt lat="39.761884" lon="2.966757"/>
    <trkpt lat="39.761746" lon="2.966591"/>
    <trkpt lat="39.761653" lon="2.966489"/>
    <trkpt lat="39.761576" lon="2.966408"/>
    <trkpt lat="39.761507" lon="2.966341"/>
    <trkpt lat="39.761265" lon="2.966119"/>
    <trkpt lat="39.761020" lon="2.965899"/>
    <trkpt lat="39.760645" lon="2.965569"/>
    <trkpt lat="39.760551" lon="2.965483"/>
    <trkpt lat="39.760484" lon="2.965284"/>
    <trkpt lat="39.760476" lon="2.965210"/>
    <trkpt lat="39.760481" lon="2.965153"/>
    <trkpt lat="39.760504" lon="2.965045"/>
    <trkpt lat="39.760518" lon="2.965003"/>
    <trkpt lat="39.760526" lon="2.964955"/>
    <trkpt lat="39.760524" lon="2.964890"/>
    <trkpt lat="39.760513" lon="2.964847"/>
    <trkpt lat="39.760494" lon="2.964802"/>
    <trkpt lat="39.760470" lon="2.964770"/>
    <trkpt lat="39.760442" lon="2.964742"/>
    <trkpt lat="39.760420" lon="2.964731"/>
    <trkpt lat="39.760391" lon="2.964721"/>
    <trkpt lat="39.760356" lon="2.964718"/>
    <trkpt lat="39.760324" lon="2.964721"/>
    <trkpt lat="39.760283" lon="2.964738"/>
    <trkpt lat="39.760247" lon="2.964769"/>
    <trkpt lat="39.760224" lon="2.964802"/>
    <trkpt lat="39.760184" lon="2.964818"/>
    <trkpt lat="39.760159" lon="2.964831"/>
    <trkpt lat="39.760134" lon="2.964839"/>
    <trkpt lat="39.760106" lon="2.964844"/>
    <trkpt lat="39.760053" lon="2.964847"/>
    <trkpt lat="39.759984" lon="2.964840"/>
    <trkpt lat="39.759935" lon="2.964832"/>
    <trkpt lat="39.759894" lon="2.964820"/>
    <trkpt lat="39.759712" lon="2.964726"/>
    <trkpt lat="39.759575" lon="2.964607"/>
    <trkpt lat="39.759301" lon="2.964363"/>
    <trkpt lat="39.759144" lon="2.964227"/>
    <trkpt lat="39.759008" lon="2.964111"/>
    <trkpt lat="39.758908" lon="2.964027"/>
    <trkpt lat="39.758827" lon="2.963964"/>
    <trkpt lat="39.758731" lon="2.963892"/>
    <trkpt lat="39.758665" lon="2.963847"/>
    <trkpt lat="39.758579" lon="2.963794"/>
    <trkpt lat="39.758492" lon="2.963749"/>
    <trkpt lat="39.758419" lon="2.963715"/>
    <trkpt lat="39.758327" lon="2.963677"/>
    <trkpt lat="39.758211" lon="2.963634"/>
    <trkpt lat="39.758102" lon="2.963596"/>
    <trkpt lat="39.757992" lon="2.963563"/>
    <trkpt lat="39.757941" lon="2.963548"/>
    <trkpt lat="39.757643" lon="2.963463"/>
    <trkpt lat="39.757444" lon="2.963402"/>
    <trkpt lat="39.757297" lon="2.963350"/>
    <trkpt lat="39.757059" lon="2.963256"/>
    <trkpt lat="39.756891" lon="2.963187"/>
    <trkpt lat="39.756710" lon="2.963112"/>
    <trkpt lat="39.756545" lon="2.963043"/>
    <trkpt lat="39.756263" lon="2.962922"/>
    <trkpt lat="39.756121" lon="2.962861"/>
    <trkpt lat="39.756006" lon="2.962806"/>
    <trkpt lat="39.755901" lon="2.962753"/>
    <trkpt lat="39.755802" lon="2.962699"/>
    <trkpt lat="39.755478" lon="2.962526"/>
    <trkpt lat="39.755268" lon="2.962423"/>
    <trkpt lat="39.755035" lon="2.962306"/>
    <trkpt lat="39.754917" lon="2.962244"/>
    <trkpt lat="39.754787" lon="2.962174"/>
    <trkpt lat="39.754664" lon="2.962104"/>
    <trkpt lat="39.754482" lon="2.961995"/>
    <trkpt lat="39.754356" lon="2.961918"/>
    <trkpt lat="39.754174" lon="2.961803"/>
    <trkpt lat="39.754029" lon="2.961709"/>
    <trkpt lat="39.753915" lon="2.961636"/>
    <trkpt lat="39.753772" lon="2.961541"/>
    <trkpt lat="39.753573" lon="2.961402"/>
    <trkpt lat="39.753491" lon="2.961344"/>
    <trkpt lat="39.753402" lon="2.961282"/>
    <trkpt lat="39.753241" lon="2.961167"/>
    <trkpt lat="39.753020" lon="2.961000"/>
    <trkpt lat="39.752668" lon="2.960723"/>
    <trkpt lat="39.752599" lon="2.960669"/>
    <trkpt lat="39.752543" lon="2.960627"/>
    <trkpt lat="39.752481" lon="2.960584"/>
    <trkpt lat="39.752437" lon="2.960558"/>
    <trkpt lat="39.752372" lon="2.960525"/>
    <trkpt lat="39.752285" lon="2.960486"/>
    <trkpt lat="39.752099" lon="2.960401"/>
    <trkpt lat="39.752010" lon="2.960361"/>
    <trkpt lat="39.751902" lon="2.960304"/>
    <trkpt lat="39.751815" lon="2.960252"/>
    <trkpt lat="39.751746" lon="2.960202"/>
    <trkpt lat="39.751675" lon="2.960143"/>
    <trkpt lat="39.751634" lon="2.960107"/>
    <trkpt lat="39.751578" lon="2.960055"/>
    <trkpt lat="39.751526" lon="2.960001"/>
    <trkpt lat="39.751469" lon="2.959939"/>
    <trkpt lat="39.751419" lon="2.959881"/>
    <trkpt lat="39.751364" lon="2.959808"/>
    <trkpt lat="39.751307" lon="2.959726"/>
    <trkpt lat="39.751187" lon="2.959550"/>
    <trkpt lat="39.751108" lon="2.959433"/>
    <trkpt lat="39.751024" lon="2.959306"/>
    <trkpt lat="39.750978" lon="2.959241"/>
    <trkpt lat="39.750933" lon="2.959185"/>
    <trkpt lat="39.750885" lon="2.959133"/>
    <trkpt lat="39.750837" lon="2.959090"/>
    <trkpt lat="39.750798" lon="2.959063"/>
    <trkpt lat="39.750746" lon="2.959036"/>
    <trkpt lat="39.750697" lon="2.959016"/>
    <trkpt lat="39.750648" lon="2.959005"/>
    <trkpt lat="39.750593" lon="2.959000"/>
    <trkpt lat="39.750530" lon="2.959007"/>
    <trkpt lat="39.750482" lon="2.959020"/>
    <trkpt lat="39.750427" lon="2.959045"/>
    <trkpt lat="39.750388" lon="2.959069"/>
    <trkpt lat="39.750313" lon="2.959128"/>
    <trkpt lat="39.750280" lon="2.959151"/>
    <trkpt lat="39.750228" lon="2.959148"/>
    <trkpt lat="39.750209" lon="2.959142"/>
    <trkpt lat="39.750188" lon="2.959133"/>
    <trkpt lat="39.750167" lon="2.959119"/>
    <trkpt lat="39.750150" lon="2.959102"/>
    <trkpt lat="39.750133" lon="2.959080"/>
    <trkpt lat="39.750115" lon="2.959049"/>
    <trkpt lat="39.750087" lon="2.958997"/>
    <trkpt lat="39.750056" lon="2.958955"/>
    <trkpt lat="39.750059" lon="2.958927"/>
    <trkpt lat="39.750059" lon="2.958893"/>
    <trkpt lat="39.750053" lon="2.958860"/>
    <trkpt lat="39.750043" lon="2.958829"/>
    <trkpt lat="39.750028" lon="2.958801"/>
    <trkpt lat="39.750009" lon="2.958777"/>
    <trkpt lat="39.749996" lon="2.958765"/>
    <trkpt lat="39.749979" lon="2.958740"/>
    <trkpt lat="39.749967" lon="2.958713"/>
    <trkpt lat="39.749955" lon="2.958674"/>
    <trkpt lat="39.749949" lon="2.958632"/>
    <trkpt lat="39.749946" lon="2.958563"/>
    <trkpt lat="39.749937" lon="2.958496"/>
    <trkpt lat="39.749914" lon="2.958404"/>
    <trkpt lat="39.749901" lon="2.958336"/>
    <trkpt lat="39.749886" lon="2.958271"/>
    <trkpt lat="39.749867" lon="2.958212"/>
    <trkpt lat="39.749844" lon="2.958149"/>
    <trkpt lat="39.749814" lon="2.958073"/>
    <trkpt lat="39.749788" lon="2.958017"/>
    <trkpt lat="39.749761" lon="2.957966"/>
    <trkpt lat="39.749731" lon="2.957917"/>
    <trkpt lat="39.749700" lon="2.957871"/>
    <trkpt lat="39.749655" lon="2.957811"/>
    <trkpt lat="39.749562" lon="2.957694"/>
    <trkpt lat="39.749453" lon="2.957561"/>
    <trkpt lat="39.749249" lon="2.957317"/>
    <trkpt lat="39.749052" lon="2.957075"/>
    <trkpt lat="39.748803" lon="2.956774"/>
    <trkpt lat="39.748502" lon="2.956411"/>
    <trkpt lat="39.748289" lon="2.956153"/>
    <trkpt lat="39.748141" lon="2.955974"/>
    <trkpt lat="39.747915" lon="2.955704"/>
    <trkpt lat="39.747753" lon="2.955508"/>
    <trkpt lat="39.747591" lon="2.955310"/>
    <trkpt lat="39.747354" lon="2.955027"/>
    <trkpt lat="39.747037" lon="2.954641"/>
    <trkpt lat="39.746789" lon="2.954341"/>
    <trkpt lat="39.746633" lon="2.954152"/>
    <trkpt lat="39.746231" lon="2.953672"/>
    <trkpt lat="39.745577" lon="2.952878"/>
    <trkpt lat="39.745341" lon="2.952595"/>
    <trkpt lat="39.745098" lon="2.952302"/>
    <trkpt lat="39.744935" lon="2.952103"/>
    <trkpt lat="39.744699" lon="2.951818"/>
    <trkpt lat="39.744458" lon="2.951528"/>
    <trkpt lat="39.744296" lon="2.951335"/>
    <trkpt lat="39.744058" lon="2.951052"/>
    <trkpt lat="39.743811" lon="2.950762"/>
    <trkpt lat="39.743411" lon="2.950289"/>
    <trkpt lat="39.742928" lon="2.949715"/>
    <trkpt lat="39.742603" lon="2.949326"/>
    <trkpt lat="39.742285" lon="2.948944"/>
    <trkpt lat="39.742012" lon="2.948613"/>
    <trkpt lat="39.741769" lon="2.948320"/>
    <trkpt lat="39.741574" lon="2.948083"/>
    <trkpt lat="39.741290" lon="2.947735"/>
    <trkpt lat="39.740892" lon="2.947246"/>
    <trkpt lat="39.740576" lon="2.946858"/>
    <trkpt lat="39.740409" lon="2.946649"/>
    <trkpt lat="39.740180" lon="2.946370"/>
    <trkpt lat="39.739916" lon="2.946054"/>
    <trkpt lat="39.739663" lon="2.945754"/>
    <trkpt lat="39.739411" lon="2.945460"/>
    <trkpt lat="39.739162" lon="2.945171"/>
    <trkpt lat="39.738945" lon="2.944923"/>
    <trkpt lat="39.738708" lon="2.944656"/>
    <trkpt lat="39.738422" lon="2.944330"/>
    <trkpt lat="39.738147" lon="2.944006"/>
    <trkpt lat="39.737758" lon="2.943528"/>
    <trkpt lat="39.737563" lon="2.943286"/>
    <trkpt lat="39.737254" lon="2.942907"/>
    <trkpt lat="39.737067" lon="2.942685"/>
    <trkpt lat="39.736770" lon="2.942336"/>
    <trkpt lat="39.736677" lon="2.942230"/>
    <trkpt lat="39.736580" lon="2.942127"/>
    <trkpt lat="39.736539" lon="2.942086"/>
    <trkpt lat="39.736405" lon="2.941952"/>
    <trkpt lat="39.736146" lon="2.941706"/>
    <trkpt lat="39.735975" lon="2.941541"/>
    <trkpt lat="39.735709" lon="2.941284"/>
    <trkpt lat="39.735321" lon="2.940886"/>
    <trkpt lat="39.735081" lon="2.940638"/>
    <trkpt lat="39.734925" lon="2.940468"/>
    <trkpt lat="39.734864" lon="2.940406"/>
    <trkpt lat="39.734806" lon="2.940351"/>
    <trkpt lat="39.734747" lon="2.940302"/>
    <trkpt lat="39.734685" lon="2.940255"/>
    <trkpt lat="39.734615" lon="2.940211"/>
    <trkpt lat="39.734569" lon="2.940185"/>
    <trkpt lat="39.734508" lon="2.940155"/>
    <trkpt lat="39.734424" lon="2.940122"/>
    <trkpt lat="39.734269" lon="2.940051"/>
    <trkpt lat="39.734248" lon="2.940036"/>
    <trkpt lat="39.734226" lon="2.940013"/>
    <trkpt lat="39.734208" lon="2.939985"/>
    <trkpt lat="39.734198" lon="2.939951"/>
    <trkpt lat="39.734194" lon="2.939920"/>
    <trkpt lat="39.734192" lon="2.939863"/>
    <trkpt lat="39.734197" lon="2.939827"/>
    <trkpt lat="39.734207" lon="2.939787"/>
    <trkpt lat="39.734221" lon="2.939753"/>
    <trkpt lat="39.734240" lon="2.939723"/>
    <trkpt lat="39.734261" lon="2.939698"/>
    <trkpt lat="39.734292" lon="2.939674"/>
    <trkpt lat="39.734321" lon="2.939658"/>
    <trkpt lat="39.734345" lon="2.939652"/>
    <trkpt lat="39.734368" lon="2.939650"/>
    <trkpt lat="39.734420" lon="2.939664"/>
    <trkpt lat="39.734461" lon="2.939683"/>
    <trkpt lat="39.734531" lon="2.939702"/>
    <trkpt lat="39.734596" lon="2.939705"/>
    <trkpt lat="39.734662" lon="2.939697"/>
    <trkpt lat="39.734725" lon="2.939672"/>
    <trkpt lat="39.734774" lon="2.939642"/>
    <trkpt lat="39.734831" lon="2.939594"/>
    <trkpt lat="39.734874" lon="2.939544"/>
    <trkpt lat="39.734914" lon="2.939481"/>
    <trkpt lat="39.734946" lon="2.939412"/>
    <trkpt lat="39.734973" lon="2.939335"/>
    <trkpt lat="39.734989" lon="2.939251"/>
    <trkpt lat="39.734992" lon="2.939166"/>
    <trkpt lat="39.734984" lon="2.939072"/>
    <trkpt lat="39.734972" lon="2.939012"/>
    <trkpt lat="39.734956" lon="2.938962"/>
    <trkpt lat="39.734941" lon="2.938866"/>
    <trkpt lat="39.734937" lon="2.938828"/>
    <trkpt lat="39.734937" lon="2.938795"/>
    <trkpt lat="39.734939" lon="2.938761"/>
    <trkpt lat="39.734944" lon="2.938729"/>
    <trkpt lat="39.734952" lon="2.938699"/>
    <trkpt lat="39.734959" lon="2.938676"/>
    <trkpt lat="39.734975" lon="2.938620"/>
    <trkpt lat="39.734987" lon="2.938576"/>
    <trkpt lat="39.734996" lon="2.938536"/>
    <trkpt lat="39.735003" lon="2.938493"/>
    <trkpt lat="39.735004" lon="2.938444"/>
    <trkpt lat="39.734996" lon="2.938377"/>
    <trkpt lat="39.734993" lon="2.938338"/>
    <trkpt lat="39.734986" lon="2.938295"/>
    <trkpt lat="39.734975" lon="2.938253"/>
    <trkpt lat="39.734959" lon="2.938212"/>
    <trkpt lat="39.734939" lon="2.938171"/>
    <trkpt lat="39.734913" lon="2.938128"/>
    <trkpt lat="39.734883" lon="2.938086"/>
    <trkpt lat="39.734868" lon="2.938068"/>
    <trkpt lat="39.734850" lon="2.938048"/>
    <trkpt lat="39.734833" lon="2.938031"/>
    <trkpt lat="39.734808" lon="2.938011"/>
    <trkpt lat="39.734769" lon="2.937985"/>
    <trkpt lat="39.734726" lon="2.937958"/>
    <trkpt lat="39.734667" lon="2.937923"/>
    <trkpt lat="39.734558" lon="2.937859"/>
    <trkpt lat="39.734382" lon="2.937756"/>
    <trkpt lat="39.734210" lon="2.937657"/>
    <trkpt lat="39.734069" lon="2.937577"/>
    <trkpt lat="39.733825" lon="2.937432"/>
    <trkpt lat="39.733746" lon="2.937383"/>
    <trkpt lat="39.733696" lon="2.937348"/>
    <trkpt lat="39.733656" lon="2.937317"/>
    <trkpt lat="39.733615" lon="2.937283"/>
    <trkpt lat="39.733571" lon="2.937243"/>
    <trkpt lat="39.733525" lon="2.937199"/>
    <trkpt lat="39.733487" lon="2.937158"/>
    <trkpt lat="39.733451" lon="2.937114"/>
    <trkpt lat="39.733417" lon="2.937072"/>
    <trkpt lat="39.733378" lon="2.937019"/>
    <trkpt lat="39.733354" lon="2.936985"/>
    <trkpt lat="39.733330" lon="2.936947"/>
    <trkpt lat="39.733297" lon="2.936890"/>
    <trkpt lat="39.733269" lon="2.936837"/>
    <trkpt lat="39.733241" lon="2.936780"/>
    <trkpt lat="39.733169" lon="2.936626"/>
    <trkpt lat="39.733047" lon="2.936359"/>
    <trkpt lat="39.732891" lon="2.936025"/>
    <trkpt lat="39.732786" lon="2.935802"/>
    <trkpt lat="39.732064" lon="2.934248"/>
    <trkpt lat="39.728277" lon="2.926105"/>
    <trkpt lat="39.728203" lon="2.925945"/>
    <trkpt lat="39.728009" lon="2.925534"/>
    <trkpt lat="39.727554" lon="2.924554"/>
    <trkpt lat="39.727391" lon="2.924202"/>
    <trkpt lat="39.727179" lon="2.923751"/>
    <trkpt lat="39.727052" lon="2.923483"/>
    <trkpt lat="39.726746" lon="2.922835"/>
    <trkpt lat="39.726615" lon="2.922560"/>
    <trkpt lat="39.726524" lon="2.922382"/>
    <trkpt lat="39.726357" lon="2.922106"/>
    <trkpt lat="39.726189" lon="2.921848"/>
    <trkpt lat="39.726054" lon="2.921652"/>
    <trkpt lat="39.725933" lon="2.921491"/>
    <trkpt lat="39.725767" lon="2.921280"/>
    <trkpt lat="39.725692" lon="2.921190"/>
    <trkpt lat="39.725590" lon="2.921081"/>
    <trkpt lat="39.725267" lon="2.920774"/>
    <trkpt lat="39.725144" lon="2.920673"/>
    <trkpt lat="39.724705" lon="2.920321"/>
    <trkpt lat="39.724612" lon="2.920258"/>
    <trkpt lat="39.724514" lon="2.920192"/>
    <trkpt lat="39.724167" lon="2.919990"/>
    <trkpt lat="39.724044" lon="2.919914"/>
    <trkpt lat="39.723921" lon="2.919836"/>
    <trkpt lat="39.723220" lon="2.919398"/>
    <trkpt lat="39.722867" lon="2.919182"/>
    <trkpt lat="39.722739" lon="2.919102"/>
    <trkpt lat="39.721520" lon="2.918346"/>
    <trkpt lat="39.720448" lon="2.917666"/>
    <trkpt lat="39.720365" lon="2.917596"/>
    <trkpt lat="39.720317" lon="2.917536"/>
    <trkpt lat="39.720298" lon="2.917508"/>
    <trkpt lat="39.720276" lon="2.917464"/>
    <trkpt lat="39.720271" lon="2.917417"/>
    <trkpt lat="39.720262" lon="2.917383"/>
    <trkpt lat="39.720282" lon="2.917324"/>
    <trkpt lat="39.720330" lon="2.917180"/>
    <trkpt lat="39.720339" lon="2.917155"/>
    <trkpt lat="39.720509" lon="2.916704"/>
    <trkpt lat="39.720559" lon="2.916568"/>
    <trkpt lat="39.720618" lon="2.916407"/>
    <trkpt lat="39.720855" lon="2.915765"/>
    <trkpt lat="39.721082" lon="2.915150"/>
    <trkpt lat="39.721128" lon="2.915030"/>
    <trkpt lat="39.721391" lon="2.914291"/>
    <trkpt lat="39.721439" lon="2.914177"/>
    <trkpt lat="39.721458" lon="2.914133"/>
    <trkpt lat="39.721478" lon="2.914108"/>
    <trkpt lat="39.721524" lon="2.914069"/>
    <trkpt lat="39.721551" lon="2.914046"/>
    <trkpt lat="39.721866" lon="2.913790"/>
    <trkpt lat="39.722252" lon="2.913474"/>
    <trkpt lat="39.722284" lon="2.913448"/>
    <trkpt lat="39.722305" lon="2.913409"/>
    <trkpt lat="39.722312" lon="2.913358"/>
    <trkpt lat="39.722304" lon="2.913308"/>
    <trkpt lat="39.722099" lon="2.912856"/>
    <trkpt lat="39.722063" lon="2.912779"/>
    <trkpt lat="39.722002" lon="2.912649"/>
    <trkpt lat="39.721925" lon="2.912449"/>
    <trkpt lat="39.721836" lon="2.912220"/>
    <trkpt lat="39.721761" lon="2.912001"/>
    <trkpt lat="39.721588" lon="2.911561"/>
    <trkpt lat="39.721575" lon="2.911209"/>
    <trkpt lat="39.721569" lon="2.911067"/>
    <trkpt lat="39.720922" lon="2.911565"/>
    <trkpt lat="39.721218" lon="2.911984"/>
    <trkpt lat="39.721259" lon="2.912085"/>
    <trkpt lat="39.721287" lon="2.912151"/>
    <trkpt lat="39.721304" lon="2.912191"/>
    <trkpt lat="39.721404" lon="2.912519"/>
    <trkpt lat="39.721593" lon="2.913082"/>
    <trkpt lat="39.721612" lon="2.913139"/>
    <trkpt lat="39.721298" lon="2.913388"/>
    <trkpt lat="39.721188" lon="2.913462"/>
    <trkpt lat="39.721333" lon="2.913795"/>
    <trkpt lat="39.721336" lon="2.913843"/>
    <trkpt lat="39.721323" lon="2.913901"/>
    <trkpt lat="39.721291" lon="2.913987"/>
    <trkpt lat="39.721215" lon="2.914180"/>
    <trkpt lat="39.720952" lon="2.914876"/>
    <trkpt lat="39.720939" lon="2.914912"/>
    <trkpt lat="39.720700" lon="2.915567"/>
    <trkpt lat="39.720668" lon="2.915657"/>
    <trkpt lat="39.720379" lon="2.916449"/>
    <trkpt lat="39.720328" lon="2.916588"/>
    <trkpt lat="39.720163" lon="2.917059"/>
    <trkpt lat="39.720152" lon="2.917092"/>
    <trkpt lat="39.720121" lon="2.917183"/>
    <trkpt lat="39.720108" lon="2.917212"/>
    <trkpt lat="39.720099" lon="2.917231"/>
    <trkpt lat="39.720087" lon="2.917259"/>
    <trkpt lat="39.720048" lon="2.917273"/>
    <trkpt lat="39.720001" lon="2.917282"/>
    <trkpt lat="39.719911" lon="2.917299"/>
    <trkpt lat="39.719857" lon="2.917293"/>
    <trkpt lat="39.719802" lon="2.917279"/>
    <trkpt lat="39.719211" lon="2.916921"/>
    <trkpt lat="39.719086" lon="2.916845"/>
    <trkpt lat="39.718366" lon="2.916410"/>
    <trkpt lat="39.717328" lon="2.915750"/>
    <trkpt lat="39.717208" lon="2.915676"/>
    <trkpt lat="39.716834" lon="2.915446"/>
    <trkpt lat="39.716704" lon="2.915367"/>
    <trkpt lat="39.716649" lon="2.915318"/>
    <trkpt lat="39.716615" lon="2.915279"/>
    <trkpt lat="39.716599" lon="2.915251"/>
    <trkpt lat="39.716589" lon="2.915226"/>
    <trkpt lat="39.716580" lon="2.915202"/>
    <trkpt lat="39.716578" lon="2.915171"/>
    <trkpt lat="39.716571" lon="2.915142"/>
    <trkpt lat="39.716563" lon="2.915118"/>
    <trkpt lat="39.716553" lon="2.915095"/>
    <trkpt lat="39.716533" lon="2.915067"/>
    <trkpt lat="39.716510" lon="2.915044"/>
    <trkpt lat="39.716484" lon="2.915027"/>
    <trkpt lat="39.716456" lon="2.915016"/>
    <trkpt lat="39.716427" lon="2.915014"/>
    <trkpt lat="39.716409" lon="2.915016"/>
    <trkpt lat="39.716391" lon="2.915020"/>
    <trkpt lat="39.716358" lon="2.915038"/>
    <trkpt lat="39.716304" lon="2.915026"/>
    <trkpt lat="39.716252" lon="2.915017"/>
    <trkpt lat="39.716207" lon="2.914995"/>
    <trkpt lat="39.716151" lon="2.914965"/>
    <trkpt lat="39.716034" lon="2.914894"/>
    <trkpt lat="39.715787" lon="2.914747"/>
    <trkpt lat="39.715532" lon="2.914593"/>
    <trkpt lat="39.715345" lon="2.914479"/>
    <trkpt lat="39.715156" lon="2.914366"/>
    <trkpt lat="39.714905" lon="2.914212"/>
    <trkpt lat="39.714778" lon="2.914131"/>
    <trkpt lat="39.714656" lon="2.914055"/>
    <trkpt lat="39.714534" lon="2.913975"/>
    <trkpt lat="39.714284" lon="2.913817"/>
    <trkpt lat="39.713984" lon="2.913627"/>
    <trkpt lat="39.713877" lon="2.913558"/>
    <trkpt lat="39.713656" lon="2.913417"/>
    <trkpt lat="39.713410" lon="2.913261"/>
    <trkpt lat="39.713218" lon="2.913138"/>
    <trkpt lat="39.712907" lon="2.912942"/>
    <trkpt lat="39.712661" lon="2.912784"/>
    <trkpt lat="39.712473" lon="2.912666"/>
    <trkpt lat="39.712286" lon="2.912546"/>
    <trkpt lat="39.712159" lon="2.912463"/>
    <trkpt lat="39.712039" lon="2.912371"/>
    <trkpt lat="39.711922" lon="2.912269"/>
    <trkpt lat="39.711761" lon="2.912108"/>
    <trkpt lat="39.711602" lon="2.911926"/>
    <trkpt lat="39.711506" lon="2.911799"/>
    <trkpt lat="39.711413" lon="2.911663"/>
    <trkpt lat="39.711324" lon="2.911522"/>
    <trkpt lat="39.711205" lon="2.911305"/>
    <trkpt lat="39.711127" lon="2.911156"/>
    <trkpt lat="39.711055" lon="2.910998"/>
    <trkpt lat="39.710960" lon="2.910755"/>
    <trkpt lat="39.710905" lon="2.910589"/>
    <trkpt lat="39.710857" lon="2.910422"/>
    <trkpt lat="39.710816" lon="2.910250"/>
    <trkpt lat="39.710767" lon="2.909988"/>
    <trkpt lat="39.710747" lon="2.909809"/>
    <trkpt lat="39.710743" lon="2.909721"/>
    <trkpt lat="39.710739" lon="2.909575"/>
    <trkpt lat="39.710742" lon="2.909489"/>
    <trkpt lat="39.710753" lon="2.909406"/>
    <trkpt lat="39.710768" lon="2.909336"/>
    <trkpt lat="39.710787" lon="2.909248"/>
    <trkpt lat="39.710808" lon="2.909207"/>
    <trkpt lat="39.710821" lon="2.909164"/>
    <trkpt lat="39.710830" lon="2.909104"/>
    <trkpt lat="39.710827" lon="2.909044"/>
    <trkpt lat="39.710814" lon="2.908986"/>
    <trkpt lat="39.710791" lon="2.908934"/>
    <trkpt lat="39.710758" lon="2.908888"/>
    <trkpt lat="39.710723" lon="2.908857"/>
    <trkpt lat="39.710681" lon="2.908806"/>
    <trkpt lat="39.710658" lon="2.908765"/>
    <trkpt lat="39.710633" lon="2.908708"/>
    <trkpt lat="39.710613" lon="2.908630"/>
    <trkpt lat="39.710600" lon="2.908561"/>
    <trkpt lat="39.710570" lon="2.908363"/>
    <trkpt lat="39.710333" lon="2.906330"/>
    <trkpt lat="39.710205" lon="2.905175"/>
    <trkpt lat="39.710051" lon="2.903896"/>
    <trkpt lat="39.709947" lon="2.903076"/>
    <trkpt lat="39.709833" lon="2.902176"/>
    <trkpt lat="39.709801" lon="2.902011"/>
    <trkpt lat="39.709730" lon="2.901633"/>
    <trkpt lat="39.709726" lon="2.901585"/>
    <trkpt lat="39.709728" lon="2.901551"/>
    <trkpt lat="39.709735" lon="2.901517"/>
    <trkpt lat="39.709750" lon="2.901479"/>
    <trkpt lat="39.709782" lon="2.901419"/>
    <trkpt lat="39.709804" lon="2.901380"/>
    <trkpt lat="39.709821" lon="2.901336"/>
    <trkpt lat="39.709833" lon="2.901289"/>
    <trkpt lat="39.709839" lon="2.901241"/>
    <trkpt lat="39.709839" lon="2.901192"/>
    <trkpt lat="39.709833" lon="2.901144"/>
    <trkpt lat="39.709822" lon="2.901097"/>
    <trkpt lat="39.709805" lon="2.901053"/>
    <trkpt lat="39.709784" lon="2.901013"/>
    <trkpt lat="39.709753" lon="2.900972"/>
    <trkpt lat="39.709625" lon="2.900772"/>
    <trkpt lat="39.709356" lon="2.900330"/>
    <trkpt lat="39.709263" lon="2.900173"/>
    <trkpt lat="39.709157" lon="2.899992"/>
    <trkpt lat="39.708949" lon="2.899625"/>
    <trkpt lat="39.708823" lon="2.899449"/>
    <trkpt lat="39.708240" lon="2.898535"/>
    <trkpt lat="39.708119" lon="2.898343"/>
    <trkpt lat="39.707972" lon="2.898105"/>
    <trkpt lat="39.707813" lon="2.897830"/>
    <trkpt lat="39.707675" lon="2.897583"/>
    <trkpt lat="39.707581" lon="2.897405"/>
    <trkpt lat="39.707148" lon="2.896630"/>
    <trkpt lat="39.706573" lon="2.895550"/>
    <trkpt lat="39.706486" lon="2.895385"/>
    <trkpt lat="39.706083" lon="2.894614"/>
    <trkpt lat="39.705159" lon="2.892816"/>
    <trkpt lat="39.704607" lon="2.891743"/>
    <trkpt lat="39.704293" lon="2.891110"/>
    <trkpt lat="39.703883" lon="2.890101"/>
    <trkpt lat="39.703460" lon="2.889080"/>
    <trkpt lat="39.702283" lon="2.886448"/>
    <trkpt lat="39.700928" lon="2.883498"/>
    <trkpt lat="39.699836" lon="2.881121"/>
    <trkpt lat="39.699798" lon="2.881063"/>
    <trkpt lat="39.698819" lon="2.879573"/>
    <trkpt lat="39.698766" lon="2.879492"/>
    <trkpt lat="39.698456" lon="2.879020"/>
    <trkpt lat="39.697983" lon="2.878299"/>
    <trkpt lat="39.697886" lon="2.878090"/>
    <trkpt lat="39.697801" lon="2.877865"/>
    <trkpt lat="39.697706" lon="2.877612"/>
    <trkpt lat="39.697683" lon="2.877552"/>
    <trkpt lat="39.697619" lon="2.877337"/>
    <trkpt lat="39.697505" lon="2.876954"/>
    <trkpt lat="39.697454" lon="2.876779"/>
    <trkpt lat="39.697243" lon="2.876059"/>
    <trkpt lat="39.697149" lon="2.875794"/>
    <trkpt lat="39.696771" lon="2.874756"/>
    <trkpt lat="39.696710" lon="2.874610"/>
    <trkpt lat="39.696697" lon="2.874584"/>
    <trkpt lat="39.696631" lon="2.874307"/>
    <trkpt lat="39.696631" lon="2.874209"/>
    <trkpt lat="39.696640" lon="2.874183"/>
    <trkpt lat="39.696646" lon="2.874154"/>
    <trkpt lat="39.696647" lon="2.874094"/>
    <trkpt lat="39.696634" lon="2.874038"/>
    <trkpt lat="39.696608" lon="2.873989"/>
    <trkpt lat="39.696572" lon="2.873954"/>
    <trkpt lat="39.696531" lon="2.873935"/>
    <trkpt lat="39.696459" lon="2.873892"/>
    <trkpt lat="39.696318" lon="2.873716"/>
    <trkpt lat="39.695956" lon="2.872894"/>
    <trkpt lat="39.695324" lon="2.871544"/>
    <trkpt lat="39.694568" lon="2.869902"/>
    <trkpt lat="39.694368" lon="2.869465"/>
    <trkpt lat="39.693565" lon="2.867724"/>
    <trkpt lat="39.692927" lon="2.866371"/>
    <trkpt lat="39.692573" lon="2.865580"/>
    <trkpt lat="39.691080" lon="2.862002"/>
    <trkpt lat="39.690946" lon="2.861679"/>
    <trkpt lat="39.690605" lon="2.860692"/>
    <trkpt lat="39.689907" lon="2.858848"/>
    <trkpt lat="39.689571" lon="2.857993"/>
    <trkpt lat="39.689396" lon="2.857610"/>
    <trkpt lat="39.688292" lon="2.855409"/>
    <trkpt lat="39.687621" lon="2.853927"/>
    <trkpt lat="39.687210" lon="2.853019"/>
    <trkpt lat="39.686763" lon="2.851953"/>
    <trkpt lat="39.686763" lon="2.851777"/>
    <trkpt lat="39.686763" lon="2.851729"/>
    <trkpt lat="39.686783" lon="2.851714"/>
    <trkpt lat="39.686800" lon="2.851695"/>
    <trkpt lat="39.686821" lon="2.851658"/>
    <trkpt lat="39.686833" lon="2.851614"/>
    <trkpt lat="39.686834" lon="2.851568"/>
    <trkpt lat="39.686825" lon="2.851523"/>
    <trkpt lat="39.686806" lon="2.851484"/>
    <trkpt lat="39.686774" lon="2.851449"/>
    <trkpt lat="39.686735" lon="2.851431"/>
    <trkpt lat="39.686694" lon="2.851431"/>
    <trkpt lat="39.686661" lon="2.851445"/>
    <trkpt lat="39.686649" lon="2.851454"/>
    <trkpt lat="39.686642" lon="2.851461"/>
    <trkpt lat="39.686482" lon="2.851369"/>
    <trkpt lat="39.686460" lon="2.851335"/>
    <trkpt lat="39.686061" lon="2.850617"/>
    <trkpt lat="39.685966" lon="2.850434"/>
    <trkpt lat="39.685218" lon="2.849008"/>
    <trkpt lat="39.684899" lon="2.848401"/>
    <trkpt lat="39.684468" lon="2.847581"/>
    <trkpt lat="39.684430" lon="2.847502"/>
    <trkpt lat="39.685102" lon="2.846780"/>
    <trkpt lat="39.685162" lon="2.846716"/>
    <trkpt lat="39.685860" lon="2.845980"/>
    <trkpt lat="39.685996" lon="2.845836"/>
    <trkpt lat="39.686639" lon="2.845006"/>
    <trkpt lat="39.686690" lon="2.844941"/>
    <trkpt lat="39.686746" lon="2.844853"/>
    <trkpt lat="39.686782" lon="2.844796"/>
    <trkpt lat="39.686878" lon="2.844635"/>
    <trkpt lat="39.686872" lon="2.844547"/>
    <trkpt lat="39.686849" lon="2.844206"/>
    <trkpt lat="39.686880" lon="2.843570"/>
    <trkpt lat="39.686933" lon="2.843361"/>
    <trkpt lat="39.686994" lon="2.843416"/>
    <trkpt lat="39.687086" lon="2.843411"/>
    <trkpt lat="39.687201" lon="2.843560"/>
    <trkpt lat="39.687305" lon="2.843627"/>
    <trkpt lat="39.687423" lon="2.843704"/>
    <trkpt lat="39.687513" lon="2.843760"/>
    <trkpt lat="39.687631" lon="2.843833"/>
    <trkpt lat="39.687791" lon="2.843654"/>
    <trkpt lat="39.687807" lon="2.843685"/>
    <trkpt lat="39.687962" lon="2.843931"/>
    <trkpt lat="39.687975" lon="2.844016"/>
    <trkpt lat="39.688034" lon="2.844123"/>
    <trkpt lat="39.688202" lon="2.844427"/>
    <trkpt lat="39.687891" lon="2.844801"/>
    <trkpt lat="39.687752" lon="2.844968"/>
    <trkpt lat="39.687591" lon="2.845149"/>
    <trkpt lat="39.687380" lon="2.845308"/>
    <trkpt lat="39.687665" lon="2.845882"/>
    <trkpt lat="39.687731" lon="2.846016"/>
    <trkpt lat="39.687768" lon="2.846083"/>
    <trkpt lat="39.687871" lon="2.846272"/>
    <trkpt lat="39.688098" lon="2.846690"/>
    <trkpt lat="39.688145" lon="2.846776"/>
    <trkpt lat="39.687730" lon="2.847094"/>
    <trkpt lat="39.687211" lon="2.847488"/>
    <trkpt lat="39.686705" lon="2.847824"/>
    <trkpt lat="39.686618" lon="2.847882"/>
    <trkpt lat="39.686532" lon="2.848291"/>
    <trkpt lat="39.686340" lon="2.849166"/>
    <trkpt lat="39.686050" lon="2.850352"/>
    <trkpt lat="39.685966" lon="2.850434"/>
    <trkpt lat="39.685218" lon="2.849008"/>
    <trkpt lat="39.684899" lon="2.848401"/>
    <trkpt lat="39.684468" lon="2.847581"/>
    <trkpt lat="39.684430" lon="2.847502"/>
    <trkpt lat="39.684352" lon="2.847340"/>
    <trkpt lat="39.684166" lon="2.846823"/>
    <trkpt lat="39.683966" lon="2.846268"/>
    <trkpt lat="39.683907" lon="2.846126"/>
    <trkpt lat="39.683751" lon="2.845747"/>
    <trkpt lat="39.683730" lon="2.845696"/>
    <trkpt lat="39.683706" lon="2.845636"/>
    <trkpt lat="39.683411" lon="2.845015"/>
    <trkpt lat="39.683406" lon="2.845004"/>
    <trkpt lat="39.683342" lon="2.844880"/>
    <trkpt lat="39.683142" lon="2.844492"/>
    <trkpt lat="39.683071" lon="2.844354"/>
    <trkpt lat="39.682811" lon="2.843848"/>
    <trkpt lat="39.682554" lon="2.843367"/>
    <trkpt lat="39.682290" lon="2.842855"/>
    <trkpt lat="39.681934" lon="2.842210"/>
    <trkpt lat="39.681214" lon="2.840932"/>
    <trkpt lat="39.680480" lon="2.839628"/>
    <trkpt lat="39.680291" lon="2.839292"/>
    <trkpt lat="39.680156" lon="2.839069"/>
    <trkpt lat="39.679992" lon="2.838799"/>
    <trkpt lat="39.679766" lon="2.838425"/>
    <trkpt lat="39.679677" lon="2.838238"/>
    <trkpt lat="39.679616" lon="2.838109"/>
    <trkpt lat="39.679389" lon="2.837653"/>
    <trkpt lat="39.679353" lon="2.837554"/>
    <trkpt lat="39.679307" lon="2.837458"/>
    <trkpt lat="39.679259" lon="2.837356"/>
    <trkpt lat="39.679145" lon="2.837097"/>
    <trkpt lat="39.678934" lon="2.836620"/>
    <trkpt lat="39.678472" lon="2.835577"/>
    <trkpt lat="39.678209" lon="2.834958"/>
    <trkpt lat="39.677864" lon="2.834327"/>
    <trkpt lat="39.677014" lon="2.832460"/>
    <trkpt lat="39.676683" lon="2.831501"/>
    <trkpt lat="39.676650" lon="2.831420"/>
    <trkpt lat="39.676355" lon="2.830565"/>
    <trkpt lat="39.676047" lon="2.829722"/>
    <trkpt lat="39.675955" lon="2.829288"/>
    <trkpt lat="39.675752" lon="2.828671"/>
    <trkpt lat="39.675605" lon="2.828221"/>
    <trkpt lat="39.675456" lon="2.827789"/>
    <trkpt lat="39.675324" lon="2.827405"/>
    <trkpt lat="39.675158" lon="2.827006"/>
    <trkpt lat="39.675115" lon="2.826918"/>
    <trkpt lat="39.674987" lon="2.826666"/>
    <trkpt lat="39.674850" lon="2.826424"/>
    <trkpt lat="39.674513" lon="2.825761"/>
    <trkpt lat="39.674182" lon="2.825094"/>
    <trkpt lat="39.673888" lon="2.824503"/>
    <trkpt lat="39.673459" lon="2.823620"/>
    <trkpt lat="39.673428" lon="2.823483"/>
    <trkpt lat="39.673412" lon="2.823388"/>
    <trkpt lat="39.673400" lon="2.823219"/>
    <trkpt lat="39.673425" lon="2.823141"/>
    <trkpt lat="39.673433" lon="2.823056"/>
    <trkpt lat="39.673421" lon="2.822962"/>
    <trkpt lat="39.673387" lon="2.822877"/>
    <trkpt lat="39.673335" lon="2.822808"/>
    <trkpt lat="39.673303" lon="2.822793"/>
    <trkpt lat="39.673209" lon="2.822747"/>
    <trkpt lat="39.673146" lon="2.822693"/>
    <trkpt lat="39.673076" lon="2.822631"/>
    <trkpt lat="39.672973" lon="2.822515"/>
    <trkpt lat="39.672890" lon="2.822407"/>
    <trkpt lat="39.672682" lon="2.821924"/>
    <trkpt lat="39.672492" lon="2.821484"/>
    <trkpt lat="39.672248" lon="2.820919"/>
    <trkpt lat="39.672135" lon="2.820671"/>
    <trkpt lat="39.672080" lon="2.820550"/>
    <trkpt lat="39.671816" lon="2.819957"/>
    <trkpt lat="39.671285" lon="2.818767"/>
    <trkpt lat="39.671103" lon="2.818360"/>
    <trkpt lat="39.670606" lon="2.817266"/>
    <trkpt lat="39.670334" lon="2.816665"/>
    <trkpt lat="39.670328" lon="2.816648"/>
    <trkpt lat="39.670204" lon="2.816367"/>
    <trkpt lat="39.670114" lon="2.816161"/>
    <trkpt lat="39.669676" lon="2.815236"/>
    <trkpt lat="39.669565" lon="2.814988"/>
    <trkpt lat="39.669390" lon="2.814606"/>
    <trkpt lat="39.669074" lon="2.813909"/>
    <trkpt lat="39.669294" lon="2.813864"/>
    <trkpt lat="39.669497" lon="2.813768"/>
    <trkpt lat="39.669691" lon="2.813556"/>
    <trkpt lat="39.669774" lon="2.813499"/>
    <trkpt lat="39.669821" lon="2.813477"/>
    <trkpt lat="39.669933" lon="2.813453"/>
    <trkpt lat="39.669953" lon="2.813450"/>
    <trkpt lat="39.670393" lon="2.813348"/>
    <trkpt lat="39.670556" lon="2.813348"/>
    <trkpt lat="39.671047" lon="2.813275"/>
    <trkpt lat="39.670787" lon="2.812339"/>
    <trkpt lat="39.670588" lon="2.811652"/>
    <trkpt lat="39.670575" lon="2.811604"/>
    <trkpt lat="39.670440" lon="2.811287"/>
    <trkpt lat="39.670419" lon="2.811253"/>
    <trkpt lat="39.669934" lon="2.810475"/>
    <trkpt lat="39.669494" lon="2.810691"/>
    <trkpt lat="39.669085" lon="2.810892"/>
    <trkpt lat="39.668830" lon="2.811017"/>
    <trkpt lat="39.668514" lon="2.811173"/>
    <trkpt lat="39.668044" lon="2.811405"/>
    <trkpt lat="39.667951" lon="2.811202"/>
    <trkpt lat="39.667931" lon="2.811163"/>
    <trkpt lat="39.667728" lon="2.810715"/>
    <trkpt lat="39.667537" lon="2.810293"/>
    <trkpt lat="39.667291" lon="2.809780"/>
    <trkpt lat="39.667256" lon="2.809712"/>
    <trkpt lat="39.667163" lon="2.809521"/>
    <trkpt lat="39.666894" lon="2.809001"/>
    <trkpt lat="39.666880" lon="2.808973"/>
    <trkpt lat="39.665534" lon="2.806113"/>
    <trkpt lat="39.665436" lon="2.805902"/>
    <trkpt lat="39.664904" lon="2.804809"/>
    <trkpt lat="39.664711" lon="2.804402"/>
    <trkpt lat="39.664573" lon="2.804099"/>
    <trkpt lat="39.664446" lon="2.803786"/>
    <trkpt lat="39.663712" lon="2.801911"/>
    <trkpt lat="39.662667" lon="2.799404"/>
    <trkpt lat="39.662140" lon="2.798176"/>
    <trkpt lat="39.662044" lon="2.797987"/>
    <trkpt lat="39.661986" lon="2.797766"/>
    <trkpt lat="39.661952" lon="2.797576"/>
    <trkpt lat="39.661947" lon="2.797545"/>
    <trkpt lat="39.661953" lon="2.797482"/>
    <trkpt lat="39.661945" lon="2.797421"/>
    <trkpt lat="39.661917" lon="2.797361"/>
    <trkpt lat="39.661879" lon="2.797315"/>
    <trkpt lat="39.661828" lon="2.797293"/>
    <trkpt lat="39.661685" lon="2.797147"/>
    <trkpt lat="39.661541" lon="2.796950"/>
    <trkpt lat="39.660730" lon="2.795323"/>
    <trkpt lat="39.660724" lon="2.795303"/>
    <trkpt lat="39.660148" lon="2.794151"/>
    <trkpt lat="39.660081" lon="2.794016"/>
    <trkpt lat="39.659708" lon="2.793111"/>
    <trkpt lat="39.659479" lon="2.792556"/>
    <trkpt lat="39.659277" lon="2.792073"/>
    <trkpt lat="39.658957" lon="2.791208"/>
    <trkpt lat="39.658705" lon="2.790522"/>
    <trkpt lat="39.658553" lon="2.790129"/>
    <trkpt lat="39.658318" lon="2.789531"/>
    <trkpt lat="39.658268" lon="2.789416"/>
    <trkpt lat="39.658174" lon="2.789199"/>
    <trkpt lat="39.657769" lon="2.788264"/>
    <trkpt lat="39.657201" lon="2.786952"/>
    <trkpt lat="39.656796" lon="2.785994"/>
    <trkpt lat="39.656182" lon="2.784689"/>
    <trkpt lat="39.655945" lon="2.784187"/>
    <trkpt lat="39.655130" lon="2.782681"/>
    <trkpt lat="39.654988" lon="2.782405"/>
    <trkpt lat="39.654935" lon="2.782295"/>
    <trkpt lat="39.654679" lon="2.781713"/>
    <trkpt lat="39.654347" lon="2.780918"/>
    <trkpt lat="39.654233" lon="2.780651"/>
    <trkpt lat="39.653636" lon="2.779248"/>
    <trkpt lat="39.653554" lon="2.779048"/>
    <trkpt lat="39.653547" lon="2.779029"/>
    <trkpt lat="39.653513" lon="2.778947"/>
    <trkpt lat="39.653226" lon="2.778248"/>
    <trkpt lat="39.653150" lon="2.778066"/>
    <trkpt lat="39.653086" lon="2.777896"/>
    <trkpt lat="39.653044" lon="2.777776"/>
    <trkpt lat="39.652989" lon="2.777621"/>
    <trkpt lat="39.652936" lon="2.777484"/>
    <trkpt lat="39.652842" lon="2.777223"/>
    <trkpt lat="39.652785" lon="2.777007"/>
    <trkpt lat="39.652716" lon="2.776751"/>
    <trkpt lat="39.652682" lon="2.776625"/>
    <trkpt lat="39.652674" lon="2.776595"/>
    <trkpt lat="39.652650" lon="2.776479"/>
    <trkpt lat="39.652622" lon="2.776375"/>
    <trkpt lat="39.652598" lon="2.776287"/>
    <trkpt lat="39.652551" lon="2.776114"/>
    <trkpt lat="39.652423" lon="2.775721"/>
    <trkpt lat="39.652247" lon="2.775266"/>
    <trkpt lat="39.652225" lon="2.775208"/>
    <trkpt lat="39.652043" lon="2.774730"/>
    <trkpt lat="39.652025" lon="2.774683"/>
    <trkpt lat="39.651994" lon="2.774592"/>
    <trkpt lat="39.651825" lon="2.774207"/>
    <trkpt lat="39.651793" lon="2.774135"/>
    <trkpt lat="39.651754" lon="2.774052"/>
    <trkpt lat="39.651743" lon="2.774029"/>
    <trkpt lat="39.651566" lon="2.773650"/>
    <trkpt lat="39.651446" lon="2.773476"/>
    <trkpt lat="39.651311" lon="2.773320"/>
    <trkpt lat="39.651285" lon="2.773288"/>
    <trkpt lat="39.651252" lon="2.773229"/>
    <trkpt lat="39.651230" lon="2.773204"/>
    <trkpt lat="39.651177" lon="2.773140"/>
    <trkpt lat="39.651126" lon="2.773149"/>
    <trkpt lat="39.651075" lon="2.773226"/>
    <trkpt lat="39.650842" lon="2.773617"/>
    <trkpt lat="39.650343" lon="2.774398"/>
    <trkpt lat="39.650319" lon="2.774354"/>
    <trkpt lat="39.650091" lon="2.773946"/>
    <trkpt lat="39.650057" lon="2.773887"/>
    <trkpt lat="39.650032" lon="2.773842"/>
    <trkpt lat="39.649990" lon="2.773763"/>
    <trkpt lat="39.650027" lon="2.773729"/>
    <trkpt lat="39.650200" lon="2.773563"/>
    <trkpt lat="39.650231" lon="2.773518"/>
    <trkpt lat="39.650257" lon="2.773482"/>
    <trkpt lat="39.650495" lon="2.773099"/>
    <trkpt lat="39.650531" lon="2.773082"/>
    <trkpt lat="39.650816" lon="2.772866"/>
    <trkpt lat="39.650835" lon="2.772852"/>
    <trkpt lat="39.650884" lon="2.772828"/>
    <trkpt lat="39.650818" lon="2.772709"/>
    <trkpt lat="39.650724" lon="2.772508"/>
    <trkpt lat="39.650653" lon="2.772372"/>
    <trkpt lat="39.650605" lon="2.772281"/>
    <trkpt lat="39.650414" lon="2.771899"/>
    <trkpt lat="39.650355" lon="2.771781"/>
    <trkpt lat="39.650322" lon="2.771712"/>
    <trkpt lat="39.650306" lon="2.771677"/>
    <trkpt lat="39.650102" lon="2.771243"/>
    <trkpt lat="39.650079" lon="2.771196"/>
    <trkpt lat="39.649852" lon="2.770725"/>
    <trkpt lat="39.649573" lon="2.770148"/>
    <trkpt lat="39.649362" lon="2.769777"/>
    <trkpt lat="39.649075" lon="2.769265"/>
    <trkpt lat="39.648861" lon="2.768884"/>
    <trkpt lat="39.648750" lon="2.768687"/>
    <trkpt lat="39.648416" lon="2.768100"/>
    <trkpt lat="39.648368" lon="2.768019"/>
    <trkpt lat="39.648311" lon="2.767910"/>
    <trkpt lat="39.648250" lon="2.767797"/>
    <trkpt lat="39.648223" lon="2.767746"/>
    <trkpt lat="39.648198" lon="2.767697"/>
    <trkpt lat="39.647981" lon="2.767282"/>
    <trkpt lat="39.647850" lon="2.767008"/>
    <trkpt lat="39.647782" lon="2.766821"/>
    <trkpt lat="39.647717" lon="2.766638"/>
    <trkpt lat="39.647634" lon="2.766270"/>
    <trkpt lat="39.647561" lon="2.765869"/>
    <trkpt lat="39.647553" lon="2.765793"/>
    <trkpt lat="39.647544" lon="2.765699"/>
    <trkpt lat="39.647535" lon="2.765518"/>
    <trkpt lat="39.647548" lon="2.765085"/>
    <trkpt lat="39.647551" lon="2.764984"/>
    <trkpt lat="39.647582" lon="2.764444"/>
    <trkpt lat="39.647590" lon="2.764345"/>
    <trkpt lat="39.647607" lon="2.764111"/>
    <trkpt lat="39.647640" lon="2.763784"/>
    <trkpt lat="39.647661" lon="2.763596"/>
    <trkpt lat="39.647690" lon="2.763418"/>
    <trkpt lat="39.647972" lon="2.761867"/>
    <trkpt lat="39.647994" lon="2.761680"/>
    <trkpt lat="39.648016" lon="2.761512"/>
    <trkpt lat="39.648030" lon="2.761332"/>
    <trkpt lat="39.648045" lon="2.760875"/>
    <trkpt lat="39.648066" lon="2.759711"/>
    <trkpt lat="39.648067" lon="2.759624"/>
    <trkpt lat="39.648089" lon="2.758860"/>
    <trkpt lat="39.648124" lon="2.757415"/>
    <trkpt lat="39.648129" lon="2.757214"/>
    <trkpt lat="39.648130" lon="2.757189"/>
    <trkpt lat="39.648143" lon="2.756296"/>
    <trkpt lat="39.648143" lon="2.755965"/>
    <trkpt lat="39.648146" lon="2.755774"/>
    <trkpt lat="39.648187" lon="2.754375"/>
    <trkpt lat="39.648178" lon="2.754055"/>
    <trkpt lat="39.648153" lon="2.753877"/>
    <trkpt lat="39.648127" lon="2.753704"/>
    <trkpt lat="39.648085" lon="2.753532"/>
    <trkpt lat="39.647991" lon="2.753186"/>
    <trkpt lat="39.646896" lon="2.750499"/>
    <trkpt lat="39.646087" lon="2.748513"/>
    <trkpt lat="39.645607" lon="2.747365"/>
    <trkpt lat="39.645277" lon="2.746558"/>
    <trkpt lat="39.645075" lon="2.746075"/>
    <trkpt lat="39.644928" lon="2.745798"/>
    <trkpt lat="39.644780" lon="2.745579"/>
    <trkpt lat="39.644609" lon="2.745374"/>
    <trkpt lat="39.644399" lon="2.745175"/>
    <trkpt lat="39.644177" lon="2.744999"/>
    <trkpt lat="39.643730" lon="2.744644"/>
    <trkpt lat="39.643118" lon="2.744165"/>
    <trkpt lat="39.642794" lon="2.743929"/>
    <trkpt lat="39.642438" lon="2.743716"/>
    <trkpt lat="39.642081" lon="2.743522"/>
    <trkpt lat="39.640828" lon="2.742850"/>
    <trkpt lat="39.637787" lon="2.741232"/>
    <trkpt lat="39.636734" lon="2.740648"/>
    <trkpt lat="39.636559" lon="2.740557"/>
    <trkpt lat="39.635623" lon="2.740031"/>
    <trkpt lat="39.635095" lon="2.739695"/>
    <trkpt lat="39.634441" lon="2.739289"/>
    <trkpt lat="39.634139" lon="2.739109"/>
    <trkpt lat="39.634092" lon="2.739084"/>
    <trkpt lat="39.633886" lon="2.738957"/>
    <trkpt lat="39.633608" lon="2.738780"/>
    <trkpt lat="39.633132" lon="2.738491"/>
    <trkpt lat="39.632557" lon="2.738143"/>
    <trkpt lat="39.632217" lon="2.737951"/>
    <trkpt lat="39.631624" lon="2.737585"/>
    <trkpt lat="39.631579" lon="2.737548"/>
    <trkpt lat="39.631544" lon="2.737509"/>
    <trkpt lat="39.631522" lon="2.737464"/>
    <trkpt lat="39.631508" lon="2.737418"/>
    <trkpt lat="39.631498" lon="2.737383"/>
    <trkpt lat="39.631490" lon="2.737356"/>
    <trkpt lat="39.631456" lon="2.737293"/>
    <trkpt lat="39.631432" lon="2.737265"/>
    <trkpt lat="39.631402" lon="2.737239"/>
    <trkpt lat="39.631368" lon="2.737220"/>
    <trkpt lat="39.631336" lon="2.737208"/>
    <trkpt lat="39.631291" lon="2.737202"/>
    <trkpt lat="39.631262" lon="2.737206"/>
    <trkpt lat="39.631227" lon="2.737214"/>
    <trkpt lat="39.631196" lon="2.737231"/>
    <trkpt lat="39.631167" lon="2.737251"/>
    <trkpt lat="39.631122" lon="2.737260"/>
    <trkpt lat="39.631085" lon="2.737267"/>
    <trkpt lat="39.631044" lon="2.737261"/>
    <trkpt lat="39.631004" lon="2.737251"/>
    <trkpt lat="39.630959" lon="2.737228"/>
    <trkpt lat="39.630822" lon="2.737135"/>
    <trkpt lat="39.630280" lon="2.736650"/>
    <trkpt lat="39.629887" lon="2.736274"/>
    <trkpt lat="39.629580" lon="2.735961"/>
    <trkpt lat="39.629249" lon="2.735549"/>
    <trkpt lat="39.628680" lon="2.734772"/>
    <trkpt lat="39.628217" lon="2.734159"/>
    <trkpt lat="39.628105" lon="2.734015"/>
    <trkpt lat="39.627825" lon="2.733648"/>
    <trkpt lat="39.627674" lon="2.733452"/>
    <trkpt lat="39.627506" lon="2.733232"/>
    <trkpt lat="39.627171" lon="2.732795"/>
    <trkpt lat="39.626891" lon="2.732448"/>
    <trkpt lat="39.626412" lon="2.731825"/>
    <trkpt lat="39.626181" lon="2.731405"/>
    <trkpt lat="39.625973" lon="2.730980"/>
    <trkpt lat="39.625955" lon="2.730941"/>
    <trkpt lat="39.625638" lon="2.730254"/>
    <trkpt lat="39.625585" lon="2.730139"/>
    <trkpt lat="39.625378" lon="2.729737"/>
    <trkpt lat="39.625163" lon="2.729439"/>
    <trkpt lat="39.624609" lon="2.728707"/>
    <trkpt lat="39.624456" lon="2.728499"/>
    <trkpt lat="39.624474" lon="2.728463"/>
    <trkpt lat="39.624485" lon="2.728421"/>
    <trkpt lat="39.624488" lon="2.728378"/>
    <trkpt lat="39.624480" lon="2.728328"/>
    <trkpt lat="39.624462" lon="2.728283"/>
    <trkpt lat="39.624440" lon="2.728252"/>
    <trkpt lat="39.624413" lon="2.728229"/>
    <trkpt lat="39.624382" lon="2.728214"/>
    <trkpt lat="39.624330" lon="2.728212"/>
    <trkpt lat="39.624282" lon="2.728236"/>
    <trkpt lat="39.624244" lon="2.728281"/>
    <trkpt lat="39.623756" lon="2.727623"/>
    <trkpt lat="39.621693" lon="2.725590"/>
    <trkpt lat="39.621521" lon="2.725401"/>
    <trkpt lat="39.621318" lon="2.725178"/>
    <trkpt lat="39.620997" lon="2.724751"/>
    <trkpt lat="39.620867" lon="2.724485"/>
    <trkpt lat="39.620768" lon="2.724324"/>
    <trkpt lat="39.620744" lon="2.724270"/>
    <trkpt lat="39.620746" lon="2.724249"/>
    <trkpt lat="39.620745" lon="2.724222"/>
    <trkpt lat="39.620741" lon="2.724200"/>
    <trkpt lat="39.620736" lon="2.724176"/>
    <trkpt lat="39.620723" lon="2.724157"/>
    <trkpt lat="39.620704" lon="2.724137"/>
    <trkpt lat="39.620687" lon="2.724127"/>
    <trkpt lat="39.620667" lon="2.724122"/>
    <trkpt lat="39.620649" lon="2.724126"/>
    <trkpt lat="39.620602" lon="2.724104"/>
    <trkpt lat="39.620528" lon="2.724051"/>
    <trkpt lat="39.620493" lon="2.724014"/>
    <trkpt lat="39.620472" lon="2.723992"/>
    <trkpt lat="39.620463" lon="2.723983"/>
    <trkpt lat="39.620399" lon="2.723922"/>
    <trkpt lat="39.620342" lon="2.723881"/>
    <trkpt lat="39.619130" lon="2.722368"/>
    <trkpt lat="39.618994" lon="2.722198"/>
    <trkpt lat="39.618899" lon="2.722078"/>
    <trkpt lat="39.618072" lon="2.721014"/>
    <trkpt lat="39.617701" lon="2.720557"/>
    <trkpt lat="39.617578" lon="2.720402"/>
    <trkpt lat="39.617100" lon="2.719795"/>
    <trkpt lat="39.617080" lon="2.719770"/>
    <trkpt lat="39.617053" lon="2.719736"/>
    <trkpt lat="39.617045" lon="2.719727"/>
    <trkpt lat="39.616807" lon="2.719433"/>
    <trkpt lat="39.616776" lon="2.719365"/>
    <trkpt lat="39.616728" lon="2.719305"/>
    <trkpt lat="39.616592" lon="2.719135"/>
    <trkpt lat="39.616557" lon="2.719095"/>
    <trkpt lat="39.616522" lon="2.719063"/>
    <trkpt lat="39.616457" lon="2.719011"/>
    <trkpt lat="39.616416" lon="2.718978"/>
    <trkpt lat="39.616379" lon="2.718941"/>
    <trkpt lat="39.616349" lon="2.718898"/>
    <trkpt lat="39.616328" lon="2.718841"/>
    <trkpt lat="39.616322" lon="2.718806"/>
    <trkpt lat="39.616311" lon="2.718766"/>
    <trkpt lat="39.616294" lon="2.718737"/>
    <trkpt lat="39.616276" lon="2.718710"/>
    <trkpt lat="39.616158" lon="2.718595"/>
    <trkpt lat="39.616093" lon="2.718522"/>
    <trkpt lat="39.615978" lon="2.718382"/>
    <trkpt lat="39.615838" lon="2.718209"/>
    <trkpt lat="39.615392" lon="2.717644"/>
    <trkpt lat="39.615298" lon="2.717523"/>
    <trkpt lat="39.615178" lon="2.717385"/>
    <trkpt lat="39.615056" lon="2.717256"/>
    <trkpt lat="39.614971" lon="2.717145"/>
    <trkpt lat="39.614600" lon="2.716663"/>
    <trkpt lat="39.614443" lon="2.716448"/>
    <trkpt lat="39.614276" lon="2.716215"/>
    <trkpt lat="39.614048" lon="2.715897"/>
    <trkpt lat="39.613912" lon="2.715731"/>
    <trkpt lat="39.613481" lon="2.715119"/>
    <trkpt lat="39.613226" lon="2.714753"/>
    <trkpt lat="39.613056" lon="2.714520"/>
    <trkpt lat="39.612811" lon="2.714162"/>
    <trkpt lat="39.612748" lon="2.714063"/>
    <trkpt lat="39.612680" lon="2.713910"/>
    <trkpt lat="39.611707" lon="2.712506"/>
    <trkpt lat="39.611537" lon="2.712261"/>
    <trkpt lat="39.610701" lon="2.711089"/>
    <trkpt lat="39.610627" lon="2.710982"/>
    <trkpt lat="39.610549" lon="2.710877"/>
    <trkpt lat="39.610469" lon="2.710778"/>
    <trkpt lat="39.610386" lon="2.710679"/>
    <trkpt lat="39.610307" lon="2.710590"/>
    <trkpt lat="39.610232" lon="2.710504"/>
    <trkpt lat="39.610161" lon="2.710424"/>
    <trkpt lat="39.610107" lon="2.710358"/>
    <trkpt lat="39.610072" lon="2.710282"/>
    <trkpt lat="39.610048" lon="2.710228"/>
    <trkpt lat="39.610014" lon="2.710184"/>
    <trkpt lat="39.609971" lon="2.710137"/>
    <trkpt lat="39.609881" lon="2.710001"/>
    <trkpt lat="39.609741" lon="2.709752"/>
    <trkpt lat="39.609664" lon="2.709623"/>
    <trkpt lat="39.609502" lon="2.709439"/>
    <trkpt lat="39.609242" lon="2.709071"/>
    <trkpt lat="39.608797" lon="2.708435"/>
    <trkpt lat="39.608495" lon="2.708015"/>
    <trkpt lat="39.608112" lon="2.707471"/>
    <trkpt lat="39.607800" lon="2.707047"/>
    <trkpt lat="39.607684" lon="2.706915"/>
    <trkpt lat="39.607555" lon="2.706684"/>
    <trkpt lat="39.607552" lon="2.706639"/>
    <trkpt lat="39.607540" lon="2.706596"/>
    <trkpt lat="39.607519" lon="2.706558"/>
    <trkpt lat="39.607489" lon="2.706527"/>
    <trkpt lat="39.607479" lon="2.706521"/>
    <trkpt lat="39.607416" lon="2.706411"/>
    <trkpt lat="39.607392" lon="2.706371"/>
    <trkpt lat="39.607308" lon="2.706299"/>
    <trkpt lat="39.607293" lon="2.706276"/>
    <trkpt lat="39.607171" lon="2.706079"/>
    <trkpt lat="39.606695" lon="2.705399"/>
    <trkpt lat="39.606187" lon="2.704700"/>
    <trkpt lat="39.605937" lon="2.704490"/>
    <trkpt lat="39.605822" lon="2.704429"/>
    <trkpt lat="39.605750" lon="2.704374"/>
    <trkpt lat="39.605743" lon="2.704342"/>
    <trkpt lat="39.605723" lon="2.704283"/>
    <trkpt lat="39.605700" lon="2.704248"/>
    <trkpt lat="39.605678" lon="2.704226"/>
    <trkpt lat="39.605654" lon="2.704211"/>
    <trkpt lat="39.605621" lon="2.704199"/>
    <trkpt lat="39.605476" lon="2.703939"/>
    <trkpt lat="39.605413" lon="2.703829"/>
    <trkpt lat="39.604886" lon="2.703176"/>
    <trkpt lat="39.604558" lon="2.702753"/>
    <trkpt lat="39.603993" lon="2.702046"/>
    <trkpt lat="39.603988" lon="2.702039"/>
    <trkpt lat="39.603646" lon="2.701624"/>
    <trkpt lat="39.603548" lon="2.701492"/>
    <trkpt lat="39.603443" lon="2.701370"/>
    <trkpt lat="39.603417" lon="2.701319"/>
    <trkpt lat="39.603386" lon="2.701268"/>
    <trkpt lat="39.603378" lon="2.701211"/>
    <trkpt lat="39.603374" lon="2.701200"/>
    <trkpt lat="39.603357" lon="2.701160"/>
    <trkpt lat="39.603326" lon="2.701119"/>
    <trkpt lat="39.603294" lon="2.701096"/>
    <trkpt lat="39.603278" lon="2.701091"/>
    <trkpt lat="39.603258" lon="2.701084"/>
    <trkpt lat="39.603175" lon="2.701030"/>
    <trkpt lat="39.603127" lon="2.700985"/>
    <trkpt lat="39.603110" lon="2.700966"/>
    <trkpt lat="39.602996" lon="2.700805"/>
    <trkpt lat="39.602825" lon="2.700581"/>
    <trkpt lat="39.602402" lon="2.700078"/>
    <trkpt lat="39.601821" lon="2.699373"/>
    <trkpt lat="39.600652" lon="2.697515"/>
    <trkpt lat="39.600531" lon="2.697318"/>
    <trkpt lat="39.600157" lon="2.696748"/>
    <trkpt lat="39.600097" lon="2.696666"/>
    <trkpt lat="39.600085" lon="2.696630"/>
    <trkpt lat="39.600059" lon="2.696576"/>
    <trkpt lat="39.600012" lon="2.696500"/>
    <trkpt lat="39.599991" lon="2.696453"/>
    <trkpt lat="39.599990" lon="2.696412"/>
    <trkpt lat="39.599981" lon="2.696380"/>
    <trkpt lat="39.599964" lon="2.696350"/>
    <trkpt lat="39.599948" lon="2.696333"/>
    <trkpt lat="39.599906" lon="2.696269"/>
    <trkpt lat="39.599826" lon="2.696120"/>
    <trkpt lat="39.599796" lon="2.696072"/>
    <trkpt lat="39.599761" lon="2.696033"/>
    <trkpt lat="39.599725" lon="2.696008"/>
    <trkpt lat="39.599507" lon="2.695664"/>
    <trkpt lat="39.599425" lon="2.695535"/>
    <trkpt lat="39.599349" lon="2.695418"/>
    <trkpt lat="39.598929" lon="2.694748"/>
    <trkpt lat="39.598816" lon="2.694560"/>
    <trkpt lat="39.598781" lon="2.694501"/>
    <trkpt lat="39.598678" lon="2.694331"/>
    <trkpt lat="39.598621" lon="2.694234"/>
    <trkpt lat="39.598408" lon="2.693889"/>
    <trkpt lat="39.597782" lon="2.692880"/>
    <trkpt lat="39.597698" lon="2.692743"/>
    <trkpt lat="39.597638" lon="2.692639"/>
    <trkpt lat="39.597597" lon="2.692572"/>
    <trkpt lat="39.597563" lon="2.692515"/>
    <trkpt lat="39.597399" lon="2.692244"/>
    <trkpt lat="39.596909" lon="2.691431"/>
    <trkpt lat="39.596607" lon="2.690913"/>
    <trkpt lat="39.596377" lon="2.690527"/>
    <trkpt lat="39.596297" lon="2.690393"/>
    <trkpt lat="39.596249" lon="2.690310"/>
    <trkpt lat="39.596158" lon="2.690140"/>
    <trkpt lat="39.596088" lon="2.689983"/>
    <trkpt lat="39.596023" lon="2.689808"/>
    <trkpt lat="39.595982" lon="2.689673"/>
    <trkpt lat="39.595951" lon="2.689540"/>
    <trkpt lat="39.595920" lon="2.689378"/>
    <trkpt lat="39.595884" lon="2.689189"/>
    <trkpt lat="39.595852" lon="2.689042"/>
    <trkpt lat="39.595761" lon="2.688668"/>
    <trkpt lat="39.595738" lon="2.688593"/>
    <trkpt lat="39.595699" lon="2.688469"/>
    <trkpt lat="39.595607" lon="2.688214"/>
    <trkpt lat="39.595555" lon="2.688078"/>
    <trkpt lat="39.595512" lon="2.687967"/>
    <trkpt lat="39.595469" lon="2.687854"/>
    <trkpt lat="39.595424" lon="2.687735"/>
    <trkpt lat="39.595392" lon="2.687650"/>
    <trkpt lat="39.595223" lon="2.687250"/>
    <trkpt lat="39.595138" lon="2.687052"/>
    <trkpt lat="39.595100" lon="2.686964"/>
    <trkpt lat="39.595086" lon="2.686931"/>
    <trkpt lat="39.595066" lon="2.686783"/>
    <trkpt lat="39.595020" lon="2.686581"/>
    <trkpt lat="39.594958" lon="2.686424"/>
    <trkpt lat="39.594768" lon="2.686048"/>
    <trkpt lat="39.594733" lon="2.685989"/>
    <trkpt lat="39.594449" lon="2.685480"/>
    <trkpt lat="39.594398" lon="2.685389"/>
    <trkpt lat="39.594064" lon="2.684806"/>
    <trkpt lat="39.594017" lon="2.684723"/>
    <trkpt lat="39.593869" lon="2.684451"/>
    <trkpt lat="39.593643" lon="2.684183"/>
    <trkpt lat="39.593557" lon="2.684080"/>
    <trkpt lat="39.593461" lon="2.683978"/>
    <trkpt lat="39.593058" lon="2.683268"/>
    <trkpt lat="39.592773" lon="2.682772"/>
    <trkpt lat="39.592704" lon="2.682658"/>
    <trkpt lat="39.592640" lon="2.682537"/>
    <trkpt lat="39.592466" lon="2.682240"/>
    <trkpt lat="39.592052" lon="2.681526"/>
    <trkpt lat="39.591701" lon="2.680915"/>
    <trkpt lat="39.591678" lon="2.680874"/>
    <trkpt lat="39.591529" lon="2.680616"/>
    <trkpt lat="39.591317" lon="2.680248"/>
    <trkpt lat="39.591261" lon="2.680152"/>
    <trkpt lat="39.591032" lon="2.679622"/>
    <trkpt lat="39.590927" lon="2.679429"/>
    <trkpt lat="39.590853" lon="2.679311"/>
    <trkpt lat="39.590747" lon="2.679157"/>
    <trkpt lat="39.590671" lon="2.679048"/>
    <trkpt lat="39.590508" lon="2.678816"/>
    <trkpt lat="39.590407" lon="2.678680"/>
    <trkpt lat="39.589900" lon="2.677968"/>
    <trkpt lat="39.589273" lon="2.677087"/>
    <trkpt lat="39.589254" lon="2.677060"/>
    <trkpt lat="39.589141" lon="2.676903"/>
    <trkpt lat="39.589076" lon="2.676814"/>
    <trkpt lat="39.589060" lon="2.676793"/>
    <trkpt lat="39.589044" lon="2.676771"/>
    <trkpt lat="39.588879" lon="2.676536"/>
    <trkpt lat="39.588841" lon="2.676482"/>
    <trkpt lat="39.588732" lon="2.676331"/>
    <trkpt lat="39.588343" lon="2.675785"/>
    <trkpt lat="39.588109" lon="2.675491"/>
    <trkpt lat="39.587796" lon="2.675155"/>
    <trkpt lat="39.587696" lon="2.675044"/>
    <trkpt lat="39.587400" lon="2.674728"/>
    <trkpt lat="39.587242" lon="2.674560"/>
    <trkpt lat="39.587045" lon="2.674351"/>
    <trkpt lat="39.586975" lon="2.674277"/>
    <trkpt lat="39.586879" lon="2.674175"/>
    <trkpt lat="39.586616" lon="2.673891"/>
    <trkpt lat="39.586353" lon="2.673612"/>
    <trkpt lat="39.586221" lon="2.673472"/>
    <trkpt lat="39.585671" lon="2.672885"/>
    <trkpt lat="39.585577" lon="2.672771"/>
    <trkpt lat="39.585501" lon="2.672678"/>
    <trkpt lat="39.585416" lon="2.672570"/>
    <trkpt lat="39.585330" lon="2.672447"/>
    <trkpt lat="39.584734" lon="2.671590"/>
    <trkpt lat="39.584717" lon="2.671565"/>
    <trkpt lat="39.584671" lon="2.671500"/>
    <trkpt lat="39.584360" lon="2.671070"/>
    <trkpt lat="39.584279" lon="2.670956"/>
    <trkpt lat="39.584207" lon="2.670850"/>
    <trkpt lat="39.583682" lon="2.670113"/>
    <trkpt lat="39.583428" lon="2.669759"/>
    <trkpt lat="39.583401" lon="2.669718"/>
    <trkpt lat="39.583278" lon="2.669527"/>
    <trkpt lat="39.583179" lon="2.669374"/>
    <trkpt lat="39.583099" lon="2.669284"/>
    <trkpt lat="39.582980" lon="2.669172"/>
    <trkpt lat="39.582866" lon="2.669006"/>
    <trkpt lat="39.582810" lon="2.668923"/>
    <trkpt lat="39.582761" lon="2.668850"/>
    <trkpt lat="39.582737" lon="2.668815"/>
    <trkpt lat="39.582504" lon="2.668470"/>
    <trkpt lat="39.582433" lon="2.668366"/>
    <trkpt lat="39.582259" lon="2.668109"/>
    <trkpt lat="39.582080" lon="2.667841"/>
    <trkpt lat="39.582020" lon="2.667751"/>
    <trkpt lat="39.581824" lon="2.667469"/>
    <trkpt lat="39.581779" lon="2.667403"/>
    <trkpt lat="39.581734" lon="2.667344"/>
    <trkpt lat="39.581713" lon="2.667316"/>
    <trkpt lat="39.581379" lon="2.666876"/>
    <trkpt lat="39.581064" lon="2.666460"/>
    <trkpt lat="39.580809" lon="2.666129"/>
    <trkpt lat="39.580755" lon="2.666058"/>
    <trkpt lat="39.580716" lon="2.666005"/>
    <trkpt lat="39.580691" lon="2.665972"/>
    <trkpt lat="39.580483" lon="2.665671"/>
    <trkpt lat="39.580454" lon="2.665626"/>
    <trkpt lat="39.580373" lon="2.665501"/>
    <trkpt lat="39.580352" lon="2.665469"/>
    <trkpt lat="39.580215" lon="2.665259"/>
    <trkpt lat="39.579973" lon="2.664888"/>
    <trkpt lat="39.579732" lon="2.664516"/>
    <trkpt lat="39.579482" lon="2.664137"/>
    <trkpt lat="39.579217" lon="2.663721"/>
    <trkpt lat="39.578964" lon="2.663337"/>
    <trkpt lat="39.578929" lon="2.663283"/>
    <trkpt lat="39.578845" lon="2.663155"/>
    <trkpt lat="39.578827" lon="2.663128"/>
    <trkpt lat="39.578807" lon="2.663097"/>
    <trkpt lat="39.578709" lon="2.662948"/>
    <trkpt lat="39.578661" lon="2.662629"/>
    <trkpt lat="39.578651" lon="2.662555"/>
    <trkpt lat="39.578648" lon="2.662520"/>
    <trkpt lat="39.578646" lon="2.662482"/>
    <trkpt lat="39.578608" lon="2.661492"/>
    <trkpt lat="39.578558" lon="2.659889"/>
    <trkpt lat="39.578496" lon="2.658913"/>
    <trkpt lat="39.578444" lon="2.658841"/>
    <trkpt lat="39.578308" lon="2.658603"/>
    <trkpt lat="39.578187" lon="2.658439"/>
    <trkpt lat="39.577618" lon="2.657669"/>
    <trkpt lat="39.576990" lon="2.656787"/>
    <trkpt lat="39.576606" lon="2.656231"/>
    <trkpt lat="39.576477" lon="2.656045"/>
    <trkpt lat="39.576404" lon="2.655945"/>
    <trkpt lat="39.576372" lon="2.655770"/>
    <trkpt lat="39.576140" lon="2.655437"/>
    <trkpt lat="39.576024" lon="2.655272"/>
  </trkseg></trk>
</gpx>
